Szn,Player,Nation,Pos,PosAdj,Squad,League,Age,Born,Min,90s,Gls,Ast,FK,PK,PKatt,G+A,G-PK,G+A-PK,xG,G-xG,npxG,npxG/Sh,xAG,xA,A-xAG,npxG+xAG,np:G-xG,Sh,SoT,SoT%,G/Sh,G/SoT,ShAvgDist,TotalCmp,TotalAtt,Cmp%Total,TotDist,PrgDist,ShortCmp,ShortAtt,Cmp%Short,MediumCmp,MediumAtt,Cmp%Medium,LongCmp,LongAtt,Cmp%Long,KP,IntoLast3rd,PPA,Crs,CrsPA,Prog,SCA,SCAPassLive,SCAPassDead,SCADrib,SCASh,SCAFld,SCADef,GCA,GCAPassLive,GCAPassDead,GCADrib,GCASh,GCAFld,GCADef,Touches,TouchesDefPen,TouchesDef3rd,TouchesMid3rd,TouchesAtt3rd,TouchesAttPen,TouchesLive,DribSucc,DribAtt,DribSucc%,DribMiss,Dispossesed,BallRec,BallRecProg,Tkl,TklW,TklDef3rd,TklMid3rd,TklAtt3rd,Int,Clr,Recov,CrdY,CrdR,AerialWon,AerialLost,AerialWon%,Gls_Score,Ast_Score,TotalCmp_Score,Sh_Score,DribSucc_Score,Tkl_Score,RTG_Principal,Valor_Deportivo,Precio_Mercado,Rol_Principal,Rol_1,Rol_2,Rol_3,RTG_1,RTG_2,RTG_3
2020,Bruno Fernandes,POR,MF,MF,Manchester Utd,Premier League,25,1994,3099,34.4,0.52,0.35,0.47,0.26,0.29,0.87,0.26,0.61,0.47,0.06,0.24,0.07,0.33,0.28,0.02,0.57,0.02,3.22,1.16,36.0,0.08,0.23,22.9,50.4,68.0,74.1,862.0,249.6,25.3,29.3,86.4,16.3,21.2,76.9,6.34,10.6,59.6,2.76,5.61,2.62,4.83,0.23,5.81,5.34,3.95,0.61,0.09,0.41,0.26,0.03,0.73,0.64,0.03,0.0,0.06,0.0,0.0,78.1,1.13,8.2,33.9,36.6,3.49,77.8,0.67,1.31,51.1,1.63,1.08,59.7,6.89,1.66,0.87,0.47,0.84,0.35,0.76,0.84,4.71,0.17,0.0,0.44,1.19,26.8,48.148148148148145,40.22988505747126,57.27272727272727,32.2,6.7,8.299999999999999,91.40765436883981,305500000.0,666160000.0,AM,AM,MC_ORG,MC_EST,91.40765436883981,70.43781075326059,70.43466852633318
2020,Kevin De Bruyne,BEL,MF,MF,Manchester City,Premier League,29,1991,1997,22.2,0.27,0.54,0.45,0.09,0.14,0.81,0.18,0.72,0.42,-0.15,0.31,0.09,0.36,0.28,0.18,0.67,-0.13,3.47,1.08,31.2,0.05,0.17,21.0,48.6,64.4,75.4,850.9,253.4,22.9,26.7,85.8,18.1,22.4,80.7,5.9,10.0,59.0,3.47,5.63,3.42,6.58,0.45,6.98,6.58,4.55,1.04,0.45,0.23,0.23,0.09,0.81,0.68,0.0,0.09,0.0,0.05,0.0,75.2,0.59,4.68,32.2,39.4,4.19,75.1,2.16,3.02,71.6,2.03,1.49,57.2,6.4,1.53,0.95,0.27,0.81,0.45,0.41,0.45,5.23,0.05,0.0,0.18,0.45,28.6,25.0,62.06896551724138,55.22727272727273,34.7,21.6,7.6499999999999995,95.36671207569971,346940000.0,629000000.0,AM,AM,MC_ORG,MC_EST,95.36671207569971,71.19365909724861,71.10886286147678
2020,Mason Mount,ENG,MF,MF,Chelsea,Premier League,21,1999,2890,32.1,0.19,0.16,0.19,0.03,0.03,0.34,0.16,0.31,0.2,-0.01,0.17,0.07,0.26,0.21,-0.1,0.43,-0.02,2.52,0.78,30.9,0.06,0.2,21.1,48.3,59.2,81.5,737.5,202.2,25.3,27.8,91.0,15.2,18.2,83.2,4.17,6.67,62.6,2.71,4.64,1.46,5.3,0.16,4.52,5.26,3.02,1.43,0.34,0.22,0.22,0.03,0.44,0.19,0.12,0.03,0.06,0.03,0.0,70.6,0.65,7.26,31.6,32.4,3.86,70.5,1.34,2.52,53.1,1.74,1.28,50.6,5.45,2.34,1.09,0.69,1.18,0.47,0.97,0.44,4.89,0.06,0.0,0.65,1.12,36.8,17.59259259259259,18.39080459770115,54.88636363636363,25.2,13.4,11.7,85.46327099181605,249690000.0,615540000.0,AM,AM,MC_EST,MC_ORG,85.46327099181605,65.48432130771819,65.20153992263886
2020,Harry Kane,ENG,FW,FW,Tottenham,Premier League,27,1993,3082,34.2,0.67,0.41,0.41,0.12,0.12,1.08,0.55,0.96,0.59,0.08,0.49,0.13,0.21,0.11,0.2,0.7,0.06,3.88,1.37,35.3,0.14,0.4,18.3,19.1,28.2,67.6,316.0,100.8,9.12,12.4,73.8,5.73,7.98,71.8,2.51,4.09,61.4,1.43,2.92,1.11,1.11,0.15,3.1,3.71,2.19,0.09,0.56,0.44,0.38,0.06,0.76,0.44,0.03,0.18,0.03,0.09,0.0,40.1,1.46,3.71,19.8,17.0,4.56,40.0,1.52,2.92,52.0,1.84,1.58,30.8,5.12,0.64,0.35,0.03,0.5,0.12,0.32,1.17,2.6,0.03,0.0,2.19,3.3,39.9,62.03703703703704,47.12643678160919,21.704545454545457,38.800000000000004,15.2,3.2,84.3179286665781,239780000.0,500910000.0,FW_ST,FW_ST,FW_WG,FW_SS,84.3179286665781,77.1896510892819,74.16195286275585
2020,Jack Grealish,ENG,FWMF,AM,Aston Villa,Premier League,24,1995,2185,24.3,0.25,0.41,0.08,0.0,0.0,0.66,0.25,0.66,0.19,0.06,0.19,0.09,0.3,0.27,0.11,0.5,0.06,2.06,0.7,34.0,0.12,0.35,17.0,35.9,45.5,78.9,530.8,181.3,20.6,23.5,87.4,11.0,13.2,83.2,2.39,4.53,52.7,3.33,3.74,2.84,3.13,0.12,5.6,6.96,4.94,0.58,0.58,0.21,0.62,0.04,0.82,0.7,0.0,0.0,0.0,0.12,0.0,55.7,0.78,5.1,20.9,31.0,6.34,55.7,2.67,4.16,64.4,2.26,1.6,41.5,5.51,1.28,0.58,0.33,0.66,0.29,0.49,0.21,5.14,0.25,0.0,1.03,1.11,48.1,23.148148148148145,47.12643678160919,40.79545454545455,20.6,26.700000000000003,6.4,92.68778984932173,318510000.0,493920000.0,AM,AM,FW_SS,FW_WG,92.68778984932173,78.48947716487203,75.19306514627614
2020,Sadio Mané,SEN,FW,FW,Liverpool,Premier League,28,1992,2810,31.2,0.35,0.22,0.0,0.0,0.0,0.58,0.35,0.58,0.45,-0.1,0.45,0.15,0.22,0.17,0.0,0.67,-0.1,3.01,1.09,36.2,0.12,0.32,13.7,26.0,34.7,75.0,364.7,80.4,16.0,18.9,84.7,6.99,9.26,75.4,1.54,2.24,68.6,1.96,1.31,2.12,1.92,0.22,2.82,4.52,3.04,0.03,0.48,0.29,0.58,0.1,0.51,0.29,0.0,0.0,0.1,0.06,0.06,48.2,0.51,2.79,17.1,28.9,7.69,48.2,2.63,4.62,56.9,3.24,1.96,39.9,9.94,1.54,0.96,0.19,0.71,0.64,0.48,0.35,3.75,0.1,0.0,1.12,2.02,35.7,32.407407407407405,25.287356321839084,29.545454545454547,30.099999999999998,26.3,7.7,81.60790907418408,217400000.0,439110000.0,FW_SS,FW_SS,FW_WG,FW_ST,81.60790907418408,71.81288017379217,66.98891134453918
2020,Raphinha,BRA,MFFW,AM,Leeds United,Premier League,23,1996,2360,26.2,0.23,0.34,0.15,0.0,0.0,0.57,0.23,0.57,0.22,0.01,0.22,0.09,0.3,0.26,0.04,0.52,0.01,2.56,0.92,35.8,0.09,0.25,17.2,26.2,40.6,64.6,445.6,165.3,13.2,15.8,84.0,8.32,12.8,64.9,3.36,7.79,43.1,2.44,3.02,1.53,6.3,0.27,3.82,4.58,2.6,0.99,0.53,0.27,0.15,0.04,0.57,0.31,0.11,0.08,0.08,0.0,0.0,54.0,1.49,7.44,22.9,24.5,4.69,54.0,2.14,4.2,50.9,3.28,1.3,36.1,5.15,1.3,0.65,0.5,0.61,0.19,1.11,1.03,4.47,0.11,0.0,0.34,1.37,20.0,21.296296296296298,39.08045977011494,29.772727272727273,25.6,21.400000000000002,6.5,86.05492270849598,254910000.0,404740000.0,AM,AM,FW_SS,FW_WG,86.05492270849598,70.20966284920368,69.96053319134812
2020,Mohamed Salah,EGY,FW,FW,Liverpool,Premier League,28,1992,3078,34.2,0.64,0.15,0.03,0.18,0.18,0.79,0.47,0.61,0.56,0.08,0.43,0.12,0.18,0.2,-0.04,0.61,0.04,3.51,1.35,38.3,0.13,0.35,16.4,31.2,38.1,82.0,391.5,88.1,21.0,23.3,90.2,7.19,9.24,77.8,1.05,1.58,66.7,1.61,1.73,2.11,0.85,0.15,3.54,3.92,3.07,0.03,0.18,0.38,0.2,0.06,0.47,0.35,0.0,0.0,0.06,0.06,0.0,49.1,0.32,1.9,16.4,31.2,7.89,48.9,1.05,2.46,42.9,3.39,2.4,41.1,9.06,0.53,0.26,0.12,0.12,0.29,0.03,0.29,2.72,0.0,0.0,0.53,1.23,30.0,59.25925925925925,17.241379310344826,35.45454545454545,35.099999999999994,10.500000000000002,2.6500000000000004,77.85013233415502,188730000.0,394070000.0,FW_SS,FW_SS,FW_ST,FW_WG,77.85013233415502,74.90857239422091,68.78659473075402
2020,Hakim Ziyech,MAR,MFFW,AM,Chelsea,Premier League,27,1993,1172,13.0,0.15,0.23,0.08,0.0,0.0,0.38,0.15,0.38,0.15,0.01,0.15,0.05,0.28,0.25,-0.05,0.42,0.01,2.69,0.92,34.3,0.06,0.17,23.1,42.1,57.1,73.7,607.5,168.7,23.2,27.1,85.5,11.8,16.2,72.9,3.46,7.62,45.5,2.62,3.54,2.15,4.92,0.31,4.54,5.6,4.15,0.54,0.31,0.54,0.08,0.0,0.46,0.38,0.08,0.0,0.0,0.0,0.0,66.5,0.69,5.0,30.1,32.2,2.69,66.5,1.46,2.69,54.3,2.23,1.23,52.8,5.92,1.08,0.77,0.38,0.54,0.15,0.77,0.15,5.23,0.23,0.0,0.38,1.38,21.7,13.888888888888888,26.436781609195403,47.84090909090909,26.900000000000002,14.6,5.4,84.78826693170183,243820000.0,390880000.0,AM,AM,FW_SS,MC_EST,84.78826693170183,63.88543876560252,59.98519987426756
2020,Trent Alexander-Arnold,ENG,DF,DF,Liverpool,Premier League,21,1998,3031,33.7,0.06,0.21,0.53,0.0,0.0,0.27,0.06,0.27,0.08,-0.02,0.08,0.05,0.26,0.22,-0.05,0.33,-0.02,1.63,0.36,21.8,0.04,0.17,24.9,66.6,89.5,74.5,1208.3,467.5,31.6,35.1,89.9,26.6,34.0,78.3,7.6,16.2,47.0,2.28,5.73,3.0,8.81,0.86,6.38,3.86,2.46,1.01,0.18,0.21,0.0,0.0,0.36,0.21,0.06,0.03,0.06,0.0,0.0,97.4,2.14,20.5,44.3,33.5,2.37,97.4,0.95,1.81,52.5,0.92,0.65,65.2,3.53,1.66,0.98,0.92,0.53,0.21,1.45,1.48,7.66,0.06,0.0,0.24,0.68,25.8,5.555555555555555,24.137931034482758,75.68181818181817,16.299999999999997,9.5,8.299999999999999,80.27699452244234,206930000.0,322200000.0,LB_OFF,LB_OFF,LB_DEF,,80.27699452244234,64.10439167828547,
2020,Phil Foden,ENG,FWMF,AM,Manchester City,Premier League,20,2000,1616,18.0,0.5,0.28,0.0,0.0,0.0,0.78,0.5,0.78,0.28,0.22,0.28,0.11,0.2,0.14,0.08,0.48,0.22,2.51,1.11,44.4,0.2,0.45,15.0,38.3,46.9,81.5,507.9,104.9,24.8,27.1,91.6,9.72,11.8,82.5,1.33,3.44,38.7,1.67,2.0,1.17,4.11,0.11,2.83,3.68,2.5,0.44,0.39,0.22,0.11,0.0,0.67,0.44,0.0,0.06,0.17,0.0,0.0,58.1,0.78,5.11,20.6,33.3,6.56,58.1,2.11,3.72,56.7,2.61,0.83,45.9,7.61,1.22,0.61,0.67,0.44,0.11,0.61,0.61,4.0,0.0,0.0,0.89,1.44,38.1,46.29629629629629,32.18390804597702,43.522727272727266,25.1,21.099999999999998,6.1,72.66589640345626,153480000.0,318260000.0,FW_SS,FW_SS,AM,FW_ST,72.66589640345626,72.38639880256966,72.30175582669872
2020,Rodrigo,ESP,MFFW,AM,Leeds United,Premier League,29,1991,1288,14.3,0.49,0.14,0.07,0.0,0.0,0.63,0.49,0.63,0.36,0.13,0.36,0.11,0.25,0.19,-0.1,0.6,0.13,3.21,1.26,39.1,0.15,0.39,16.4,30.6,41.0,74.6,471.6,119.8,16.2,19.3,84.1,9.51,12.6,75.6,2.94,4.48,65.6,2.17,2.94,1.47,1.54,0.21,3.99,4.75,3.64,0.0,0.28,0.56,0.14,0.14,0.56,0.28,0.0,0.07,0.21,0.0,0.0,51.0,1.26,8.04,21.7,21.8,4.62,51.0,1.12,1.75,64.0,2.73,1.47,40.7,8.18,0.98,0.49,0.56,0.21,0.21,0.35,1.12,4.48,0.21,0.0,1.61,2.31,41.1,45.37037037037037,16.09195402298851,34.77272727272727,32.1,11.200000000000001,4.9,84.69596924319302,243020000.0,317420000.0,AM,AM,FW_SS,FW_ST,84.69596924319302,76.42686286941303,74.68815876205468
2020,Raheem Sterling,ENG,FW,FW,Manchester City,Premier League,25,1994,2536,28.2,0.35,0.25,0.11,0.0,0.04,0.6,0.35,0.6,0.39,-0.04,0.36,0.15,0.2,0.19,0.05,0.57,-0.01,2.45,0.99,40.6,0.14,0.36,14.5,34.3,40.5,84.7,393.9,68.6,24.4,26.5,92.1,6.63,7.87,84.2,0.6,1.06,56.7,1.31,1.6,0.96,0.71,0.04,1.77,3.83,2.73,0.0,0.5,0.28,0.32,0.0,0.53,0.32,0.0,0.11,0.07,0.04,0.0,51.2,0.14,2.38,20.2,29.3,7.66,51.2,2.34,4.33,54.1,2.2,2.94,43.6,8.37,0.74,0.35,0.18,0.43,0.14,0.53,0.14,3.51,0.14,0.0,0.32,0.74,30.0,32.407407407407405,28.735632183908045,38.97727272727272,24.500000000000004,23.4,3.6999999999999997,72.8614213929207,154720000.0,314300000.0,FW_SS,FW_SS,FW_WG,FW_ST,72.8614213929207,67.66096673272632,62.7166027738201
2020,İlkay Gündoğan,GER,MF,MF,Manchester City,Premier League,29,1990,2029,22.5,0.58,0.09,0.18,0.04,0.09,0.67,0.53,0.62,0.4,0.18,0.33,0.14,0.15,0.15,-0.07,0.48,0.2,2.31,0.93,40.4,0.23,0.57,17.3,70.4,77.8,90.4,1021.7,207.7,39.5,41.9,94.3,23.3,25.3,92.3,3.73,5.24,71.2,1.78,5.91,1.38,1.33,0.04,4.53,3.95,3.02,0.18,0.27,0.27,0.09,0.13,0.4,0.13,0.04,0.09,0.04,0.04,0.04,85.4,0.93,8.84,47.6,29.4,3.42,85.3,1.2,1.73,69.2,1.33,0.58,70.7,3.38,1.11,0.67,0.36,0.53,0.22,0.89,0.4,5.87,0.04,0.0,0.49,0.58,45.8,53.703703703703695,10.344827586206897,80.0,23.1,12.0,5.550000000000001,75.48722550192262,172060000.0,313350000.0,AM,AM,MC_ORG,MC_EST,75.48722550192262,68.85460611189282,66.90685406655442
2020,Thiago Alcántara,ESP,MF,MF,Liverpool,Premier League,29,1991,1854,20.6,0.05,0.0,0.05,0.0,0.0,0.05,0.05,0.05,0.06,-0.01,0.06,0.06,0.11,0.11,-0.11,0.17,-0.01,1.07,0.24,22.7,0.05,0.2,23.3,75.0,84.2,89.0,1300.0,376.0,34.2,36.2,94.4,29.0,31.9,90.7,8.59,10.7,80.1,1.46,9.95,1.17,0.34,0.0,7.43,3.93,3.35,0.1,0.1,0.15,0.15,0.1,0.15,0.1,0.0,0.0,0.05,0.0,0.0,93.8,1.5,14.3,59.1,21.1,0.78,93.8,1.6,2.33,68.8,1.12,0.87,71.3,1.17,2.96,1.75,0.97,1.46,0.53,1.46,0.68,7.43,0.19,0.0,1.5,1.5,50.0,4.62962962962963,0.0,85.22727272727273,10.700000000000001,16.0,14.799999999999999,85.95474321772535,254020000.0,311240000.0,MC_ORG,MC_ORG,MC_DEF,MC_EST,85.95474321772535,79.96931153570172,69.60115136974214
2020,Riyad Mahrez,ALG,FW,FW,Manchester City,Premier League,29,1991,1949,21.7,0.42,0.28,0.14,0.0,0.0,0.69,0.42,0.69,0.22,0.2,0.22,0.08,0.23,0.26,0.05,0.45,0.2,2.68,1.02,37.9,0.16,0.41,17.0,42.2,50.5,83.6,598.8,118.6,25.6,27.6,92.8,12.2,15.1,80.8,2.3,3.87,59.5,1.98,1.75,1.98,3.73,0.23,3.36,4.2,2.9,0.41,0.23,0.37,0.14,0.14,0.79,0.51,0.05,0.14,0.09,0.0,0.0,60.2,0.23,2.81,20.7,37.2,6.31,60.2,2.07,3.73,55.6,2.12,1.34,49.2,6.13,0.92,0.23,0.09,0.46,0.37,0.37,0.18,3.69,0.0,0.0,0.69,0.65,51.7,38.888888888888886,32.18390804597702,47.95454545454545,26.8,20.7,4.6,75.27974543537098,170650000.0,307300000.0,FW_SS,FW_SS,FW_WG,FW_ST,75.27974543537098,72.41043087316405,70.03360715508461
2020,João Cancelo,POR,DFMF,DM,Manchester City,Premier League,26,1994,2299,25.5,0.08,0.12,0.0,0.0,0.0,0.2,0.08,0.2,0.06,0.02,0.06,0.05,0.18,0.22,-0.06,0.24,0.02,1.37,0.43,31.4,0.06,0.18,22.5,71.2,83.5,85.3,1079.8,292.5,40.7,43.8,92.9,23.6,27.9,84.8,4.59,7.06,65.0,1.65,5.57,2.67,2.82,0.31,5.53,3.21,2.51,0.16,0.47,0.04,0.04,0.0,0.47,0.31,0.04,0.04,0.04,0.04,0.0,94.0,2.67,17.9,46.5,30.2,2.67,94.0,1.84,3.18,58.0,1.41,0.82,66.5,3.53,2.67,1.61,1.65,0.75,0.27,1.61,1.29,6.35,0.2,0.04,1.18,1.14,50.8,7.4074074074074066,13.793103448275861,80.9090909090909,13.700000000000001,18.4,13.350000000000001,72.85619759962478,154690000.0,304520000.0,AM,LB_OFF,LB_DEF,MC_ORG,80.34946441837788,77.05220216993078,76.59733773145786
2020,James Rodríguez,COL,FWMF,AM,Everton,Premier League,29,1991,1764,19.6,0.31,0.2,0.2,0.0,0.0,0.51,0.31,0.51,0.14,0.16,0.14,0.08,0.25,0.24,-0.04,0.39,0.16,1.89,0.92,48.6,0.16,0.33,20.7,46.0,58.6,78.4,822.1,248.8,21.5,24.7,87.0,14.9,17.4,85.4,7.19,11.9,60.5,2.04,5.26,1.94,4.49,0.1,5.1,3.67,2.35,0.77,0.2,0.05,0.31,0.0,0.66,0.41,0.2,0.0,0.0,0.05,0.0,66.6,0.36,8.83,38.6,19.8,1.68,66.6,1.73,2.45,70.8,1.68,1.94,48.8,4.23,1.43,0.87,0.41,0.77,0.26,0.77,0.15,6.28,0.2,0.0,0.31,0.41,42.9,28.703703703703702,22.98850574712644,52.27272727272727,18.9,17.299999999999997,7.1499999999999995,80.92577962464674,211990000.0,297420000.0,AM,AM,MC_ORG,MC_EST,80.92577962464674,68.6906139383701,64.4390528646458
2020,James Maddison,ENG,MF,MF,Leicester City,Premier League,23,1996,2099,23.3,0.34,0.21,0.56,0.0,0.0,0.56,0.34,0.56,0.16,0.18,0.16,0.05,0.22,0.15,0.0,0.38,0.18,3.22,0.99,30.7,0.11,0.35,24.7,37.5,48.6,77.2,577.1,161.9,19.5,21.9,89.0,12.2,15.2,80.5,3.09,6.39,48.3,2.19,4.42,1.42,4.55,0.13,3.91,4.85,2.7,0.94,0.3,0.3,0.52,0.09,0.43,0.34,0.0,0.0,0.0,0.09,0.0,58.7,0.3,3.95,28.8,26.6,2.45,58.7,1.24,2.19,56.9,2.45,1.42,43.0,4.89,1.37,0.69,0.21,0.69,0.47,0.39,0.21,4.21,0.17,0.0,0.09,0.47,15.4,31.48148148148148,24.137931034482758,42.61363636363637,32.2,12.4,6.8500000000000005,78.49290207668412,193440000.0,296440000.0,AM,AM,MC_EST,MC_ORG,78.49290207668412,55.7082333754901,52.86633346811712
2020,Rodri,ESP,MF,MF,Manchester City,Premier League,24,1996,2748,30.5,0.07,0.07,0.0,0.03,0.03,0.13,0.03,0.1,0.08,-0.01,0.05,0.05,0.05,0.07,0.02,0.1,-0.02,1.02,0.23,22.6,0.03,0.14,20.8,83.4,91.8,90.9,1452.9,343.3,37.3,39.8,93.8,34.6,37.7,91.8,8.95,10.5,85.0,0.95,7.11,0.66,0.46,0.07,5.18,2.78,2.43,0.0,0.1,0.16,0.03,0.07,0.29,0.23,0.0,0.03,0.03,0.0,0.0,100.9,3.15,18.5,66.1,17.0,1.41,100.8,0.92,1.08,84.8,0.82,0.72,76.8,0.82,2.36,1.31,0.79,1.31,0.26,1.18,1.77,9.34,0.2,0.0,2.59,1.02,71.8,6.481481481481481,8.045977011494255,94.77272727272728,10.200000000000001,9.2,11.799999999999999,79.05249543198721,197610000.0,284500000.0,MC_ORG,MC_ORG,MC_DEF,MC_EST,79.05249543198721,76.69659855763864,65.03947947185877
2020,Diogo Jota,POR,FW,FW,Liverpool,Premier League,23,1996,1112,12.4,0.73,0.0,0.0,0.0,0.0,0.73,0.73,0.73,0.51,0.21,0.51,0.14,0.13,0.1,-0.13,0.64,0.21,3.72,2.1,56.5,0.2,0.35,14.4,25.9,36.2,71.5,343.0,77.9,17.0,20.4,83.4,6.61,9.52,69.5,1.21,2.1,57.7,0.97,2.26,0.89,1.45,0.0,2.66,2.99,1.85,0.0,0.16,0.4,0.48,0.08,0.32,0.16,0.0,0.08,0.0,0.08,0.0,49.6,0.48,4.35,19.8,26.2,7.02,49.6,1.69,3.47,48.8,3.15,1.61,39.4,9.11,0.97,0.48,0.32,0.56,0.08,0.4,0.24,4.27,0.16,0.0,1.13,2.98,27.5,67.59259259259258,0.0,29.43181818181818,37.2,16.9,4.8500000000000005,74.81397367962317,167500000.0,277050000.0,FW_ST,FW_ST,FW_SS,FW_WG,74.81397367962317,63.971013094364324,62.81917724741011
2020,Son Heung-min,KOR,FW,FW,Tottenham,Premier League,28,1992,3114,34.6,0.49,0.29,0.03,0.03,0.03,0.78,0.46,0.75,0.28,0.21,0.26,0.13,0.24,0.15,0.05,0.5,0.21,1.94,1.01,52.2,0.24,0.46,17.5,26.8,35.3,76.0,369.9,82.0,15.9,18.1,87.9,6.3,8.5,74.1,1.82,4.08,44.7,2.17,1.1,0.66,4.28,0.09,1.56,3.73,2.4,0.81,0.23,0.09,0.14,0.06,0.52,0.35,0.06,0.09,0.03,0.0,0.0,43.0,0.43,4.54,17.3,21.5,3.7,43.0,1.13,2.08,54.2,1.71,1.45,31.2,6.16,0.92,0.52,0.32,0.4,0.2,0.4,0.23,4.19,0.0,0.0,0.58,1.79,24.4,45.37037037037037,33.33333333333333,30.454545454545457,19.400000000000002,11.299999999999999,4.6,68.06038148570154,126110000.0,264470000.0,FW_ST,FW_ST,FW_SS,FW_WG,68.06038148570154,65.72881922340585,62.304165929430134
2020,Pedro Neto,POR,FWMF,AM,Wolves,Premier League,20,2000,2550,28.3,0.18,0.21,0.11,0.0,0.0,0.39,0.18,0.39,0.18,0.0,0.18,0.08,0.19,0.18,0.02,0.37,0.0,2.15,0.74,34.4,0.08,0.24,19.6,34.0,43.4,78.3,485.0,100.9,20.8,22.4,93.1,9.08,12.2,74.5,2.12,4.88,43.5,2.16,1.63,1.31,7.24,0.85,1.27,4.34,2.33,0.99,0.46,0.18,0.35,0.04,0.35,0.14,0.07,0.04,0.04,0.04,0.04,54.6,0.6,4.98,23.0,27.5,3.53,54.6,2.26,4.56,49.6,2.72,1.45,40.1,5.34,0.57,0.32,0.14,0.21,0.21,1.1,0.28,4.52,0.14,0.0,0.67,1.13,37.3,16.666666666666664,24.137931034482758,38.63636363636363,21.5,22.599999999999998,2.8499999999999996,70.15312931676286,138100000.0,260810000.0,AM,AM,FW_SS,FW_WG,70.15312931676286,59.49980662671733,58.72007432518641
2020,Martin Ødegaard,NOR,MF,MF,Arsenal,Premier League,21,1998,866,9.6,0.1,0.21,0.1,0.0,0.0,0.31,0.1,0.31,0.08,0.03,0.08,0.05,0.21,0.2,0.0,0.29,0.03,1.56,0.31,20.0,0.07,0.33,22.5,48.1,55.5,86.7,688.6,173.2,25.9,27.4,94.7,15.5,18.2,85.1,2.5,4.79,52.2,2.08,4.48,1.88,3.75,0.21,4.06,4.36,3.54,0.42,0.21,0.1,0.1,0.0,0.52,0.52,0.0,0.0,0.0,0.0,0.0,61.8,0.63,5.83,29.3,27.3,2.19,61.8,1.35,1.77,76.5,1.46,1.15,47.9,4.17,0.94,0.31,0.21,0.63,0.1,0.21,0.52,4.17,0.0,0.0,0.21,1.35,13.3,9.25925925925926,24.137931034482758,54.659090909090914,15.6,13.5,4.7,79.00624859082106,197260000.0,259220000.0,AM,AM,MC_ORG,MC_EST,79.00624859082106,56.893701323272374,54.514621865892444
2020,Dani Ceballos,ESP,MF,MF,Arsenal,Premier League,23,1996,1615,17.9,0.0,0.17,0.06,0.0,0.0,0.17,0.0,0.17,0.04,-0.03,0.04,0.05,0.15,0.12,0.02,0.18,-0.03,0.72,0.11,15.4,0.0,0.0,21.7,62.9,73.2,86.0,1108.9,288.9,28.2,31.2,90.2,26.6,29.1,91.4,6.59,9.22,71.5,1.51,6.98,1.01,1.62,0.22,5.53,3.79,3.35,0.17,0.06,0.06,0.11,0.06,0.28,0.22,0.0,0.0,0.06,0.0,0.0,83.0,3.41,18.2,47.1,18.5,1.28,83.0,1.45,2.12,68.4,1.28,0.84,60.7,1.79,2.07,1.23,1.12,0.61,0.34,1.96,0.78,7.6,0.22,0.0,0.45,0.73,38.1,0.0,19.54022988505747,71.47727272727272,7.199999999999999,14.499999999999998,10.35,80.65057021829921,209840000.0,258650000.0,MC_ORG,MC_ORG,MC_DEF,MC_EST,80.65057021829921,71.66031305132047,64.35745817935343
2020,Matheus Pereira,POR,MFFW,AM,West Brom,Premier League,24,1996,2577,28.6,0.38,0.21,0.35,0.14,0.14,0.59,0.24,0.45,0.26,0.13,0.15,0.07,0.22,0.19,-0.01,0.37,0.1,2.13,0.8,37.7,0.11,0.3,23.1,27.6,38.4,72.0,432.3,144.6,15.5,17.8,86.9,7.45,10.5,70.8,3.15,6.75,46.6,2.06,2.2,1.47,5.07,0.28,2.83,4.12,2.69,0.91,0.17,0.07,0.28,0.0,0.35,0.28,0.0,0.0,0.0,0.07,0.0,49.1,0.94,6.15,20.5,22.9,2.48,49.0,1.4,2.59,54.1,2.59,1.57,30.5,3.85,0.91,0.52,0.49,0.35,0.07,1.01,0.56,6.01,0.07,0.03,0.45,1.15,28.3,35.18518518518518,24.137931034482758,31.363636363636367,21.3,13.999999999999998,4.55,73.20810045544364,156940000.0,256410000.0,AM,AM,FW_SS,FW_WG,73.20810045544364,58.58300379419823,55.818408041324055
2020,Marcus Rashford,ENG,FW,FW,Manchester Utd,Premier League,22,1997,2920,32.4,0.34,0.28,0.15,0.0,0.0,0.62,0.34,0.62,0.28,0.06,0.28,0.11,0.12,0.1,0.16,0.39,0.06,2.43,1.11,45.6,0.14,0.31,18.9,30.9,38.5,80.2,436.2,85.6,17.9,20.5,87.3,9.35,11.3,82.6,1.67,2.59,64.3,1.33,1.36,1.67,1.11,0.15,2.81,3.58,2.69,0.0,0.52,0.15,0.22,0.0,0.62,0.49,0.0,0.09,0.0,0.03,0.0,49.3,0.56,3.27,16.8,30.0,5.12,49.3,2.53,5.03,50.3,2.38,1.54,40.9,6.94,0.56,0.28,0.06,0.25,0.25,0.25,0.31,3.43,0.12,0.0,0.77,0.59,56.8,31.48148148148148,32.18390804597702,35.11363636363637,24.3,25.3,2.8000000000000003,66.95207762428628,120050000.0,256080000.0,FW_SS,FW_SS,FW_WG,FW_ST,66.95207762428628,63.38313202935202,62.159162328816606
2020,Mateo Kovačić,CRO,MF,MF,Chelsea,Premier League,26,1994,1815,20.2,0.0,0.05,0.0,0.0,0.0,0.05,0.0,0.05,0.05,-0.05,0.05,0.04,0.08,0.1,-0.03,0.13,-0.05,1.14,0.2,17.4,0.0,0.0,24.3,79.4,87.8,90.4,1331.1,361.1,37.4,39.7,94.1,31.5,34.1,92.4,7.33,9.21,79.6,1.04,7.92,1.14,0.3,0.0,7.28,2.73,2.48,0.0,0.05,0.05,0.1,0.05,0.2,0.2,0.0,0.0,0.0,0.0,0.0,96.1,0.74,15.4,63.8,17.9,0.69,96.1,2.62,3.22,81.5,1.29,1.14,81.1,1.34,2.28,1.39,0.94,1.19,0.15,0.74,0.54,5.99,0.2,0.0,0.54,0.59,47.8,0.0,5.74712643678161,90.22727272727273,11.399999999999999,26.200000000000003,11.399999999999999,78.95956978223715,196910000.0,249920000.0,MC_ORG,MC_ORG,MC_DEF,MC_EST,78.95956978223715,68.43930703952293,60.9288403768933
2020,Pascal Groß,GER,MFDF,DM,Brighton,Premier League,29,1991,2484,27.6,0.11,0.29,0.22,0.11,0.14,0.4,0.0,0.29,0.18,-0.07,0.06,0.06,0.19,0.18,0.1,0.25,-0.06,1.01,0.14,14.3,0.0,0.0,22.2,46.4,61.8,75.1,842.4,245.8,20.2,23.7,85.3,18.1,21.7,83.2,6.45,12.5,51.6,2.54,3.7,1.67,7.93,0.62,4.35,4.56,2.68,1.59,0.04,0.14,0.11,0.0,0.36,0.25,0.11,0.0,0.0,0.0,0.0,68.7,1.56,12.2,31.8,25.0,2.36,68.5,0.33,0.72,45.0,1.27,0.62,45.5,4.02,1.63,0.87,0.87,0.54,0.22,0.83,0.65,5.4,0.11,0.0,0.8,1.56,33.8,10.185185185185185,33.33333333333333,52.72727272727272,10.100000000000001,3.3000000000000003,8.149999999999999,73.18906668386794,156820000.0,242990000.0,AM,AM,LB_OFF,MC_ORG,73.18906668386794,64.5001100453478,62.3524734183328
2020,Bukayo Saka,ENG,FWMF,AM,Arsenal,Premier League,18,2001,2553,28.4,0.18,0.11,0.04,0.0,0.0,0.28,0.18,0.28,0.24,-0.07,0.24,0.11,0.16,0.18,-0.05,0.4,-0.07,2.15,0.71,32.8,0.08,0.25,16.1,30.2,40.9,73.9,413.8,100.5,18.5,21.3,86.6,8.52,11.5,74.2,1.41,4.08,34.5,1.34,1.94,1.09,5.21,0.32,2.01,3.81,2.5,0.42,0.28,0.32,0.28,0.0,0.42,0.32,0.0,0.04,0.0,0.07,0.0,52.5,1.37,7.57,18.2,27.2,5.0,52.5,1.62,3.06,52.9,2.64,1.48,38.3,6.76,0.88,0.56,0.35,0.46,0.07,0.88,0.85,4.05,0.04,0.0,0.46,1.48,23.6,16.666666666666664,12.643678160919542,34.31818181818182,21.5,16.2,4.3999999999999995,63.59287009445757,102870000.0,242940000.0,AM,AM,FW_SS,FW_WG,63.59287009445757,56.66260465131365,54.825025095954295
2020,Jack Harrison,ENG,MFFW,AM,Leeds United,Premier League,23,1996,2847,31.6,0.25,0.25,0.03,0.0,0.0,0.51,0.25,0.51,0.18,0.07,0.18,0.13,0.21,0.16,0.05,0.39,0.07,1.42,0.6,42.2,0.18,0.42,15.6,24.6,37.4,65.8,377.9,117.2,13.4,16.4,82.0,8.29,11.9,69.5,1.8,4.68,38.5,1.87,1.52,1.65,5.28,0.38,2.88,3.7,3.04,0.25,0.16,0.22,0.03,0.0,0.47,0.38,0.03,0.06,0.0,0.0,0.0,48.4,1.17,8.99,16.2,23.6,3.58,48.4,1.33,2.47,53.8,3.01,1.99,34.0,5.44,1.99,1.2,0.63,0.95,0.41,0.47,0.66,4.84,0.06,0.0,0.82,1.27,39.4,23.148148148148145,28.735632183908045,27.954545454545453,14.2,13.3,9.950000000000001,70.8877312173499,142490000.0,240950000.0,AM,AM,FW_SS,FW_WG,70.8877312173499,61.695408724334776,56.94850077934333
2020,Ross Barkley,ENG,MF,MF,Aston Villa,Premier League,26,1993,1531,17.0,0.18,0.06,0.12,0.0,0.0,0.24,0.18,0.24,0.18,-0.01,0.18,0.08,0.24,0.14,-0.19,0.43,-0.01,2.23,0.65,28.9,0.08,0.27,18.7,37.6,46.8,80.5,609.6,164.7,19.4,22.5,86.2,12.6,15.0,83.9,3.82,5.71,67.0,2.29,2.71,1.47,3.59,0.0,3.53,4.41,2.53,1.12,0.47,0.12,0.12,0.06,0.29,0.12,0.06,0.0,0.06,0.06,0.0,55.3,0.94,6.59,24.4,25.0,3.12,55.3,1.71,2.53,67.4,2.24,1.88,38.2,3.53,0.35,0.12,0.12,0.24,0.0,0.29,0.35,4.12,0.0,0.0,1.24,1.29,48.8,16.666666666666664,6.896551724137931,42.727272727272734,22.3,17.099999999999998,1.7499999999999998,75.00225722165855,168770000.0,238310000.0,AM,AM,MC_ORG,MC_EST,75.00225722165855,50.8767178201857,49.22139390678106
2020,Jorginho,ITA,MF,MF,Chelsea,Premier League,28,1991,2010,22.3,0.31,0.04,0.0,0.31,0.4,0.36,0.0,0.04,0.33,-0.01,0.01,0.03,0.07,0.07,-0.03,0.08,-0.01,0.22,0.0,0.0,0.0,,47.9,71.5,80.2,89.1,1107.8,301.3,38.6,41.4,93.1,25.6,27.8,91.8,4.62,6.82,67.8,1.08,6.37,1.03,0.13,0.13,4.8,2.42,2.38,0.0,0.0,0.0,0.0,0.04,0.09,0.09,0.0,0.0,0.0,0.0,0.0,89.7,2.56,23.0,54.3,12.9,0.72,89.3,0.76,1.12,68.0,0.85,0.63,68.4,0.63,2.56,1.35,0.99,1.39,0.18,1.79,0.94,7.53,0.09,0.0,0.76,0.58,56.7,28.703703703703702,4.597701149425287,81.25,2.1999999999999997,7.6,12.8,78.02593707724994,190010000.0,238010000.0,MC_DEF,MC_DEF,MC_ORG,MC_EST,78.02593707724994,75.12970274303181,61.99326119955797
2020,Fred,BRA,MF,MF,Manchester Utd,Premier League,27,1993,2390,26.6,0.04,0.0,0.0,0.0,0.0,0.04,0.04,0.04,0.07,-0.03,0.07,0.07,0.07,0.08,-0.07,0.14,-0.03,0.94,0.26,28.0,0.04,0.14,24.1,59.8,68.7,87.0,1049.5,296.4,26.3,28.6,92.0,25.3,27.7,91.5,6.28,8.01,78.4,0.94,7.11,0.75,0.34,0.0,5.26,2.94,2.67,0.04,0.08,0.04,0.08,0.04,0.26,0.26,0.0,0.0,0.0,0.0,0.0,79.6,2.56,18.8,47.2,14.5,0.53,79.6,0.9,1.13,80.0,1.09,1.13,55.9,0.98,3.05,1.47,1.47,1.43,0.15,1.69,0.98,8.57,0.19,0.0,0.34,0.53,39.1,3.7037037037037033,0.0,67.95454545454545,9.4,9.0,15.25,75.97060647764599,175390000.0,231390000.0,MC_ORG,MC_ORG,MC_DEF,MC_EST,75.97060647764599,75.18816895438388,60.36138796132151
2020,Gareth Bale,WAL,FW,FW,Tottenham,Premier League,31,1989,920,10.2,1.08,0.2,0.69,0.0,0.0,1.27,1.08,1.27,0.57,0.51,0.57,0.17,0.18,0.12,0.02,0.74,0.51,3.72,1.86,50.0,0.29,0.58,18.7,27.9,40.8,68.5,491.7,146.7,13.9,17.0,82.1,8.53,12.4,69.0,4.02,7.06,56.9,2.06,2.35,1.67,3.92,0.29,2.84,4.59,2.55,0.69,0.88,0.29,0.2,0.0,0.59,0.29,0.1,0.0,0.2,0.0,0.0,53.8,1.86,7.75,24.0,23.0,4.02,53.8,2.65,4.8,55.1,1.67,0.69,38.0,5.78,1.67,0.98,0.39,0.88,0.39,0.78,1.57,3.73,0.1,0.0,2.25,1.08,67.6,100.0,22.98850574712644,31.704545454545453,37.2,26.5,8.35,92.40998355429743,315660000.0,228850000.0,FW_ST,FW_ST,FW_SS,FW_WG,92.40998355429743,86.08629779391033,85.24111110700512
2020,Pierre Højbjerg,DEN,MF,MF,Tottenham,Premier League,24,1995,3420,38.0,0.05,0.11,0.0,0.0,0.0,0.16,0.05,0.16,0.03,0.02,0.03,0.08,0.04,0.03,0.06,0.07,0.02,0.37,0.18,50.0,0.14,0.29,24.0,64.6,73.2,88.2,1063.6,319.8,30.6,33.2,91.9,27.2,29.7,91.5,4.55,6.76,67.3,0.42,5.47,0.45,0.16,0.03,4.13,1.55,1.37,0.08,0.0,0.05,0.03,0.03,0.26,0.24,0.03,0.0,0.0,0.0,0.0,81.4,3.13,18.6,55.7,7.95,0.5,81.4,0.61,0.84,71.9,0.97,0.53,58.4,0.58,2.58,1.34,1.18,1.11,0.29,1.26,1.74,7.79,0.24,0.0,1.13,0.95,54.4,4.62962962962963,12.643678160919542,73.4090909090909,3.6999999999999997,6.1,12.9,71.2420490065652,144630000.0,225990000.0,MC_DEF,MC_DEF,MC_ORG,MC_EST,71.2420490065652,65.02003319220032,52.496326597838674
2020,Kelechi Iheanacho,NGA,FW,FW,Leicester City,Premier League,23,1996,1459,16.2,0.74,0.12,0.06,0.0,0.06,0.86,0.74,0.86,0.51,0.23,0.46,0.13,0.23,0.2,-0.1,0.69,0.28,3.58,1.48,41.4,0.21,0.5,17.6,25.1,32.2,78.1,318.5,51.8,15.1,17.5,86.6,5.8,7.1,81.7,1.3,2.41,53.8,1.73,1.36,1.23,0.8,0.25,1.6,3.21,2.47,0.0,0.43,0.25,0.06,0.0,0.19,0.12,0.0,0.06,0.0,0.0,0.0,44.2,0.06,2.22,18.1,24.6,4.81,44.1,1.98,2.72,72.7,3.52,2.1,35.3,7.16,0.74,0.31,0.12,0.25,0.37,0.12,0.06,3.64,0.06,0.0,0.43,2.35,15.6,68.5185185185185,13.793103448275861,28.522727272727273,35.8,19.8,3.6999999999999997,73.72352190291026,160280000.0,223880000.0,FW_SS,FW_SS,FW_ST,FW_WG,73.72352190291026,71.33166997579734,68.33772513148027
2020,Callum Hudson-Odoi,ENG,FWDF,FW,Chelsea,Premier League,19,2000,1059,11.8,0.17,0.25,0.0,0.0,0.0,0.42,0.17,0.42,0.11,0.06,0.11,0.06,0.24,0.25,0.02,0.35,0.06,1.95,0.51,26.1,0.09,0.33,19.3,45.2,55.8,80.9,669.7,151.8,26.7,29.6,90.3,11.8,15.2,77.7,3.31,5.51,60.0,2.63,2.46,3.64,4.92,1.1,4.15,5.35,5.08,0.0,0.17,0.0,0.08,0.0,0.76,0.68,0.0,0.08,0.0,0.0,0.0,65.1,0.76,7.12,19.2,39.6,4.92,65.1,1.27,2.46,51.7,1.19,1.27,51.0,7.88,1.95,1.27,0.93,0.59,0.42,0.51,0.51,3.98,0.0,0.0,0.08,0.76,10.0,15.74074074074074,28.735632183908045,51.36363636363637,19.5,12.7,9.75,66.47649186692084,117510000.0,223540000.0,FW_SS,FW_SS,FW_WG,LB_OFF,66.47649186692084,66.16910312057912,61.96902128064434
2020,Leandro Trossard,BEL,MFFW,AM,Brighton,Premier League,25,1994,2607,29.0,0.17,0.17,0.07,0.0,0.0,0.35,0.17,0.35,0.16,0.01,0.16,0.08,0.17,0.2,0.0,0.33,0.01,2.0,0.79,39.7,0.09,0.22,18.6,28.1,37.7,74.6,482.3,129.0,13.4,16.2,82.6,10.4,12.9,80.5,3.21,4.86,66.0,1.72,2.76,2.0,2.86,0.34,3.62,3.79,2.76,0.45,0.1,0.28,0.1,0.1,0.38,0.21,0.1,0.03,0.03,0.0,0.0,47.9,0.17,4.59,19.2,24.8,3.83,47.9,1.34,2.34,57.4,2.31,2.07,33.7,6.17,1.14,0.48,0.38,0.55,0.21,0.9,0.24,5.03,0.07,0.0,0.14,0.76,15.4,15.74074074074074,19.54022988505747,31.931818181818183,20.0,13.4,5.699999999999999,69.75896595821513,135790000.0,222710000.0,AM,AM,FW_SS,MC_EST,69.75896595821513,54.63178432028636,51.798747502394114
2020,Christian Pulisic,USA,FWMF,AM,Chelsea,Premier League,21,1998,1738,19.3,0.21,0.1,0.0,0.0,0.0,0.31,0.21,0.31,0.32,-0.11,0.32,0.14,0.15,0.11,-0.04,0.46,-0.11,2.23,0.83,37.2,0.09,0.25,14.5,29.1,36.5,79.6,375.8,82.2,18.0,21.0,85.7,8.24,10.2,80.7,0.67,1.35,50.0,1.3,1.76,1.92,1.81,0.16,2.95,3.57,2.75,0.05,0.31,0.1,0.36,0.0,0.41,0.36,0.0,0.0,0.05,0.0,0.0,50.9,0.52,5.08,20.4,26.4,5.6,50.9,2.54,5.6,45.4,3.47,1.5,39.4,6.06,0.98,0.57,0.41,0.52,0.05,0.62,0.47,3.11,0.1,0.0,0.98,2.18,31.1,19.444444444444443,11.49425287356322,33.06818181818182,22.3,25.4,4.9,63.82881259645007,104020000.0,219590000.0,AM,AM,FW_SS,FW_WG,63.82881259645007,62.15003935785097,54.98996550082572
2020,Alexandre Lacazette,FRA,FW,FW,Arsenal,Premier League,29,1991,1923,21.4,0.61,0.09,0.14,0.14,0.14,0.7,0.47,0.56,0.55,0.06,0.43,0.22,0.1,0.11,-0.01,0.54,0.03,1.97,1.17,59.5,0.24,0.4,14.9,18.9,24.4,77.4,239.1,55.7,10.7,13.2,80.9,4.77,5.79,82.3,0.84,1.31,64.3,1.03,1.5,0.89,0.14,0.0,1.96,2.57,1.64,0.0,0.28,0.09,0.47,0.09,0.23,0.19,0.0,0.0,0.0,0.05,0.0,34.2,0.7,3.79,15.3,15.5,4.49,34.1,1.03,1.68,61.1,2.34,1.45,24.5,5.33,0.84,0.47,0.19,0.51,0.14,0.56,0.61,2.76,0.14,0.0,1.26,2.85,30.7,56.481481481481474,10.344827586206897,21.477272727272727,19.7,10.3,4.199999999999999,66.91287207091001,119840000.0,215010000.0,FW_ST,FW_ST,FW_SS,FW_WG,66.91287207091001,57.28023546057565,53.47197911578427
2020,Roberto Firmino,BRA,FW,FW,Liverpool,Premier League,28,1991,2838,31.5,0.29,0.22,0.0,0.0,0.0,0.51,0.29,0.51,0.36,-0.07,0.36,0.14,0.18,0.15,0.04,0.54,-0.07,2.63,1.01,38.6,0.11,0.28,14.3,33.8,42.3,79.9,421.5,106.5,21.6,24.8,87.1,8.0,10.3,78.0,1.33,1.87,71.2,1.4,2.67,1.27,0.44,0.0,3.3,3.52,2.67,0.03,0.41,0.35,0.06,0.0,0.35,0.32,0.0,0.0,0.03,0.0,0.0,52.4,0.57,3.24,24.9,24.9,5.46,52.4,1.87,2.63,71.1,2.54,1.49,40.3,6.76,1.05,0.48,0.1,0.54,0.41,0.35,0.38,3.46,0.06,0.0,0.7,2.35,22.9,26.851851851851848,25.287356321839084,38.40909090909091,26.3,18.7,5.250000000000001,64.15303133083314,105610000.0,214070000.0,FW_SS,FW_SS,FW_WG,FW_ST,64.15303133083314,58.01124305327963,53.23172462920167
2020,N'Golo Kanté,FRA,MF,MF,Chelsea,Premier League,29,1991,2146,23.8,0.0,0.08,0.0,0.0,0.0,0.08,0.0,0.08,0.03,-0.03,0.03,0.06,0.05,0.04,0.03,0.08,-0.03,0.42,0.13,30.0,0.0,0.0,21.3,55.7,64.8,85.9,877.2,220.5,26.8,30.1,89.2,21.8,24.3,89.6,3.95,5.29,74.6,0.92,4.03,0.5,0.34,0.04,3.4,2.1,1.97,0.0,0.08,0.04,0.0,0.0,0.04,0.04,0.0,0.0,0.0,0.0,0.0,76.9,2.44,18.8,44.8,14.4,0.63,76.9,1.09,1.6,68.4,2.02,0.63,51.4,1.22,3.32,1.76,1.64,1.47,0.21,2.48,1.43,8.15,0.29,0.0,0.71,1.18,37.8,0.0,9.195402298850574,63.29545454545455,4.199999999999999,10.900000000000002,16.599999999999998,74.77974860311176,167270000.0,213520000.0,MC_DEF,MC_DEF,MC_ORG,MC_EST,74.77974860311176,60.36993082706296,51.3587725683407
2020,Saïd Benrahma,ALG,FWMF,AM,West Ham,Premier League,24,1995,1391,15.5,0.06,0.39,0.06,0.0,0.0,0.45,0.06,0.45,0.17,-0.1,0.17,0.07,0.26,0.21,0.12,0.43,-0.1,2.26,0.78,34.3,0.03,0.08,21.2,26.5,34.6,76.7,362.5,106.3,16.2,18.0,90.0,7.74,10.4,74.5,1.1,2.97,37.0,1.74,2.77,1.29,2.84,0.52,2.39,4.07,3.35,0.0,0.26,0.19,0.19,0.06,0.65,0.65,0.0,0.0,0.0,0.0,0.0,48.1,0.84,7.35,19.5,22.3,3.16,48.1,2.71,5.16,52.5,3.1,2.13,34.2,4.65,1.55,0.97,0.52,0.71,0.32,0.52,0.52,5.87,0.0,0.0,0.13,0.84,13.3,5.555555555555555,44.827586206896555,30.113636363636363,22.599999999999998,27.1,7.75,72.7412643760081,153960000.0,212830000.0,AM,AM,FW_WG,FW_SS,72.7412643760081,61.02044016824218,58.40897535973772
2020,Nicolas Pépé,CIV,FW,FW,Arsenal,Premier League,25,1995,1616,18.0,0.56,0.06,0.06,0.06,0.06,0.61,0.5,0.56,0.32,0.23,0.28,0.11,0.05,0.09,0.0,0.33,0.22,2.62,1.06,40.4,0.19,0.47,15.7,28.8,38.3,75.2,369.7,71.2,18.3,21.6,84.8,7.78,10.1,76.9,0.78,1.94,40.0,0.61,0.89,0.94,3.17,0.0,1.83,2.39,1.5,0.22,0.33,0.22,0.11,0.0,0.45,0.22,0.0,0.11,0.06,0.06,0.0,51.7,1.06,6.78,17.7,28.1,6.22,51.7,1.5,3.67,40.9,3.11,1.28,38.7,6.94,1.11,0.83,0.44,0.33,0.33,0.67,1.06,4.44,0.06,0.06,2.0,1.67,54.5,51.85185185185185,6.896551724137931,32.72727272727273,26.200000000000003,15.0,5.550000000000001,66.11647304496368,115610000.0,206660000.0,FW_ST,FW_ST,FW_WG,FW_SS,66.11647304496368,53.90474729351793,53.252864864088856
2020,Ferrán Torres,ESP,FWMF,AM,Manchester City,Premier League,20,2000,1306,14.5,0.48,0.14,0.0,0.0,0.0,0.62,0.48,0.62,0.33,0.14,0.33,0.13,0.15,0.12,-0.01,0.49,0.14,2.48,0.96,38.9,0.19,0.5,15.6,24.3,30.7,79.3,340.3,54.4,14.9,16.7,89.3,6.83,8.48,80.5,1.17,2.69,43.6,1.31,0.83,0.9,2.28,0.07,1.45,2.76,1.72,0.14,0.48,0.07,0.34,0.0,0.41,0.21,0.0,0.07,0.0,0.14,0.0,41.0,0.62,3.59,13.9,24.3,4.62,41.0,1.38,3.17,43.5,1.72,1.45,32.3,4.83,0.83,0.34,0.28,0.41,0.14,0.21,0.55,2.83,0.07,0.0,0.97,1.38,41.2,44.44444444444444,16.09195402298851,27.613636363636363,24.8,13.799999999999999,4.1499999999999995,63.34684648902938,101680000.0,201160000.0,FW_ST,FW_ST,FW_SS,FW_WG,63.34684648902938,59.49967056527904,57.13782228253825
2020,Granit Xhaka,SUI,MFDF,DM,Arsenal,Premier League,27,1992,2522,28.0,0.04,0.07,0.25,0.0,0.0,0.11,0.04,0.11,0.03,0.0,0.03,0.04,0.05,0.07,0.02,0.08,0.0,0.75,0.25,33.3,0.05,0.14,27.1,71.8,80.0,89.8,1269.9,364.0,31.8,34.1,93.1,31.4,33.8,93.0,7.18,9.18,78.2,0.61,9.68,0.93,0.43,0.04,6.29,1.79,1.54,0.04,0.0,0.11,0.07,0.04,0.18,0.14,0.0,0.0,0.0,0.0,0.04,86.6,3.43,18.6,55.6,12.9,0.32,86.6,0.29,0.57,50.0,0.71,0.43,64.4,0.75,1.79,0.93,0.64,0.61,0.54,0.86,1.36,7.25,0.25,0.04,1.39,1.25,52.7,3.7037037037037033,8.045977011494255,81.5909090909091,7.5,2.9,8.95,71.83433256635257,148270000.0,199050000.0,MC_ORG,MC_ORG,MC_DEF,MC_EST,71.83433256635257,66.24501691199755,53.56037482979582
2020,Dominic Calvert-Lewin,ENG,FW,FW,Everton,Premier League,23,1997,2871,31.9,0.5,0.0,0.0,0.0,0.0,0.5,0.5,0.5,0.51,-0.01,0.51,0.2,0.06,0.07,-0.06,0.57,-0.01,2.6,1.44,55.4,0.19,0.35,12.2,14.7,21.7,67.9,191.1,37.2,9.0,12.2,74.0,3.51,5.24,67.1,0.66,0.88,75.0,0.56,1.13,0.38,0.28,0.03,1.0,1.72,1.07,0.0,0.09,0.31,0.22,0.03,0.22,0.03,0.0,0.0,0.13,0.06,0.0,32.5,1.38,2.88,14.1,15.8,4.51,32.5,0.69,1.54,44.9,3.2,0.91,25.4,4.86,0.53,0.25,0.03,0.25,0.25,0.19,1.03,1.91,0.09,0.0,4.8,4.14,53.7,46.29629629629629,0.0,16.704545454545453,26.0,6.8999999999999995,2.6500000000000004,65.86763610511868,114310000.0,193880000.0,FW_ST,FW_ST,FW_SS,FW_WG,65.86763610511868,44.580713247363754,43.85597737453408
2020,Ademola Lookman,NGA,FWMF,AM,Fulham,Premier League,22,1997,2747,30.5,0.13,0.13,0.13,0.0,0.03,0.26,0.13,0.26,0.21,-0.08,0.18,0.08,0.17,0.14,-0.04,0.35,-0.05,2.23,0.72,32.4,0.06,0.18,17.8,29.2,39.3,74.4,430.4,118.3,16.3,18.9,86.1,9.67,12.4,78.0,1.84,4.2,43.8,2.0,1.67,1.34,4.39,0.16,2.69,4.16,2.69,0.79,0.2,0.3,0.2,0.0,0.29,0.16,0.07,0.03,0.03,0.0,0.0,50.9,0.39,4.72,21.1,26.1,4.23,50.9,2.69,4.2,64.1,3.51,2.39,34.6,5.21,1.15,0.36,0.59,0.3,0.26,0.66,0.3,5.51,0.16,0.0,0.23,0.72,24.1,12.037037037037036,14.942528735632186,33.18181818181818,22.3,26.900000000000002,5.75,65.74694566756989,113680000.0,189830000.0,AM,AM,FW_SS,FW_WG,65.74694566756989,54.26259381339263,48.127661882997856
2020,Wesley Fofana,FRA,DF,DF,Leicester City,Premier League,19,2000,2262,25.1,0.0,0.0,0.0,0.0,0.0,0.0,0.0,0.0,0.04,-0.04,0.04,0.09,0.01,0.02,-0.01,0.05,-0.04,0.44,0.08,18.2,0.0,0.0,9.9,59.8,69.3,86.3,1122.1,338.1,21.8,24.3,89.4,31.5,34.6,91.0,5.62,8.49,66.2,0.24,4.18,0.04,0.08,0.0,2.43,0.76,0.64,0.0,0.0,0.04,0.08,0.0,0.04,0.0,0.0,0.0,0.0,0.04,0.0,80.9,7.41,34.3,44.4,3.11,0.8,80.9,0.6,0.84,71.4,1.08,0.48,53.4,0.32,2.03,1.47,1.08,0.88,0.08,2.43,3.75,7.21,0.28,0.0,3.51,2.39,59.5,0.0,0.0,67.95454545454545,4.3999999999999995,6.0,10.149999999999999,74.81023484144501,167470000.0,188950000.0,DC,DC,,,74.81023484144501,,
2020,Andrew Robertson,SCO,DF,DF,Liverpool,Premier League,26,1994,3383,37.6,0.03,0.19,0.0,0.0,0.0,0.21,0.03,0.21,0.04,-0.01,0.04,0.08,0.17,0.16,0.01,0.21,-0.01,0.51,0.13,26.3,0.05,0.2,17.4,69.8,87.8,79.4,1092.3,344.9,38.9,43.1,90.2,25.3,30.7,82.4,4.15,10.0,41.5,1.76,5.16,1.65,7.82,0.72,5.05,3.27,2.47,0.61,0.13,0.03,0.0,0.03,0.4,0.29,0.05,0.03,0.03,0.0,0.0,94.3,2.69,20.0,43.7,31.8,2.53,94.3,0.74,1.41,52.8,1.12,0.29,64.2,3.96,1.22,0.9,0.61,0.48,0.13,0.56,2.1,6.09,0.05,0.0,0.77,0.69,52.7,2.7777777777777777,21.839080459770116,79.31818181818181,5.1000000000000005,7.3999999999999995,6.1,69.60315182856012,134880000.0,188850000.0,LB_OFF,LB_OFF,LB_DEF,,69.60315182856012,58.25765400956446,
2020,Bernardo Silva,POR,MFFW,AM,Manchester City,Premier League,25,1994,2065,22.9,0.09,0.26,0.0,0.0,0.0,0.35,0.09,0.35,0.12,-0.03,0.12,0.1,0.16,0.12,0.1,0.29,-0.03,1.22,0.57,46.4,0.07,0.15,14.9,56.2,62.6,89.7,823.7,131.2,31.4,33.1,94.7,18.3,20.1,90.9,3.41,4.28,79.6,1.14,3.1,1.35,1.4,0.04,2.97,3.66,3.01,0.13,0.26,0.17,0.09,0.0,0.52,0.48,0.0,0.0,0.04,0.0,0.0,70.7,0.57,7.6,32.1,32.0,3.67,70.7,1.79,2.84,63.1,1.44,1.0,56.7,4.72,1.14,0.61,0.31,0.52,0.31,0.74,0.35,4.93,0.22,0.0,0.57,1.35,29.5,8.333333333333332,29.88505747126437,63.86363636363637,12.2,17.9,5.699999999999999,62.75978853516212,98880000.0,188520000.0,AM,AM,FW_SS,MC_EST,62.75978853516212,53.69824818350016,53.597662846688856
2020,Rúben Neves,POR,MF,MF,Wolves,Premier League,23,1997,2675,29.7,0.17,0.03,0.4,0.1,0.1,0.2,0.07,0.1,0.17,0.0,0.09,0.04,0.06,0.07,-0.03,0.15,-0.02,2.15,0.44,20.3,0.03,0.15,26.9,56.5,67.6,83.6,1169.4,308.2,19.0,21.1,89.8,26.9,30.5,88.0,9.97,13.7,72.7,1.11,7.21,0.84,0.77,0.1,4.58,2.59,2.12,0.1,0.07,0.13,0.03,0.13,0.13,0.13,0.0,0.0,0.0,0.0,0.0,79.9,2.86,17.6,51.6,11.3,0.77,79.8,0.34,0.51,66.7,0.88,0.54,54.9,0.91,2.9,1.55,1.41,1.28,0.2,2.19,1.55,7.51,0.27,0.0,0.84,0.81,51.0,15.74074074074074,3.4482758620689653,64.20454545454545,21.5,3.4000000000000004,14.499999999999998,74.4013053751162,164740000.0,187980000.0,MC_DEF,MC_DEF,MC_ORG,MC_EST,74.4013053751162,73.42646589364719,60.47746243047697
2020,Patrick Bamford,ENG,FW,FW,Leeds United,Premier League,26,1993,3050,33.9,0.5,0.21,0.0,0.06,0.06,0.71,0.44,0.65,0.54,-0.04,0.49,0.16,0.1,0.05,0.1,0.6,-0.05,3.1,1.36,43.8,0.14,0.33,13.2,11.6,15.2,76.4,129.1,24.5,7.02,8.55,82.1,2.51,3.27,76.6,0.18,0.29,60.0,0.88,0.53,0.32,0.09,0.03,0.74,1.92,1.36,0.0,0.15,0.29,0.12,0.0,0.47,0.27,0.0,0.06,0.06,0.09,0.0,24.9,1.39,2.36,11.3,11.5,4.69,24.8,0.56,1.18,47.5,2.39,0.62,16.2,4.9,0.62,0.27,0.06,0.32,0.24,0.29,1.09,1.74,0.09,0.0,1.39,2.15,39.2,46.29629629629629,24.137931034482758,13.18181818181818,31.0,5.6000000000000005,3.1,64.65942308713282,108130000.0,187510000.0,FW_ST,FW_ST,FW_WG,FW_SS,64.65942308713282,47.3415922248226,46.972576650538514
2020,Gabriel Jesus,BRA,FW,FW,Manchester City,Premier League,23,1997,2063,22.9,0.39,0.17,0.0,0.0,0.0,0.57,0.39,0.57,0.38,0.01,0.38,0.16,0.12,0.1,0.06,0.5,0.01,2.4,0.7,29.1,0.16,0.56,13.7,27.6,32.8,84.0,321.2,36.9,18.2,20.6,88.1,5.81,6.72,86.4,0.79,1.09,72.0,1.31,0.79,0.57,0.48,0.04,0.92,3.4,2.31,0.0,0.35,0.39,0.31,0.04,0.48,0.39,0.0,0.04,0.04,0.0,0.0,44.0,0.31,2.31,17.5,24.7,5.41,44.0,2.1,3.06,68.6,2.58,1.66,34.4,8.08,0.74,0.26,0.22,0.22,0.31,0.66,0.22,3.76,0.09,0.0,0.79,2.31,25.4,36.11111111111111,19.54022988505747,31.363636363636367,24.0,21.000000000000004,3.6999999999999997,62.576642213141696,98020000.0,186820000.0,FW_SS,FW_SS,FW_ST,FW_WG,62.576642213141696,61.80525158067458,58.20805611251668
2020,Fabinho,BRA,DFMF,DM,Liverpool,Premier League,26,1993,2567,28.5,0.0,0.0,0.0,0.0,0.0,0.0,0.0,0.0,0.01,-0.01,0.01,0.04,0.01,0.03,-0.01,0.02,-0.01,0.35,0.04,10.0,0.0,0.0,23.1,67.0,74.3,90.2,1159.0,369.3,27.4,29.5,93.0,33.3,35.6,93.4,4.84,7.12,68.0,0.14,3.58,0.46,0.04,0.0,3.4,1.05,0.91,0.0,0.04,0.0,0.07,0.04,0.21,0.18,0.0,0.0,0.0,0.04,0.0,83.4,5.75,28.3,50.0,5.44,0.42,83.4,0.25,0.39,63.6,0.6,0.25,60.4,0.53,2.04,1.09,0.74,1.02,0.28,1.54,2.32,7.3,0.21,0.0,1.89,1.82,50.9,0.0,0.0,76.13636363636364,3.4999999999999996,2.5,10.200000000000001,69.08375556424085,131880000.0,185510000.0,MC_DEF,MC_DEF,MC_ORG,DC,69.08375556424085,60.05232865985274,50.1479088846494
2020,Wilfred Ndidi,NGA,MFDF,DM,Leicester City,Premier League,23,1996,2176,24.2,0.04,0.17,0.0,0.0,0.0,0.21,0.04,0.21,0.03,0.01,0.03,0.04,0.05,0.02,0.11,0.08,0.01,0.66,0.04,6.3,0.06,1.0,20.0,51.4,59.5,86.4,846.7,208.3,23.6,26.6,89.0,22.2,24.4,91.2,3.84,5.37,71.5,0.66,3.93,0.17,0.21,0.0,1.98,1.61,1.32,0.0,0.0,0.0,0.04,0.25,0.33,0.29,0.0,0.0,0.0,0.0,0.04,72.5,4.59,24.7,41.7,6.86,0.58,72.5,0.66,1.24,53.3,1.03,0.58,44.5,0.66,3.97,2.6,1.86,1.82,0.29,2.52,2.27,9.38,0.25,0.0,2.31,1.28,64.4,3.7037037037037033,19.54022988505747,58.409090909090914,6.6000000000000005,6.6000000000000005,19.85,75.36589193207345,171230000.0,182900000.0,MC_DEF,MC_DEF,DC,MC_ORG,75.36589193207345,66.20455956871437,53.515514049120426
2020,Emile Smith Rowe,ENG,MFFW,AM,Arsenal,Premier League,20,2000,1440,16.0,0.12,0.25,0.0,0.0,0.0,0.37,0.12,0.37,0.11,0.01,0.11,0.14,0.21,0.16,0.04,0.32,0.01,0.81,0.25,30.8,0.15,0.5,17.8,40.5,46.6,86.9,539.1,102.8,25.5,27.9,91.5,11.6,12.7,91.6,1.31,1.94,67.7,1.69,2.81,0.88,1.06,0.06,2.44,3.06,2.5,0.0,0.25,0.13,0.19,0.0,0.44,0.38,0.0,0.0,0.06,0.0,0.0,55.1,0.94,8.88,24.6,22.4,2.81,55.1,0.63,1.88,33.3,2.38,0.44,43.8,5.13,0.88,0.44,0.31,0.31,0.25,0.63,0.75,4.94,0.0,0.0,0.25,0.63,28.6,11.11111111111111,28.735632183908045,46.02272727272727,8.1,6.3,4.3999999999999995,60.05480135338945,86640000.0,174960000.0,AM,AM,FW_SS,FW_WG,60.05480135338945,50.54314767527283,46.810258820721714
2020,Thomas Partey,GHA,MF,MF,Arsenal,Premier League,27,1993,1534,17.0,0.0,0.12,0.0,0.0,0.0,0.12,0.0,0.12,0.08,-0.08,0.08,0.05,0.06,0.06,0.06,0.14,-0.08,1.53,0.23,15.4,0.0,0.0,27.1,58.5,67.6,86.5,982.1,310.8,27.9,30.6,91.3,23.7,26.1,91.0,5.29,7.76,68.2,0.71,8.41,0.65,0.35,0.0,5.35,1.82,1.65,0.0,0.12,0.06,0.0,0.0,0.18,0.18,0.0,0.0,0.0,0.0,0.0,78.2,2.47,17.1,49.9,11.9,0.59,78.2,1.65,2.06,80.0,1.24,0.59,55.7,0.94,2.59,1.24,0.94,1.41,0.24,1.35,1.06,8.24,0.29,0.0,1.35,1.06,56.1,0.0,13.793103448275861,66.47727272727273,15.299999999999999,16.499999999999996,12.950000000000001,71.76038772190105,147810000.0,172810000.0,MC_ORG,MC_ORG,MC_DEF,MC_EST,71.76038772190105,71.17342856163026,57.23152346127913
2020,Youri Tielemans,BEL,MF,MF,Leicester City,Premier League,23,1997,3357,37.3,0.16,0.11,0.11,0.05,0.05,0.27,0.11,0.21,0.12,0.04,0.08,0.06,0.08,0.11,0.02,0.16,0.03,1.26,0.48,38.3,0.09,0.22,23.5,55.3,70.8,78.0,941.6,261.4,24.3,27.4,88.6,22.7,27.1,83.9,5.52,11.4,48.6,1.31,5.98,1.1,3.7,0.19,5.31,3.38,2.57,0.4,0.11,0.13,0.08,0.08,0.43,0.38,0.0,0.03,0.0,0.0,0.03,80.3,1.42,14.7,47.3,19.1,1.18,80.2,1.15,1.72,67.2,1.1,0.94,56.7,1.61,2.31,1.21,0.86,1.02,0.43,1.23,0.54,7.27,0.16,0.0,0.91,0.75,54.8,14.814814814814813,12.643678160919542,62.84090909090909,12.6,11.5,11.55,69.63256653241568,135050000.0,167570000.0,MC_ORG,MC_ORG,MC_DEF,MC_EST,69.63256653241568,64.33687113534717,62.43874996491464
2020,Tammy Abraham,ENG,FW,FW,Chelsea,Premier League,22,1997,1040,11.6,0.52,0.09,0.0,0.0,0.0,0.61,0.52,0.61,0.51,0.01,0.51,0.18,0.06,0.02,0.03,0.57,0.01,2.77,1.13,40.6,0.19,0.46,10.7,12.8,18.2,70.6,147.8,25.6,7.33,9.57,76.6,2.84,3.97,71.7,0.34,0.69,50.0,0.78,1.21,0.09,0.52,0.0,0.78,1.47,0.78,0.0,0.17,0.34,0.17,0.0,0.17,0.09,0.0,0.0,0.0,0.09,0.0,30.6,1.72,3.02,14.6,13.2,5.17,30.6,0.52,1.55,33.3,2.84,0.6,20.1,5.86,0.6,0.43,0.26,0.26,0.09,0.43,1.47,2.41,0.0,0.0,3.28,2.41,57.6,48.148148148148145,10.344827586206897,14.545454545454547,27.700000000000003,5.2,3.0,63.49867923815592,102410000.0,167440000.0,FW_ST,FW_ST,FW_WG,FW_SS,63.49867923815592,41.23572758091542,41.04334057789965
2020,Yves Bissouma,MLI,MF,MF,Brighton,Premier League,23,1996,3111,34.6,0.03,0.0,0.06,0.0,0.0,0.03,0.03,0.03,0.04,-0.01,0.04,0.03,0.03,0.04,-0.03,0.07,-0.01,1.22,0.09,7.1,0.02,0.33,26.5,42.7,49.0,87.0,742.6,163.9,18.4,20.0,91.9,19.1,21.0,91.2,3.9,5.46,71.4,0.46,4.19,0.46,0.2,0.03,2.95,1.71,1.36,0.0,0.12,0.09,0.06,0.09,0.09,0.09,0.0,0.0,0.0,0.0,0.0,60.8,2.86,14.4,36.7,10.7,0.32,60.8,1.53,2.11,72.6,0.95,0.84,39.2,0.49,3.01,1.97,1.45,1.39,0.17,1.85,1.94,7.83,0.23,0.03,1.1,0.64,63.3,2.7777777777777777,0.0,48.52272727272728,12.2,15.299999999999999,15.049999999999999,70.14555033444961,138060000.0,166340000.0,MC_DEF,MC_DEF,MC_ORG,MC_EST,70.14555033444961,50.73746431789434,46.441415785393964
2020,Luke Shaw,ENG,DF,DF,Manchester Utd,Premier League,25,1995,2654,29.5,0.03,0.17,0.0,0.0,0.0,0.2,0.03,0.2,0.02,0.01,0.02,0.05,0.22,0.2,-0.05,0.24,0.01,0.37,0.2,54.5,0.09,0.17,17.3,55.9,70.1,79.8,791.2,311.9,33.5,36.7,91.4,16.4,19.9,82.1,3.36,7.19,46.7,2.44,3.49,1.42,6.41,0.47,3.93,3.9,2.54,1.12,0.07,0.03,0.14,0.0,0.31,0.2,0.07,0.0,0.0,0.03,0.0,76.8,2.81,18.0,31.0,29.2,2.14,76.8,1.22,1.9,64.3,0.85,0.71,48.3,3.46,1.49,0.95,0.71,0.54,0.24,0.68,1.49,6.34,0.27,0.0,1.29,0.95,57.6,2.7777777777777777,19.54022988505747,63.52272727272727,3.6999999999999997,12.2,7.449999999999999,68.25017809935699,127170000.0,162810000.0,LB_OFF,LB_OFF,LB_DEF,,68.25017809935699,56.27374663636138,
2020,Ollie Watkins,ENG,FW,FW,Aston Villa,Premier League,24,1995,3328,37.0,0.38,0.14,0.0,0.03,0.05,0.51,0.35,0.49,0.39,-0.01,0.35,0.14,0.14,0.1,-0.01,0.49,0.0,2.57,1.16,45.3,0.14,0.3,13.7,16.0,22.8,70.2,187.2,34.1,11.0,14.2,77.2,3.24,4.57,71.0,0.32,0.65,50.0,1.22,1.03,0.62,0.59,0.11,0.92,2.97,2.3,0.0,0.16,0.32,0.16,0.03,0.38,0.24,0.0,0.03,0.08,0.03,0.0,33.1,0.76,1.59,11.8,20.2,6.03,33.1,1.08,1.89,57.1,3.14,2.3,26.9,7.03,0.78,0.46,0.14,0.43,0.22,0.19,0.65,2.08,0.11,0.03,3.68,4.16,46.9,35.18518518518518,16.09195402298851,18.181818181818183,25.7,10.8,3.9,60.79649754199118,89890000.0,161170000.0,FW_ST,FW_ST,FW_SS,FW_WG,60.79649754199118,54.802215585695734,50.94128365410747
2020,Reece James,ENG,DF,DF,Chelsea,Premier League,20,1999,2373,26.4,0.04,0.08,0.15,0.0,0.0,0.11,0.04,0.11,0.06,-0.02,0.06,0.05,0.13,0.14,-0.06,0.19,-0.02,1.29,0.42,32.4,0.03,0.09,21.6,64.6,76.8,84.1,1057.8,258.1,31.6,34.4,92.0,26.4,29.8,88.5,4.77,8.33,57.3,1.55,3.41,1.67,5.45,0.72,3.67,3.07,2.27,0.34,0.08,0.19,0.15,0.04,0.19,0.11,0.04,0.0,0.0,0.04,0.0,86.1,2.95,20.9,38.6,27.3,1.82,86.1,1.29,1.93,66.7,1.02,0.87,60.2,3.64,2.08,1.33,0.91,0.83,0.34,0.64,1.97,5.8,0.11,0.0,1.52,0.91,62.5,3.7037037037037033,9.195402298850574,73.4090909090909,12.9,12.9,10.4,65.25392248698141,111140000.0,159100000.0,LB_DEF,LB_DEF,LB_OFF,,65.25392248698141,63.86535818195762,
2020,Callum Wilson,ENG,FW,FW,Newcastle Utd,Premier League,28,1992,2084,23.2,0.52,0.22,0.0,0.17,0.17,0.73,0.35,0.56,0.54,-0.02,0.4,0.21,0.12,0.06,0.09,0.52,-0.06,1.94,0.69,35.6,0.18,0.5,13.4,10.4,15.5,67.4,125.0,25.6,6.38,8.49,75.1,2.67,3.88,68.9,0.22,0.34,62.5,0.73,0.6,0.56,0.52,0.0,1.03,2.2,1.29,0.0,0.13,0.13,0.65,0.0,0.48,0.22,0.0,0.0,0.13,0.13,0.0,25.7,0.73,1.98,11.4,12.9,3.88,25.5,1.12,1.85,60.5,3.15,1.68,19.0,4.53,0.52,0.22,0.04,0.26,0.22,0.3,0.6,2.37,0.09,0.0,1.85,4.01,31.6,48.148148148148145,25.287356321839084,11.818181818181818,19.400000000000002,11.200000000000001,2.6,64.5649556794365,107660000.0,158060000.0,FW_ST,FW_ST,FW_SS,FW_WG,64.5649556794365,48.81922119682922,48.23930999709208
2020,Paul Pogba,FRA,MFFW,AM,Manchester Utd,Premier League,27,1993,1897,21.1,0.14,0.14,0.0,0.0,0.0,0.28,0.14,0.28,0.13,0.01,0.13,0.09,0.11,0.09,0.03,0.25,0.01,1.47,0.52,35.5,0.1,0.27,17.0,52.7,64.8,81.3,919.7,236.4,25.6,29.2,87.7,18.9,22.2,85.3,6.21,8.86,70.1,1.23,6.26,1.23,1.04,0.05,4.31,3.41,2.7,0.05,0.09,0.24,0.24,0.09,0.33,0.09,0.0,0.09,0.05,0.09,0.0,77.1,2.56,15.3,41.7,21.1,2.65,77.1,2.09,3.08,67.7,2.56,2.37,59.0,4.17,1.71,1.23,0.71,0.76,0.24,1.23,1.75,7.01,0.14,0.0,2.61,1.56,62.5,12.962962962962962,16.09195402298851,59.88636363636364,14.7,20.9,8.549999999999999,68.29233041168676,127400000.0,157060000.0,MC_ORG,MC_ORG,MC_EST,MC_DEF,68.29233041168676,64.775058041617,64.62328954555514
2020,Aaron Wan-Bissaka,ENG,DF,DF,Manchester Utd,Premier League,22,1997,3060,34.0,0.06,0.12,0.0,0.0,0.0,0.18,0.06,0.18,0.03,0.03,0.03,0.14,0.07,0.06,0.05,0.09,0.03,0.21,0.12,57.1,0.29,0.5,15.2,53.1,63.2,84.1,707.1,244.6,34.7,37.7,92.0,15.2,18.2,83.5,1.26,2.65,47.8,0.91,2.74,0.94,1.76,0.38,3.0,1.68,1.59,0.03,0.03,0.0,0.0,0.03,0.24,0.24,0.0,0.0,0.0,0.0,0.0,73.9,3.41,23.5,31.5,19.6,0.94,73.9,1.0,1.76,56.7,1.0,0.62,45.4,2.12,2.59,1.59,1.56,0.85,0.18,1.82,2.47,5.35,0.09,0.0,1.12,1.09,50.7,5.555555555555555,13.793103448275861,60.340909090909086,2.0999999999999996,10.0,12.950000000000001,65.84950410342833,114210000.0,153850000.0,LB_DEF,LB_DEF,LB_OFF,,65.84950410342833,51.71965117544425,
2020,Curtis Jones,ENG,MF,MF,Liverpool,Premier League,19,2001,1179,13.1,0.08,0.15,0.0,0.0,0.0,0.23,0.08,0.23,0.13,-0.05,0.13,0.09,0.11,0.11,0.04,0.24,-0.05,1.45,0.69,47.4,0.05,0.11,19.4,68.7,75.0,91.6,979.2,205.1,40.8,43.4,93.8,21.4,22.4,95.2,3.13,4.05,77.4,0.92,6.64,1.76,0.53,0.08,4.66,2.98,2.52,0.0,0.15,0.08,0.15,0.08,0.31,0.31,0.0,0.0,0.0,0.0,0.0,86.1,1.15,9.77,48.8,28.3,2.06,86.1,1.68,2.6,64.7,1.68,2.44,68.9,4.73,1.22,0.46,0.46,0.53,0.23,1.45,0.84,6.11,0.15,0.0,1.07,1.37,43.8,7.4074074074074066,17.241379310344826,78.06818181818183,14.499999999999998,16.799999999999997,6.1,65.9481878854934,114730000.0,153440000.0,MC_ORG,MC_ORG,MC_DEF,MC_EST,65.9481878854934,63.0474984053903,60.453379097461436
2020,Harry Maguire,ENG,DF,DF,Manchester Utd,Premier League,27,1993,3047,33.9,0.06,0.03,0.0,0.0,0.0,0.09,0.06,0.09,0.07,-0.01,0.07,0.06,0.01,0.02,0.02,0.08,-0.01,1.06,0.27,25.0,0.06,0.22,12.8,57.8,66.4,87.0,1141.4,384.0,18.7,21.0,89.2,31.0,33.7,92.0,6.84,9.59,71.4,0.21,5.16,0.24,0.09,0.03,3.33,1.12,0.88,0.0,0.0,0.18,0.0,0.06,0.21,0.15,0.0,0.0,0.03,0.0,0.03,75.6,10.3,35.0,35.5,5.69,1.53,75.6,0.24,0.41,57.1,0.29,0.18,51.4,0.24,0.86,0.5,0.56,0.29,0.0,1.77,3.6,5.87,0.32,0.0,3.98,1.27,75.8,5.555555555555555,3.4482758620689653,65.68181818181817,10.600000000000001,2.4,4.3,66.68514735832309,118620000.0,153150000.0,DC,DC,,,66.68514735832309,,
2020,Jesse Lingard,ENG,MFFW,AM,West Ham,Premier League,27,1992,1421,15.8,0.57,0.25,0.06,0.06,0.13,0.82,0.51,0.76,0.29,0.28,0.18,0.07,0.13,0.08,0.12,0.31,0.33,2.53,1.27,50.0,0.2,0.4,21.4,34.6,43.4,79.6,485.5,119.9,19.2,21.7,88.6,10.8,13.2,81.3,2.09,3.8,55.0,1.14,3.48,1.46,2.41,0.32,2.72,3.99,2.91,0.32,0.13,0.32,0.32,0.0,0.76,0.38,0.13,0.06,0.13,0.06,0.0,52.3,0.25,3.99,25.5,23.7,2.72,52.2,1.14,2.72,41.9,1.77,1.39,40.8,3.86,0.76,0.38,0.25,0.51,0.0,0.25,0.0,3.92,0.19,0.0,0.0,0.32,0.0,52.77777777777777,28.735632183908045,39.31818181818182,25.3,11.399999999999999,3.8,65.75389164384485,113720000.0,151610000.0,FW_ST,FW_ST,FW_WG,AM,65.75389164384485,64.96811641374035,63.489136629715034
2020,Edinson Cavani,URU,FW,FW,Manchester Utd,Premier League,33,1987,1375,15.3,0.65,0.2,0.0,0.0,0.0,0.85,0.65,0.85,0.52,0.13,0.52,0.24,0.15,0.1,0.05,0.67,0.13,2.23,0.98,44.1,0.29,0.67,11.4,17.3,22.4,77.0,251.9,36.7,9.22,11.6,79.2,5.49,6.67,82.4,1.11,1.31,85.0,0.92,1.05,0.59,0.26,0.07,1.31,2.03,1.5,0.0,0.13,0.26,0.13,0.0,0.26,0.2,0.0,0.0,0.07,0.0,0.0,30.5,0.78,2.22,13.0,15.4,4.38,30.5,0.39,0.78,50.0,2.03,0.65,21.8,4.71,0.78,0.52,0.07,0.52,0.2,0.39,0.72,2.68,0.26,0.0,0.65,1.11,37.0,60.18518518518518,22.98850574712644,19.65909090909091,22.3,3.9,3.9,72.60078258419934,153070000.0,147750000.0,FW_ST,FW_ST,FW_SS,FW_WG,72.60078258419934,55.79619442635499,53.61371260346404
2020,Michail Antonio,JAM,FW,FW,West Ham,Premier League,30,1990,1974,21.9,0.46,0.23,0.0,0.0,0.0,0.68,0.46,0.68,0.59,-0.13,0.59,0.22,0.14,0.08,0.09,0.73,-0.13,2.87,1.0,34.9,0.16,0.45,13.4,14.4,22.6,64.0,195.1,36.3,8.77,12.1,72.2,3.56,5.57,63.9,0.82,1.37,60.0,1.23,1.1,0.59,1.42,0.09,1.14,3.42,1.87,0.05,0.46,0.37,0.68,0.0,0.5,0.23,0.05,0.0,0.09,0.14,0.0,35.2,0.5,1.6,13.4,20.6,5.34,35.2,1.96,3.97,49.4,3.56,2.24,28.8,6.3,0.32,0.18,0.05,0.23,0.05,0.32,0.32,2.33,0.14,0.0,3.24,4.02,44.7,42.592592592592595,26.436781609195403,16.363636363636363,28.700000000000003,19.6,1.6,72.57935778562823,152930000.0,147400000.0,FW_ST,FW_ST,FW_SS,FW_WG,72.57935778562823,65.77702586953976,62.59895230463089
2020,Liam Cooper,SCO,DF,DF,Leeds United,Premier League,28,1991,2185,24.3,0.04,0.0,0.0,0.0,0.0,0.04,0.04,0.04,0.08,-0.03,0.08,0.12,0.0,0.03,0.0,0.08,-0.03,0.62,0.33,53.3,0.07,0.13,8.9,58.2,68.4,85.1,1155.7,375.6,16.6,18.1,91.6,35.5,37.9,93.6,5.47,10.2,53.6,0.0,2.59,0.12,0.0,0.0,2.72,0.7,0.53,0.0,0.0,0.12,0.0,0.04,0.08,0.08,0.0,0.0,0.0,0.0,0.0,79.6,8.52,44.7,33.3,2.06,0.91,79.6,0.12,0.16,75.0,0.29,0.04,51.0,0.04,2.8,1.85,1.6,1.11,0.08,2.51,2.88,6.42,0.16,0.04,3.87,2.51,60.6,3.7037037037037033,0.0,66.13636363636364,6.2,1.2,13.999999999999998,73.41007045628783,158240000.0,146220000.0,DC,DC,,,73.41007045628783,,
2020,Jordan Henderson,ENG,MFDF,DM,Liverpool,Premier League,30,1990,1704,18.9,0.05,0.05,0.0,0.0,0.0,0.11,0.05,0.11,0.07,-0.02,0.07,0.09,0.08,0.12,-0.03,0.15,-0.02,0.74,0.21,28.6,0.07,0.25,19.1,84.5,98.1,86.1,1493.4,442.8,36.3,39.3,92.6,38.7,42.1,91.9,7.72,13.7,56.6,0.74,9.47,1.59,1.53,0.16,6.51,1.9,1.64,0.16,0.0,0.0,0.05,0.05,0.21,0.16,0.05,0.0,0.0,0.0,0.0,105.6,3.39,23.5,69.0,14.0,0.79,105.6,0.48,0.79,60.0,0.32,0.26,81.6,0.85,1.27,0.79,0.63,0.48,0.16,1.8,1.59,8.89,0.0,0.0,0.58,0.32,64.7,4.62962962962963,5.74712643678161,96.02272727272727,7.3999999999999995,4.8,6.35,76.66617400672374,180250000.0,144070000.0,MC_ORG,MC_ORG,MC_DEF,LB_DEF,76.66617400672374,71.65303000951717,67.75396670642031
2020,Allan Saint-Maximin,FRA,FWMF,AM,Newcastle Utd,Premier League,23,1997,1560,17.3,0.17,0.23,0.0,0.0,0.0,0.4,0.17,0.4,0.15,0.02,0.15,0.09,0.21,0.12,0.02,0.36,0.02,1.73,0.69,40.0,0.1,0.25,20.8,20.5,25.7,80.0,318.1,76.0,10.9,12.7,85.9,7.05,8.79,80.3,1.62,2.14,75.7,1.73,1.62,0.64,1.21,0.23,2.49,3.92,2.49,0.06,0.98,0.06,0.35,0.0,0.58,0.4,0.0,0.17,0.0,0.0,0.0,37.8,0.17,3.7,18.4,17.1,3.06,37.8,5.55,8.38,66.2,3.18,3.01,29.6,3.64,0.92,0.52,0.35,0.52,0.06,0.23,0.12,4.34,0.0,0.0,0.35,0.52,40.0,15.74074074074074,26.436781609195403,23.295454545454543,17.299999999999997,55.49999999999999,4.6,63.192582324018076,100940000.0,143150000.0,AM,AM,FW_WG,FW_SS,63.192582324018076,58.324305557323385,56.64733827058963
2020,Harvey Barnes,ENG,FWMF,AM,Leicester City,Premier League,22,1997,1945,21.6,0.42,0.19,0.0,0.0,0.0,0.6,0.42,0.6,0.27,0.14,0.27,0.11,0.07,0.11,0.11,0.35,0.14,2.59,1.16,44.6,0.16,0.36,17.5,21.3,29.5,72.1,293.1,71.0,12.6,15.9,79.3,6.25,7.92,78.9,0.93,1.71,54.1,1.2,1.76,0.79,1.25,0.05,1.94,3.29,2.27,0.0,0.32,0.37,0.32,0.0,0.46,0.37,0.0,0.05,0.0,0.05,0.0,41.7,0.6,4.95,15.7,21.9,4.44,41.7,1.85,4.12,44.9,2.69,1.44,32.5,5.32,0.88,0.42,0.51,0.14,0.23,0.37,0.51,3.98,0.0,0.0,1.11,1.48,42.9,38.888888888888886,21.839080459770116,24.204545454545457,25.900000000000002,18.5,4.3999999999999995,61.51260811176802,93100000.0,139630000.0,FW_ST,FW_ST,FW_SS,FW_WG,61.51260811176802,55.97864927577588,55.81771791021547
2020,Nemanja Matić,SRB,MF,MF,Manchester Utd,Premier League,31,1988,1106,12.3,0.0,0.0,0.0,0.0,0.0,0.0,0.0,0.0,0.02,-0.02,0.02,0.05,0.06,0.12,-0.06,0.08,-0.02,0.49,0.24,50.0,0.0,0.0,22.8,74.9,83.4,89.8,1311.6,382.0,33.3,35.9,92.5,32.8,35.1,93.5,7.15,8.78,81.5,0.65,6.34,0.89,0.33,0.08,5.28,1.95,1.79,0.0,0.0,0.16,0.0,0.0,0.24,0.24,0.0,0.0,0.0,0.0,0.0,92.4,3.25,23.1,57.5,13.1,0.73,92.4,1.38,1.71,81.0,1.14,0.65,69.1,0.65,2.03,0.89,1.06,0.98,0.0,1.79,0.81,9.43,0.16,0.0,1.54,0.81,65.5,0.0,0.0,85.11363636363637,4.9,13.799999999999999,10.149999999999999,77.71469198360461,187750000.0,136930000.0,MC_ORG,MC_ORG,MC_DEF,MC_EST,77.71469198360461,75.02577286888751,59.25567987365922
2020,Christian Benteke,BEL,FW,FW,Crystal Palace,Premier League,29,1990,1816,20.2,0.5,0.05,0.0,0.0,0.0,0.55,0.5,0.55,0.41,0.08,0.41,0.12,0.04,0.05,0.0,0.45,0.08,3.52,1.64,46.5,0.14,0.3,12.5,16.8,28.9,58.1,200.9,39.6,11.3,17.8,63.8,3.12,6.14,50.8,0.69,0.94,73.7,0.74,1.34,0.54,0.15,0.05,1.19,1.98,1.53,0.0,0.2,0.1,0.05,0.1,0.2,0.1,0.0,0.05,0.0,0.0,0.05,41.0,2.62,4.01,20.1,17.3,5.79,41.0,0.79,1.34,59.3,2.92,1.34,32.3,6.53,0.74,0.35,0.05,0.35,0.35,0.2,1.93,2.23,0.15,0.05,10.1,7.62,57.0,46.29629629629629,5.74712643678161,19.090909090909093,35.199999999999996,7.9,3.6999999999999997,62.11706973508823,95870000.0,135520000.0,FW_ST,FW_ST,FW_SS,FW_WG,62.11706973508823,44.246736191564814,43.839492406078655
2020,Oriol Romeu,ESP,MF,MF,Southampton,Premier League,28,1991,1763,19.6,0.05,0.05,0.0,0.0,0.0,0.1,0.05,0.1,0.02,0.03,0.02,0.03,0.07,0.05,-0.02,0.09,0.03,0.71,0.2,28.6,0.07,0.25,25.9,53.9,65.7,82.1,792.8,190.3,30.3,34.2,88.5,18.5,22.0,84.0,2.6,4.95,52.6,0.71,3.83,0.82,0.46,0.1,3.57,2.09,1.89,0.0,0.05,0.0,0.05,0.1,0.2,0.2,0.0,0.0,0.0,0.0,0.0,75.7,2.19,15.7,50.6,10.1,0.41,75.7,0.71,0.87,82.4,1.17,0.92,51.3,0.56,3.52,1.79,1.28,1.99,0.26,1.53,0.92,8.21,0.31,0.0,1.58,1.43,52.5,4.62962962962963,5.74712643678161,61.24999999999999,7.1,7.1,17.599999999999998,70.44314876532403,139820000.0,135270000.0,MC_DEF,MC_DEF,MC_ORG,MC_EST,70.44314876532403,55.376152584318795,52.05245114079621
2020,Timo Werner,GER,FWMF,AM,Chelsea,Premier League,24,1996,2602,28.9,0.21,0.28,0.0,0.0,0.0,0.48,0.21,0.48,0.39,-0.19,0.39,0.14,0.19,0.11,0.08,0.59,-0.19,2.73,1.07,39.2,0.08,0.19,13.8,21.8,28.5,76.3,281.7,53.0,13.1,16.0,82.3,6.4,7.72,83.0,0.55,1.21,45.7,1.25,1.25,0.8,1.21,0.17,1.63,3.08,2.08,0.0,0.24,0.38,0.38,0.0,0.52,0.28,0.0,0.07,0.03,0.14,0.0,39.4,0.17,2.84,15.4,21.6,6.06,39.4,1.0,2.77,36.3,2.98,0.97,31.3,7.27,0.69,0.31,0.21,0.38,0.1,0.28,0.28,2.73,0.07,0.0,0.35,1.21,22.2,19.444444444444443,32.18390804597702,24.772727272727273,27.3,10.0,3.4499999999999997,54.572287978720944,65010000.0,133200000.0,FW_SS,FW_SS,AM,FW_WG,54.572287978720944,54.28918971388307,51.52708819431664
2020,Anthony Martial,FRA,FW,FW,Manchester Utd,Premier League,24,1995,1480,16.4,0.24,0.18,0.0,0.0,0.0,0.43,0.24,0.43,0.4,-0.15,0.4,0.15,0.12,0.11,0.06,0.52,-0.15,2.61,1.22,46.5,0.09,0.2,14.0,24.9,30.0,83.1,305.7,58.5,15.9,18.0,88.2,6.16,7.44,82.8,0.61,0.73,83.3,1.04,1.52,0.91,0.55,0.0,2.13,2.92,1.89,0.0,0.43,0.24,0.37,0.0,0.55,0.12,0.0,0.06,0.12,0.24,0.0,40.8,0.73,2.87,14.6,23.8,6.16,40.8,2.13,3.6,59.3,3.05,2.26,35.4,8.29,0.12,0.06,0.06,0.06,0.0,0.06,0.49,2.01,0.0,0.06,0.98,1.46,40.0,22.22222222222222,20.689655172413794,28.295454545454547,26.1,21.3,0.6,57.2840214626722,75190000.0,131700000.0,FW_SS,FW_SS,FW_WG,FW_ST,57.2840214626722,54.90527945652192,53.71869930525672
2020,Andre-Frank Zambo Anguissa,CMR,MF,MF,Fulham,Premier League,24,1995,2587,28.7,0.0,0.1,0.0,0.0,0.0,0.1,0.0,0.1,0.05,-0.06,0.05,0.05,0.09,0.07,0.02,0.14,-0.06,1.18,0.28,23.5,0.0,0.0,21.6,41.8,50.0,83.8,617.2,160.0,23.3,26.5,87.9,14.9,16.6,89.7,1.99,3.28,60.6,0.94,4.29,0.7,0.45,0.14,3.21,2.19,1.71,0.0,0.31,0.07,0.07,0.03,0.21,0.14,0.0,0.07,0.0,0.0,0.0,63.7,1.32,12.8,36.8,15.8,1.39,63.7,3.34,4.98,67.1,2.51,1.74,41.5,1.95,2.72,1.29,0.94,1.32,0.45,1.95,0.59,7.67,0.21,0.0,2.2,1.36,61.8,0.0,11.49425287356322,47.5,11.799999999999999,33.4,13.600000000000001,66.29871169068025,116570000.0,131510000.0,MC_DEF,MC_DEF,MC_ORG,MC_EST,66.29871169068025,53.946278047465526,52.22852961941836
2020,Harrison Reed,ENG,MF,MF,Fulham,Premier League,25,1995,2247,25.0,0.0,0.08,0.0,0.0,0.0,0.08,0.0,0.08,0.02,-0.02,0.02,0.03,0.07,0.07,0.01,0.08,-0.02,0.52,0.16,30.8,0.0,0.0,26.1,51.5,60.6,85.0,856.1,229.6,24.4,26.9,90.8,22.0,24.4,90.5,3.56,6.28,56.7,0.84,4.08,0.64,1.08,0.12,3.48,1.76,1.44,0.24,0.0,0.08,0.0,0.0,0.12,0.08,0.0,0.0,0.04,0.0,0.0,70.0,2.68,19.0,39.3,12.4,0.36,70.0,0.6,0.96,62.5,0.8,0.4,42.4,0.56,2.52,1.52,1.12,1.12,0.28,2.0,1.24,7.2,0.2,0.0,0.8,1.12,41.7,0.0,9.195402298850574,58.52272727272727,5.2,6.0,12.6,66.7551126536703,118990000.0,128330000.0,MC_DEF,MC_DEF,MC_ORG,MC_EST,66.7551126536703,55.534925942766854,46.857631177830555
2020,Joachim Andersen,DEN,DF,DF,Fulham,Premier League,24,1996,2730,30.3,0.03,0.03,0.03,0.0,0.0,0.07,0.03,0.07,0.04,-0.01,0.04,0.09,0.01,0.03,0.02,0.05,-0.01,0.43,0.1,23.1,0.08,0.33,16.4,53.1,65.8,80.7,1151.2,422.8,14.1,16.2,87.0,30.1,33.2,90.6,8.32,14.6,57.0,0.26,4.29,0.2,0.4,0.03,2.44,0.99,0.92,0.0,0.0,0.03,0.03,0.0,0.1,0.1,0.0,0.0,0.0,0.0,0.0,75.1,10.2,41.6,31.2,2.94,0.79,75.1,0.3,0.36,81.8,0.33,0.1,47.9,0.1,1.09,0.63,0.59,0.36,0.13,1.45,4.98,5.68,0.23,0.03,3.23,1.45,69.0,2.7777777777777777,3.4482758620689653,60.340909090909086,4.3,3.0,5.450000000000001,67.37087597513575,122310000.0,126500000.0,DC,DC,,,67.37087597513575,,
2020,Luke Ayling,ENG,DF,DF,Leeds United,Premier League,28,1991,3399,37.8,0.0,0.0,0.0,0.0,0.0,0.0,0.0,0.0,0.05,-0.04,0.05,0.07,0.08,0.08,-0.08,0.13,-0.04,0.64,0.16,25.0,0.0,0.0,18.7,57.2,73.3,78.0,1047.5,427.5,24.1,27.2,88.4,25.3,30.4,83.3,6.56,11.9,55.0,0.71,4.74,0.85,2.17,0.32,4.13,1.38,1.14,0.05,0.08,0.03,0.08,0.0,0.11,0.11,0.0,0.0,0.0,0.0,0.0,84.3,6.22,35.4,36.7,13.0,1.77,84.3,1.08,1.56,69.5,1.46,0.56,53.5,1.48,2.86,1.61,1.83,0.79,0.24,0.95,2.54,7.38,0.19,0.0,1.72,1.72,50.0,0.0,0.0,65.0,6.4,10.8,14.299999999999999,66.19302988218112,116010000.0,124980000.0,LB_DEF,LB_DEF,LB_OFF,,66.19302988218112,54.173343580735164,
2020,Mateusz Klich,POL,MF,MF,Leeds United,Premier League,30,1990,2393,26.6,0.15,0.19,0.0,0.08,0.08,0.34,0.08,0.26,0.11,0.04,0.05,0.04,0.13,0.12,0.06,0.18,0.02,1.28,0.34,26.5,0.06,0.22,22.9,46.2,58.1,79.5,698.3,185.8,23.3,27.1,86.3,15.9,19.1,83.5,3.53,6.13,57.7,1.65,3.95,1.5,2.37,0.15,5.04,4.02,3.46,0.23,0.04,0.23,0.08,0.0,0.56,0.49,0.04,0.04,0.0,0.0,0.0,65.4,1.02,8.91,32.9,24.4,2.11,65.3,0.49,1.02,48.1,1.5,0.83,47.0,5.04,1.43,0.75,0.53,0.75,0.15,0.41,0.6,6.13,0.23,0.0,0.49,0.68,41.9,13.888888888888888,21.839080459770116,52.5,12.8,4.9,7.1499999999999995,67.10300694332692,120860000.0,123360000.0,AM,AM,MC_ORG,MC_EST,67.10300694332692,57.349338211525705,56.73358336189417
2020,Nathaniel Phillips,ENG,DF,DF,Liverpool,Premier League,23,1997,1456,16.2,0.06,0.06,0.0,0.0,0.0,0.12,0.06,0.12,0.06,0.0,0.06,0.07,0.04,0.02,0.02,0.1,0.0,0.93,0.12,13.3,0.07,0.5,10.4,58.5,69.6,84.1,1038.6,350.5,23.6,26.4,89.5,29.7,33.5,88.7,4.26,7.65,55.6,0.43,3.83,0.12,0.06,0.0,2.59,0.74,0.68,0.0,0.0,0.06,0.0,0.0,0.06,0.0,0.0,0.0,0.06,0.0,0.0,81.0,8.02,34.0,44.0,3.33,1.48,81.0,0.12,0.12,100.0,0.49,0.19,53.2,0.19,1.36,0.86,0.93,0.43,0.0,1.23,5.0,5.12,0.12,0.0,5.86,2.9,66.9,5.555555555555555,6.896551724137931,66.47727272727273,9.3,1.2,6.800000000000001,65.53225638634322,112570000.0,121940000.0,DC,DC,,,65.53225638634322,,
2020,Kai Havertz,GER,MFFW,AM,Chelsea,Premier League,21,1999,1520,16.9,0.24,0.18,0.0,0.0,0.0,0.41,0.24,0.41,0.33,-0.09,0.33,0.17,0.08,0.11,0.1,0.4,-0.09,1.95,0.95,48.5,0.12,0.25,13.1,38.9,46.6,83.5,488.3,79.1,24.4,26.6,91.8,9.88,11.2,87.9,1.36,1.83,74.2,1.07,2.25,1.18,0.65,0.06,2.6,2.9,2.49,0.06,0.12,0.06,0.18,0.0,0.41,0.3,0.0,0.0,0.0,0.12,0.0,59.0,1.36,6.09,29.3,24.1,4.67,59.0,1.12,2.19,51.4,3.31,1.48,46.4,7.16,1.07,0.53,0.36,0.59,0.12,0.24,1.3,4.2,0.12,0.0,1.66,1.89,46.7,22.22222222222222,20.689655172413794,44.20454545454545,19.5,11.200000000000001,5.3500000000000005,52.9984146639764,59550000.0,121720000.0,FW_SS,FW_SS,AM,FW_ST,52.9984146639764,52.80025580989647,52.1790257335096
2020,Chris Wood,NZL,FW,FW,Burnley,Premier League,28,1991,2741,30.5,0.39,0.1,0.0,0.07,0.07,0.49,0.33,0.43,0.43,-0.03,0.38,0.17,0.06,0.04,0.04,0.44,-0.05,2.23,1.21,54.4,0.15,0.27,14.1,13.9,21.7,64.1,158.2,24.0,9.7,14.0,69.2,2.89,4.23,68.2,0.2,0.56,35.3,0.69,1.02,0.16,0.23,0.0,0.46,1.97,1.64,0.0,0.1,0.16,0.07,0.0,0.33,0.2,0.0,0.07,0.03,0.03,0.0,30.2,0.79,1.97,12.3,16.2,4.13,30.2,0.23,0.69,33.3,2.59,1.44,24.9,7.11,0.39,0.23,0.07,0.13,0.2,0.03,0.69,1.8,0.0,0.0,5.02,6.33,44.2,36.11111111111111,11.49425287356322,15.795454545454547,22.3,2.3,1.95,57.288067291984945,75210000.0,120470000.0,FW_ST,FW_ST,FW_SS,FW_WG,57.288067291984945,41.007148858895206,39.04494683599387
2020,Declan Rice,ENG,MF,MF,West Ham,Premier League,21,1999,2879,32.0,0.06,0.03,0.09,0.03,0.06,0.09,0.03,0.06,0.1,-0.04,0.05,0.06,0.06,0.05,-0.03,0.11,-0.02,0.78,0.22,28.0,0.04,0.14,20.8,42.3,48.8,86.6,736.6,207.5,19.2,21.1,90.9,17.7,19.4,91.1,4.31,5.97,72.3,0.69,3.91,0.56,0.94,0.19,3.16,1.84,1.56,0.03,0.09,0.09,0.03,0.03,0.19,0.16,0.0,0.0,0.03,0.0,0.0,57.6,2.56,14.4,34.7,9.5,1.28,57.6,0.91,1.06,85.3,1.06,0.59,37.7,1.0,1.84,1.09,1.03,0.78,0.03,1.84,1.28,7.28,0.06,0.0,1.34,0.94,58.9,5.555555555555555,3.4482758620689653,48.06818181818181,7.8,9.1,9.2,60.34193333474088,87890000.0,119370000.0,MC_DEF,MC_DEF,MC_ORG,MC_EST,60.34193333474088,51.99776231679658,44.754418132713134
2020,Kalvin Phillips,ENG,MF,MF,Leeds United,Premier League,24,1995,2428,27.0,0.04,0.07,0.11,0.0,0.0,0.11,0.04,0.11,0.02,0.02,0.02,0.04,0.13,0.11,-0.05,0.15,0.02,0.56,0.19,33.3,0.07,0.2,27.5,45.3,55.2,82.0,942.6,256.1,14.6,16.4,88.7,21.6,24.5,88.2,8.15,11.9,68.5,1.3,4.22,0.67,2.85,0.11,3.26,2.59,1.52,0.78,0.07,0.07,0.04,0.11,0.07,0.07,0.0,0.0,0.0,0.0,0.0,66.3,3.96,21.5,35.4,10.2,0.26,66.3,0.74,1.19,62.5,1.52,0.59,39.0,0.41,2.74,1.41,1.41,1.07,0.26,1.67,1.96,7.93,0.37,0.0,1.11,1.26,46.9,3.7037037037037033,8.045977011494255,51.47727272727273,5.6000000000000005,7.3999999999999995,13.700000000000001,64.52565115641697,107460000.0,118740000.0,MC_DEF,MC_DEF,MC_ORG,MC_EST,64.52565115641697,61.47718047642265,51.109337104459044
2020,Eberechi Eze,ENG,MF,MF,Crystal Palace,Premier League,22,1998,2559,28.4,0.14,0.21,0.14,0.0,0.0,0.35,0.14,0.35,0.08,0.06,0.08,0.06,0.14,0.1,0.07,0.21,0.06,1.3,0.46,35.1,0.11,0.31,21.7,33.3,41.8,79.5,479.7,140.7,18.9,21.0,90.3,10.1,12.4,81.5,2.18,4.61,47.3,1.51,2.46,1.13,3.03,0.11,3.42,3.38,2.15,0.53,0.39,0.07,0.21,0.04,0.42,0.18,0.07,0.11,0.04,0.04,0.0,51.5,0.77,7.61,24.9,20.6,1.37,51.5,2.25,4.15,54.2,2.01,1.3,36.5,3.1,0.95,0.49,0.39,0.46,0.11,0.85,0.32,6.27,0.11,0.0,0.42,1.02,29.3,12.962962962962962,24.137931034482758,37.840909090909086,13.0,22.5,4.75,56.56722043413666,72400000.0,118010000.0,AM,AM,MC_EST,MC_ORG,56.56722043413666,46.94735439053619,46.089177346725144
2020,James Ward-Prowse,ENG,MF,MF,Southampton,Premier League,25,1994,3420,38.0,0.21,0.18,0.53,0.08,0.11,0.39,0.13,0.32,0.15,0.06,0.07,0.06,0.1,0.11,0.08,0.17,0.07,1.03,0.53,51.3,0.13,0.25,26.8,57.2,71.4,80.1,897.8,256.4,30.3,33.1,91.5,20.3,23.4,86.6,4.37,10.8,40.6,1.58,4.08,0.58,6.61,0.08,3.39,2.76,1.39,1.21,0.0,0.08,0.08,0.0,0.32,0.13,0.18,0.0,0.0,0.0,0.0,80.0,2.82,16.1,48.3,16.3,0.61,79.9,0.45,0.58,77.3,0.87,0.37,47.9,1.11,1.97,1.29,0.79,1.08,0.11,1.11,1.58,7.58,0.13,0.0,1.24,1.68,42.3,19.444444444444443,20.689655172413794,65.0,10.3,4.5,9.85,61.56878157868053,93360000.0,116690000.0,MC_DEF,MC_DEF,MC_ORG,MC_EST,61.56878157868053,60.049744366605395,54.75482621163131
2020,Scott McTominay,SCO,MF,MF,Manchester Utd,Premier League,23,1996,2129,23.7,0.17,0.04,0.0,0.0,0.0,0.21,0.17,0.21,0.09,0.08,0.09,0.08,0.07,0.03,-0.03,0.16,0.08,1.1,0.3,26.9,0.15,0.57,17.6,48.1,55.7,86.3,825.8,233.8,22.3,24.7,90.4,20.3,22.2,91.4,4.05,5.78,70.1,0.72,4.85,0.38,0.51,0.08,3.5,1.4,1.01,0.0,0.08,0.08,0.13,0.08,0.13,0.04,0.0,0.04,0.0,0.0,0.04,67.8,3.46,17.8,38.2,12.6,1.39,67.8,1.1,1.48,74.3,1.73,0.72,47.3,1.1,2.15,1.01,0.97,1.05,0.13,1.22,1.94,6.5,0.13,0.0,2.03,1.27,61.5,15.74074074074074,4.597701149425287,54.659090909090914,11.000000000000002,11.000000000000002,10.75,60.12165758487622,86930000.0,115310000.0,MC_DEF,MC_DEF,MC_ORG,MC_EST,60.12165758487622,53.72426735697147,47.5515062672384
2020,Danny Ings,ENG,FW,FW,Southampton,Premier League,28,1992,2173,24.1,0.5,0.17,0.0,0.08,0.08,0.66,0.41,0.58,0.35,0.15,0.29,0.13,0.09,0.05,0.08,0.38,0.13,2.28,0.99,43.6,0.18,0.42,15.9,14.0,21.9,63.9,183.7,50.7,8.09,10.6,76.2,3.65,5.81,62.9,0.71,1.66,42.5,0.91,1.2,0.62,0.79,0.08,1.91,2.44,1.83,0.0,0.33,0.21,0.08,0.0,0.33,0.17,0.0,0.08,0.08,0.0,0.0,33.5,1.12,3.32,14.4,16.0,4.73,33.4,1.24,2.45,50.8,2.74,0.75,23.6,5.15,0.91,0.54,0.12,0.66,0.12,0.12,1.12,3.03,0.04,0.0,0.95,2.99,24.2,46.29629629629629,19.54022988505747,15.909090909090908,22.799999999999997,12.4,4.55,57.620195481850004,76520000.0,113730000.0,FW_ST,FW_ST,FW_WG,FW_SS,57.620195481850004,49.60798557568123,49.473523743259804
2020,Oleksandr Zinchenko,UKR,DF,DF,Manchester City,Premier League,23,1996,1478,16.4,0.0,0.0,0.06,0.0,0.0,0.0,0.0,0.0,0.04,-0.04,0.04,0.04,0.06,0.07,-0.05,0.1,-0.04,0.97,0.24,25.0,0.0,0.0,22.7,81.7,92.5,88.3,1189.5,328.0,45.4,48.2,94.2,30.2,34.3,88.1,3.23,5.24,61.6,0.91,7.44,0.79,2.38,0.06,4.39,1.95,1.59,0.24,0.0,0.06,0.06,0.0,0.12,0.12,0.0,0.0,0.0,0.0,0.0,99.6,2.74,19.4,55.4,25.1,0.67,99.6,0.37,0.55,66.7,0.91,0.37,72.9,2.38,1.52,0.91,0.73,0.55,0.24,1.4,1.71,5.85,0.0,0.0,1.77,0.91,65.9,0.0,0.0,92.8409090909091,9.700000000000001,3.6999999999999997,7.6,63.917439454094826,104450000.0,113520000.0,LB_DEF,LB_DEF,LB_OFF,,63.917439454094826,51.794995976569744,
2020,Serge Aurier,CIV,DF,DF,Tottenham,Premier League,27,1992,1605,17.8,0.11,0.17,0.0,0.0,0.0,0.28,0.11,0.28,0.06,0.05,0.06,0.07,0.19,0.11,-0.02,0.25,0.05,0.84,0.34,40.0,0.13,0.33,17.5,43.4,55.1,78.8,614.6,238.8,25.2,28.0,90.0,14.3,18.7,76.6,1.85,3.31,55.9,1.01,1.74,1.01,1.97,0.51,2.7,2.13,1.46,0.06,0.22,0.22,0.06,0.11,0.28,0.17,0.06,0.06,0.0,0.0,0.0,67.3,4.38,23.3,30.4,14.4,1.35,67.3,0.96,1.8,53.1,1.63,0.73,37.9,2.36,3.09,1.85,1.85,0.96,0.28,1.07,2.47,6.24,0.0,0.0,2.02,2.25,47.4,10.185185185185185,19.54022988505747,49.31818181818181,8.399999999999999,9.6,15.45,64.34402888659015,106560000.0,113320000.0,LB_DEF,LB_DEF,LB_OFF,,64.34402888659015,55.63943300315135,
2020,Fernandinho,BRA,MF,MF,Manchester City,Premier League,35,1985,1188,13.2,0.0,0.15,0.0,0.0,0.0,0.15,0.0,0.15,0.05,-0.05,0.05,0.05,0.1,0.08,0.05,0.15,-0.05,1.06,0.23,21.4,0.0,0.0,22.7,67.3,77.7,86.6,1128.0,328.4,32.3,35.4,91.2,27.6,31.5,87.5,5.53,7.27,76.0,1.06,9.39,0.98,0.45,0.08,6.52,2.35,1.97,0.0,0.23,0.0,0.0,0.15,0.23,0.15,0.0,0.0,0.0,0.0,0.08,86.1,2.35,12.2,61.3,13.7,0.98,86.1,0.76,0.98,76.9,0.53,0.3,65.4,0.45,2.35,1.29,0.61,1.06,0.68,1.74,1.29,6.89,0.45,0.0,2.27,1.36,62.5,0.0,17.241379310344826,76.47727272727273,10.600000000000001,7.6,11.75,75.59713924773513,172810000.0,111740000.0,MC_ORG,MC_ORG,MC_DEF,MC_EST,75.59713924773513,72.59982661995717,61.75056393781956
2020,Anwar El Ghazi,NED,FW,FW,Aston Villa,Premier League,25,1995,1613,17.9,0.56,0.0,0.34,0.22,0.22,0.56,0.33,0.33,0.47,0.09,0.3,0.09,0.1,0.12,-0.1,0.39,0.04,3.35,1.45,43.3,0.1,0.23,21.7,24.1,35.1,68.8,344.5,94.2,15.0,18.4,81.2,5.81,8.6,67.5,1.84,3.85,47.8,1.45,1.34,1.06,4.86,0.45,1.79,3.62,2.07,0.5,0.34,0.39,0.34,0.0,0.11,0.06,0.0,0.0,0.06,0.0,0.0,46.5,1.34,4.02,15.6,27.2,3.97,46.3,1.45,2.74,53.1,2.68,1.96,35.8,6.54,0.89,0.73,0.34,0.39,0.17,0.34,0.61,3.74,0.11,0.0,1.56,2.74,36.4,51.85185185185185,0.0,27.386363636363637,33.5,14.499999999999998,4.45,57.93154418233159,77770000.0,111170000.0,FW_ST,FW_ST,FW_SS,FW_WG,57.93154418233159,56.045761764775825,53.76690991201048
2020,Wilfried Zaha,CIV,FW,FW,Crystal Palace,Premier League,27,1992,2612,29.0,0.38,0.07,0.0,0.07,0.07,0.45,0.31,0.38,0.28,0.1,0.22,0.11,0.11,0.13,-0.04,0.33,0.09,2.0,0.62,31.0,0.16,0.5,16.9,20.2,27.0,74.7,269.7,60.8,12.4,15.0,82.7,5.41,6.83,79.3,0.97,1.76,54.9,1.03,1.21,1.14,1.41,0.07,1.97,3.27,1.79,0.0,0.69,0.14,0.62,0.03,0.34,0.21,0.0,0.07,0.0,0.07,0.0,40.1,0.07,2.9,16.2,21.7,5.14,40.0,1.9,4.03,47.0,3.72,2.66,32.5,6.31,0.9,0.62,0.28,0.52,0.1,0.31,0.14,3.52,0.21,0.0,0.31,0.9,25.7,35.18518518518518,8.045977011494255,22.954545454545453,20.0,19.0,4.5,55.42152034209305,68090000.0,107280000.0,FW_SS,FW_SS,FW_WG,FW_ST,55.42152034209305,54.07429941953773,51.35215326771293
2020,Adama Traoré,ESP,FWMF,AM,Wolves,Premier League,24,1996,2649,29.4,0.07,0.07,0.0,0.0,0.0,0.14,0.07,0.14,0.07,0.0,0.07,0.05,0.16,0.13,-0.1,0.23,0.0,1.46,0.44,30.2,0.05,0.15,19.7,19.5,29.7,65.5,282.0,67.5,11.5,14.2,80.9,5.95,9.42,63.2,1.19,2.55,46.7,1.87,1.22,1.02,5.1,0.61,1.43,3.91,2.52,0.0,0.85,0.1,0.44,0.0,0.17,0.1,0.0,0.03,0.0,0.03,0.0,43.2,0.68,4.15,19.3,21.3,3.57,43.2,5.2,7.35,70.8,3.81,2.21,33.3,4.42,0.95,0.54,0.37,0.44,0.14,0.24,0.41,3.54,0.14,0.0,2.48,2.59,49.0,6.481481481481481,8.045977011494255,22.15909090909091,14.6,52.0,4.75,54.50625903703607,64770000.0,106820000.0,AM,AM,FW_SS,FW_WG,54.50625903703607,48.33916134010525,47.773896387238224
2020,Pascal Struijk,NED,DFMF,DM,Leeds United,Premier League,20,1999,2075,23.1,0.04,0.0,0.0,0.0,0.0,0.04,0.04,0.04,0.07,-0.03,0.07,0.12,0.01,0.01,0.0,0.08,-0.03,0.61,0.17,28.6,0.07,0.25,9.8,48.4,56.3,85.9,947.9,305.9,14.8,16.9,87.9,28.3,30.3,93.3,4.59,7.62,60.2,0.17,2.29,0.09,0.04,0.04,2.29,0.65,0.61,0.0,0.0,0.04,0.0,0.0,0.09,0.09,0.0,0.0,0.0,0.0,0.0,68.3,8.66,38.7,26.5,3.33,0.87,68.3,0.17,0.22,80.0,0.43,0.39,43.6,0.26,2.12,1.3,1.21,0.82,0.09,2.03,3.98,5.58,0.13,0.0,1.99,2.08,48.9,3.7037037037037033,0.0,54.99999999999999,6.1,1.7000000000000002,10.600000000000001,60.06218860327138,86670000.0,105900000.0,MC_DEF,MC_DEF,DC,MC_ORG,60.06218860327138,56.64116449028936,47.46181084982348
2020,Jannik Vestergaard,DEN,DF,DF,Southampton,Premier League,27,1992,2574,28.6,0.1,0.0,0.0,0.0,0.0,0.1,0.1,0.1,0.05,0.05,0.05,0.07,0.02,0.03,-0.02,0.07,0.05,0.8,0.28,34.8,0.13,0.38,11.9,51.6,62.1,83.2,930.9,402.2,22.3,24.7,90.5,23.7,26.8,88.5,5.0,8.99,55.6,0.24,3.15,0.42,0.17,0.03,2.1,0.98,0.84,0.0,0.0,0.1,0.03,0.0,0.14,0.07,0.0,0.0,0.03,0.03,0.0,72.3,9.27,34.9,34.6,3.43,1.57,72.3,0.24,0.35,70.0,0.45,0.21,48.8,0.1,1.75,1.08,1.08,0.52,0.14,1.47,4.27,5.1,0.1,0.03,3.43,1.89,64.5,9.25925925925926,0.0,58.63636363636364,8.0,2.4,8.75,64.63003809976028,107980000.0,105080000.0,DC,DC,,,64.63003809976028,,
2020,Nathan Redmond,ENG,MFFW,AM,Southampton,Premier League,26,1994,1738,19.3,0.1,0.16,0.0,0.0,0.0,0.26,0.1,0.26,0.16,-0.06,0.16,0.07,0.16,0.11,-0.01,0.32,-0.06,2.33,0.67,28.9,0.04,0.15,18.5,29.5,39.6,74.5,435.4,105.2,16.1,19.5,82.5,10.3,13.0,79.2,1.71,2.95,57.9,1.5,1.66,1.55,1.5,0.21,3.32,3.26,2.28,0.0,0.47,0.31,0.16,0.05,0.26,0.26,0.0,0.0,0.0,0.0,0.0,51.7,0.41,6.32,23.3,22.8,3.52,51.7,2.02,3.52,57.4,2.12,1.92,36.0,5.23,1.55,0.88,0.73,0.62,0.21,0.57,0.47,4.82,0.05,0.0,0.52,1.35,27.8,9.25925925925926,18.39080459770115,33.52272727272727,23.3,20.200000000000003,7.75,56.39051965487785,71730000.0,104430000.0,AM,AM,FW_SS,MC_EST,56.39051965487785,47.720292480854745,46.19361691713138
2020,Oliver Norwood,NIR,MF,MF,Sheffield Utd,Premier League,29,1991,2220,24.7,0.0,0.0,0.08,0.0,0.0,0.0,0.0,0.0,0.02,-0.02,0.02,0.04,0.08,0.09,-0.08,0.1,-0.02,0.45,0.04,9.1,0.0,0.0,31.6,48.8,62.0,78.7,952.1,293.0,19.1,21.3,89.7,21.2,24.6,86.3,7.41,13.5,54.8,1.26,5.43,1.09,4.62,0.32,4.29,2.19,1.58,0.57,0.0,0.0,0.0,0.04,0.04,0.04,0.0,0.0,0.0,0.0,0.0,70.3,3.6,17.7,40.0,13.0,0.2,70.3,0.08,0.16,50.0,0.61,0.28,44.9,0.69,1.98,0.89,0.65,1.13,0.2,1.46,2.06,7.37,0.24,0.0,0.61,0.69,46.9,0.0,0.0,55.45454545454545,4.5,0.8,9.9,63.18893984295604,100920000.0,104110000.0,MC_ORG,MC_ORG,MC_DEF,MC_EST,63.18893984295604,59.12133011587748,47.95438951003713
2020,James Tarkowski,ENG,DF,DF,Burnley,Premier League,27,1992,3240,36.0,0.03,0.0,0.0,0.0,0.0,0.03,0.03,0.03,0.09,-0.07,0.09,0.15,0.03,0.04,-0.03,0.13,-0.07,0.61,0.14,22.7,0.05,0.2,9.2,24.7,35.5,69.5,532.0,234.7,7.92,10.5,75.2,11.3,14.4,78.5,4.78,8.86,53.9,0.33,1.92,0.47,0.17,0.06,1.92,0.78,0.53,0.11,0.0,0.06,0.06,0.03,0.0,0.0,0.0,0.0,0.0,0.0,0.0,46.5,6.81,22.6,20.4,3.64,1.81,46.5,0.33,0.39,85.7,0.47,0.11,21.9,0.33,1.83,1.08,1.44,0.31,0.08,1.22,4.53,4.44,0.17,0.0,4.58,1.97,69.9,2.7777777777777777,0.0,28.06818181818182,6.1,3.3000000000000003,9.15,61.859850609365786,94690000.0,100110000.0,DC,DC,,,61.859850609365786,,
2020,John McGinn,SCO,MF,MF,Aston Villa,Premier League,25,1994,3330,37.0,0.08,0.14,0.0,0.0,0.0,0.22,0.08,0.22,0.07,0.01,0.07,0.06,0.1,0.06,0.04,0.17,0.01,1.22,0.3,24.4,0.07,0.27,23.7,29.8,38.9,76.6,576.4,210.4,12.0,14.1,85.6,11.9,14.4,82.9,4.68,7.51,62.2,1.14,5.38,0.97,1.41,0.16,4.35,3.32,2.73,0.11,0.22,0.05,0.19,0.03,0.41,0.27,0.03,0.05,0.03,0.03,0.0,48.1,1.78,8.49,27.9,12.6,1.32,48.1,1.41,2.08,67.5,1.81,0.95,31.7,1.84,1.65,1.0,0.62,0.84,0.19,1.16,0.62,6.32,0.32,0.0,0.57,1.3,30.4,7.4074074074074066,16.09195402298851,33.86363636363636,12.2,14.099999999999998,8.249999999999998,51.76309719466566,55480000.0,99500000.0,AM,MC_ORG,AM,MC_EST,54.92029169920336,51.76309719466566,49.22797502083906
2020,Jan Bednarek,POL,DF,DF,Southampton,Premier League,24,1996,3100,34.4,0.03,0.03,0.0,0.0,0.0,0.06,0.03,0.06,0.02,0.01,0.02,0.07,0.02,0.03,0.01,0.04,0.01,0.29,0.15,50.0,0.1,0.2,10.6,50.4,61.5,82.0,844.5,322.5,23.0,25.7,89.5,23.1,26.0,89.0,3.14,7.82,40.1,0.15,2.24,0.09,0.0,0.0,1.6,0.61,0.47,0.03,0.0,0.12,0.0,0.0,0.06,0.06,0.0,0.0,0.0,0.0,0.0,71.9,7.97,37.0,33.6,1.66,0.47,71.9,0.15,0.17,83.3,0.32,0.15,44.0,0.09,1.08,0.55,0.73,0.32,0.03,2.44,3.84,5.96,0.15,0.03,2.76,1.54,64.2,2.7777777777777777,3.4482758620689653,57.27272727272727,2.9,1.5,5.4,61.14821586452128,91460000.0,99040000.0,DC,DC,,,61.14821586452128,,
2020,Ethan Ampadu,WAL,DFMF,DM,Sheffield Utd,Premier League,19,2000,2089,23.2,0.0,0.0,0.0,0.0,0.0,0.0,0.0,0.0,0.01,-0.01,0.01,0.05,0.05,0.05,-0.05,0.07,-0.01,0.3,0.09,28.6,0.0,0.0,19.3,37.5,46.9,80.0,675.9,238.7,15.9,18.3,87.3,16.3,19.2,84.8,4.4,6.81,64.6,0.47,3.28,0.6,0.82,0.09,3.23,0.86,0.73,0.09,0.0,0.0,0.04,0.0,0.0,0.0,0.0,0.0,0.0,0.0,0.0,59.0,5.99,22.4,28.7,8.58,0.26,59.0,0.56,0.65,86.7,0.69,0.22,32.8,0.43,2.46,1.55,1.34,1.03,0.09,2.11,3.75,4.91,0.13,0.0,2.24,1.25,64.2,0.0,0.0,42.61363636363637,3.0,5.6000000000000005,12.3,60.744309573301045,89660000.0,98790000.0,LB_DEF,LB_DEF,MC_DEF,MC_ORG,60.744309573301045,57.94456885064589,46.08625974007675
2020,Jamie Vardy,ENG,FW,FW,Leicester City,Premier League,33,1987,2840,31.6,0.48,0.29,0.0,0.25,0.28,0.76,0.22,0.51,0.63,-0.16,0.41,0.18,0.15,0.1,0.14,0.55,-0.18,2.31,0.89,38.4,0.1,0.25,14.4,9.34,14.5,64.4,121.1,21.3,5.7,8.07,70.6,2.66,3.89,68.3,0.28,0.57,50.0,0.89,0.38,0.32,0.63,0.0,0.73,2.03,1.23,0.0,0.38,0.22,0.19,0.0,0.63,0.28,0.0,0.09,0.09,0.16,0.0,22.3,1.08,1.77,7.66,13.2,5.13,22.1,0.82,1.3,63.4,1.84,0.38,15.7,5.85,0.57,0.38,0.03,0.25,0.28,0.13,1.01,1.42,0.03,0.0,1.58,2.15,42.4,44.44444444444444,33.33333333333333,10.613636363636363,23.1,8.2,2.8499999999999996,63.486803823596624,102360000.0,96840000.0,FW_ST,FW_ST,FW_WG,FW_SS,63.486803823596624,52.22824885802283,51.95211666768239
2020,Tosin Adarabioyo,ENG,DF,DF,Fulham,Premier League,22,1997,2953,32.8,0.0,0.0,0.0,0.0,0.0,0.0,0.0,0.0,0.03,-0.03,0.03,0.06,0.01,0.01,-0.01,0.04,-0.03,0.55,0.15,27.8,0.0,0.0,10.5,50.2,58.5,85.9,1013.9,385.7,14.8,16.8,87.8,28.9,30.7,94.1,5.98,9.7,61.6,0.15,2.16,0.15,0.06,0.0,1.86,0.55,0.55,0.0,0.0,0.0,0.0,0.0,0.03,0.03,0.0,0.0,0.0,0.0,0.0,69.2,12.1,39.9,27.5,2.01,1.04,69.2,0.34,0.43,78.6,0.37,0.15,46.2,0.06,1.13,0.58,0.91,0.18,0.03,1.28,6.01,4.36,0.03,0.0,2.5,1.16,68.3,0.0,0.0,57.04545454545455,5.500000000000001,3.4000000000000004,5.6499999999999995,60.989728562232045,90750000.0,96510000.0,DC,DC,,,60.989728562232045,,
2020,Mario Lemina,GAB,MF,MF,Fulham,Premier League,26,1993,1703,18.9,0.05,0.0,0.0,0.0,0.0,0.05,0.05,0.05,0.04,0.02,0.04,0.04,0.04,0.06,-0.04,0.08,0.02,1.0,0.11,10.5,0.05,0.5,24.2,39.4,47.5,82.9,703.8,199.9,17.5,20.2,86.4,16.8,19.3,87.4,3.97,6.03,65.8,0.63,3.02,0.63,0.21,0.0,3.12,1.43,0.95,0.0,0.26,0.11,0.05,0.05,0.11,0.0,0.0,0.0,0.0,0.05,0.05,59.6,2.38,17.0,34.1,9.42,0.58,59.6,1.38,1.96,70.3,1.38,1.16,38.1,0.74,3.28,1.85,1.32,1.59,0.37,1.59,1.11,6.24,0.26,0.0,1.22,1.32,47.9,4.62962962962963,0.0,44.772727272727266,10.0,13.799999999999999,16.4,62.24687066484428,96470000.0,96380000.0,MC_DEF,MC_DEF,MC_ORG,MC_EST,62.24687066484428,47.75310700459375,44.042976778517
2020,Kurt Zouma,FRA,DF,DF,Chelsea,Premier League,25,1994,2029,22.5,0.22,0.0,0.0,0.0,0.0,0.22,0.22,0.22,0.09,0.13,0.09,0.07,0.0,0.03,0.0,0.09,0.13,1.2,0.53,44.4,0.19,0.42,13.4,71.8,79.2,90.7,1334.9,413.6,26.3,28.0,93.7,38.7,40.7,95.1,5.69,8.4,67.7,0.18,3.42,0.09,0.0,0.0,2.8,0.62,0.49,0.0,0.0,0.13,0.0,0.0,0.0,0.0,0.0,0.0,0.0,0.0,0.0,88.8,11.1,41.0,44.4,3.47,1.56,88.8,0.09,0.18,50.0,0.31,0.18,67.8,0.31,0.71,0.44,0.36,0.27,0.09,1.24,4.13,4.31,0.13,0.0,3.73,1.69,68.9,20.37037037037037,0.0,81.5909090909091,12.0,0.8999999999999999,3.55,58.77212535479972,81200000.0,95610000.0,DC,DC,,,58.77212535479972,,
2020,Andros Townsend,ENG,MFFW,AM,Crystal Palace,Premier League,29,1991,2258,25.1,0.04,0.2,0.16,0.0,0.0,0.24,0.04,0.24,0.09,-0.05,0.09,0.06,0.16,0.16,0.04,0.25,-0.05,1.43,0.44,30.6,0.03,0.09,22.6,23.0,34.7,66.4,361.6,140.4,13.0,14.9,87.4,5.62,8.84,63.5,2.83,6.77,41.8,1.59,1.67,1.63,6.18,0.88,2.35,2.99,1.67,0.76,0.2,0.04,0.2,0.12,0.36,0.28,0.08,0.0,0.0,0.0,0.0,48.0,1.16,10.4,20.0,19.3,1.27,48.0,1.75,2.91,60.3,1.87,2.23,27.6,2.51,3.11,1.63,1.79,0.8,0.52,1.63,0.76,7.05,0.0,0.0,0.08,0.76,9.5,3.7037037037037033,22.98850574712644,26.136363636363637,14.299999999999999,17.5,15.55,53.8273427106928,62380000.0,93790000.0,AM,AM,MC_DEF,MC_EST,53.8273427106928,48.314720409167286,47.47842821222959
2020,Davinson Sánchez,COL,DF,DF,Tottenham,Premier League,24,1996,1486,16.5,0.0,0.0,0.0,0.0,0.0,0.0,0.0,0.0,0.05,-0.05,0.05,0.17,0.0,0.01,0.0,0.05,-0.05,0.3,0.0,0.0,0.0,,10.1,52.6,62.2,84.5,1000.3,304.6,17.7,19.8,89.3,30.1,32.9,91.5,3.94,7.45,52.8,0.06,1.09,0.06,0.0,0.0,1.88,0.48,0.36,0.06,0.0,0.06,0.0,0.0,0.06,0.06,0.0,0.0,0.0,0.0,0.0,72.8,10.2,41.0,31.3,0.73,0.48,72.8,0.06,0.06,100.0,0.42,0.18,49.0,0.0,2.42,1.21,1.88,0.55,0.0,0.85,5.15,4.48,0.06,0.0,2.97,1.94,60.5,0.0,0.0,59.77272727272728,3.0,0.6,12.1,59.92624966989635,86080000.0,93670000.0,DC,DC,,,59.92624966989635,,
2020,Stuart Dallas,NIR,MFDF,DM,Leeds United,Premier League,29,1991,3409,37.9,0.21,0.05,0.0,0.0,0.0,0.26,0.21,0.26,0.11,0.1,0.11,0.09,0.05,0.06,0.01,0.16,0.1,1.27,0.48,37.5,0.17,0.44,20.5,48.3,59.0,81.9,738.2,230.5,26.7,29.4,90.8,17.3,20.7,83.5,2.88,5.44,52.9,0.69,4.06,1.0,2.16,0.21,3.77,2.35,1.98,0.08,0.11,0.11,0.03,0.05,0.18,0.18,0.0,0.0,0.0,0.0,0.0,68.0,2.27,18.1,34.0,16.8,1.58,68.0,0.58,0.87,66.7,1.4,0.9,45.8,2.56,1.95,1.19,1.21,0.58,0.16,1.16,1.37,6.75,0.18,0.0,0.84,1.06,44.4,19.444444444444443,5.74712643678161,54.88636363636363,12.7,5.8,9.75,57.916980406036565,77710000.0,93130000.0,MC_DEF,LB_DEF,MC_DEF,MC_ORG,58.68007631751199,57.916980406036565,52.77061751948644
2020,Allan,BRA,MF,MF,Everton,Premier League,29,1991,2051,22.8,0.0,0.0,0.0,0.0,0.0,0.0,0.0,0.0,0.01,-0.01,0.01,0.04,0.03,0.04,-0.04,0.05,-0.01,0.31,0.09,28.6,0.0,0.0,22.4,39.8,46.8,85.0,655.7,191.7,18.9,20.5,91.9,15.5,17.8,87.4,3.6,5.09,70.7,0.75,3.86,0.7,0.18,0.04,2.98,1.71,1.45,0.04,0.18,0.04,0.0,0.0,0.09,0.09,0.0,0.0,0.0,0.0,0.0,57.2,2.98,16.8,35.7,5.88,0.13,57.2,1.36,2.15,63.3,0.92,0.79,36.3,0.66,3.51,1.97,1.71,1.62,0.18,0.83,1.1,8.2,0.26,0.0,0.18,0.48,26.7,0.0,0.0,45.22727272727272,3.1,13.600000000000001,17.549999999999997,61.19756171645879,91680000.0,92400000.0,MC_DEF,MC_DEF,MC_ORG,MC_EST,61.19756171645879,48.92875377284842,42.19943413357953
2020,Nélson Semedo,POR,DFMF,DM,Wolves,Premier League,26,1993,2983,33.1,0.03,0.03,0.0,0.0,0.0,0.06,0.03,0.06,0.04,-0.01,0.04,0.06,0.04,0.08,-0.01,0.08,-0.01,0.69,0.33,47.8,0.04,0.09,21.2,47.9,59.7,80.3,690.0,204.9,29.8,32.7,91.0,13.9,17.6,79.0,2.78,5.05,55.1,0.63,3.53,0.6,2.27,0.3,2.3,2.14,1.72,0.21,0.06,0.09,0.03,0.03,0.21,0.18,0.0,0.0,0.03,0.0,0.0,70.4,3.9,18.1,33.4,19.8,1.42,70.4,1.87,3.11,60.2,1.6,0.82,42.6,2.69,2.57,1.45,1.6,0.69,0.27,1.24,2.36,5.41,0.15,0.0,1.24,1.33,48.2,2.7777777777777777,3.4482758620689653,54.43181818181818,6.8999999999999995,18.7,12.85,60.00686278730465,86430000.0,92260000.0,LB_DEF,LB_DEF,MC_DEF,LB_OFF,60.00686278730465,57.38173333021809,49.13668033133526
2020,Dwight McNeil,ENG,MF,MF,Burnley,Premier League,20,1999,3069,34.1,0.06,0.15,0.03,0.0,0.0,0.21,0.06,0.21,0.03,0.03,0.03,0.04,0.18,0.17,-0.04,0.21,0.03,0.76,0.26,34.6,0.08,0.22,22.3,27.4,40.2,68.2,483.0,136.7,13.2,15.3,86.0,8.86,11.8,75.3,3.99,9.18,43.5,1.41,2.23,1.14,7.1,0.62,1.85,2.73,1.44,0.76,0.15,0.06,0.29,0.03,0.29,0.15,0.09,0.03,0.0,0.0,0.03,49.9,1.52,7.8,25.1,18.0,1.17,49.9,1.85,3.02,61.2,1.67,1.82,30.8,1.88,1.38,0.7,0.7,0.53,0.15,0.94,0.94,6.33,0.03,0.0,0.53,0.76,40.9,5.555555555555555,17.241379310344826,31.136363636363633,7.6,18.5,6.8999999999999995,48.51497377885495,45680000.0,92090000.0,AM,AM,MC_EST,MC_ORG,48.51497377885495,40.44469690128905,38.98542722946041
2020,Robin Koch,GER,DFMF,DM,Leeds United,Premier League,24,1996,1132,12.6,0.0,0.0,0.0,0.0,0.0,0.0,0.0,0.0,0.06,-0.06,0.06,0.08,0.01,0.01,-0.01,0.07,-0.06,0.72,0.08,11.1,0.0,0.0,12.3,52.7,61.3,85.9,1035.1,348.0,15.2,17.3,87.6,31.6,34.0,93.0,5.08,8.25,61.5,0.32,2.78,0.24,0.08,0.0,2.78,0.87,0.87,0.0,0.0,0.0,0.0,0.0,0.16,0.16,0.0,0.0,0.0,0.0,0.0,72.1,9.44,37.2,31.6,3.65,0.87,72.1,0.32,0.48,66.7,0.4,0.0,48.2,0.24,2.14,1.27,1.35,0.79,0.0,2.14,2.7,6.03,0.08,0.0,2.94,2.3,56.1,0.0,0.0,59.88636363636364,7.199999999999999,3.2,10.700000000000001,62.81643487962194,99150000.0,90770000.0,MC_DEF,MC_DEF,DC,MC_ORG,62.81643487962194,61.50257809005857,53.37619637508661
2020,Ayoze Pérez,ESP,MFFW,AM,Leicester City,Premier League,27,1993,1331,14.8,0.14,0.07,0.07,0.0,0.0,0.2,0.14,0.2,0.23,-0.09,0.23,0.11,0.09,0.14,-0.02,0.31,-0.09,2.1,0.88,41.9,0.06,0.15,17.1,24.9,33.6,74.2,306.6,80.3,16.1,19.1,84.4,5.95,8.24,72.1,0.88,1.96,44.8,1.55,2.16,1.49,1.42,0.27,2.97,3.38,2.3,0.07,0.27,0.47,0.27,0.0,0.27,0.27,0.0,0.0,0.0,0.0,0.0,47.8,0.54,5.0,23.2,20.3,3.85,47.8,1.96,3.99,49.2,2.5,1.62,34.2,6.22,2.16,1.01,0.41,1.35,0.41,0.68,0.47,3.78,0.14,0.0,0.81,2.3,26.1,12.962962962962962,8.045977011494255,28.295454545454547,21.000000000000004,19.6,10.8,55.56824943515408,68630000.0,90240000.0,AM,AM,FW_SS,MC_EST,55.56824943515408,48.891641822871485,47.630161825722354
2020,Michael Keane,ENG,DF,DF,Everton,Premier League,27,1993,2991,33.2,0.09,0.03,0.0,0.0,0.0,0.12,0.09,0.12,0.05,0.05,0.05,0.09,0.03,0.02,0.0,0.08,0.05,0.48,0.18,37.5,0.19,0.5,12.7,50.9,58.5,87.0,995.2,362.4,15.7,17.3,90.3,28.7,30.7,93.3,5.51,8.7,63.3,0.21,2.83,0.15,0.03,0.0,2.23,0.78,0.75,0.0,0.0,0.03,0.0,0.0,0.06,0.06,0.0,0.0,0.0,0.0,0.0,68.7,10.7,37.1,30.1,1.69,0.99,68.7,0.12,0.21,57.1,0.21,0.15,47.3,0.09,0.84,0.45,0.6,0.24,0.0,1.54,4.85,3.77,0.12,0.0,3.28,1.45,69.4,8.333333333333332,3.4482758620689653,57.840909090909086,4.8,1.2,4.199999999999999,60.33975972139287,87880000.0,90140000.0,DC,DC,,,60.33975972139287,,
2020,Bertrand Traoré,BFA,FW,FW,Aston Villa,Premier League,24,1995,2317,25.7,0.27,0.23,0.08,0.0,0.0,0.5,0.27,0.5,0.26,0.02,0.26,0.1,0.17,0.13,0.07,0.42,0.02,2.49,0.89,35.9,0.11,0.3,16.7,22.1,31.4,70.4,381.9,94.7,11.2,13.7,81.8,7.16,9.53,75.1,3.0,5.84,51.3,1.36,1.25,1.01,3.97,0.19,2.22,3.22,1.67,0.47,0.47,0.27,0.31,0.04,0.35,0.23,0.04,0.0,0.0,0.04,0.04,43.8,0.89,6.23,17.4,20.7,3.81,43.8,2.02,3.77,53.6,2.68,1.01,29.7,3.04,1.01,0.39,0.31,0.39,0.31,0.58,0.54,4.63,0.04,0.0,1.25,1.21,50.8,25.0,26.436781609195403,25.113636363636367,24.900000000000002,20.200000000000003,5.050000000000001,52.1735729161949,56810000.0,89680000.0,FW_WG,FW_WG,FW_SS,FW_ST,52.1735729161949,52.10324096115375,51.28035110173678
2020,Danny Welbeck,ENG,FW,FW,Brighton,Premier League,29,1990,1545,17.2,0.35,0.06,0.0,0.0,0.06,0.41,0.35,0.41,0.39,-0.03,0.34,0.18,0.16,0.08,-0.1,0.5,0.01,1.98,0.87,44.1,0.18,0.4,13.1,12.2,15.2,79.8,149.1,31.9,8.26,9.48,87.1,2.56,3.02,84.6,0.29,0.52,55.6,1.28,0.76,0.29,0.17,0.0,1.1,3.03,2.03,0.0,0.12,0.41,0.47,0.0,0.29,0.12,0.0,0.0,0.06,0.12,0.0,25.9,0.93,2.56,8.9,14.8,4.83,25.8,1.05,1.92,54.5,2.97,0.76,18.0,4.77,0.7,0.35,0.12,0.35,0.23,0.41,0.76,1.8,0.0,0.0,1.22,2.5,32.8,32.407407407407405,6.896551724137931,13.863636363636363,19.8,10.500000000000002,3.4999999999999996,54.80204148690612,65830000.0,89430000.0,FW_ST,FW_ST,FW_SS,FW_WG,54.80204148690612,51.39777290103199,46.62439979517916
2020,Dara O'Shea,IRL,DF,DF,West Brom,Premier League,21,1999,2102,23.4,0.0,0.0,0.0,0.0,0.0,0.0,0.0,0.0,0.0,0.0,0.0,0.04,0.01,0.01,-0.01,0.01,0.0,0.13,0.0,0.0,0.0,,13.5,24.9,39.5,63.1,515.4,273.2,9.27,12.1,77.0,10.4,14.4,72.6,4.49,10.7,42.0,0.21,3.25,0.17,0.47,0.0,2.18,0.69,0.47,0.09,0.0,0.0,0.04,0.09,0.09,0.04,0.04,0.0,0.0,0.0,0.0,50.0,6.07,24.4,21.5,4.4,0.51,50.0,0.21,0.38,55.6,0.43,0.17,23.0,0.17,1.92,1.07,1.28,0.56,0.09,1.92,4.62,4.32,0.13,0.0,2.99,1.79,62.5,0.0,0.0,28.295454545454547,1.3,2.0999999999999996,9.6,58.615263281501726,80550000.0,88920000.0,DC,DC,,,58.615263281501726,,
2020,Mason Greenwood,ENG,FW,FW,Manchester Utd,Premier League,18,2001,1822,20.2,0.35,0.1,0.0,0.0,0.0,0.44,0.35,0.44,0.29,0.05,0.29,0.09,0.11,0.11,-0.01,0.4,0.05,3.31,1.14,34.3,0.1,0.3,16.8,30.4,37.0,82.2,437.7,70.4,18.3,20.6,88.7,8.66,10.0,86.2,1.93,3.07,62.9,0.69,1.09,1.04,1.49,0.15,1.88,2.47,1.49,0.05,0.3,0.4,0.25,0.0,0.25,0.15,0.0,0.05,0.05,0.0,0.0,47.4,0.2,4.65,19.1,24.2,4.9,47.4,1.78,3.27,54.5,1.73,1.44,40.0,6.19,0.64,0.5,0.3,0.2,0.15,0.25,0.05,3.91,0.1,0.0,0.3,0.69,30.0,32.407407407407405,11.49425287356322,34.54545454545455,33.1,17.8,3.2,46.881398963178974,41220000.0,88070000.0,FW_ST,FW_ST,FW_WG,FW_SS,46.881398963178974,45.57159801138998,45.484256880798476
2020,Kenny Tete,NED,DFMF,DM,Fulham,Premier League,24,1995,1481,16.5,0.0,0.06,0.0,0.0,0.0,0.06,0.0,0.06,0.02,-0.02,0.02,0.04,0.09,0.09,-0.02,0.1,-0.02,0.43,0.06,14.3,0.0,0.0,18.7,38.5,53.3,72.4,641.8,259.2,18.8,22.9,82.3,14.6,19.3,75.5,3.76,5.94,63.3,1.09,2.24,1.52,4.36,1.09,2.79,2.13,2.0,0.0,0.0,0.0,0.12,0.0,0.12,0.12,0.0,0.0,0.0,0.0,0.0,63.8,3.94,21.5,26.5,16.7,1.15,63.8,0.61,1.15,52.6,1.15,0.48,36.2,2.48,2.91,1.82,1.64,0.97,0.3,1.64,2.97,5.15,0.18,0.0,1.76,1.15,60.4,0.0,6.896551724137931,43.75,4.3,6.1,14.550000000000002,62.909428106324924,99590000.0,86630000.0,LB_DEF,LB_DEF,MC_DEF,LB_OFF,62.909428106324924,57.56905337682935,55.33937795463702
2020,Ashley Westwood,ENG,MF,MF,Burnley,Premier League,30,1990,3410,37.9,0.08,0.08,0.03,0.0,0.0,0.16,0.08,0.16,0.03,0.05,0.03,0.06,0.18,0.18,-0.1,0.21,0.05,0.53,0.18,35.0,0.15,0.43,23.5,43.9,59.3,74.0,803.2,273.5,18.1,20.5,88.2,17.6,22.2,79.2,6.04,12.8,47.1,1.4,5.38,2.19,4.8,0.34,5.09,2.77,1.98,0.71,0.0,0.0,0.05,0.03,0.13,0.08,0.05,0.0,0.0,0.0,0.0,64.8,1.48,9.1,41.4,14.8,0.5,64.8,0.34,0.5,68.4,0.77,0.29,41.1,0.69,0.61,0.4,0.16,0.32,0.13,1.16,0.87,6.44,0.18,0.0,0.37,0.58,38.9,7.4074074074074066,9.195402298850574,49.88636363636363,5.300000000000001,3.4000000000000004,3.05,57.03159583546198,74200000.0,85970000.0,AM,MC_ORG,AM,MC_EST,61.47976817774082,57.03159583546198,48.35683939818391
2020,Tyrone Mings,ENG,DF,DF,Aston Villa,Premier League,27,1993,3194,35.5,0.06,0.06,0.0,0.0,0.0,0.11,0.06,0.11,0.05,0.0,0.05,0.1,0.01,0.01,0.05,0.07,0.0,0.54,0.2,36.8,0.11,0.29,9.9,37.0,47.8,77.5,769.6,346.7,10.7,12.4,86.6,21.0,23.0,91.3,4.65,10.7,43.5,0.2,2.73,0.11,0.14,0.03,2.48,0.65,0.48,0.06,0.03,0.06,0.0,0.03,0.06,0.06,0.0,0.0,0.0,0.0,0.0,58.4,9.63,33.9,22.6,2.37,1.01,58.4,0.17,0.23,75.0,0.54,0.11,34.1,0.11,0.9,0.45,0.65,0.2,0.06,1.15,4.85,5.89,0.17,0.03,2.54,0.99,72.0,5.555555555555555,6.896551724137931,42.04545454545455,5.4,1.7000000000000002,4.5,58.846188046314865,81510000.0,85700000.0,DC,DC,,,58.846188046314865,,
2020,James Milner,ENG,MFDF,DM,Liverpool,Premier League,34,1986,1070,11.9,0.0,0.08,0.0,0.0,0.0,0.08,0.0,0.08,0.03,-0.03,0.03,0.03,0.07,0.08,0.02,0.1,-0.03,1.01,0.25,25.0,0.0,0.0,24.8,65.5,78.5,83.4,1030.7,304.0,36.6,39.2,93.3,22.7,26.5,85.7,4.71,7.73,60.9,1.09,5.55,1.76,2.86,0.25,5.97,2.27,1.85,0.25,0.08,0.08,0.0,0.0,0.08,0.0,0.08,0.0,0.0,0.0,0.0,89.6,2.52,15.5,52.0,22.9,1.51,89.6,0.5,1.01,50.0,1.01,1.01,62.1,2.52,2.18,1.6,0.76,1.18,0.25,1.18,1.34,6.22,0.25,0.0,2.02,1.43,58.5,0.0,9.195402298850574,74.43181818181817,10.100000000000001,5.0,10.900000000000002,69.57929121867788,134740000.0,85490000.0,MC_DEF,MC_DEF,MC_ORG,LB_DEF,69.57929121867788,68.50692275314792,66.60145593402784
2020,Ben Chilwell,ENG,DF,DF,Chelsea,Premier League,23,1996,2286,25.4,0.12,0.2,0.0,0.0,0.0,0.31,0.12,0.31,0.1,0.02,0.1,0.09,0.1,0.1,0.1,0.19,0.02,1.06,0.39,37.0,0.11,0.3,14.4,56.3,72.4,77.8,827.1,265.5,32.4,35.4,91.4,17.6,23.3,75.7,3.62,7.83,46.2,1.18,3.54,1.02,5.35,0.39,3.43,2.6,1.73,0.47,0.08,0.12,0.16,0.04,0.39,0.35,0.0,0.0,0.0,0.04,0.0,81.6,1.93,20.0,34.2,28.0,2.56,81.6,0.63,1.06,59.3,1.34,0.75,55.4,3.31,1.65,0.87,0.63,0.87,0.16,0.94,2.28,4.8,0.12,0.0,1.5,1.3,53.5,11.11111111111111,22.98850574712644,63.97727272727273,10.600000000000001,6.3,8.249999999999998,55.939903121977785,70020000.0,85410000.0,LB_OFF,LB_OFF,LB_DEF,,55.939903121977785,55.785918771287626,
2020,César Azpilicueta,ESP,DF,DF,Chelsea,Premier League,30,1989,2188,24.3,0.04,0.08,0.0,0.0,0.0,0.12,0.04,0.12,0.03,0.01,0.03,0.06,0.1,0.1,-0.02,0.13,0.01,0.45,0.16,36.4,0.09,0.25,16.9,73.5,85.6,85.9,1117.4,399.2,38.5,41.6,92.4,30.4,33.8,89.9,2.55,5.51,46.3,1.11,5.06,0.91,1.52,0.12,3.54,2.06,1.85,0.08,0.0,0.04,0.04,0.04,0.25,0.21,0.0,0.0,0.04,0.0,0.0,93.8,4.65,33.2,43.3,18.0,1.56,93.8,0.25,0.58,42.9,0.7,0.25,65.9,1.89,2.18,1.15,0.91,0.99,0.29,1.15,2.55,5.39,0.21,0.04,2.26,1.81,55.6,3.7037037037037033,9.195402298850574,83.52272727272727,4.5,2.5,10.900000000000002,65.18847716026647,110810000.0,85360000.0,LB_DEF,LB_DEF,LB_OFF,,65.18847716026647,55.849695777906724,
2020,Solly March,ENG,DFMF,DM,Brighton,Premier League,26,1994,1672,18.6,0.11,0.05,0.05,0.0,0.0,0.16,0.11,0.16,0.09,0.02,0.09,0.08,0.08,0.13,-0.03,0.17,0.02,1.18,0.22,18.2,0.09,0.5,17.0,36.3,52.6,69.1,624.9,196.3,17.5,20.2,86.7,13.9,19.2,72.1,3.87,8.87,43.6,1.45,2.2,1.83,6.45,0.48,3.82,3.12,2.37,0.43,0.05,0.11,0.11,0.05,0.16,0.16,0.0,0.0,0.0,0.0,0.0,62.5,2.31,13.0,23.5,26.9,2.69,62.5,2.37,3.39,69.8,1.18,1.29,35.4,2.96,2.63,1.24,1.29,0.81,0.54,1.18,1.61,6.29,0.0,0.0,0.75,1.18,38.9,10.185185185185185,5.74712643678161,41.25,11.799999999999999,23.700000000000003,13.15,52.823753194184754,58960000.0,85020000.0,AM,LB_OFF,LB_DEF,AM,60.391514433333036,53.7320683048774,52.823753194184754
2020,Okay Yokuşlu,TUR,MF,MF,West Brom,Premier League,26,1994,1317,14.6,0.0,0.07,0.07,0.0,0.0,0.07,0.0,0.07,0.06,-0.06,0.06,0.07,0.05,0.05,0.02,0.1,-0.06,0.82,0.0,0.0,0.0,,21.1,30.1,36.7,81.9,471.4,170.7,15.3,17.7,86.4,10.3,12.1,85.3,2.74,3.49,78.4,0.41,2.67,0.14,0.14,0.0,2.67,0.96,0.62,0.0,0.0,0.07,0.27,0.0,0.21,0.14,0.0,0.0,0.07,0.0,0.0,49.5,3.9,16.0,28.1,6.37,0.68,49.5,1.3,1.71,76.0,1.58,0.62,22.0,0.41,2.6,1.71,1.44,0.89,0.27,2.4,2.26,8.49,0.27,0.0,2.81,1.85,60.3,0.0,8.045977011494255,34.20454545454545,8.2,13.0,13.0,60.83912064511691,90080000.0,84900000.0,MC_DEF,MC_DEF,MC_ORG,MC_EST,60.83912064511691,41.68772978896874,39.88430048254463
2020,Kyle Walker-Peters,ENG,DF,DF,Southampton,Premier League,23,1997,2645,29.4,0.0,0.07,0.0,0.0,0.0,0.07,0.0,0.07,0.04,-0.03,0.04,0.06,0.04,0.04,0.03,0.08,-0.03,0.61,0.24,38.9,0.0,0.0,18.8,44.9,56.8,79.1,651.2,206.4,25.3,28.4,89.1,15.7,20.1,78.2,1.8,3.91,46.1,0.54,2.28,0.61,1.19,0.03,2.28,1.8,1.29,0.07,0.1,0.1,0.24,0.0,0.27,0.14,0.03,0.0,0.0,0.1,0.0,68.0,3.44,19.8,35.9,13.7,1.73,68.0,1.56,2.21,70.8,1.26,1.67,38.3,2.45,2.82,1.8,1.9,0.85,0.07,1.29,2.24,6.43,0.14,0.0,0.54,1.39,28.1,0.0,8.045977011494255,51.02272727272727,6.1,15.6,14.099999999999998,58.79498105748817,81300000.0,83170000.0,LB_DEF,LB_DEF,LB_OFF,,58.79498105748817,44.96724644302723,
2020,Willian,BRA,FW,FW,Arsenal,Premier League,31,1988,1406,15.6,0.06,0.32,0.32,0.0,0.0,0.38,0.06,0.38,0.12,-0.06,0.12,0.1,0.19,0.15,0.13,0.32,-0.06,1.28,0.19,15.0,0.05,0.33,19.4,40.1,50.6,79.1,684.9,134.5,20.3,22.1,91.6,14.1,17.5,80.6,4.55,8.21,55.5,2.05,2.18,2.12,6.67,0.51,3.14,4.23,2.69,0.83,0.13,0.26,0.32,0.0,0.7,0.32,0.13,0.0,0.19,0.06,0.0,57.8,0.58,6.6,20.6,30.8,2.24,57.8,0.83,1.15,72.2,1.47,0.96,42.6,4.36,0.83,0.45,0.38,0.38,0.06,0.51,0.51,3.01,0.0,0.0,0.58,1.03,36.0,5.555555555555555,36.7816091954023,45.56818181818182,12.8,8.299999999999999,4.1499999999999995,56.893934295459815,73660000.0,81650000.0,FW_SS,FW_SS,FW_WG,FW_ST,56.893934295459815,54.32326667477504,44.667444289091804
2020,Matt Targett,ENG,DF,DF,Aston Villa,Premier League,24,1995,3404,37.8,0.0,0.05,0.03,0.0,0.0,0.05,0.0,0.05,0.01,-0.01,0.01,0.04,0.07,0.08,-0.01,0.07,-0.01,0.16,0.05,33.3,0.0,0.0,21.8,43.6,57.9,75.2,725.0,347.9,23.3,26.6,87.4,14.9,19.6,76.1,4.21,8.31,50.6,1.01,4.26,1.24,3.86,0.37,4.74,2.17,1.53,0.5,0.0,0.0,0.08,0.05,0.24,0.16,0.05,0.0,0.0,0.03,0.0,66.1,4.21,20.3,28.7,17.7,0.93,66.1,0.4,0.66,60.0,0.63,0.16,35.6,2.12,2.2,1.03,1.38,0.53,0.29,1.46,2.7,4.68,0.19,0.0,1.88,1.32,58.7,0.0,5.74712643678161,49.54545454545455,1.6,4.0,11.000000000000002,56.498514022655186,72140000.0,81000000.0,LB_DEF,LB_DEF,LB_OFF,,56.498514022655186,51.24623575142757,
2020,Abdoulaye Doucouré,MLI,MF,MF,Everton,Premier League,27,1993,2443,27.1,0.07,0.11,0.0,0.0,0.0,0.18,0.07,0.18,0.09,-0.01,0.09,0.13,0.07,0.08,0.04,0.16,-0.01,0.66,0.18,27.8,0.11,0.4,17.4,42.1,50.0,84.3,646.4,145.9,21.5,24.6,87.5,16.3,18.1,90.0,2.4,3.06,78.3,0.77,2.4,0.85,0.33,0.04,2.69,1.84,1.55,0.04,0.07,0.07,0.0,0.11,0.26,0.26,0.0,0.0,0.0,0.0,0.0,58.9,2.21,15.6,32.4,11.6,1.22,58.9,0.77,1.22,63.6,1.29,0.96,38.2,1.92,1.92,1.18,0.92,0.7,0.3,1.44,1.14,6.86,0.22,0.0,1.4,0.7,66.7,6.481481481481481,12.643678160919542,47.84090909090909,6.6000000000000005,7.7,9.6,57.32065035589018,75330000.0,80070000.0,MC_DEF,MC_DEF,MC_EST,MC_ORG,57.32065035589018,45.200069439702126,43.72854221864743
2020,Jarrod Bowen,ENG,FWMF,AM,West Ham,Premier League,23,1996,2562,28.5,0.28,0.18,0.0,0.0,0.0,0.46,0.28,0.46,0.25,0.03,0.25,0.13,0.17,0.14,0.0,0.42,0.03,1.93,0.56,29.1,0.15,0.5,16.4,17.3,26.4,65.6,297.9,65.8,8.32,10.6,78.7,5.68,7.93,71.7,2.21,4.49,49.2,1.02,0.77,0.74,4.28,0.21,1.12,2.74,1.44,0.42,0.21,0.35,0.28,0.04,0.42,0.25,0.11,0.0,0.07,0.0,0.0,36.0,0.42,5.02,13.6,18.1,3.58,36.0,1.26,2.35,53.7,2.21,1.75,24.1,4.67,0.91,0.53,0.42,0.25,0.25,0.77,0.35,4.7,0.0,0.0,0.81,1.79,31.1,25.925925925925924,20.689655172413794,19.65909090909091,19.3,12.6,4.55,49.59903504412108,48810000.0,79580000.0,FW_ST,FW_ST,AM,FW_WG,49.59903504412108,49.50817560504558,47.74389088385849
2020,Luka Milivojević,SRB,MF,MF,Crystal Palace,Premier League,29,1991,2359,26.2,0.04,0.04,0.27,0.04,0.08,0.08,0.0,0.04,0.09,-0.05,0.03,0.05,0.07,0.06,-0.03,0.1,-0.03,0.65,0.19,29.4,0.0,0.0,28.4,41.6,51.2,81.4,730.7,256.3,18.5,21.1,87.7,17.3,19.9,86.9,4.39,7.14,61.5,0.8,4.47,0.38,1.45,0.04,3.74,1.87,1.18,0.53,0.04,0.08,0.04,0.0,0.11,0.11,0.0,0.0,0.0,0.0,0.0,60.3,3.28,16.9,36.6,7.63,0.34,60.3,0.31,0.53,57.1,0.5,0.73,36.0,0.23,2.48,1.3,0.95,1.18,0.34,1.34,1.79,5.99,0.31,0.04,1.26,0.73,63.5,3.7037037037037033,4.597701149425287,47.27272727272727,6.5,3.1,12.4,57.348085949943425,75440000.0,79300000.0,MC_DEF,MC_DEF,MC_ORG,MC_EST,57.348085949943425,52.9105268299069,43.52764926104673
2020,Che Adams,SCO,FW,FW,Southampton,Premier League,24,1996,2667,29.6,0.3,0.17,0.0,0.0,0.0,0.47,0.3,0.47,0.33,-0.03,0.33,0.18,0.17,0.1,0.0,0.5,-0.03,1.86,1.05,56.4,0.16,0.29,13.8,14.6,21.0,69.3,210.8,47.8,7.7,10.4,74.0,4.22,5.47,77.2,1.15,1.66,69.4,1.25,1.18,0.78,0.2,0.03,1.79,2.29,1.69,0.0,0.07,0.24,0.3,0.0,0.24,0.2,0.0,0.0,0.0,0.03,0.0,30.8,0.81,3.28,13.4,14.6,3.18,30.8,0.95,1.69,56.0,2.97,1.49,23.8,4.7,0.84,0.54,0.14,0.51,0.2,0.14,0.64,2.84,0.03,0.0,1.79,4.49,28.5,27.777777777777775,19.54022988505747,16.59090909090909,18.6,9.5,4.199999999999999,49.3064729514856,47950000.0,79250000.0,FW_ST,FW_ST,FW_SS,FW_WG,49.3064729514856,45.32217531187879,40.719658306395694
2020,Yerry Mina,COL,DF,DF,Everton,Premier League,25,1994,1937,21.5,0.09,0.0,0.0,0.0,0.0,0.09,0.09,0.09,0.07,0.02,0.07,0.09,0.0,0.0,0.0,0.08,0.02,0.79,0.19,23.5,0.12,0.5,11.2,52.7,58.6,90.1,954.3,325.8,18.4,19.3,95.2,29.3,30.8,95.0,3.49,5.95,58.6,0.05,1.86,0.0,0.0,0.0,2.0,0.28,0.23,0.0,0.0,0.0,0.0,0.05,0.0,0.0,0.0,0.0,0.0,0.0,0.0,68.7,9.63,37.9,29.9,1.53,1.21,68.7,0.05,0.14,33.3,0.14,0.05,48.8,0.09,0.98,0.65,0.79,0.19,0.0,1.12,5.12,4.33,0.09,0.0,3.02,1.44,67.7,8.333333333333332,0.0,59.88636363636364,7.9,0.5,4.9,59.02809037809818,82270000.0,76500000.0,DC,DC,,,59.02809037809818,,
2020,Jonny Evans,NIR,DF,DF,Leicester City,Premier League,32,1988,2473,27.5,0.07,0.07,0.0,0.0,0.0,0.15,0.07,0.15,0.06,0.01,0.06,0.21,0.02,0.01,0.06,0.08,0.01,0.29,0.11,37.5,0.25,0.67,7.8,57.9,67.4,85.9,1125.7,409.8,17.9,20.0,89.6,33.8,36.5,92.5,5.64,9.64,58.5,0.36,3.27,0.07,0.0,0.0,2.55,0.69,0.69,0.0,0.0,0.0,0.0,0.0,0.15,0.15,0.0,0.0,0.0,0.0,0.0,75.1,8.98,39.7,34.3,1.6,0.65,75.1,0.29,0.33,88.9,0.18,0.15,50.6,0.11,0.91,0.44,0.8,0.07,0.04,1.67,3.56,6.91,0.25,0.0,3.35,1.31,71.9,6.481481481481481,8.045977011494255,65.79545454545455,2.9,2.9,4.55,66.79076344894715,119180000.0,76310000.0,DC,DC,,,66.79076344894715,,
2020,Daniel Podence,POR,MFFW,AM,Wolves,Premier League,24,1995,1661,18.5,0.16,0.11,0.0,0.0,0.0,0.27,0.16,0.27,0.13,0.03,0.13,0.08,0.09,0.09,0.02,0.23,0.03,1.73,0.76,43.8,0.09,0.21,17.5,26.1,34.8,75.1,425.2,110.2,14.5,17.1,85.1,6.97,9.73,71.7,3.19,4.54,70.2,1.14,2.54,1.08,1.73,0.27,2.86,3.25,2.27,0.05,0.49,0.05,0.38,0.0,0.32,0.11,0.0,0.22,0.0,0.0,0.0,43.0,0.59,4.92,19.8,19.0,3.08,43.0,2.05,3.46,59.4,1.89,1.3,33.1,3.89,0.65,0.32,0.27,0.27,0.11,0.7,0.11,4.38,0.16,0.0,0.38,0.81,31.8,14.814814814814813,12.643678160919542,29.659090909090914,17.299999999999997,20.5,3.25,50.86355964507877,52640000.0,75770000.0,AM,AM,FW_WG,FW_SS,50.86355964507877,47.402119026867254,45.333801810570264
2020,Neal Maupay,FRA,FWMF,AM,Brighton,Premier League,23,1996,2512,27.9,0.29,0.07,0.0,0.11,0.14,0.36,0.18,0.25,0.47,-0.19,0.36,0.15,0.14,0.11,-0.07,0.5,-0.18,2.4,0.79,32.8,0.07,0.23,14.8,18.6,24.1,77.4,259.2,46.2,9.71,11.4,85.0,6.24,7.38,84.5,0.97,1.61,60.0,1.15,1.15,0.97,0.39,0.14,1.33,2.76,2.01,0.04,0.22,0.25,0.22,0.04,0.25,0.18,0.0,0.0,0.04,0.04,0.0,33.5,0.43,2.69,14.6,16.6,5.02,33.3,0.86,1.72,50.0,2.65,1.72,23.9,6.38,0.72,0.29,0.32,0.25,0.14,0.47,0.22,3.01,0.04,0.04,0.72,2.15,25.0,26.851851851851848,8.045977011494255,21.13636363636364,24.0,8.6,3.5999999999999996,48.879568704116735,46710000.0,75680000.0,FW_SS,FW_SS,AM,FW_ST,48.879568704116735,47.271819020509625,44.74921166430538
2020,Antonio Rüdiger,GER,DF,DF,Chelsea,Premier League,27,1993,1710,19.0,0.05,0.0,0.0,0.0,0.0,0.05,0.05,0.05,0.07,-0.02,0.07,0.09,0.02,0.02,-0.02,0.09,-0.02,0.74,0.32,42.9,0.07,0.17,18.3,71.8,80.7,89.0,1313.8,402.9,27.1,28.7,94.3,38.7,40.7,95.0,5.32,9.42,56.4,0.16,5.16,0.21,0.16,0.05,2.05,0.95,0.95,0.0,0.0,0.0,0.0,0.0,0.05,0.05,0.0,0.0,0.0,0.0,0.0,88.7,8.37,38.8,45.7,4.74,0.89,88.7,0.16,0.32,50.0,0.47,0.05,68.3,0.16,1.63,1.21,0.84,0.74,0.05,0.95,2.68,6.26,0.0,0.0,2.21,1.05,67.7,4.62962962962963,0.0,81.5909090909091,7.3999999999999995,1.6,8.149999999999999,55.83495388031717,69630000.0,75200000.0,DC,DC,,,55.83495388031717,,
2020,Matt Doherty,IRL,DF,DF,Tottenham,Premier League,28,1992,1240,13.8,0.0,0.15,0.0,0.0,0.0,0.15,0.0,0.15,0.03,-0.03,0.03,0.12,0.05,0.04,0.09,0.08,-0.03,0.22,0.07,33.3,0.0,0.0,16.7,47.6,60.9,78.1,699.3,250.9,26.3,29.7,88.5,16.6,21.6,76.8,2.39,4.71,50.8,0.8,1.81,1.09,2.25,0.51,2.61,1.53,1.3,0.0,0.07,0.0,0.14,0.0,0.15,0.14,0.0,0.0,0.0,0.0,0.0,72.5,4.28,22.9,33.7,16.8,1.09,72.5,0.36,1.23,29.4,1.38,0.65,42.8,2.17,2.1,1.09,1.09,0.72,0.29,1.67,3.33,4.13,0.29,0.07,3.55,1.81,66.2,0.0,17.241379310344826,54.090909090909086,2.1999999999999997,3.5999999999999996,10.500000000000002,57.09292971462779,74440000.0,74870000.0,LB_DEF,LB_DEF,LB_OFF,,57.09292971462779,43.428510810998574,
2020,João Moutinho,POR,MF,MF,Wolves,Premier League,33,1986,2528,28.1,0.04,0.04,0.04,0.0,0.0,0.07,0.04,0.07,0.02,0.01,0.02,0.04,0.09,0.1,-0.05,0.11,0.01,0.5,0.14,28.6,0.07,0.25,23.7,55.3,65.7,84.1,973.7,254.4,23.0,25.1,91.8,25.2,28.0,90.1,5.52,9.36,58.9,1.64,4.66,0.68,4.13,0.25,3.88,3.42,2.21,0.96,0.0,0.07,0.07,0.11,0.21,0.11,0.07,0.0,0.0,0.04,0.0,73.2,1.71,14.0,41.8,17.8,0.28,73.2,0.46,0.64,72.2,0.53,0.39,48.2,1.17,2.67,1.42,1.21,1.25,0.21,1.67,1.0,6.48,0.18,0.04,0.64,0.68,48.6,3.7037037037037033,4.597701149425287,62.84090909090909,5.0,4.6,13.350000000000001,66.80831161897503,119280000.0,74780000.0,MC_DEF,MC_DEF,MC_ORG,MC_EST,66.80831161897503,64.80809399400242,54.71475897739598
2020,Joël Veltman,NED,DF,DF,Brighton,Premier League,28,1992,2281,25.3,0.04,0.04,0.0,0.0,0.0,0.08,0.04,0.08,0.04,0.0,0.04,0.08,0.07,0.06,-0.03,0.11,0.0,0.55,0.16,28.6,0.07,0.25,16.1,46.1,60.8,75.9,815.3,328.5,20.0,22.9,87.1,20.9,27.1,77.3,4.35,8.1,53.7,0.87,3.95,1.34,2.49,0.55,4.23,2.01,1.3,0.24,0.16,0.12,0.12,0.08,0.04,0.04,0.0,0.0,0.0,0.0,0.0,70.9,3.68,21.9,34.0,15.8,1.26,70.9,0.71,1.42,50.0,0.67,0.28,40.9,1.38,2.65,1.3,1.34,0.99,0.32,1.3,2.53,5.53,0.12,0.0,1.66,1.5,52.5,3.7037037037037033,4.597701149425287,52.38636363636364,5.500000000000001,7.1,13.25,58.439611918199795,79830000.0,74730000.0,LB_DEF,LB_DEF,LB_OFF,,58.439611918199795,51.41864327065405,
2020,Lewis Dunk,ENG,DF,DF,Brighton,Premier League,28,1991,2931,32.6,0.15,0.0,0.09,0.0,0.0,0.15,0.15,0.15,0.07,0.09,0.07,0.07,0.04,0.04,-0.04,0.1,0.09,0.98,0.43,43.8,0.16,0.36,15.2,61.3,68.7,89.3,1253.8,407.3,18.4,19.8,93.2,33.6,35.0,95.8,8.47,12.4,68.1,0.31,3.07,0.06,0.03,0.0,1.78,0.8,0.61,0.03,0.0,0.15,0.0,0.0,0.0,0.0,0.0,0.0,0.0,0.0,0.0,76.9,11.1,43.3,30.6,3.4,1.44,76.9,0.18,0.25,75.0,0.37,0.03,53.5,0.25,0.92,0.46,0.61,0.25,0.06,0.98,3.25,6.84,0.15,0.06,2.39,1.13,67.8,13.888888888888888,0.0,69.6590909090909,9.8,1.7999999999999998,4.6,56.812603173332775,73350000.0,74690000.0,DC,DC,,,56.812603173332775,,
2020,Mason Holgate,ENG,DF,DF,Everton,Premier League,23,1996,2287,25.4,0.04,0.0,0.0,0.0,0.0,0.04,0.04,0.04,0.04,0.0,0.04,0.19,0.03,0.04,-0.03,0.07,0.0,0.2,0.12,60.0,0.2,0.33,11.8,37.8,49.4,76.5,766.4,272.4,12.6,14.2,89.2,19.4,23.6,82.5,5.39,10.1,53.3,0.31,2.17,0.47,1.02,0.16,1.85,0.87,0.59,0.12,0.0,0.0,0.12,0.04,0.0,0.0,0.0,0.0,0.0,0.0,0.0,59.6,6.5,28.1,26.0,6.06,0.28,59.6,0.31,0.43,72.7,0.55,0.24,34.2,0.43,2.2,1.42,1.22,0.71,0.28,1.38,3.54,5.47,0.35,0.0,1.54,0.79,66.1,3.7037037037037033,0.0,42.95454545454545,2.0,3.1,11.000000000000002,57.21408549361392,74920000.0,73110000.0,LB_DEF,LB_DEF,LB_OFF,,57.21408549361392,32.464647728439125,
2020,Ibrahima Diallo,FRA,MF,MF,Southampton,Premier League,21,1999,1020,11.3,0.0,0.0,0.0,0.0,0.0,0.0,0.0,0.0,0.04,-0.04,0.04,0.07,0.06,0.04,-0.05,0.1,-0.04,0.62,0.09,14.3,0.0,0.0,22.4,44.5,53.1,83.8,702.7,180.0,22.4,25.3,88.5,17.1,19.2,88.9,2.83,5.31,53.3,0.8,4.07,0.44,0.62,0.09,3.19,1.68,1.33,0.0,0.18,0.09,0.0,0.09,0.09,0.09,0.0,0.0,0.0,0.0,0.0,63.7,2.3,14.5,41.4,8.94,0.8,63.7,0.88,1.5,58.8,1.77,1.33,43.5,0.8,2.57,1.42,0.97,1.5,0.09,0.88,1.06,6.28,0.27,0.0,0.88,1.5,37.0,0.0,0.0,50.56818181818182,6.2,8.799999999999999,12.85,55.91585454534198,69930000.0,72940000.0,MC_DEF,MC_DEF,MC_ORG,MC_EST,55.91585454534198,47.457051735564825,41.78253639649942
2020,Andreas Christensen,DEN,DF,DF,Chelsea,Premier League,24,1996,1371,15.2,0.0,0.0,0.0,0.0,0.0,0.0,0.0,0.0,0.01,-0.01,0.01,0.05,0.02,0.02,-0.02,0.03,-0.01,0.2,0.0,0.0,0.0,,12.7,68.8,75.6,91.0,1290.4,433.5,23.9,26.0,91.9,37.7,39.7,95.0,5.92,7.5,78.9,0.39,3.29,0.13,0.0,0.0,2.63,0.85,0.79,0.0,0.07,0.0,0.0,0.0,0.07,0.07,0.0,0.0,0.0,0.0,0.0,83.6,10.7,45.2,37.0,2.17,0.46,83.6,0.46,0.46,100.0,0.59,0.07,61.8,0.07,0.72,0.39,0.53,0.2,0.0,1.32,3.36,5.59,0.13,0.07,2.5,1.18,67.9,0.0,0.0,78.18181818181817,2.0,4.6,3.5999999999999996,55.450725538616844,68200000.0,72920000.0,DC,DC,,,55.450725538616844,,
2020,Jacob Murphy,ENG,DFMF,DM,Newcastle Utd,Premier League,25,1995,1626,18.1,0.11,0.17,0.33,0.0,0.0,0.28,0.11,0.28,0.09,0.02,0.09,0.06,0.21,0.14,-0.04,0.3,0.02,1.66,0.44,26.7,0.07,0.25,23.4,23.2,34.5,67.3,380.5,169.2,11.9,14.1,84.3,7.9,11.6,68.1,2.54,5.75,44.2,1.05,1.38,1.49,3.26,0.72,2.32,2.55,1.6,0.28,0.33,0.17,0.11,0.06,0.39,0.28,0.0,0.0,0.06,0.0,0.06,46.2,2.54,15.1,18.6,14.0,1.33,46.2,2.15,3.48,61.9,1.82,1.38,25.0,1.55,2.15,1.33,1.38,0.66,0.11,0.77,1.6,5.47,0.17,0.0,0.28,1.1,20.0,10.185185185185185,19.54022988505747,26.36363636363636,16.599999999999998,21.5,10.75,50.27626277855146,50830000.0,72800000.0,AM,AM,LB_OFF,MC_EST,50.27626277855146,49.578314999491354,42.34166382470413
2020,Ezgjan Alioski,MKD,DFMF,DM,Leeds United,Premier League,28,1992,2461,27.3,0.07,0.11,0.0,0.0,0.0,0.18,0.07,0.18,0.06,0.01,0.06,0.06,0.12,0.08,-0.01,0.18,0.01,0.91,0.29,32.0,0.08,0.25,19.0,48.4,61.2,79.1,735.3,262.4,25.8,28.9,89.2,19.1,22.7,84.2,2.12,5.38,39.5,1.03,3.19,1.06,2.27,0.44,3.41,2.6,2.09,0.18,0.0,0.18,0.11,0.04,0.18,0.11,0.04,0.0,0.04,0.0,0.0,70.4,2.71,20.3,32.8,18.0,1.47,70.4,0.4,0.95,42.3,1.36,0.55,43.6,2.31,2.71,1.14,1.39,1.03,0.29,0.84,1.83,5.35,0.26,0.0,1.43,1.61,47.0,6.481481481481481,12.643678160919542,54.99999999999999,9.1,4.0,13.55,55.43686663413334,68150000.0,72610000.0,MC_DEF,MC_DEF,LB_DEF,MC_ORG,55.43686663413334,54.11411328507379,52.33196246600163
2020,Lucas Digne,FRA,DFMF,DM,Everton,Premier League,27,1993,2681,29.8,0.0,0.23,0.1,0.0,0.0,0.23,0.0,0.23,0.02,-0.02,0.02,0.04,0.17,0.14,0.06,0.19,-0.02,0.44,0.0,0.0,0.0,,23.7,41.3,58.3,70.9,660.3,254.0,21.9,25.0,87.6,15.0,20.7,72.6,3.09,7.79,39.7,1.48,2.11,1.14,7.21,0.87,2.21,2.55,1.74,0.6,0.0,0.17,0.03,0.0,0.4,0.23,0.1,0.0,0.07,0.0,0.0,66.9,3.36,18.2,28.0,21.5,1.17,66.9,0.6,0.94,64.3,1.11,0.67,36.3,3.46,2.11,1.28,1.34,0.54,0.23,1.04,2.92,4.73,0.07,0.03,3.09,1.41,68.7,0.0,26.436781609195403,46.93181818181818,4.3999999999999995,6.0,10.549999999999999,56.87147476985712,73580000.0,72600000.0,LB_OFF,LB_OFF,LB_DEF,MC_DEF,56.87147476985712,55.557422791402246,49.082593144911584
2020,Diego Llorente,ESP,DF,DF,Leeds United,Premier League,26,1993,1204,13.4,0.07,0.0,0.0,0.0,0.0,0.07,0.07,0.07,0.06,0.01,0.06,0.1,0.04,0.02,-0.04,0.1,0.01,0.6,0.22,37.5,0.13,0.33,17.4,44.6,53.8,82.9,875.0,252.2,12.7,14.6,86.7,27.5,30.7,89.3,3.88,6.72,57.8,0.3,1.57,0.15,0.15,0.0,1.27,0.52,0.45,0.0,0.0,0.07,0.0,0.0,0.07,0.07,0.0,0.0,0.0,0.0,0.0,65.0,9.1,40.9,23.0,1.64,0.67,65.0,0.45,0.6,75.0,0.82,0.52,39.5,0.15,2.54,1.57,1.57,0.97,0.0,1.49,2.99,7.69,0.07,0.0,2.46,1.79,57.9,6.481481481481481,0.0,50.68181818181819,6.0,4.5,12.7,60.14102603373548,87010000.0,72520000.0,DC,DC,,,60.14102603373548,,
2020,Giovani Lo Celso,ARG,MF,MF,Tottenham,Premier League,24,1996,945,10.5,0.1,0.1,0.1,0.0,0.0,0.19,0.1,0.19,0.14,-0.04,0.14,0.09,0.09,0.1,0.0,0.23,-0.04,1.43,0.48,33.3,0.07,0.2,19.0,44.7,57.5,77.6,656.9,198.3,25.6,28.8,89.1,13.6,17.1,79.4,2.67,5.52,48.3,1.43,4.95,1.14,2.95,0.0,5.71,3.05,2.19,0.29,0.0,0.1,0.38,0.1,0.38,0.38,0.0,0.0,0.0,0.0,0.0,67.7,1.24,8.76,38.6,21.4,2.0,67.7,0.76,1.9,40.0,2.0,1.33,46.8,2.86,2.67,2.1,1.14,1.05,0.48,0.67,0.48,5.71,0.48,0.0,1.33,1.43,48.3,9.25925925925926,11.49425287356322,50.79545454545455,14.299999999999999,7.6,13.350000000000001,54.14842277841318,63510000.0,71940000.0,AM,MC_DEF,MC_EST,MC_ORG,57.83822408347332,56.90264989249126,56.49343881373524
2020,James Justin,ENG,DF,DF,Leicester City,Premier League,22,1998,2070,23.0,0.09,0.04,0.0,0.0,0.0,0.13,0.09,0.13,0.09,-0.01,0.09,0.22,0.09,0.06,-0.04,0.18,-0.01,0.43,0.13,30.0,0.2,0.67,14.8,43.7,56.0,78.0,643.6,212.0,24.5,27.9,88.0,15.7,19.0,82.4,2.04,4.65,43.9,0.83,2.35,1.35,2.57,0.22,3.09,2.61,1.96,0.09,0.17,0.0,0.39,0.0,0.35,0.22,0.04,0.04,0.0,0.04,0.0,66.6,2.57,19.8,29.0,18.3,1.39,66.6,0.78,1.39,56.3,1.26,0.61,40.8,2.65,2.65,1.61,1.65,0.78,0.22,1.3,2.52,4.48,0.17,0.0,1.13,1.83,38.2,8.333333333333332,4.597701149425287,49.659090909090914,4.3,7.8,13.25,57.45634300320987,75870000.0,71880000.0,LB_DEF,LB_DEF,LB_OFF,,57.45634300320987,51.59410306787953,
2020,Stuart Armstrong,SCO,MF,MF,Southampton,Premier League,28,1992,2764,30.7,0.13,0.16,0.0,0.0,0.0,0.29,0.13,0.29,0.09,0.04,0.09,0.05,0.08,0.06,0.08,0.17,0.04,1.79,0.36,20.0,0.07,0.36,21.6,33.3,42.3,78.7,490.2,142.1,18.3,21.3,86.2,11.7,13.7,85.7,1.66,2.54,65.4,1.14,2.61,1.3,1.3,0.23,3.62,2.96,2.08,0.1,0.23,0.2,0.26,0.1,0.49,0.23,0.0,0.07,0.1,0.07,0.03,53.9,1.24,7.62,30.5,16.6,1.69,53.9,2.21,3.45,64.2,2.51,2.21,36.4,3.03,1.95,1.34,0.62,1.04,0.29,0.78,0.62,5.7,0.1,0.0,0.26,0.55,32.0,12.037037037037036,18.39080459770115,37.840909090909086,17.9,22.1,9.75,47.809279270563316,43710000.0,70220000.0,AM,MC_EST,MC_DEF,AM,48.972943010567064,47.92707273343391,47.809279270563316
2020,Matty Cash,POL,DF,DF,Aston Villa,Premier League,22,1997,2372,26.4,0.0,0.08,0.0,0.0,0.0,0.08,0.0,0.08,0.01,-0.01,0.01,0.03,0.07,0.06,0.01,0.08,-0.01,0.34,0.08,22.2,0.0,0.0,22.9,36.3,50.0,72.7,615.7,229.2,18.1,20.5,88.2,13.7,18.2,75.2,3.83,9.24,41.4,0.8,2.77,0.87,3.07,0.72,1.93,1.33,1.06,0.11,0.08,0.0,0.04,0.04,0.08,0.08,0.0,0.0,0.0,0.0,0.0,62.2,5.38,21.5,28.8,12.7,0.91,62.2,0.45,0.68,66.7,0.76,0.49,30.7,0.87,2.69,1.52,1.63,0.83,0.23,2.27,3.6,5.08,0.3,0.04,1.29,1.48,46.6,0.0,9.195402298850574,41.25,3.4000000000000004,4.5,13.450000000000001,56.05778782610685,70460000.0,69560000.0,LB_DEF,LB_DEF,LB_OFF,,56.05778782610685,42.27767562033649,
2020,Lucas Moura,BRA,FWMF,AM,Tottenham,Premier League,27,1992,1411,15.7,0.19,0.26,0.0,0.0,0.0,0.45,0.19,0.45,0.12,0.07,0.12,0.11,0.13,0.09,0.13,0.25,0.07,1.15,0.38,33.3,0.17,0.5,16.1,27.8,38.3,72.6,380.1,99.4,15.3,18.7,81.6,9.11,11.5,79.0,1.02,2.36,43.2,1.02,2.23,0.89,1.66,0.13,2.61,2.49,1.72,0.19,0.06,0.13,0.25,0.13,0.57,0.45,0.0,0.0,0.06,0.0,0.06,52.5,1.02,6.43,27.6,20.0,2.36,52.5,2.1,4.46,47.1,3.06,2.36,36.9,3.57,2.04,1.02,0.76,1.02,0.25,1.15,0.64,5.03,0.06,0.0,1.46,2.61,35.9,17.59259259259259,29.88505747126437,31.590909090909093,11.5,21.000000000000004,10.200000000000001,47.066478768964885,41710000.0,69400000.0,AM,MC_EST,AM,FW_ST,48.05281877776249,47.066478768964885,44.573578364175226
2020,Pablo Fornals,ESP,FWMF,AM,West Ham,Premier League,24,1996,2572,28.6,0.17,0.14,0.0,0.0,0.0,0.31,0.17,0.31,0.21,-0.03,0.21,0.12,0.08,0.06,0.06,0.29,-0.03,1.75,0.52,30.0,0.1,0.33,16.3,29.8,39.1,76.3,440.3,131.3,16.8,19.4,86.5,9.86,12.7,77.9,1.57,3.01,52.3,1.08,2.94,1.05,1.57,0.21,3.57,2.77,2.34,0.1,0.07,0.24,0.0,0.0,0.39,0.24,0.03,0.0,0.1,0.0,0.0,49.0,0.77,7.9,24.0,17.9,2.31,49.0,1.01,2.1,48.3,1.29,0.73,33.4,3.5,1.54,0.91,0.49,0.84,0.21,1.26,0.31,5.7,0.1,0.0,0.8,1.33,37.7,15.74074074074074,16.09195402298851,33.86363636363636,17.5,10.100000000000001,7.7,47.314230073118814,42370000.0,69180000.0,AM,AM,MC_EST,MC_DEF,47.314230073118814,46.12189220904055,45.10834574232391
2020,Marc Albrighton,ENG,DFFW,MF,Leicester City,Premier League,30,1989,1746,19.4,0.05,0.26,0.0,0.0,0.0,0.31,0.05,0.31,0.06,-0.01,0.06,0.06,0.18,0.2,0.08,0.24,-0.01,1.08,0.46,42.9,0.05,0.11,21.2,32.3,48.1,67.2,525.6,200.9,17.8,21.0,84.6,9.95,13.5,73.7,3.45,8.09,42.7,1.96,2.78,1.91,6.08,0.72,3.61,3.97,3.04,0.26,0.26,0.1,0.15,0.15,0.62,0.41,0.1,0.0,0.05,0.0,0.05,59.3,1.91,12.6,23.7,24.2,2.01,59.3,1.91,3.4,56.1,1.7,1.49,37.2,3.51,1.7,0.98,0.72,0.77,0.21,0.88,1.39,7.11,0.1,0.0,0.52,1.86,21.7,4.62962962962963,29.88505747126437,36.70454545454545,10.8,19.1,8.5,56.95705074833739,73910000.0,68950000.0,FW_WG,LB_OFF,FW_WG,FW_SS,64.66874909437331,56.95705074833739,54.86352873574246
2020,Arthur Masuaku,COD,DFMF,DM,West Ham,Premier League,26,1993,1006,11.2,0.0,0.18,0.0,0.0,0.0,0.18,0.0,0.18,0.04,-0.04,0.04,0.08,0.2,0.15,-0.02,0.24,-0.04,0.54,0.18,33.3,0.0,0.0,21.1,39.6,50.5,78.3,597.3,187.3,23.1,26.3,87.8,12.8,16.3,78.6,2.59,4.29,60.4,0.98,3.04,0.98,3.66,0.63,2.41,2.95,2.23,0.18,0.27,0.18,0.09,0.0,0.36,0.36,0.0,0.0,0.0,0.0,0.0,61.5,3.3,16.3,26.8,19.3,0.98,61.5,2.59,3.93,65.9,1.25,1.34,40.1,2.5,1.79,1.07,1.25,0.54,0.0,0.71,2.5,5.54,0.18,0.0,0.71,1.25,36.4,0.0,20.689655172413794,45.0,5.4,25.900000000000002,8.95,50.95470118097348,52920000.0,68840000.0,AM,LB_OFF,AM,LB_DEF,53.27239659998283,50.95470118097348,48.62604708353101
2020,Jonjo Shelvey,ENG,MF,MF,Newcastle Utd,Premier League,28,1992,2617,29.1,0.03,0.1,0.38,0.0,0.0,0.14,0.03,0.14,0.09,-0.05,0.09,0.06,0.1,0.08,0.0,0.19,-0.05,1.44,0.31,21.4,0.02,0.11,24.3,37.5,51.5,72.8,804.0,256.5,13.4,15.7,85.1,15.5,19.0,81.5,7.8,14.3,54.6,1.27,4.91,0.72,3.23,0.14,3.2,2.51,1.37,0.86,0.03,0.21,0.03,0.0,0.28,0.14,0.14,0.0,0.0,0.0,0.0,59.4,2.68,16.2,34.3,9.69,0.76,59.4,0.69,0.89,76.9,0.65,0.17,37.2,0.69,1.34,0.48,0.62,0.65,0.07,1.24,1.44,6.22,0.24,0.0,0.93,0.76,55.1,2.7777777777777777,11.49425287356322,42.61363636363637,14.399999999999999,6.8999999999999995,6.7,54.053290191682436,63170000.0,68690000.0,MC_ORG,MC_ORG,MC_DEF,MC_EST,54.053290191682436,44.482532712701115,43.200483405235346
2020,Pierre-Emerick Aubameyang,GAB,FW,FW,Arsenal,Premier League,31,1989,2332,25.9,0.39,0.12,0.0,0.08,0.08,0.5,0.31,0.42,0.39,-0.01,0.33,0.16,0.09,0.12,0.02,0.42,-0.02,2.12,0.73,34.5,0.15,0.42,14.0,19.3,26.0,74.0,264.4,52.7,12.3,14.7,83.9,5.29,7.61,69.5,0.93,1.47,63.2,0.85,1.12,0.85,1.47,0.15,2.05,1.85,1.54,0.0,0.12,0.08,0.12,0.0,0.27,0.23,0.0,0.04,0.0,0.0,0.0,34.3,0.73,4.4,13.2,17.0,4.67,34.2,0.46,0.97,48.0,1.51,0.73,26.8,5.75,0.46,0.31,0.27,0.15,0.04,0.27,0.66,2.51,0.08,0.0,1.31,2.24,37.0,36.11111111111111,13.793103448275861,21.931818181818183,21.200000000000003,4.6,2.3,51.09082724792147,53340000.0,67510000.0,FW_ST,FW_ST,FW_SS,FW_WG,51.09082724792147,43.754095989109146,42.09170143497686
2020,Eric Dier,ENG,DF,DF,Tottenham,Premier League,26,1994,2520,28.0,0.0,0.0,0.29,0.0,0.0,0.0,0.0,0.0,0.04,-0.04,0.04,0.08,0.01,0.01,-0.01,0.05,-0.04,0.5,0.07,14.3,0.0,0.0,22.2,53.3,64.4,82.9,1044.4,409.4,18.1,20.3,89.1,28.0,30.8,90.7,6.39,11.5,55.4,0.21,2.36,0.21,0.18,0.0,1.75,0.86,0.75,0.0,0.0,0.07,0.04,0.0,0.0,0.0,0.0,0.0,0.0,0.0,0.0,73.6,12.0,40.7,31.3,2.0,0.75,73.6,0.11,0.14,75.0,0.43,0.04,51.0,0.18,0.82,0.5,0.46,0.36,0.0,0.82,4.39,4.96,0.11,0.0,3.04,2.07,59.4,0.0,0.0,60.56818181818181,5.0,1.0999999999999999,4.1,51.08647797591003,53330000.0,67100000.0,DC,DC,,,51.08647797591003,,
2020,Mbaye Diagne,SEN,FW,FW,West Brom,Premier League,28,1991,1189,13.2,0.23,0.15,0.0,0.0,0.0,0.38,0.23,0.38,0.5,-0.27,0.5,0.27,0.07,0.07,0.08,0.58,-0.27,1.89,0.68,36.0,0.12,0.33,10.4,11.3,18.3,61.8,144.6,28.9,7.42,9.92,74.8,1.82,4.32,42.1,0.76,1.14,66.7,0.68,0.76,0.23,0.3,0.15,0.45,1.67,1.21,0.0,0.15,0.08,0.15,0.08,0.38,0.23,0.0,0.0,0.08,0.0,0.08,26.1,1.52,3.86,11.4,11.1,3.26,26.1,0.76,1.21,62.5,1.97,1.44,21.0,4.32,0.3,0.23,0.23,0.0,0.08,0.08,1.21,2.12,0.15,0.0,3.94,6.89,36.4,21.296296296296298,17.241379310344826,12.840909090909092,18.9,7.6,1.5,50.64609524785292,51960000.0,66820000.0,FW_ST,FW_ST,FW_WG,FW_SS,50.64609524785292,38.43060005842016,38.264657731374484
2020,Antonee Robinson,USA,DF,DF,Fulham,Premier League,22,1997,2162,24.0,0.0,0.0,0.0,0.0,0.0,0.0,0.0,0.0,0.02,-0.02,0.02,0.04,0.08,0.08,-0.08,0.1,-0.02,0.42,0.17,40.0,0.0,0.0,20.0,40.6,57.7,70.3,656.3,245.2,20.4,23.6,86.2,15.9,22.5,70.6,3.21,7.25,44.3,1.21,2.0,1.71,4.21,0.92,2.92,2.5,2.13,0.13,0.13,0.0,0.13,0.0,0.08,0.08,0.0,0.0,0.0,0.0,0.0,68.7,3.33,19.1,28.5,22.2,1.38,68.7,2.13,3.04,69.9,1.83,0.92,38.9,2.67,1.88,1.17,1.0,0.67,0.21,1.54,2.83,5.63,0.17,0.04,1.5,0.75,66.7,0.0,0.0,46.13636363636363,4.199999999999999,21.3,9.4,55.80768025065295,69530000.0,66710000.0,LB_OFF,LB_DEF,LB_OFF,,55.80956825675969,55.80768025065295,
2020,Ryan Fraser,SCO,FWMF,AM,Newcastle Utd,Premier League,26,1994,928,10.3,0.0,0.19,0.0,0.0,0.0,0.19,0.0,0.19,0.09,-0.09,0.09,0.07,0.19,0.17,0.0,0.28,-0.09,1.26,0.58,46.2,0.0,0.0,21.6,23.3,36.1,64.5,353.5,101.0,12.8,15.1,84.6,6.7,10.2,65.7,2.33,6.99,33.3,2.52,0.78,1.07,10.0,0.97,0.97,3.69,2.14,1.26,0.0,0.19,0.1,0.0,0.29,0.1,0.1,0.0,0.0,0.1,0.0,41.2,1.07,4.85,13.3,23.6,2.14,41.2,0.29,0.39,75.0,1.17,0.49,28.2,3.4,0.39,0.1,0.29,0.1,0.0,0.58,0.68,2.91,0.19,0.1,0.49,2.14,18.5,0.0,21.839080459770116,26.477272727272727,12.6,2.9,1.95,56.811809703882396,73350000.0,66470000.0,AM,AM,FW_SS,FW_WG,56.811809703882396,39.52394470080214,36.960017201631615
2020,Adam Lallana,ENG,MFFW,AM,Brighton,Premier League,32,1988,1596,17.7,0.06,0.06,0.0,0.0,0.0,0.11,0.06,0.11,0.09,-0.03,0.09,0.07,0.14,0.15,-0.09,0.23,-0.03,1.24,0.28,22.7,0.05,0.2,17.3,44.7,53.3,83.9,621.5,168.8,25.4,28.9,88.1,13.6,15.9,85.4,1.98,3.11,63.6,1.41,3.45,1.47,0.68,0.11,4.29,3.16,2.82,0.0,0.11,0.06,0.17,0.0,0.23,0.23,0.0,0.0,0.0,0.0,0.0,61.8,1.47,11.6,31.3,19.4,3.45,61.8,1.02,1.58,64.3,1.36,0.85,45.3,3.95,1.58,0.73,0.62,0.73,0.23,0.85,0.73,6.61,0.0,0.0,0.56,1.47,27.8,5.555555555555555,6.896551724137931,50.79545454545455,12.4,10.200000000000001,7.9,56.64181613292808,72690000.0,66330000.0,AM,AM,MC_ORG,MC_DEF,56.64181613292808,53.88117553710533,51.06647300799667
2020,Kyle Bartley,ENG,DF,DF,West Brom,Premier League,29,1991,2584,28.7,0.1,0.03,0.0,0.0,0.0,0.14,0.1,0.14,0.09,0.02,0.09,0.18,0.05,0.03,-0.01,0.14,0.02,0.49,0.17,35.7,0.21,0.6,9.0,22.5,29.3,76.8,427.7,163.3,7.77,9.27,83.8,12.0,14.4,83.7,2.23,4.56,48.9,0.24,1.64,0.14,0.03,0.0,1.08,0.49,0.38,0.0,0.0,0.07,0.0,0.03,0.07,0.07,0.0,0.0,0.0,0.0,0.0,40.8,9.27,24.9,13.6,2.44,1.32,40.8,0.14,0.14,100.0,0.31,0.07,17.8,0.1,0.94,0.56,0.49,0.35,0.1,1.32,5.54,4.77,0.14,0.0,3.66,1.95,65.2,9.25925925925926,3.4482758620689653,25.568181818181817,4.9,1.4000000000000001,4.7,55.35776915788395,67860000.0,66120000.0,DC,DC,,,55.35776915788395,,
2020,Tanguy Ndombele,FRA,MF,MF,Tottenham,Premier League,23,1996,2091,23.2,0.13,0.09,0.0,0.0,0.0,0.22,0.13,0.22,0.07,0.06,0.07,0.09,0.08,0.06,0.01,0.15,0.06,0.77,0.3,38.9,0.17,0.43,18.4,43.4,51.1,85.0,605.6,160.7,24.6,27.2,90.2,13.9,15.9,87.3,1.85,2.72,68.3,0.6,4.14,0.78,0.3,0.09,3.66,2.45,1.94,0.0,0.22,0.09,0.22,0.0,0.34,0.3,0.0,0.0,0.04,0.0,0.0,61.9,1.12,10.3,38.5,14.4,1.68,61.9,3.19,4.27,74.7,2.46,1.42,46.5,2.24,1.77,0.86,0.47,0.91,0.39,0.82,0.65,5.26,0.13,0.0,0.43,0.78,35.7,12.037037037037036,10.344827586206897,49.31818181818181,7.7,31.900000000000002,8.85,49.96785768244285,49900000.0,65850000.0,MC_DEF,MC_DEF,MC_ORG,MC_EST,49.96785768244285,49.176168038501466,45.804778182532914
2020,Timothy Castagne,BEL,DF,DF,Leicester City,Premier League,24,1995,2345,26.1,0.08,0.12,0.0,0.0,0.0,0.19,0.08,0.19,0.04,0.03,0.04,0.14,0.09,0.05,0.03,0.13,0.03,0.31,0.12,37.5,0.25,0.67,10.9,49.2,59.2,83.1,710.4,238.0,28.9,32.1,90.0,17.0,20.1,84.5,2.07,3.87,53.5,0.84,3.68,0.84,1.76,0.27,3.03,1.88,1.72,0.11,0.0,0.0,0.0,0.04,0.15,0.15,0.0,0.0,0.0,0.0,0.0,68.3,2.68,19.8,32.3,16.6,1.46,68.3,0.42,0.92,45.8,0.92,0.42,44.4,2.45,1.99,1.23,1.11,0.69,0.19,1.11,2.38,4.94,0.04,0.0,1.53,1.65,48.2,7.4074074074074066,13.793103448275861,55.90909090909091,3.1,4.199999999999999,9.950000000000001,54.9645904849494,66420000.0,65330000.0,LB_DEF,LB_DEF,LB_OFF,,54.9645904849494,45.201412035130275,
2020,Sergio Reguilón,ESP,DF,DF,Tottenham,Premier League,23,1996,2244,24.9,0.0,0.12,0.0,0.0,0.0,0.12,0.0,0.12,0.04,-0.04,0.04,0.05,0.08,0.08,0.04,0.12,-0.04,0.8,0.16,20.0,0.0,0.0,19.0,43.9,58.0,75.6,656.0,226.8,23.7,27.6,86.0,16.1,20.7,78.1,2.09,5.38,38.8,0.68,2.13,1.0,2.49,0.52,2.29,1.68,1.16,0.04,0.08,0.2,0.16,0.04,0.36,0.32,0.0,0.0,0.0,0.04,0.0,68.5,3.49,20.4,30.3,18.8,1.93,68.5,0.88,1.97,44.9,1.37,0.6,43.2,3.17,1.89,1.0,1.2,0.52,0.16,1.29,2.01,5.38,0.2,0.0,1.16,1.41,45.3,0.0,13.793103448275861,49.88636363636363,8.0,8.799999999999999,9.45,51.24763118086393,53840000.0,65300000.0,LB_DEF,LB_DEF,LB_OFF,,51.24763118086393,45.12306643986733,
2020,Patrick van Aanholt,NED,DF,DF,Crystal Palace,Premier League,29,1990,1777,19.7,0.0,0.05,0.15,0.0,0.0,0.05,0.0,0.05,0.07,-0.07,0.07,0.08,0.04,0.09,0.02,0.11,-0.07,0.91,0.25,27.8,0.0,0.0,21.1,46.0,59.1,77.8,674.5,304.1,27.7,31.1,88.9,14.4,18.3,78.7,2.59,5.33,48.6,0.56,3.6,1.02,2.03,0.2,4.52,1.52,1.37,0.1,0.05,0.0,0.0,0.0,0.15,0.1,0.05,0.0,0.0,0.0,0.0,67.7,3.1,21.0,30.8,16.5,1.88,67.7,0.51,1.12,45.5,1.22,0.3,40.4,2.84,1.78,1.12,0.91,0.86,0.0,1.52,2.03,6.9,0.1,0.0,0.56,0.66,45.8,0.0,5.74712643678161,52.27272727272727,9.1,5.1000000000000005,8.9,57.06526296806865,74330000.0,64850000.0,LB_DEF,LB_DEF,LB_OFF,,57.06526296806865,48.67423584571788,
2020,Willy Boly,CIV,DF,DF,Wolves,Premier League,29,1991,1879,20.9,0.05,0.05,0.0,0.0,0.0,0.1,0.05,0.1,0.05,0.0,0.05,0.07,0.01,0.01,0.03,0.06,0.0,0.72,0.14,20.0,0.07,0.33,13.3,40.9,49.6,82.4,705.6,267.5,16.2,18.6,87.1,20.6,22.9,89.8,2.78,5.98,46.4,0.14,2.34,0.05,0.0,0.0,1.63,0.57,0.48,0.0,0.0,0.1,0.0,0.0,0.05,0.05,0.0,0.0,0.0,0.0,0.0,59.4,6.03,28.7,28.9,2.2,1.1,59.4,0.19,0.19,100.0,0.48,0.14,39.4,0.05,1.58,0.96,1.24,0.33,0.0,1.53,4.02,4.21,0.1,0.0,2.63,1.2,68.8,4.62962962962963,5.74712643678161,46.47727272727273,7.199999999999999,1.9,7.9,56.773401297686135,73200000.0,64800000.0,DC,DC,,,56.773401297686135,,
2020,Harry Winks,ENG,MF,MF,Tottenham,Premier League,24,1996,861,9.6,0.0,0.0,0.0,0.0,0.0,0.0,0.0,0.0,0.01,-0.01,0.01,0.02,0.02,0.04,-0.02,0.02,-0.01,0.42,0.1,25.0,0.0,0.0,30.9,60.3,71.1,84.8,999.0,301.8,28.3,31.8,89.2,24.4,26.7,91.4,5.1,8.44,60.5,0.42,6.67,0.63,0.21,0.1,4.58,0.73,0.63,0.0,0.0,0.0,0.0,0.1,0.1,0.1,0.0,0.0,0.0,0.0,0.0,78.9,2.71,17.8,53.9,7.81,0.0,78.9,0.42,0.52,80.0,0.63,0.31,58.8,0.1,1.67,0.94,1.15,0.52,0.0,1.15,1.25,6.25,0.52,0.0,0.73,0.52,58.3,0.0,0.0,68.52272727272727,4.199999999999999,4.199999999999999,8.35,59.165159307339856,82840000.0,64720000.0,MC_ORG,MC_ORG,MC_DEF,MC_EST,59.165159307339856,58.76025476262397,43.31475399710772
2020,James McArthur,SCO,MF,MF,Crystal Palace,Premier League,32,1987,1466,16.3,0.0,0.12,0.0,0.0,0.0,0.12,0.0,0.12,0.02,-0.02,0.02,0.06,0.07,0.04,0.05,0.09,-0.02,0.37,0.0,0.0,0.0,,21.3,39.4,48.8,80.9,660.4,203.9,19.0,22.0,86.4,16.6,18.8,87.9,2.88,4.85,59.5,0.92,3.62,0.37,0.61,0.0,3.5,1.41,1.29,0.0,0.0,0.0,0.06,0.06,0.18,0.18,0.0,0.0,0.0,0.0,0.0,59.9,2.88,16.4,35.8,8.65,1.1,59.9,0.86,1.17,73.7,1.04,0.61,32.6,1.53,3.5,1.96,1.53,1.66,0.31,1.41,1.9,6.99,0.18,0.0,1.29,0.8,61.8,0.0,13.793103448275861,44.772727272727266,3.6999999999999997,8.6,17.5,63.9974590996605,104850000.0,64710000.0,MC_DEF,MC_DEF,MC_ORG,MC_EST,63.9974590996605,48.858381698556656,46.20958288740118
2020,Tom Davies,ENG,MF,MF,Everton,Premier League,22,1998,1423,15.8,0.0,0.06,0.0,0.0,0.0,0.06,0.0,0.06,0.01,-0.01,0.01,0.03,0.06,0.06,0.01,0.07,-0.01,0.44,0.0,0.0,0.0,,25.8,36.2,44.7,81.0,607.2,164.4,17.5,20.3,86.0,15.0,17.0,88.1,2.91,4.3,67.6,0.38,2.66,0.32,0.32,0.06,2.09,1.65,1.52,0.0,0.06,0.0,0.06,0.0,0.13,0.13,0.0,0.0,0.0,0.0,0.0,54.9,3.54,17.6,31.5,6.71,0.25,54.9,1.14,1.52,75.0,1.33,0.63,36.5,1.08,1.96,1.14,1.08,0.76,0.13,2.15,1.33,6.46,0.19,0.0,0.63,0.89,41.7,0.0,6.896551724137931,41.13636363636364,4.3999999999999995,11.399999999999999,9.8,54.98172786654574,66480000.0,63690000.0,MC_DEF,MC_DEF,MC_ORG,MC_EST,54.98172786654574,42.46526350629322,36.70102816771572
2020,André Gomes,POR,MF,MF,Everton,Premier League,27,1993,1570,17.4,0.0,0.06,0.0,0.0,0.0,0.06,0.0,0.06,0.03,-0.03,0.03,0.03,0.06,0.05,0.0,0.08,-0.03,0.8,0.17,21.4,0.0,0.0,26.7,43.2,52.2,82.8,749.7,192.2,20.2,22.5,89.5,16.2,18.1,89.5,4.71,7.24,65.1,0.86,4.54,0.8,1.32,0.11,4.2,2.41,2.13,0.11,0.06,0.11,0.0,0.0,0.17,0.17,0.0,0.0,0.0,0.0,0.0,62.1,1.72,12.7,36.9,13.2,0.69,62.1,1.78,2.76,64.6,1.72,1.78,44.1,1.21,2.01,1.32,0.92,0.92,0.17,0.57,0.69,7.24,0.17,0.0,1.09,0.8,57.6,0.0,6.896551724137931,49.09090909090909,8.0,17.8,10.049999999999999,55.272901845102815,67550000.0,63520000.0,MC_DEF,MC_DEF,MC_ORG,MC_EST,55.272901845102815,54.12389570867665,46.39804271383049
2020,Ben White,ENG,DFMF,DM,Brighton,Premier League,22,1997,3191,35.5,0.0,0.0,0.0,0.0,0.0,0.0,0.0,0.0,0.01,-0.01,0.01,0.05,0.03,0.06,-0.03,0.04,-0.01,0.28,0.03,10.0,0.0,0.0,16.8,42.0,51.0,82.3,773.8,254.8,16.2,18.0,90.0,21.4,23.9,89.4,3.69,7.35,50.2,0.23,3.3,0.56,0.62,0.03,2.73,0.9,0.76,0.03,0.06,0.0,0.03,0.03,0.11,0.11,0.0,0.0,0.0,0.0,0.0,59.5,4.76,25.0,28.7,6.37,0.62,59.5,0.68,0.9,75.0,0.65,0.28,39.9,0.51,1.38,0.73,0.59,0.68,0.11,1.75,1.58,5.24,0.14,0.03,1.38,1.38,50.0,0.0,0.0,47.72727272727273,2.8000000000000003,6.800000000000001,6.8999999999999995,50.716423284170794,52180000.0,63480000.0,MC_DEF,MC_DEF,MC_ORG,MC_EST,50.716423284170794,45.15206686612318,35.89063070788029
2020,Conor Gallagher,ENG,MF,MF,West Brom,Premier League,20,2000,2531,28.1,0.07,0.07,0.0,0.0,0.0,0.14,0.07,0.14,0.05,0.02,0.05,0.05,0.06,0.06,0.01,0.12,0.02,1.03,0.25,24.1,0.07,0.29,22.0,26.2,34.2,76.8,431.1,106.4,12.8,15.0,85.7,8.97,10.8,83.2,2.88,5.2,55.5,0.71,2.67,0.43,2.35,0.04,1.89,1.6,1.03,0.25,0.11,0.04,0.14,0.04,0.07,0.04,0.04,0.0,0.0,0.0,0.0,46.7,2.06,10.2,23.6,13.6,1.25,46.7,1.07,1.96,54.5,2.21,1.28,26.8,1.85,2.88,1.46,1.07,1.39,0.43,0.96,1.1,6.58,0.39,0.0,0.78,1.28,37.9,6.481481481481481,8.045977011494255,29.772727272727273,10.3,10.700000000000001,14.399999999999999,49.1302376255287,47440000.0,61630000.0,MC_DEF,MC_DEF,MC_EST,MC_ORG,49.1302376255287,36.4446880604187,33.22725177986599
2020,Raúl Jiménez,MEX,FW,FW,Wolves,Premier League,29,1991,823,9.1,0.44,0.0,0.0,0.0,0.0,0.44,0.44,0.44,0.27,0.18,0.27,0.09,0.03,0.02,-0.03,0.29,0.18,2.84,1.09,38.5,0.15,0.4,16.2,22.7,29.1,78.1,323.8,59.3,12.5,14.8,84.4,5.6,7.36,76.1,1.98,2.53,78.3,0.55,2.2,0.77,0.44,0.11,1.87,2.19,0.99,0.0,0.44,0.44,0.22,0.11,0.44,0.11,0.0,0.11,0.22,0.0,0.0,41.1,1.54,3.41,21.6,16.4,4.07,41.1,1.1,2.31,47.6,3.52,1.98,33.2,4.73,0.33,0.22,0.11,0.22,0.0,0.88,1.32,3.52,0.0,0.0,1.54,1.98,43.8,40.74074074074074,0.0,25.795454545454543,28.4,11.000000000000002,1.6500000000000001,55.9489603155074,70050000.0,60950000.0,FW_ST,FW_ST,FW_WG,FW_SS,55.9489603155074,48.39289044012346,41.06690152771452
2020,Alexis Mac Allister,ARG,MFFW,AM,Brighton,Premier League,21,1998,1115,12.4,0.08,0.08,0.08,0.0,0.0,0.16,0.08,0.16,0.1,-0.02,0.1,0.05,0.12,0.14,-0.04,0.22,-0.02,1.94,0.24,12.5,0.04,0.33,22.5,25.8,33.1,78.0,396.9,100.6,13.5,15.8,85.7,8.79,10.4,84.5,1.61,2.9,55.6,1.21,2.1,1.29,0.89,0.0,2.66,2.74,2.34,0.0,0.16,0.16,0.08,0.0,0.16,0.16,0.0,0.0,0.0,0.0,0.0,44.5,0.65,7.58,20.3,17.4,2.66,44.5,1.29,2.1,61.5,2.26,1.29,29.5,4.19,2.1,0.97,0.48,1.29,0.32,0.73,0.32,5.4,0.08,0.0,0.56,1.53,26.9,7.4074074074074066,9.195402298850574,29.31818181818182,19.400000000000002,12.9,10.500000000000002,46.27296094653035,39630000.0,60860000.0,AM,AM,MC_DEF,MC_EST,46.27296094653035,42.83004367260396,42.61756494329368
2020,Rob Holding,ENG,DF,DF,Arsenal,Premier League,24,1995,2558,28.4,0.0,0.04,0.0,0.0,0.0,0.04,0.0,0.04,0.04,-0.04,0.04,0.07,0.01,0.01,0.03,0.04,-0.04,0.49,0.07,14.3,0.0,0.0,12.8,55.6,64.0,86.8,1114.0,360.9,16.5,18.0,92.2,32.1,34.8,92.2,6.44,9.96,64.7,0.14,4.33,0.21,0.07,0.0,2.96,0.49,0.46,0.0,0.0,0.0,0.0,0.04,0.11,0.11,0.0,0.0,0.0,0.0,0.0,73.6,9.96,37.0,34.5,2.36,0.74,73.6,0.28,0.39,72.7,0.42,0.21,52.3,0.04,1.51,0.7,0.99,0.46,0.07,0.85,4.23,4.86,0.07,0.0,2.5,2.11,54.2,0.0,4.597701149425287,63.18181818181819,4.9,2.8000000000000003,7.55,49.35444795922056,48090000.0,60810000.0,DC,DC,,,49.35444795922056,,
2020,Nampalys Mendy,SEN,MF,MF,Leicester City,Premier League,28,1992,1459,16.2,0.0,0.06,0.0,0.0,0.0,0.06,0.0,0.06,0.0,-0.01,0.0,0.02,0.01,0.02,0.05,0.01,-0.01,0.25,0.12,50.0,0.0,0.0,28.5,54.7,60.2,90.8,817.6,170.2,29.1,30.9,94.0,19.1,21.1,90.6,3.15,3.89,81.0,0.31,4.63,0.06,0.06,0.0,2.22,1.36,0.86,0.0,0.0,0.0,0.31,0.19,0.12,0.12,0.0,0.0,0.0,0.0,0.0,67.8,1.23,12.7,46.2,9.32,0.0,67.8,0.37,0.74,50.0,1.11,0.68,49.9,0.19,1.6,1.05,1.11,0.37,0.12,0.86,0.49,7.41,0.31,0.0,0.49,0.86,36.4,0.0,6.896551724137931,62.15909090909091,2.5,3.6999999999999997,8.0,54.606632917592755,65130000.0,60230000.0,MC_DEF,MC_DEF,MC_ORG,MC_EST,54.606632917592755,43.638742593652985,35.783449351967185
2020,Douglas Luiz,BRA,MF,MF,Aston Villa,Premier League,22,1998,2781,30.9,0.0,0.06,0.03,0.0,0.0,0.06,0.0,0.06,0.04,-0.04,0.04,0.05,0.05,0.05,0.01,0.09,-0.04,0.84,0.26,30.8,0.0,0.0,23.9,39.4,46.8,84.2,716.5,194.7,16.3,18.4,88.6,17.0,18.7,91.0,4.92,6.86,71.7,0.61,4.34,0.42,0.74,0.1,3.07,1.68,1.52,0.1,0.0,0.03,0.03,0.0,0.23,0.19,0.03,0.0,0.0,0.0,0.0,55.6,3.4,15.0,32.2,9.39,0.52,55.6,0.74,1.04,71.9,0.81,0.58,32.9,0.94,1.59,0.58,0.71,0.84,0.03,1.39,1.42,6.73,0.32,0.03,1.36,1.33,50.6,0.0,6.896551724137931,44.772727272727266,8.399999999999999,7.3999999999999995,7.95,50.61468891864707,51870000.0,59990000.0,MC_DEF,MC_DEF,MC_ORG,MC_EST,50.61468891864707,48.10569221181134,39.52221942806273
2020,Çağlar Söyüncü,TUR,DF,DF,Leicester City,Premier League,24,1996,1819,20.2,0.05,0.0,0.0,0.0,0.0,0.05,0.05,0.05,0.03,0.01,0.03,0.07,0.02,0.01,-0.02,0.06,0.01,0.49,0.15,30.0,0.1,0.33,10.4,61.6,70.4,87.4,1044.5,347.3,26.1,28.3,92.3,30.5,33.8,90.5,3.61,6.58,54.9,0.35,3.76,0.25,0.5,0.15,3.32,0.54,0.35,0.05,0.05,0.05,0.0,0.05,0.0,0.0,0.0,0.0,0.0,0.0,0.0,79.5,6.73,34.7,41.9,3.32,1.24,79.5,0.2,0.3,66.7,0.4,0.2,56.1,0.05,1.34,0.84,0.64,0.69,0.0,1.39,3.96,4.5,0.1,0.0,3.02,1.78,62.9,4.62962962962963,0.0,70.0,4.9,2.0,6.7,54.693142711827434,65440000.0,59840000.0,DC,DC,,,54.693142711827434,,
2020,Tomáš Souček,CZE,MF,MF,West Ham,Premier League,25,1995,3419,38.0,0.26,0.03,0.0,0.0,0.0,0.29,0.26,0.29,0.22,0.04,0.22,0.13,0.05,0.06,-0.03,0.27,0.04,1.68,0.61,35.9,0.16,0.43,12.3,32.1,42.7,75.0,533.1,150.3,15.4,20.4,75.7,11.8,15.3,77.2,3.18,3.97,80.1,0.47,3.34,0.18,0.24,0.03,2.42,1.53,1.16,0.03,0.03,0.16,0.13,0.03,0.21,0.18,0.0,0.0,0.03,0.0,0.0,54.6,4.11,15.1,29.8,10.2,2.68,54.6,0.42,0.76,55.2,1.11,0.55,30.6,1.24,2.05,1.08,0.97,0.95,0.13,1.63,2.82,6.47,0.18,0.03,5.97,4.21,58.7,24.074074074074073,3.4482758620689653,36.477272727272734,16.799999999999997,4.199999999999999,10.25,49.24409638485905,47770000.0,59700000.0,MC_DEF,MC_DEF,MC_EST,MC_ORG,49.24409638485905,42.936529027920386,39.36492008995279
2020,Isaac Hayden,ENG,MFDF,DM,Newcastle Utd,Premier League,25,1995,1942,21.6,0.0,0.0,0.0,0.0,0.0,0.0,0.0,0.0,0.03,-0.03,0.03,0.04,0.01,0.01,-0.01,0.04,-0.03,0.74,0.09,12.5,0.0,0.0,20.4,30.4,38.6,78.8,509.3,121.2,13.3,15.5,86.2,13.9,16.1,86.5,1.94,3.66,53.2,0.32,2.04,0.19,0.88,0.09,1.25,0.97,0.79,0.0,0.05,0.05,0.09,0.0,0.0,0.0,0.0,0.0,0.0,0.0,0.0,49.2,3.15,15.5,26.6,7.45,0.69,49.2,0.32,0.46,70.0,0.93,0.65,24.6,0.6,2.41,1.34,1.06,1.02,0.32,1.99,2.18,5.37,0.37,0.0,2.59,1.57,62.2,0.0,0.0,34.54545454545455,7.3999999999999995,3.2,12.05,52.38822917314875,57510000.0,59460000.0,MC_DEF,MC_DEF,LB_DEF,MC_EST,52.38822917314875,52.16964915159254,30.554215877305186
2020,Héctor Bellerín,ESP,DFMF,DM,Arsenal,Premier League,25,1995,2089,23.2,0.04,0.09,0.0,0.0,0.0,0.13,0.04,0.13,0.03,0.01,0.03,0.05,0.1,0.11,-0.02,0.14,0.01,0.65,0.22,33.3,0.07,0.2,20.3,46.6,57.1,81.6,685.5,184.5,26.0,29.1,89.2,17.9,21.4,83.7,1.34,2.33,57.4,0.86,2.97,1.12,2.33,0.39,2.76,1.98,1.85,0.0,0.0,0.09,0.04,0.0,0.3,0.26,0.0,0.0,0.0,0.04,0.0,65.2,2.41,16.9,28.1,20.6,2.03,65.2,0.52,1.08,48.0,1.03,0.22,41.2,3.19,1.25,0.82,0.6,0.52,0.13,1.42,1.42,3.92,0.34,0.0,1.34,1.29,50.8,3.7037037037037033,10.344827586206897,52.95454545454545,6.5,5.2,6.25,48.19048424337294,44770000.0,59060000.0,MC_DEF,LB_DEF,MC_DEF,LB_OFF,48.55908813477129,48.19048424337294,44.261911499425615
2020,Gabriel Dos Santos,BRA,DF,DF,Arsenal,Premier League,22,1997,1996,22.2,0.09,0.0,0.0,0.0,0.0,0.09,0.09,0.09,0.06,0.03,0.06,0.08,0.0,0.01,0.0,0.06,0.03,0.72,0.18,25.0,0.13,0.5,12.6,60.0,70.2,85.4,1094.3,384.8,21.5,23.5,91.6,33.1,35.9,92.1,4.77,9.1,52.5,0.09,3.02,0.14,0.09,0.05,2.3,0.59,0.36,0.05,0.05,0.14,0.0,0.0,0.0,0.0,0.0,0.0,0.0,0.0,0.0,79.2,9.46,38.6,38.2,2.52,1.17,79.2,0.23,0.27,83.3,0.23,0.27,59.8,0.23,1.13,0.68,0.86,0.23,0.05,1.17,3.33,5.32,0.18,0.05,2.57,1.8,58.8,8.333333333333332,0.0,68.18181818181817,7.199999999999999,2.3,5.6499999999999995,49.847768097646465,49540000.0,58070000.0,DC,DC,,,49.847768097646465,,
2020,Georginio Wijnaldum,NED,MF,MF,Liverpool,Premier League,29,1990,2941,32.7,0.06,0.0,0.03,0.0,0.0,0.06,0.06,0.06,0.08,-0.02,0.08,0.08,0.04,0.06,-0.04,0.12,-0.02,0.95,0.28,29.0,0.06,0.22,17.8,50.3,54.4,92.5,723.4,156.1,29.5,31.2,94.4,16.4,17.5,93.9,2.26,2.63,86.0,0.64,3.82,0.49,0.18,0.03,2.35,2.08,1.71,0.0,0.09,0.12,0.12,0.03,0.21,0.15,0.0,0.0,0.03,0.0,0.03,61.3,0.92,8.53,38.6,14.8,1.35,61.3,1.04,1.56,66.7,1.16,0.83,46.3,1.77,0.7,0.21,0.18,0.43,0.09,0.8,0.55,6.06,0.03,0.0,1.19,1.13,51.3,5.555555555555555,0.0,57.15909090909091,9.5,10.4,3.4999999999999996,46.72305759256787,40800000.0,57770000.0,MC_DEF,MC_DEF,MC_ORG,MC_EST,46.72305759256787,44.0362049500108,38.094075181263165
2020,Thiago Silva,BRA,DF,DF,Chelsea,Premier League,35,1984,1935,21.5,0.09,0.0,0.0,0.0,0.0,0.09,0.09,0.09,0.08,0.01,0.08,0.13,0.01,0.02,-0.01,0.09,0.01,0.6,0.19,30.8,0.15,0.5,8.8,84.1,90.8,92.7,1611.7,616.4,28.6,30.1,95.1,46.4,48.1,96.3,8.19,10.8,75.5,0.23,4.98,0.37,0.14,0.0,3.3,1.16,1.12,0.0,0.0,0.05,0.0,0.0,0.05,0.05,0.0,0.0,0.0,0.0,0.0,99.1,11.3,43.3,53.4,2.47,0.88,99.1,0.09,0.14,66.7,0.37,0.09,76.0,0.05,0.93,0.56,0.51,0.37,0.05,1.53,4.0,6.19,0.23,0.05,2.19,1.26,63.5,8.333333333333332,0.0,95.56818181818181,6.0,0.8999999999999999,4.65,60.366242076350765,87990000.0,57260000.0,DC,DC,,,60.366242076350765,,
2020,Mohamed Elneny,EGY,MF,MF,Arsenal,Premier League,28,1992,1544,17.2,0.06,0.0,0.0,0.0,0.0,0.06,0.06,0.06,0.02,0.03,0.02,0.05,0.01,0.03,-0.01,0.03,0.03,0.52,0.12,22.2,0.11,0.5,21.5,54.9,59.2,92.6,961.9,234.5,22.5,23.9,94.2,27.8,28.9,96.2,3.72,4.77,78.0,0.23,4.48,0.29,0.12,0.0,3.49,1.11,0.93,0.06,0.0,0.12,0.0,0.0,0.06,0.06,0.0,0.0,0.0,0.0,0.0,65.2,3.49,19.1,38.4,8.02,0.35,65.2,0.23,0.41,57.1,0.41,0.23,49.3,0.52,0.81,0.35,0.41,0.41,0.0,1.4,1.16,5.35,0.17,0.0,0.41,1.4,22.6,5.555555555555555,0.0,62.38636363636364,5.2,2.3,4.05,49.46093981544067,48400000.0,56670000.0,MC_DEF,MC_DEF,MC_ORG,MC_EST,49.46093981544067,48.273246770282654,33.43436162894066
2020,Romaine Sawyers,SKN,MF,MF,West Brom,Premier League,28,1991,1487,16.5,0.0,0.0,0.0,0.0,0.0,0.0,0.0,0.0,0.01,-0.01,0.01,0.03,0.03,0.02,-0.04,0.04,-0.01,0.24,0.0,0.0,0.0,,25.4,37.3,44.2,84.5,634.5,185.3,16.9,18.8,90.0,15.8,17.8,89.1,3.21,4.73,67.9,0.36,3.52,0.24,0.18,0.06,2.73,1.15,1.15,0.0,0.0,0.0,0.0,0.0,0.12,0.12,0.0,0.0,0.0,0.0,0.0,52.4,1.76,14.8,32.8,5.45,0.06,52.4,0.48,1.27,38.1,0.85,0.61,31.2,0.55,1.82,1.09,0.97,0.73,0.12,1.09,0.73,7.7,0.12,0.0,0.79,0.3,72.2,0.0,0.0,42.38636363636363,2.4,4.8,9.1,53.18941701600043,60190000.0,55900000.0,MC_DEF,MC_DEF,MC_ORG,MC_EST,53.18941701600043,41.97031385801789,34.43064579984608
2020,Dan Burn,ENG,DF,DF,Brighton,Premier League,28,1992,2061,22.9,0.04,0.0,0.0,0.0,0.0,0.04,0.04,0.04,0.07,-0.02,0.07,0.09,0.04,0.04,-0.03,0.1,-0.02,0.74,0.26,35.3,0.06,0.17,14.4,41.7,55.9,74.5,638.6,196.9,22.2,26.9,82.5,15.9,20.1,79.2,2.31,5.5,42.1,0.44,3.28,0.61,1.62,0.31,2.49,1.09,1.05,0.0,0.0,0.04,0.0,0.0,0.09,0.04,0.0,0.0,0.04,0.0,0.0,66.2,4.67,20.3,32.7,13.8,1.66,66.2,0.52,0.87,60.0,1.22,0.39,40.6,1.97,2.18,1.14,1.44,0.61,0.13,1.35,3.28,4.76,0.22,0.0,4.15,1.79,69.9,3.7037037037037033,0.0,47.38636363636364,7.3999999999999995,5.2,10.900000000000002,53.46792865519255,61140000.0,55540000.0,LB_DEF,LB_DEF,LB_OFF,,53.46792865519255,39.09453577784672,
2020,Gylfi Sigurðsson,ISL,MFFW,AM,Everton,Premier League,30,1989,2253,25.0,0.24,0.2,0.28,0.12,0.16,0.44,0.12,0.32,0.26,-0.02,0.13,0.07,0.15,0.14,0.05,0.29,-0.02,1.8,0.52,28.9,0.07,0.23,22.8,30.3,38.5,78.7,491.6,129.9,15.1,17.2,88.1,10.7,12.3,87.3,2.76,5.64,48.9,1.76,2.2,0.88,4.0,0.2,2.32,2.99,1.68,0.92,0.08,0.24,0.08,0.0,0.28,0.16,0.08,0.0,0.04,0.0,0.0,48.4,1.48,8.76,23.0,16.9,1.76,48.2,0.56,1.04,53.8,1.8,1.12,29.6,2.6,1.2,0.8,0.36,0.56,0.28,1.36,0.84,4.76,0.08,0.0,0.2,0.44,31.3,22.22222222222222,22.98850574712644,34.43181818181818,18.0,5.6000000000000005,6.0,51.73797267361566,55400000.0,55490000.0,AM,AM,MC_EST,MC_DEF,51.73797267361566,42.47492925198883,41.51018328070275
2020,Ozan Kabak,TUR,DF,DF,Liverpool,Premier League,20,2000,801,8.9,0.0,0.0,0.0,0.0,0.0,0.0,0.0,0.0,0.02,-0.01,0.02,0.14,0.0,0.0,0.0,0.02,-0.01,0.11,0.0,0.0,0.0,,4.6,58.4,66.1,88.4,1033.9,308.0,22.9,24.7,92.7,31.2,32.8,95.2,3.37,6.97,48.4,0.11,1.46,0.0,0.0,0.0,1.91,0.34,0.34,0.0,0.0,0.0,0.0,0.0,0.0,0.0,0.0,0.0,0.0,0.0,0.0,74.6,8.31,35.2,38.8,1.46,0.67,74.6,0.34,0.56,60.0,0.45,0.34,53.4,0.11,2.13,1.12,1.24,0.45,0.45,1.35,3.15,6.07,0.34,0.0,2.92,2.25,56.5,0.0,0.0,66.36363636363636,1.0999999999999999,3.4000000000000004,10.65,55.390715943503075,67980000.0,55440000.0,DC,DC,,,55.390715943503075,,
2020,Vladimír Coufal,CZE,DF,DF,West Ham,Premier League,27,1992,3054,33.9,0.0,0.21,0.0,0.0,0.0,0.21,0.0,0.21,0.04,-0.04,0.04,0.08,0.16,0.12,0.04,0.2,-0.04,0.44,0.15,33.3,0.0,0.0,16.5,35.3,51.5,68.5,548.3,268.4,19.3,22.1,87.3,12.2,18.3,66.9,2.74,6.96,39.4,1.33,2.65,1.09,3.89,0.68,2.77,2.42,1.8,0.38,0.03,0.06,0.09,0.06,0.29,0.29,0.0,0.0,0.0,0.0,0.0,60.6,4.75,18.4,25.9,17.0,1.21,60.6,0.44,0.71,62.5,1.06,0.47,31.2,1.71,2.15,1.06,1.47,0.44,0.24,1.21,3.01,4.99,0.09,0.0,1.47,1.24,54.3,0.0,24.137931034482758,40.11363636363636,4.3999999999999995,4.3999999999999995,10.75,51.085722906155496,53330000.0,55130000.0,LB_OFF,LB_OFF,LB_DEF,,51.085722906155496,49.38906705417231,
2020,Fabián Balbuena,PAR,DF,DF,West Ham,Premier League,28,1991,1198,13.3,0.08,0.0,0.0,0.0,0.0,0.08,0.08,0.08,0.05,0.02,0.05,0.08,0.0,0.01,0.0,0.05,0.02,0.6,0.15,25.0,0.13,0.5,10.0,27.2,36.7,74.2,584.2,247.7,7.89,9.55,82.7,15.0,16.9,88.4,4.14,8.95,46.2,0.0,2.26,0.08,0.23,0.0,1.58,0.15,0.15,0.0,0.0,0.0,0.0,0.0,0.0,0.0,0.0,0.0,0.0,0.0,0.0,47.3,6.84,24.0,22.0,1.73,0.75,47.3,0.08,0.15,50.0,0.23,0.0,24.8,0.15,1.8,0.9,1.73,0.08,0.0,1.88,4.74,5.49,0.08,0.08,1.58,1.28,55.3,7.4074074074074066,0.0,30.909090909090907,6.0,0.8,9.0,55.64684777010732,68930000.0,55090000.0,DC,DC,,,55.64684777010732,,
2020,Kyle Walker,ENG,DF,DF,Manchester City,Premier League,30,1990,1946,21.6,0.05,0.05,0.0,0.0,0.0,0.09,0.05,0.09,0.01,0.03,0.01,0.03,0.03,0.04,0.02,0.04,0.03,0.46,0.14,30.0,0.1,0.33,29.2,79.1,89.9,88.0,1376.2,352.0,36.2,38.3,94.4,34.3,37.9,90.5,6.81,9.35,72.8,0.32,8.47,0.56,1.76,0.09,3.43,1.53,1.25,0.14,0.05,0.05,0.05,0.0,0.14,0.14,0.0,0.0,0.0,0.0,0.0,96.3,2.27,17.2,61.3,18.9,0.65,96.3,1.11,1.9,58.5,0.74,0.79,73.3,1.62,1.34,0.88,0.69,0.56,0.09,0.65,1.3,5.28,0.05,0.0,1.25,0.65,65.9,4.62962962962963,5.74712643678161,89.88636363636363,4.6,11.100000000000001,6.7,56.5261595767594,72250000.0,53810000.0,LB_DEF,LB_DEF,LB_OFF,,56.5261595767594,43.36241591414424,
2020,John Egan,IRL,DF,DF,Sheffield Utd,Premier League,27,1992,2629,29.2,0.0,0.03,0.0,0.0,0.0,0.03,0.0,0.03,0.03,-0.03,0.03,0.06,0.02,0.02,0.01,0.05,-0.03,0.48,0.1,21.4,0.0,0.0,11.9,31.6,38.9,81.3,639.8,230.7,10.3,11.8,87.0,17.1,19.1,89.6,3.97,7.12,55.8,0.1,2.29,0.1,0.14,0.03,1.78,0.55,0.51,0.0,0.0,0.0,0.0,0.03,0.03,0.03,0.0,0.0,0.0,0.0,0.0,49.1,7.12,25.3,22.5,1.71,0.86,49.1,0.0,0.0,,0.17,0.03,27.0,0.03,1.4,0.72,0.99,0.41,0.0,1.4,4.49,4.42,0.24,0.03,2.74,1.92,58.8,0.0,3.4482758620689653,35.909090909090914,4.8,0.0,6.999999999999999,51.45622340669426,54500000.0,53410000.0,DC,DC,,,51.45622340669426,,
2020,Aleksandar Mitrović,SRB,FW,FW,Fulham,Premier League,25,1994,1402,15.6,0.19,0.19,0.13,0.06,0.13,0.39,0.13,0.32,0.4,-0.21,0.29,0.08,0.18,0.13,0.02,0.47,-0.17,3.66,1.22,33.3,0.04,0.11,15.8,18.2,24.9,73.2,232.7,36.7,11.3,14.4,78.6,3.97,5.32,74.7,0.83,1.15,72.2,1.47,0.58,0.71,0.26,0.13,1.22,2.82,2.18,0.06,0.19,0.06,0.32,0.0,0.32,0.19,0.0,0.06,0.06,0.0,0.0,37.1,0.77,2.37,15.4,19.6,6.47,37.0,0.45,0.77,58.3,3.85,1.09,28.9,5.71,0.45,0.26,0.0,0.19,0.26,0.19,0.51,1.99,0.19,0.0,4.55,4.68,49.3,17.59259259259259,21.839080459770116,20.681818181818183,36.6,4.5,2.25,45.80234772858035,38430000.0,53220000.0,FW_SS,FW_SS,FW_ST,FW_WG,45.80234772858035,44.927739999971145,40.25384323663233
2020,Victor Lindelöf,SWE,DF,DF,Manchester Utd,Premier League,26,1994,2585,28.7,0.03,0.03,0.0,0.0,0.0,0.07,0.03,0.07,0.02,0.01,0.02,0.15,0.01,0.02,0.02,0.03,0.01,0.14,0.03,25.0,0.25,1.0,6.4,58.7,65.6,89.6,1029.9,392.7,24.3,26.2,92.9,30.0,31.7,94.8,3.76,6.31,59.7,0.21,3.21,0.17,0.03,0.0,2.82,0.52,0.52,0.0,0.0,0.0,0.0,0.0,0.14,0.14,0.0,0.0,0.0,0.0,0.0,72.7,9.13,36.9,33.4,2.75,0.28,72.7,0.07,0.14,50.0,0.31,0.1,51.8,0.1,0.77,0.35,0.42,0.35,0.0,1.05,3.31,5.05,0.0,0.0,2.23,1.15,66.0,2.7777777777777777,3.4482758620689653,66.70454545454547,1.4000000000000001,0.7000000000000001,3.85,46.886231100174584,41230000.0,52320000.0,DC,DC,,,46.886231100174584,,
2020,Miguel Almirón,PAR,MFFW,AM,Newcastle Utd,Premier League,26,1994,2429,27.0,0.15,0.04,0.04,0.0,0.0,0.19,0.15,0.19,0.12,0.03,0.12,0.1,0.11,0.08,-0.07,0.23,0.03,1.22,0.52,42.4,0.12,0.29,19.2,26.2,33.1,79.1,396.9,90.0,13.7,15.6,87.4,9.07,10.7,84.8,1.89,3.41,55.4,1.15,2.37,0.85,1.44,0.26,2.15,2.82,2.0,0.11,0.3,0.15,0.19,0.07,0.22,0.15,0.0,0.0,0.04,0.0,0.04,43.6,1.22,8.48,20.5,15.7,1.48,43.6,1.44,2.7,53.4,1.78,1.26,29.2,3.26,1.81,1.07,0.78,0.93,0.11,0.93,0.74,6.04,0.11,0.0,0.3,0.63,32.0,13.888888888888888,4.597701149425287,29.772727272727273,12.2,14.399999999999999,9.049999999999999,43.15514529730472,32150000.0,51520000.0,AM,MC_DEF,AM,MC_EST,44.08141488676005,43.15514529730472,41.174575719976694
2020,Josh Brownhill,ENG,MF,MF,Burnley,Premier League,24,1995,2813,31.3,0.0,0.03,0.22,0.0,0.0,0.03,0.0,0.03,0.06,-0.06,0.06,0.06,0.02,0.04,0.01,0.08,-0.06,1.09,0.22,20.6,0.0,0.0,21.9,29.6,38.3,77.4,410.5,99.7,17.9,20.6,87.1,8.05,10.5,76.4,1.82,3.61,50.4,0.58,2.04,0.51,0.54,0.06,2.04,1.89,1.44,0.0,0.1,0.13,0.19,0.03,0.16,0.13,0.0,0.0,0.0,0.0,0.03,47.9,2.17,8.34,26.6,13.4,1.92,47.9,0.48,0.67,71.4,1.12,0.48,25.9,1.79,1.44,0.86,0.29,0.93,0.22,2.2,1.25,6.23,0.06,0.0,2.01,1.69,54.3,0.0,3.4482758620689653,33.63636363636363,10.900000000000002,4.8,7.199999999999999,47.90992457915087,43990000.0,51080000.0,MC_DEF,MC_DEF,MC_EST,MC_ORG,47.90992457915087,35.74531775009715,33.47349461674637
2020,Ben Godfrey,ENG,DF,DF,Everton,Premier League,22,1998,2685,29.8,0.0,0.07,0.0,0.0,0.0,0.07,0.0,0.07,0.03,-0.03,0.03,0.07,0.03,0.01,0.04,0.06,-0.03,0.47,0.07,14.3,0.0,0.0,16.1,37.2,44.6,83.4,647.1,187.8,16.0,18.1,88.5,17.8,19.5,90.9,2.89,5.07,57.0,0.13,2.11,0.23,0.2,0.07,1.44,0.4,0.23,0.0,0.07,0.07,0.03,0.0,0.07,0.03,0.0,0.0,0.03,0.0,0.0,56.6,6.95,28.4,24.7,4.19,0.54,56.6,0.3,0.4,75.0,0.91,0.2,32.2,0.17,1.85,1.11,1.24,0.5,0.1,1.11,4.03,4.56,0.13,0.0,1.91,1.07,64.0,0.0,8.045977011494255,42.27272727272728,4.7,3.0,9.25,49.85496392565027,49570000.0,50970000.0,DC,DC,,,49.85496392565027,,
2020,Romain Saïss,MAR,DF,DF,Wolves,Premier League,30,1990,2407,26.7,0.11,0.0,0.07,0.0,0.0,0.11,0.11,0.11,0.11,0.0,0.11,0.11,0.01,0.02,-0.01,0.12,0.0,1.05,0.41,39.3,0.11,0.27,13.4,44.9,56.0,80.2,869.5,388.3,16.1,17.9,90.1,23.3,26.6,87.5,5.24,9.81,53.4,0.19,4.23,0.19,0.64,0.15,2.96,0.71,0.6,0.04,0.04,0.04,0.0,0.0,0.07,0.07,0.0,0.0,0.0,0.0,0.0,66.9,7.0,33.0,29.0,5.17,1.31,66.9,0.34,0.56,60.0,0.41,0.07,43.0,0.45,1.31,0.9,0.86,0.45,0.0,1.95,4.31,5.32,0.07,0.0,2.66,2.21,54.6,10.185185185185185,0.0,51.02272727272727,10.500000000000002,3.4000000000000004,6.550000000000001,58.50153037043856,80090000.0,50830000.0,DC,DC,,,58.50153037043856,,
2020,Adam Webster,ENG,DF,DF,Brighton,Premier League,25,1995,2594,28.8,0.03,0.0,0.0,0.0,0.0,0.03,0.03,0.03,0.07,-0.03,0.07,0.08,0.01,0.02,-0.01,0.08,-0.03,0.87,0.24,28.0,0.04,0.14,13.8,52.4,64.8,80.8,999.8,369.4,18.3,21.5,85.2,28.0,31.7,88.3,5.31,9.62,55.2,0.17,4.34,0.24,0.03,0.0,2.92,0.97,0.83,0.0,0.0,0.03,0.07,0.03,0.03,0.03,0.0,0.0,0.0,0.0,0.0,73.8,7.01,33.6,35.2,5.49,1.15,73.8,0.59,0.59,100.0,0.94,0.21,50.5,0.07,1.01,0.56,0.52,0.35,0.14,1.63,3.19,5.07,0.14,0.0,2.67,1.81,59.7,2.7777777777777777,0.0,59.54545454545455,8.7,5.8999999999999995,5.050000000000001,49.65530932407606,48970000.0,49770000.0,DC,DC,,,49.65530932407606,,
2020,Leander Dendoncker,BEL,MFDF,DM,Wolves,Premier League,25,1995,2503,27.8,0.04,0.0,0.0,0.0,0.0,0.04,0.04,0.04,0.11,-0.08,0.11,0.1,0.03,0.03,-0.03,0.14,-0.08,1.11,0.29,25.8,0.03,0.13,15.0,37.1,43.6,85.1,612.2,150.8,17.1,19.5,88.0,15.9,17.7,89.8,2.66,3.49,76.3,0.61,2.45,0.29,0.29,0.04,2.05,1.65,1.4,0.0,0.0,0.14,0.04,0.07,0.22,0.14,0.0,0.0,0.07,0.0,0.0,53.2,3.35,15.6,29.7,8.17,2.12,53.2,0.25,0.47,53.8,1.08,0.4,34.6,1.15,1.94,1.04,1.04,0.79,0.11,0.97,1.87,4.89,0.14,0.0,3.06,2.23,57.8,3.7037037037037033,0.0,42.159090909090914,11.100000000000001,2.5,9.700000000000001,48.04395624264054,44360000.0,49500000.0,MC_DEF,MC_DEF,DC,MC_ORG,48.04395624264054,40.256556441939004,36.729709469867835
2020,Alex Iwobi,NGA,FWMF,AM,Everton,Premier League,24,1996,1542,17.1,0.06,0.12,0.0,0.0,0.0,0.18,0.06,0.18,0.05,0.01,0.05,0.06,0.11,0.11,0.01,0.16,0.01,0.88,0.18,20.0,0.07,0.33,18.7,30.9,40.8,75.6,497.7,134.9,15.8,18.0,87.7,12.0,15.1,79.8,2.11,4.56,46.2,0.94,2.05,1.35,4.04,0.41,2.92,2.63,2.22,0.0,0.12,0.18,0.12,0.0,0.29,0.23,0.0,0.0,0.06,0.0,0.0,51.0,1.29,10.4,22.6,19.2,2.4,51.0,2.63,4.15,63.4,2.4,1.52,35.4,3.16,1.58,0.58,0.58,0.82,0.18,0.94,0.82,5.44,0.0,0.0,0.18,0.47,27.3,5.555555555555555,13.793103448275861,35.11363636363637,8.799999999999999,26.3,7.9,44.308386330766304,34800000.0,49210000.0,AM,AM,MC_EST,MC_ORG,44.308386330766304,42.10175949523411,41.18503809970964
2020,Ben Mee,ENG,DF,DF,Burnley,Premier League,30,1989,2693,29.9,0.07,0.0,0.0,0.0,0.0,0.07,0.07,0.07,0.08,-0.01,0.08,0.1,0.01,0.01,-0.01,0.09,-0.01,0.74,0.2,27.3,0.09,0.33,10.6,26.8,37.8,71.0,539.1,218.1,9.9,11.8,83.6,12.2,15.3,80.0,4.41,9.33,47.3,0.17,1.47,0.03,0.0,0.0,1.37,0.43,0.27,0.07,0.0,0.07,0.03,0.0,0.03,0.03,0.0,0.0,0.0,0.0,0.0,49.0,7.96,23.9,23.5,1.94,1.47,49.0,0.13,0.2,66.7,0.3,0.07,22.5,0.1,1.07,0.5,0.54,0.47,0.07,1.44,4.95,5.69,0.1,0.0,3.61,2.17,62.4,6.481481481481481,0.0,30.454545454545457,7.3999999999999995,1.3,5.3500000000000005,56.71387030599959,72970000.0,48070000.0,DC,DC,,,56.71387030599959,,
2020,Richarlison,BRA,FW,FW,Everton,Premier League,23,1997,2861,31.8,0.22,0.09,0.03,0.03,0.03,0.31,0.19,0.28,0.31,-0.08,0.28,0.11,0.1,0.07,-0.01,0.38,-0.09,2.52,0.98,38.8,0.08,0.19,15.1,16.5,24.9,66.5,226.8,45.1,9.78,12.3,79.7,4.97,7.26,68.4,0.72,1.42,51.1,0.79,0.82,0.47,1.16,0.03,1.01,2.8,1.73,0.0,0.31,0.19,0.57,0.0,0.25,0.13,0.0,0.06,0.03,0.03,0.0,37.1,1.7,5.88,14.4,17.6,4.56,37.1,1.92,3.21,59.8,2.2,1.76,26.2,4.94,1.57,1.01,0.66,0.69,0.22,0.44,1.13,5.16,0.13,0.03,1.23,2.3,34.8,20.37037037037037,10.344827586206897,18.75,25.2,19.2,7.85,41.323311441739364,28230000.0,47810000.0,FW_SS,FW_SS,FW_ST,FW_WG,41.323311441739364,41.07823565659815,39.703509784604044
2020,Tyrick Mitchell,ENG,DF,DF,Crystal Palace,Premier League,20,1999,1710,19.0,0.05,0.05,0.0,0.0,0.0,0.11,0.05,0.11,0.04,0.01,0.04,0.42,0.01,0.03,0.04,0.06,0.01,0.11,0.11,100.0,0.5,0.5,7.8,29.3,42.6,68.7,430.6,266.5,16.8,20.8,80.8,10.2,14.6,70.0,1.42,4.0,35.5,0.16,2.68,0.58,1.42,0.26,2.79,0.63,0.58,0.0,0.0,0.0,0.0,0.05,0.16,0.16,0.0,0.0,0.0,0.0,0.0,53.0,4.11,21.1,21.5,10.5,0.37,53.0,0.58,0.95,61.1,0.84,0.63,24.9,0.63,3.37,1.84,2.53,0.47,0.37,1.11,3.26,5.0,0.05,0.0,0.58,0.79,42.3,4.62962962962963,5.74712643678161,33.29545454545455,1.0999999999999999,5.8,16.85,48.07446395748189,44440000.0,46400000.0,LB_DEF,LB_DEF,LB_OFF,,48.07446395748189,33.1158010695,
2020,Ahmed Elmohamady,EGY,DF,DF,Aston Villa,Premier League,32,1987,839,9.3,0.0,0.0,0.0,0.0,0.0,0.0,0.0,0.0,0.05,-0.04,0.05,0.05,0.11,0.13,-0.11,0.15,-0.04,0.97,0.11,11.1,0.0,0.0,11.9,50.3,66.5,75.7,883.7,341.9,23.2,25.9,89.6,21.2,27.4,77.3,5.38,10.4,51.5,1.4,3.66,2.26,4.19,0.75,3.87,2.9,2.37,0.22,0.0,0.11,0.0,0.22,0.11,0.0,0.11,0.0,0.0,0.0,0.0,74.0,3.87,24.4,29.2,20.6,1.51,74.0,0.22,0.32,66.7,0.54,0.32,40.2,2.26,1.83,1.4,1.29,0.43,0.11,1.83,2.8,6.77,0.22,0.0,1.94,0.97,66.7,0.0,0.0,57.15909090909091,9.700000000000001,2.1999999999999997,9.15,68.36450734589644,127810000.0,46010000.0,LB_DEF,LB_DEF,LB_OFF,,68.36450734589644,64.19346736406978,
2020,Jack Stephens,ENG,DF,DF,Southampton,Premier League,26,1994,1537,17.1,0.0,0.0,0.0,0.0,0.0,0.0,0.0,0.0,0.05,-0.05,0.05,0.13,0.02,0.02,-0.02,0.06,-0.05,0.35,0.12,33.3,0.0,0.0,9.2,50.3,62.4,80.6,912.6,362.9,20.5,23.6,87.1,24.3,27.9,87.0,4.56,8.71,52.3,0.35,3.92,0.53,0.12,0.0,3.22,1.0,0.94,0.0,0.0,0.0,0.0,0.06,0.0,0.0,0.0,0.0,0.0,0.0,0.0,72.4,6.73,31.4,37.5,4.04,0.64,72.4,0.12,0.29,40.0,0.7,0.29,46.8,0.12,1.99,1.11,1.11,0.88,0.0,1.64,3.74,5.91,0.12,0.0,1.17,1.05,52.6,0.0,0.0,57.15909090909091,3.4999999999999996,1.2,9.950000000000001,50.661760358531346,52010000.0,45630000.0,DC,DC,,,50.661760358531346,,
2020,Ricardo Pereira,POR,DFFW,DF,Leicester City,Premier League,26,1993,959,10.7,0.0,0.09,0.0,0.0,0.0,0.09,0.0,0.09,0.03,-0.03,0.03,0.05,0.06,0.07,0.04,0.09,-0.03,0.66,0.38,57.1,0.0,0.0,20.1,39.1,51.2,76.3,561.5,181.2,23.8,27.6,86.4,12.1,16.1,75.6,1.87,3.55,52.6,0.93,2.43,1.21,1.4,0.19,3.27,2.15,1.96,0.0,0.09,0.0,0.0,0.09,0.28,0.19,0.0,0.0,0.0,0.0,0.09,65.0,2.24,17.3,25.9,22.1,2.52,65.0,1.31,2.8,46.7,1.96,1.5,39.9,2.34,2.9,2.06,1.5,0.75,0.65,1.4,2.15,4.95,0.28,0.0,1.03,1.21,45.8,0.0,10.344827586206897,44.43181818181819,6.6000000000000005,13.100000000000001,14.499999999999998,58.525696380273764,80190000.0,45100000.0,LB_DEF,LB_DEF,LB_OFF,FW_WG,58.525696380273764,50.72487154594033,27.894063630383336
2020,Conor Townsend,ENG,DF,DF,West Brom,Premier League,27,1993,2234,24.8,0.0,0.08,0.08,0.0,0.0,0.08,0.0,0.08,0.04,-0.04,0.04,0.1,0.11,0.08,-0.03,0.15,-0.04,0.44,0.16,36.4,0.0,0.0,17.4,35.6,48.2,73.8,605.2,288.8,15.7,18.2,86.3,15.7,20.3,77.5,3.15,7.3,43.1,0.93,3.31,1.05,2.5,0.48,3.67,1.85,1.45,0.16,0.0,0.12,0.08,0.04,0.16,0.16,0.0,0.0,0.0,0.0,0.0,57.3,3.91,18.8,26.4,12.8,1.13,57.3,0.44,1.09,40.7,1.33,0.28,31.0,0.93,1.77,1.13,1.29,0.36,0.12,1.45,2.22,5.44,0.0,0.0,1.69,1.37,55.3,0.0,9.195402298850574,40.45454545454545,4.3999999999999995,4.3999999999999995,8.85,49.43256703728311,48320000.0,44940000.0,LB_DEF,LB_DEF,LB_OFF,,49.43256703728311,45.95723240544976,
2020,Matt Phillips,SCO,MF,MF,West Brom,Premier League,29,1991,1828,20.3,0.1,0.05,0.05,0.0,0.0,0.15,0.1,0.15,0.14,-0.04,0.14,0.13,0.17,0.12,-0.12,0.31,-0.04,1.08,0.49,45.5,0.09,0.2,20.6,18.9,27.7,68.2,297.2,98.5,9.95,12.5,79.8,6.31,8.72,72.3,1.53,3.35,45.6,1.28,1.28,1.03,3.55,0.54,2.02,2.26,1.63,0.34,0.2,0.1,0.0,0.0,0.1,0.1,0.0,0.0,0.0,0.0,0.0,39.7,2.27,8.72,14.3,17.2,2.12,39.7,1.18,2.76,42.9,2.56,1.23,23.2,3.05,0.74,0.39,0.2,0.54,0.0,0.49,1.58,5.27,0.05,0.0,0.79,1.77,30.8,9.25925925925926,5.74712643678161,21.477272727272727,10.8,11.799999999999999,3.6999999999999997,42.94508964608756,31680000.0,44860000.0,AM,AM,MC_EST,MC_ORG,42.94508964608756,32.628982464036085,28.327512790132204
2020,Ola Aina,NGA,DF,DF,Fulham,Premier League,23,1996,2664,29.6,0.07,0.03,0.03,0.0,0.0,0.1,0.07,0.1,0.04,0.03,0.04,0.09,0.05,0.04,-0.02,0.09,0.03,0.47,0.14,28.6,0.14,0.5,24.6,45.7,59.8,76.4,770.2,309.4,21.7,24.2,89.5,19.1,23.8,80.3,3.78,8.68,43.6,0.51,3.11,0.51,1.76,0.3,2.47,0.91,0.78,0.1,0.0,0.0,0.03,0.0,0.14,0.14,0.0,0.0,0.0,0.0,0.0,68.5,3.55,26.1,32.1,11.0,0.61,68.5,0.71,1.11,63.6,0.91,0.34,42.3,0.84,1.25,0.68,0.74,0.24,0.27,1.52,3.18,4.97,0.1,0.0,1.05,1.22,46.3,6.481481481481481,3.4482758620689653,51.93181818181819,4.7,7.1,6.25,47.566220747389195,43050000.0,44150000.0,LB_DEF,LB_DEF,LB_OFF,,47.566220747389195,33.76011175512783,
2020,Ben Davies,WAL,DF,DF,Tottenham,Premier League,27,1993,1346,15.0,0.0,0.07,0.0,0.0,0.0,0.07,0.0,0.07,0.01,-0.01,0.01,0.07,0.04,0.04,0.03,0.05,-0.01,0.2,0.0,0.0,0.0,,13.0,41.8,54.5,76.7,670.6,266.7,21.1,23.7,89.0,16.8,20.1,83.4,2.73,7.33,37.3,0.53,3.07,0.53,2.2,0.27,2.4,1.2,0.8,0.07,0.07,0.0,0.13,0.13,0.27,0.13,0.0,0.07,0.0,0.07,0.0,62.5,5.07,20.0,30.5,12.6,0.87,62.5,0.2,0.47,42.9,0.33,0.13,36.8,1.33,1.8,1.13,0.67,0.73,0.4,1.2,3.27,3.47,0.07,0.0,1.73,1.53,53.1,0.0,8.045977011494255,47.5,2.0,2.0,9.0,47.53937060921125,42980000.0,43940000.0,LB_DEF,LB_DEF,LB_OFF,,47.53937060921125,33.37452684529488,
2020,Chris Basham,ENG,DFMF,DM,Sheffield Utd,Premier League,32,1988,2576,28.6,0.0,0.03,0.0,0.0,0.0,0.03,0.0,0.03,0.03,-0.02,0.03,0.07,0.03,0.03,0.0,0.06,-0.02,0.35,0.03,10.0,0.0,0.0,13.3,32.8,40.3,81.4,519.0,154.3,17.2,19.5,88.5,12.7,14.9,85.4,2.17,4.06,53.4,0.38,1.75,0.49,0.87,0.21,1.57,0.87,0.66,0.03,0.1,0.0,0.07,0.0,0.07,0.0,0.03,0.03,0.0,0.0,0.0,52.8,5.91,20.1,23.0,10.3,1.43,52.8,0.73,1.05,70.0,1.05,0.66,27.6,1.22,2.41,1.47,1.43,0.8,0.17,1.71,3.67,5.52,0.17,0.0,1.89,2.13,47.0,0.0,3.4482758620689653,37.272727272727266,3.4999999999999996,7.3,12.05,55.12845742509177,67020000.0,43490000.0,LB_DEF,LB_DEF,MC_DEF,MC_EST,55.12845742509177,52.837196498167,33.074381494954395
2020,Tyler Roberts,WAL,MFFW,AM,Leeds United,Premier League,21,1999,1340,14.9,0.07,0.13,0.0,0.0,0.0,0.2,0.07,0.2,0.12,-0.05,0.12,0.07,0.16,0.07,-0.02,0.28,-0.05,1.75,0.81,46.2,0.04,0.08,19.4,22.4,32.1,69.9,310.1,74.4,12.8,15.6,82.0,6.17,8.26,74.8,1.34,3.09,43.5,1.07,1.95,1.14,0.81,0.07,2.21,2.62,1.95,0.0,0.2,0.07,0.4,0.0,0.13,0.13,0.0,0.0,0.0,0.0,0.0,41.7,1.07,4.97,20.7,16.5,2.42,41.7,1.14,1.68,68.0,2.15,1.01,31.8,5.44,1.01,0.87,0.07,0.74,0.2,0.6,0.81,3.83,0.2,0.0,1.28,1.54,45.2,6.481481481481481,14.942528735632186,25.454545454545453,17.5,11.399999999999999,5.050000000000001,40.7061873094865,26980000.0,42930000.0,AM,AM,MC_EST,MC_DEF,40.7061873094865,36.72200890277963,32.590389700135134
2020,Ciaran Clark,IRL,DF,DF,Newcastle Utd,Premier League,30,1989,1891,21.0,0.05,0.0,0.0,0.0,0.0,0.05,0.05,0.05,0.03,0.01,0.03,0.08,0.01,0.01,0.0,0.04,0.01,0.38,0.1,25.0,0.13,0.5,11.1,31.3,38.5,81.3,557.7,215.8,12.8,14.6,87.6,15.0,17.4,86.6,2.71,5.1,53.3,0.1,1.71,0.14,0.0,0.0,1.62,0.33,0.29,0.0,0.05,0.0,0.0,0.0,0.05,0.05,0.0,0.0,0.0,0.0,0.0,48.9,8.52,29.1,17.8,2.29,0.76,48.9,0.19,0.38,50.0,0.52,0.05,27.0,0.19,1.14,0.67,0.71,0.29,0.14,1.38,4.95,5.0,0.14,0.0,3.29,1.9,63.3,4.62962962962963,0.0,35.56818181818182,3.8,1.9,5.699999999999999,56.49260171553202,72120000.0,42640000.0,DC,DC,,,56.49260171553202,,
2020,Rúben Dias,POR,DF,DF,Manchester City,Premier League,23,1997,2843,31.6,0.03,0.0,0.0,0.0,0.0,0.03,0.03,0.03,0.06,-0.03,0.06,0.13,0.0,0.01,0.0,0.06,-0.03,0.44,0.19,42.9,0.07,0.17,8.3,80.1,86.1,93.0,1528.8,519.1,25.1,26.6,94.4,47.4,49.2,96.5,6.65,8.7,76.4,0.09,5.09,0.16,0.06,0.03,3.54,0.7,0.63,0.0,0.0,0.03,0.03,0.0,0.06,0.03,0.0,0.0,0.03,0.0,0.0,93.5,7.78,33.1,58.4,2.37,0.92,93.5,0.19,0.25,75.0,0.32,0.13,74.9,0.06,0.76,0.41,0.41,0.25,0.09,1.11,2.91,4.27,0.13,0.0,1.93,1.23,61.0,2.7777777777777777,0.0,91.02272727272727,4.3999999999999995,1.9,3.8,43.26076937326286,32380000.0,42470000.0,DC,DC,,,43.26076937326286,,
2020,Jayden Bogle,ENG,DFMF,DM,Sheffield Utd,Premier League,20,2000,1110,12.3,0.16,0.0,0.0,0.0,0.0,0.16,0.16,0.16,0.16,0.01,0.16,0.11,0.02,0.03,-0.02,0.17,0.01,1.38,0.57,41.2,0.12,0.29,13.1,24.1,31.5,76.5,311.7,114.6,15.4,17.4,88.3,5.77,7.8,74.0,0.65,2.28,28.6,0.33,1.14,0.73,0.98,0.08,1.71,0.97,0.57,0.16,0.16,0.0,0.08,0.0,0.0,0.0,0.0,0.0,0.0,0.0,0.0,45.4,2.11,12.6,13.8,19.8,2.68,45.4,0.89,2.52,35.5,1.63,1.38,23.5,2.44,2.68,1.87,1.71,0.81,0.16,1.14,1.79,5.2,0.16,0.0,1.46,1.79,45.0,14.814814814814813,0.0,27.386363636363637,13.799999999999999,8.9,13.4,46.41796859104008,40010000.0,42340000.0,MC_DEF,LB_DEF,MC_DEF,LB_OFF,47.107586626878515,46.41796859104008,34.49052256034537
2020,Callum Robinson,IRL,FWMF,AM,West Brom,Premier League,25,1995,1560,17.3,0.29,0.0,0.0,0.0,0.0,0.29,0.29,0.29,0.18,0.11,0.18,0.1,0.06,0.05,-0.06,0.24,0.11,1.79,0.63,35.5,0.16,0.45,19.8,17.3,25.0,69.1,246.4,56.1,9.83,11.8,83.3,4.86,6.99,69.4,1.33,2.6,51.1,0.92,1.33,0.64,2.31,0.29,0.92,2.65,1.91,0.0,0.4,0.12,0.23,0.0,0.23,0.06,0.0,0.06,0.0,0.12,0.0,34.2,0.92,4.8,11.6,18.2,2.66,34.2,0.87,1.68,51.7,2.25,1.39,23.8,5.03,0.4,0.29,0.29,0.06,0.06,0.4,0.46,4.45,0.0,0.0,1.04,2.6,28.6,26.851851851851848,0.0,19.65909090909091,17.9,8.7,2.0,41.86041450455076,29340000.0,41610000.0,FW_ST,FW_ST,FW_WG,FW_SS,41.86041450455076,41.62327564953797,40.49009518251691
2020,Joelinton,BRA,FWMF,AM,Newcastle Utd,Premier League,23,1996,1983,22.0,0.18,0.09,0.0,0.05,0.05,0.27,0.14,0.23,0.25,-0.06,0.21,0.11,0.11,0.05,-0.02,0.32,-0.07,1.95,0.86,44.2,0.07,0.16,15.4,19.4,27.2,71.4,244.8,46.3,11.7,15.0,77.6,5.23,6.91,75.7,0.64,1.05,60.9,0.77,1.09,0.41,0.55,0.05,1.27,2.45,1.5,0.0,0.27,0.18,0.41,0.09,0.32,0.14,0.0,0.09,0.05,0.05,0.0,41.8,1.5,5.59,22.4,14.6,3.45,41.8,1.68,3.05,55.2,3.64,1.91,29.0,3.82,1.5,0.95,0.32,0.95,0.23,0.41,1.09,4.77,0.14,0.0,3.68,5.36,40.7,16.666666666666664,10.344827586206897,22.045454545454543,19.5,16.799999999999997,7.5,40.452818024941486,26480000.0,39930000.0,FW_ST,FW_ST,MC_EST,FW_WG,40.452818024941486,37.68350768757888,36.306974090589286
2020,Matěj Vydra,CZE,FW,FW,Burnley,Premier League,28,1992,1371,15.2,0.2,0.13,0.0,0.0,0.0,0.33,0.2,0.33,0.34,-0.14,0.34,0.15,0.12,0.07,0.01,0.46,-0.14,2.3,0.59,25.7,0.09,0.33,13.7,11.2,15.8,70.8,114.1,21.4,8.09,10.3,78.3,1.25,1.84,67.9,0.33,0.66,50.0,0.92,0.59,0.59,0.2,0.0,0.99,2.1,1.05,0.0,0.53,0.33,0.2,0.0,0.2,0.13,0.0,0.07,0.0,0.0,0.0,26.6,0.59,0.99,9.21,16.7,5.79,26.6,1.05,1.71,61.5,3.42,1.45,20.5,7.43,0.59,0.33,0.13,0.26,0.2,0.39,0.33,2.7,0.0,0.0,2.3,5.86,28.2,18.51851851851852,14.942528735632186,12.727272727272727,23.0,10.500000000000002,2.9499999999999997,42.239192201761824,30140000.0,39880000.0,FW_SS,FW_SS,FW_ST,FW_WG,42.239192201761824,40.385354330398386,38.75006935011302
2020,Fábio Silva,POR,FW,FW,Wolves,Premier League,18,2002,1369,15.2,0.26,0.2,0.0,0.07,0.07,0.46,0.2,0.39,0.35,-0.09,0.29,0.1,0.07,0.03,0.13,0.36,-0.1,3.09,1.05,34.0,0.06,0.19,13.0,15.6,21.7,71.8,179.5,21.4,10.1,12.5,80.5,3.42,5.07,67.5,0.33,0.92,35.7,0.72,0.46,0.33,0.33,0.0,0.86,1.91,1.12,0.0,0.13,0.46,0.2,0.0,0.2,0.13,0.0,0.0,0.0,0.07,0.0,33.2,0.59,2.76,15.3,15.2,5.2,33.1,0.46,1.38,33.3,2.96,1.38,23.5,4.93,0.39,0.26,0.07,0.26,0.07,0.26,0.33,2.83,0.13,0.0,2.24,4.61,32.7,24.074074074074073,22.98850574712644,17.727272727272727,30.9,4.6,1.95,39.55237343812289,24750000.0,39550000.0,FW_ST,FW_ST,FW_SS,FW_WG,39.55237343812289,30.00673367326479,28.6379618740897
2020,Marcos Alonso,ESP,DF,DF,Chelsea,Premier League,29,1990,960,10.7,0.19,0.0,0.47,0.0,0.0,0.19,0.19,0.19,0.17,0.02,0.17,0.08,0.13,0.09,-0.12,0.3,0.02,2.06,0.84,40.9,0.09,0.22,17.6,46.1,57.0,80.8,700.4,234.2,26.0,28.6,90.8,17.2,20.7,83.3,2.24,4.58,49.0,1.4,2.71,0.75,2.24,0.09,3.36,3.38,2.71,0.19,0.0,0.47,0.0,0.0,0.28,0.19,0.0,0.0,0.09,0.0,0.0,67.2,3.08,18.5,27.7,21.8,3.46,67.2,0.84,1.59,52.9,1.21,0.84,42.0,3.36,1.21,0.28,0.56,0.37,0.28,1.12,2.8,5.51,0.19,0.0,2.15,1.4,60.5,17.59259259259259,0.0,52.38636363636364,20.6,8.399999999999999,6.05,52.69532847599433,58530000.0,39510000.0,LB_DEF,LB_DEF,LB_OFF,,52.69532847599433,52.43624228701352,
2020,Tariq Lamptey,GHA,DFMF,DM,Brighton,Premier League,19,2000,886,9.8,0.1,0.1,0.0,0.0,0.0,0.2,0.1,0.2,0.07,0.03,0.07,0.11,0.08,0.08,0.02,0.15,0.03,0.61,0.2,33.3,0.17,0.5,11.9,38.0,50.4,75.3,548.1,131.4,21.7,24.2,89.9,12.7,17.8,71.3,1.73,3.98,43.6,0.92,1.53,1.22,3.47,0.82,1.94,2.34,1.84,0.0,0.0,0.0,0.51,0.0,0.41,0.2,0.0,0.0,0.0,0.2,0.0,62.8,2.14,15.9,25.4,22.6,2.65,62.8,1.33,2.96,44.8,2.14,0.61,38.2,3.57,1.73,0.92,0.71,0.61,0.41,1.94,1.22,6.02,0.41,0.1,0.51,1.12,31.3,9.25925925925926,11.49425287356322,43.18181818181818,6.1,13.3,8.649999999999999,51.251426223431515,53850000.0,39040000.0,MC_DEF,MC_DEF,LB_DEF,LB_OFF,51.251426223431515,51.01447765865485,50.96295373172603
2020,Ezri Konsa,ENG,DF,DF,Aston Villa,Premier League,22,1997,3196,35.5,0.06,0.0,0.0,0.0,0.0,0.06,0.06,0.06,0.07,-0.01,0.07,0.11,0.0,0.0,0.0,0.07,-0.01,0.62,0.2,31.8,0.09,0.29,9.7,31.0,36.8,84.4,609.0,177.6,9.15,10.6,86.0,18.2,19.8,92.0,3.18,5.18,61.4,0.06,1.04,0.06,0.08,0.0,0.73,0.2,0.17,0.0,0.0,0.03,0.0,0.0,0.0,0.0,0.0,0.0,0.0,0.0,0.0,46.6,8.85,27.0,17.7,2.06,0.96,46.6,0.17,0.17,100.0,0.51,0.2,26.8,0.14,0.7,0.37,0.51,0.17,0.03,0.82,4.56,4.39,0.08,0.0,2.62,1.52,63.3,5.555555555555555,0.0,35.22727272727273,6.2,1.7000000000000002,3.4999999999999996,44.43232333910057,35090000.0,38440000.0,DC,DC,,,44.43232333910057,,
2020,Aaron Cresswell,ENG,DF,DF,West Ham,Premier League,30,1989,3170,35.2,0.0,0.23,0.31,0.0,0.0,0.23,0.0,0.23,0.03,-0.03,0.03,0.05,0.18,0.14,0.04,0.21,-0.03,0.54,0.11,21.1,0.0,0.0,25.4,45.1,60.8,74.1,813.4,393.3,21.4,24.1,89.0,17.2,21.4,80.3,5.62,12.2,46.2,1.65,4.94,0.74,5.88,0.51,3.18,2.95,1.48,1.25,0.03,0.14,0.06,0.0,0.4,0.17,0.14,0.0,0.06,0.03,0.0,66.3,4.8,21.4,30.3,15.3,0.4,66.3,0.11,0.28,40.0,0.37,0.26,38.1,1.02,0.91,0.37,0.43,0.43,0.06,0.91,2.24,5.54,0.09,0.0,0.99,0.82,54.7,0.0,26.436781609195403,51.25000000000001,5.4,1.0999999999999999,4.55,51.140315524435366,53500000.0,37390000.0,LB_OFF,LB_OFF,LB_DEF,,51.140315524435366,44.34892477782643,
2020,Eric Bailly,CIV,DF,DF,Manchester Utd,Premier League,26,1994,916,10.2,0.0,0.0,0.0,0.0,0.0,0.0,0.0,0.0,0.01,-0.01,0.01,0.05,0.0,0.01,0.0,0.01,-0.01,0.2,0.0,0.0,0.0,,11.2,48.7,55.3,88.1,882.5,328.3,18.1,19.6,92.5,26.3,29.3,89.6,3.63,4.8,75.5,0.0,2.55,0.0,0.0,0.0,3.24,0.39,0.39,0.0,0.0,0.0,0.0,0.0,0.1,0.1,0.0,0.0,0.0,0.0,0.0,63.6,8.82,33.0,29.8,1.27,0.29,63.6,0.39,0.39,100.0,0.69,0.0,41.5,0.0,0.49,0.49,0.29,0.1,0.1,1.27,3.53,7.16,0.29,0.0,2.35,1.67,58.5,0.0,0.0,55.34090909090909,2.0,3.9,2.45,50.88969682580837,52720000.0,37070000.0,DC,DC,,,50.88969682580837,,
2020,Ivan Cavaleiro,POR,FW,FW,Fulham,Premier League,26,1993,2472,27.5,0.11,0.0,0.04,0.04,0.07,0.11,0.07,0.07,0.23,-0.12,0.17,0.11,0.1,0.09,-0.1,0.27,-0.1,1.64,0.55,33.3,0.04,0.13,18.1,21.4,31.2,68.7,320.1,76.5,11.5,14.4,80.3,6.51,9.35,69.6,1.67,3.64,46.0,1.56,0.95,1.16,4.44,0.44,1.85,3.1,2.07,0.62,0.11,0.11,0.18,0.0,0.07,0.04,0.0,0.0,0.0,0.04,0.0,42.9,0.87,5.24,17.0,21.2,2.65,42.8,1.93,3.56,54.1,3.64,1.82,29.9,5.89,0.84,0.51,0.33,0.4,0.11,0.69,0.51,4.47,0.07,0.0,1.75,3.2,35.3,10.185185185185185,0.0,24.318181818181817,16.4,19.3,4.199999999999999,38.54055332183726,22900000.0,36900000.0,FW_SS,FW_SS,FW_WG,FW_ST,38.54055332183726,34.392724107479594,30.486288001641444
2020,John Stones,ENG,DF,DF,Manchester City,Premier League,26,1994,1933,21.5,0.19,0.0,0.0,0.0,0.0,0.19,0.19,0.19,0.08,0.1,0.08,0.12,0.0,0.02,0.0,0.09,0.1,0.7,0.23,33.3,0.27,0.8,13.9,75.3,80.8,93.3,1294.9,390.8,31.7,33.1,95.9,37.5,39.2,95.7,4.47,6.19,72.2,0.09,5.35,0.19,0.05,0.0,3.26,0.84,0.7,0.0,0.05,0.05,0.05,0.0,0.09,0.09,0.0,0.0,0.0,0.0,0.0,87.7,6.37,31.4,51.1,5.53,0.79,87.7,0.47,0.51,90.9,0.19,0.09,70.5,0.09,0.98,0.47,0.6,0.23,0.14,0.84,2.6,4.93,0.0,0.05,1.77,0.88,66.7,17.59259259259259,0.0,85.56818181818181,6.999999999999999,4.7,4.9,42.96178057115139,31720000.0,36850000.0,DC,DC,,,42.96178057115139,,
2020,Semi Ajayi,NGA,DF,DF,West Brom,Premier League,26,1993,2780,30.9,0.06,0.0,0.0,0.0,0.0,0.06,0.06,0.06,0.06,0.0,0.06,0.15,0.02,0.01,-0.02,0.08,0.0,0.42,0.13,30.8,0.15,0.5,9.8,23.3,32.3,72.0,451.2,207.2,8.54,10.2,83.5,12.1,14.9,81.3,2.46,6.08,40.4,0.23,2.2,0.13,0.23,0.0,1.81,0.45,0.42,0.0,0.03,0.0,0.0,0.0,0.06,0.06,0.0,0.0,0.0,0.0,0.0,42.7,7.15,22.3,18.0,2.72,1.36,42.7,0.32,0.58,55.6,0.78,0.16,21.0,0.16,1.29,0.45,1.1,0.19,0.0,1.36,3.95,5.21,0.1,0.03,2.39,1.75,57.8,5.555555555555555,0.0,26.477272727272727,4.199999999999999,3.2,6.45,44.5617852378249,35400000.0,36840000.0,DC,DC,,,44.5617852378249,,
2020,John Fleck,SCO,MF,MF,Sheffield Utd,Premier League,28,1991,2575,28.6,0.0,0.07,0.0,0.0,0.0,0.07,0.0,0.07,0.02,-0.02,0.02,0.03,0.1,0.08,-0.03,0.12,-0.02,0.59,0.17,29.4,0.0,0.0,24.6,34.0,43.5,78.0,497.5,158.5,18.9,20.7,91.1,10.3,12.7,81.3,2.45,6.01,40.7,1.15,3.85,0.77,3.36,0.17,3.01,2.52,1.78,0.52,0.07,0.07,0.07,0.0,0.1,0.07,0.03,0.0,0.0,0.0,0.0,51.3,1.29,8.74,25.9,17.4,0.8,51.3,1.05,1.89,55.6,1.05,0.84,32.1,1.36,1.78,1.15,0.98,0.63,0.17,0.98,0.42,5.45,0.14,0.0,0.42,0.7,37.5,0.0,8.045977011494255,38.63636363636363,5.8999999999999995,10.500000000000002,8.9,43.860763812599885,33750000.0,36500000.0,MC_DEF,MC_DEF,MC_ORG,MC_EST,43.860763812599885,42.00027360373081,37.93987532340486
2020,Steven Bergwijn,NED,FWMF,AM,Tottenham,Premier League,22,1997,1208,13.4,0.07,0.22,0.0,0.0,0.0,0.3,0.07,0.3,0.15,-0.07,0.15,0.13,0.06,0.06,0.16,0.21,-0.07,1.12,0.45,40.0,0.07,0.17,17.1,26.1,32.1,81.4,317.0,53.3,17.0,19.0,89.8,6.72,8.73,76.9,0.3,1.27,23.5,0.97,1.12,0.6,0.97,0.0,0.97,2.61,1.79,0.07,0.15,0.22,0.37,0.0,0.52,0.22,0.0,0.15,0.07,0.07,0.0,41.3,0.82,6.12,17.7,18.4,2.39,41.3,1.64,3.36,48.9,2.24,1.12,30.5,5.0,1.12,0.52,0.6,0.22,0.3,0.37,0.67,5.67,0.22,0.0,0.15,0.75,16.7,6.481481481481481,25.287356321839084,29.659090909090914,11.200000000000001,16.4,5.6000000000000005,37.78608272591404,21580000.0,36240000.0,AM,AM,FW_SS,FW_WG,37.78608272591404,35.76778573985921,35.51398280600239
2020,Kieran Tierney,SCO,DF,DF,Arsenal,Premier League,23,1997,2299,25.5,0.04,0.12,0.0,0.0,0.0,0.16,0.04,0.16,0.02,0.02,0.02,0.03,0.14,0.11,-0.02,0.16,0.02,0.59,0.12,20.0,0.07,0.33,24.0,44.3,59.7,74.2,722.9,200.8,22.4,25.5,87.7,18.4,24.1,76.5,2.82,7.49,37.7,1.22,2.51,1.22,4.9,0.59,2.82,2.23,1.76,0.08,0.2,0.04,0.16,0.0,0.31,0.12,0.0,0.16,0.0,0.04,0.0,67.4,3.69,19.8,25.4,22.9,1.73,67.4,0.63,1.18,53.3,0.94,0.55,43.1,3.22,1.06,0.59,0.2,0.55,0.31,0.63,2.47,4.51,0.16,0.0,0.63,1.65,27.6,3.7037037037037033,13.793103448275861,50.34090909090909,5.8999999999999995,6.3,5.300000000000001,41.7865774449249,29190000.0,35660000.0,LB_OFF,LB_OFF,LB_DEF,,41.7865774449249,37.238489975165386,
2020,Séamus Coleman,IRL,DFMF,DM,Everton,Premier League,31,1988,1613,17.9,0.0,0.17,0.0,0.0,0.0,0.17,0.0,0.17,0.05,-0.05,0.05,0.07,0.1,0.09,0.07,0.15,-0.05,0.67,0.22,33.3,0.0,0.0,19.7,34.6,42.7,81.0,546.3,193.7,19.6,21.5,90.9,11.5,14.2,80.7,2.68,4.69,57.1,1.06,1.79,0.78,1.96,0.17,2.4,1.9,1.51,0.0,0.11,0.11,0.17,0.0,0.28,0.22,0.0,0.0,0.0,0.06,0.0,53.6,4.08,18.0,23.5,12.9,1.51,53.6,1.12,1.84,60.6,1.51,1.28,32.1,2.74,2.18,1.45,1.17,0.78,0.22,0.73,2.07,6.93,0.0,0.0,0.5,0.61,45.0,0.0,19.54022988505747,39.31818181818182,6.7,11.200000000000001,10.900000000000002,52.041618171471505,56380000.0,35570000.0,MC_DEF,LB_DEF,MC_DEF,LB_OFF,53.699548562519894,52.041618171471505,43.524432314383986
2020,Ben Osborn,ENG,MFDF,DM,Sheffield Utd,Premier League,25,1994,1604,17.8,0.06,0.0,0.0,0.0,0.0,0.06,0.06,0.06,0.06,-0.01,0.06,0.13,0.12,0.11,-0.11,0.18,-0.01,0.5,0.22,44.4,0.11,0.25,18.4,37.1,48.3,76.8,500.3,174.3,23.6,26.2,90.1,9.49,12.4,76.5,1.85,4.78,38.8,0.96,2.98,1.52,3.82,0.62,2.87,1.91,1.69,0.22,0.0,0.0,0.0,0.0,0.0,0.0,0.0,0.0,0.0,0.0,0.0,57.2,1.74,11.1,23.8,23.1,1.57,57.2,1.07,1.46,73.1,2.36,1.4,39.3,3.65,1.85,1.01,0.84,0.56,0.45,0.67,0.96,5.34,0.06,0.0,0.67,0.96,41.4,5.555555555555555,0.0,42.159090909090914,5.0,10.700000000000001,9.25,44.8697562414233,36130000.0,35570000.0,MC_DEF,LB_OFF,MC_DEF,LB_DEF,44.960284216347915,44.8697562414233,42.34612527248408
2020,Jaïro Riedewald,NED,MF,MF,Crystal Palace,Premier League,23,1996,1820,20.2,0.1,0.0,0.0,0.0,0.0,0.1,0.1,0.1,0.03,0.07,0.03,0.07,0.04,0.04,-0.04,0.07,0.07,0.4,0.1,25.0,0.25,1.0,21.0,26.8,31.5,85.1,398.7,121.2,14.0,15.8,88.7,9.75,10.8,90.0,1.68,2.33,72.3,0.54,2.92,0.4,0.1,0.0,2.82,0.94,0.89,0.0,0.0,0.05,0.0,0.0,0.0,0.0,0.0,0.0,0.0,0.0,0.0,40.5,1.93,10.5,23.4,7.33,0.74,40.5,0.64,0.94,68.4,1.39,0.45,23.9,0.89,1.68,0.74,0.64,0.84,0.2,1.44,1.24,4.85,0.2,0.0,0.59,0.45,57.1,9.25925925925926,0.0,30.454545454545457,4.0,6.4,8.399999999999999,44.264654373090586,34690000.0,35250000.0,MC_DEF,MC_DEF,MC_ORG,MC_EST,44.264654373090586,33.070433492436266,29.707157184533038
2020,Matt Ritchie,SCO,DFMF,DM,Newcastle Utd,Premier League,30,1989,1350,15.0,0.0,0.13,0.13,0.0,0.0,0.13,0.0,0.13,0.03,-0.03,0.03,0.04,0.14,0.14,-0.01,0.17,-0.03,0.73,0.07,9.1,0.0,0.0,22.6,27.4,40.7,67.3,490.9,198.9,12.9,14.9,87.0,9.07,12.8,70.8,4.4,10.8,40.7,1.67,2.13,1.07,7.0,0.87,1.87,2.93,1.53,1.13,0.07,0.07,0.13,0.0,0.27,0.13,0.07,0.0,0.0,0.07,0.0,49.3,3.67,14.6,19.5,15.7,0.67,49.3,0.53,1.0,53.3,0.8,0.33,25.2,1.53,0.67,0.2,0.33,0.2,0.13,0.8,3.13,4.2,0.13,0.0,0.8,1.13,41.4,0.0,14.942528735632186,31.136363636363633,7.3,5.300000000000001,3.35,46.09110364300182,39170000.0,34430000.0,AM,AM,LB_OFF,MC_ORG,46.09110364300182,38.50542046628846,37.814220143237634
2020,Rayan Aït Nouri,FRA,DF,DF,Wolves,Premier League,19,2001,1404,15.6,0.06,0.06,0.0,0.0,0.0,0.13,0.06,0.13,0.04,0.03,0.04,0.04,0.04,0.05,0.03,0.08,0.03,0.96,0.38,40.0,0.07,0.17,19.8,42.4,51.6,82.2,630.0,170.8,23.2,25.1,92.3,15.9,19.0,83.8,1.6,3.65,43.9,0.9,2.24,1.03,3.91,0.38,2.18,2.05,1.35,0.26,0.38,0.0,0.06,0.0,0.06,0.06,0.0,0.0,0.0,0.0,0.0,62.8,2.63,16.9,27.4,19.2,1.6,62.8,1.67,3.46,48.1,1.92,1.22,39.6,2.12,1.86,1.03,1.15,0.64,0.06,0.96,1.6,5.51,0.06,0.0,0.32,1.47,17.9,5.555555555555555,6.896551724137931,48.18181818181818,9.6,16.7,9.3,43.781475207574,33570000.0,33480000.0,LB_DEF,LB_DEF,LB_OFF,,43.781475207574,38.43335419967826,
2020,Moussa Djenepo,MLI,MF,MF,Southampton,Premier League,22,1998,1240,13.8,0.07,0.0,0.0,0.0,0.0,0.07,0.07,0.07,0.06,0.01,0.06,0.06,0.03,0.04,-0.03,0.08,0.01,1.02,0.15,14.3,0.07,0.5,20.2,21.0,29.5,71.3,292.0,79.9,11.8,14.0,84.5,6.81,8.99,75.8,0.87,1.88,46.2,0.43,0.94,0.8,0.65,0.07,1.67,2.25,1.38,0.0,0.43,0.07,0.29,0.07,0.29,0.14,0.0,0.07,0.0,0.07,0.0,46.2,1.16,9.35,21.8,15.6,2.9,46.2,1.96,3.77,51.9,3.55,1.23,27.8,3.33,3.77,1.96,1.96,1.23,0.58,0.72,1.01,4.93,0.36,0.0,0.8,2.25,26.2,6.481481481481481,0.0,23.863636363636363,10.200000000000001,19.6,18.85,44.65399258440302,35620000.0,33170000.0,MC_DEF,MC_DEF,MC_EST,AM,44.65399258440302,36.6585059584444,29.553181221246966
2020,Mohammed Salisu,GHA,DF,DF,Southampton,Premier League,21,1999,844,9.4,0.0,0.0,0.0,0.0,0.0,0.0,0.0,0.0,0.03,-0.03,0.03,0.07,0.04,0.0,-0.04,0.07,-0.03,0.43,0.11,25.0,0.0,0.0,12.7,32.3,40.7,79.4,457.6,160.7,19.3,21.6,89.2,10.2,13.0,78.7,1.17,2.66,44.0,0.21,2.23,0.0,0.11,0.0,1.28,0.53,0.43,0.0,0.0,0.11,0.0,0.0,0.0,0.0,0.0,0.0,0.0,0.0,0.0,55.1,5.85,22.1,28.9,4.36,0.74,55.1,0.96,1.28,75.0,1.28,0.74,28.8,0.43,4.04,2.23,2.13,1.7,0.21,1.81,3.19,5.21,0.11,0.0,2.23,2.13,51.2,0.0,0.0,36.70454545454545,4.3,9.6,20.200000000000003,50.16275387506124,50490000.0,32940000.0,DC,DC,,,50.16275387506124,,
2020,Josh Maja,NGA,FW,FW,Fulham,Premier League,21,1998,810,9.0,0.33,0.0,0.0,0.11,0.11,0.33,0.22,0.22,0.5,-0.17,0.41,0.19,0.05,0.06,-0.06,0.47,-0.19,2.22,0.78,35.0,0.1,0.29,14.3,17.1,20.1,85.1,229.9,23.7,9.56,10.8,88.7,5.0,5.33,93.8,0.89,1.11,80.0,0.78,0.78,0.44,0.0,0.0,1.11,2.11,1.56,0.0,0.33,0.22,0.0,0.0,0.0,0.0,0.0,0.0,0.0,0.0,0.0,28.2,0.22,2.67,13.9,12.0,3.56,28.1,0.89,1.67,53.3,2.89,1.44,21.9,4.0,0.78,0.44,0.0,0.33,0.44,0.44,0.11,3.11,0.0,0.0,1.33,2.89,31.6,30.555555555555554,0.0,19.431818181818183,22.200000000000003,8.9,3.9,42.73407117877745,31220000.0,32820000.0,FW_ST,FW_ST,FW_SS,FW_WG,42.73407117877745,40.38792936889569,34.06981523681841
2020,Hélder Costa,ANG,MFFW,AM,Leeds United,Premier League,26,1994,1156,12.8,0.23,0.23,0.0,0.0,0.0,0.47,0.23,0.47,0.17,0.06,0.17,0.14,0.04,0.05,0.19,0.22,0.06,1.25,0.47,37.5,0.19,0.5,14.8,18.9,25.9,73.1,239.3,57.9,11.9,13.9,85.4,5.31,6.88,77.3,0.39,1.64,23.8,0.63,0.31,0.78,1.64,0.16,1.48,1.48,1.09,0.0,0.16,0.08,0.16,0.0,0.47,0.39,0.0,0.0,0.0,0.08,0.0,38.3,0.63,7.11,14.1,17.7,3.52,38.3,1.48,3.75,39.6,3.36,1.56,25.9,4.69,1.95,0.86,0.94,0.39,0.63,0.23,0.39,5.16,0.0,0.0,0.31,1.8,14.8,21.296296296296298,26.436781609195403,21.477272727272727,12.5,14.799999999999999,9.75,39.45770389236148,24570000.0,32740000.0,FW_ST,FW_ST,FW_WG,FW_SS,39.45770389236148,36.49263019097155,33.2880443210824
2020,Aymeric Laporte,ESP,DF,DF,Manchester City,Premier League,26,1994,1344,14.9,0.0,0.0,0.0,0.0,0.0,0.0,0.0,0.0,0.05,-0.05,0.05,0.13,0.02,0.01,-0.03,0.07,-0.05,0.4,0.07,16.7,0.0,0.0,13.1,78.5,86.2,91.0,1399.3,433.7,31.7,33.5,94.6,40.7,42.8,95.0,5.3,8.12,65.3,0.27,7.18,0.2,0.07,0.0,3.76,0.74,0.74,0.0,0.0,0.0,0.0,0.0,0.07,0.07,0.0,0.0,0.0,0.0,0.0,92.5,5.44,29.1,59.8,3.96,0.81,92.5,0.13,0.13,100.0,0.54,0.07,73.6,0.13,0.87,0.4,0.67,0.2,0.0,0.74,1.88,4.43,0.07,0.0,2.75,1.41,66.1,0.0,0.0,89.20454545454545,4.0,1.3,4.35,42.21044112683177,30080000.0,32030000.0,DC,DC,,,42.21044112683177,,
2020,Conor Coady,ENG,DF,DF,Wolves,Premier League,27,1993,3303,36.7,0.03,0.0,0.0,0.0,0.0,0.03,0.03,0.03,0.03,0.0,0.03,0.15,0.0,0.01,-0.01,0.03,0.0,0.19,0.05,28.6,0.14,0.5,11.6,44.6,50.8,87.8,1021.7,448.5,10.6,11.3,94.2,24.3,25.4,95.6,9.35,13.2,70.6,0.08,2.21,0.03,0.0,0.0,1.61,0.35,0.33,0.0,0.0,0.03,0.0,0.0,0.03,0.03,0.0,0.0,0.0,0.0,0.0,58.1,10.9,35.9,22.0,0.46,0.33,58.1,0.16,0.22,75.0,0.25,0.08,40.7,0.05,0.95,0.63,0.68,0.27,0.0,0.74,3.65,4.22,0.14,0.0,1.09,0.76,58.8,2.7777777777777777,0.0,50.68181818181819,1.9,1.6,4.75,42.13063433478475,29910000.0,31860000.0,DC,DC,,,42.13063433478475,,
2020,David McGoldrick,IRL,FWMF,AM,Sheffield Utd,Premier League,32,1987,2397,26.6,0.3,0.04,0.04,0.0,0.0,0.34,0.3,0.34,0.26,0.04,0.26,0.1,0.04,0.06,0.0,0.3,0.04,2.67,0.86,32.4,0.11,0.35,18.2,26.2,35.6,73.6,368.6,68.5,14.9,18.2,81.9,7.89,10.5,75.0,1.39,2.33,59.7,0.64,1.84,0.79,0.79,0.15,2.03,2.18,1.39,0.08,0.3,0.19,0.15,0.08,0.04,0.04,0.0,0.0,0.0,0.0,0.0,48.2,1.24,4.1,20.4,24.2,3.38,48.2,1.77,3.05,58.0,3.31,1.65,36.8,5.38,1.24,0.79,0.3,0.56,0.38,0.08,0.94,2.93,0.26,0.0,3.31,4.32,43.3,27.777777777777775,4.597701149425287,29.772727272727273,26.700000000000003,17.7,6.2,42.68346353747882,31110000.0,31770000.0,FW_ST,FW_ST,MC_EST,FW_SS,42.68346353747882,37.25050661819951,36.49239350457301
2020,Charlie Taylor,ENG,DF,DF,Burnley,Premier League,26,1993,2426,27.0,0.0,0.04,0.0,0.0,0.0,0.04,0.0,0.04,0.0,0.0,0.0,0.04,0.05,0.07,-0.01,0.06,0.0,0.11,0.07,66.7,0.0,0.0,23.6,34.1,49.7,68.7,559.2,236.3,18.4,20.9,88.1,11.4,16.2,70.5,3.48,9.67,36.0,0.44,2.63,0.93,3.89,0.67,2.52,1.15,0.78,0.0,0.07,0.07,0.22,0.0,0.11,0.07,0.0,0.0,0.0,0.04,0.0,59.3,4.7,19.0,27.6,13.1,0.37,59.3,0.93,1.74,53.2,0.78,0.33,30.9,0.48,1.78,1.04,1.11,0.56,0.11,1.07,3.22,5.19,0.04,0.0,1.44,1.11,56.5,0.0,4.597701149425287,38.75,1.0999999999999999,9.3,8.9,42.72619142418463,31200000.0,31020000.0,LB_DEF,LB_DEF,LB_OFF,,42.72619142418463,35.29440230672672,
2020,Trézéguet,EGY,FW,FW,Aston Villa,Premier League,25,1994,1166,13.0,0.15,0.08,0.0,0.0,0.0,0.23,0.15,0.23,0.29,-0.14,0.29,0.11,0.16,0.08,-0.08,0.46,-0.14,2.7,0.93,34.3,0.06,0.17,14.2,17.2,24.4,70.3,250.8,72.8,9.69,11.9,81.3,5.08,7.0,72.5,1.0,2.23,44.8,1.0,1.62,0.38,2.0,0.23,1.92,2.63,1.85,0.0,0.15,0.23,0.38,0.0,0.15,0.15,0.0,0.0,0.0,0.0,0.0,38.8,1.31,6.92,14.6,18.1,5.0,38.8,1.31,2.38,54.8,2.15,1.0,23.7,4.08,2.54,1.38,1.08,1.15,0.31,1.46,1.31,5.0,0.0,0.0,2.15,3.46,38.4,13.888888888888888,9.195402298850574,19.545454545454543,27.0,13.100000000000001,12.7,38.600987438506706,23010000.0,30710000.0,FW_SS,FW_SS,FW_WG,FW_ST,38.600987438506706,37.56909299487275,36.51677343873124
2020,Moussa Sissoko,FRA,MF,MF,Tottenham,Premier League,30,1989,1585,17.6,0.0,0.0,0.0,0.0,0.0,0.0,0.0,0.0,0.01,-0.01,0.01,0.07,0.01,0.02,-0.01,0.02,-0.01,0.17,0.06,33.3,0.0,0.0,13.0,38.6,46.1,83.7,587.7,128.0,19.1,21.8,87.7,14.0,16.0,87.6,2.5,3.92,63.8,0.23,2.39,0.34,0.51,0.06,1.87,0.97,0.91,0.0,0.06,0.0,0.0,0.0,0.11,0.11,0.0,0.0,0.0,0.0,0.0,54.0,2.95,15.2,30.1,9.6,0.63,54.0,1.02,1.53,66.7,1.02,0.8,33.6,1.36,1.25,0.91,1.08,0.17,0.0,1.31,1.42,6.42,0.17,0.0,0.91,1.25,42.1,0.0,0.0,43.86363636363637,1.7000000000000002,10.200000000000001,6.25,46.018524871282274,38980000.0,30620000.0,MC_DEF,MC_DEF,MC_ORG,MC_EST,46.018524871282274,33.17124157743185,29.049756138101834
2020,Matthew Lowton,ENG,DF,DF,Burnley,Premier League,31,1989,3060,34.0,0.03,0.03,0.0,0.0,0.0,0.06,0.03,0.06,0.02,0.01,0.02,0.04,0.09,0.07,-0.06,0.12,0.01,0.62,0.12,19.0,0.05,0.25,24.9,31.2,45.6,68.5,533.2,247.4,16.9,18.8,89.5,9.91,13.9,71.5,4.0,10.8,37.2,0.74,3.68,1.41,2.47,0.35,3.32,1.82,1.47,0.18,0.06,0.03,0.03,0.06,0.12,0.12,0.0,0.0,0.0,0.0,0.0,54.9,4.03,16.4,26.3,12.8,0.59,54.9,0.79,1.18,67.5,1.12,0.29,26.9,0.94,1.59,0.94,0.91,0.65,0.03,1.65,2.68,5.76,0.15,0.0,0.97,0.68,58.9,2.7777777777777777,3.4482758620689653,35.45454545454545,6.2,7.9,7.95,47.875725952946354,43890000.0,30270000.0,LB_DEF,LB_DEF,LB_OFF,,47.875725952946354,43.24059041407828,
2020,Toby Alderweireld,BEL,DF,DF,Tottenham,Premier League,31,1989,2240,24.9,0.04,0.0,0.0,0.0,0.0,0.04,0.04,0.04,0.03,0.01,0.03,0.07,0.03,0.03,-0.03,0.06,0.01,0.4,0.12,30.0,0.1,0.33,8.5,48.2,58.4,82.5,978.8,322.3,14.7,16.0,91.7,26.4,28.6,92.3,6.31,12.2,51.8,0.32,2.57,0.2,0.04,0.04,1.81,0.88,0.76,0.0,0.0,0.12,0.0,0.0,0.12,0.12,0.0,0.0,0.0,0.0,0.0,67.6,10.7,37.3,29.1,1.45,0.56,67.6,0.16,0.16,100.0,0.08,0.08,44.8,0.04,1.41,0.88,0.88,0.44,0.08,0.4,4.86,4.7,0.08,0.0,1.81,1.41,56.3,3.7037037037037033,0.0,54.77272727272727,4.0,1.6,7.049999999999999,45.99741009901954,38930000.0,30200000.0,DC,DC,,,45.99741009901954,,
2020,Jeffrey Schlupp,GHA,MF,MF,Crystal Palace,Premier League,27,1992,1428,15.9,0.13,0.19,0.0,0.0,0.0,0.32,0.13,0.32,0.12,0.01,0.12,0.11,0.13,0.06,0.06,0.25,0.01,1.13,0.63,55.6,0.11,0.2,14.3,19.1,27.4,69.7,271.7,78.7,11.3,14.3,78.9,5.6,8.05,69.5,0.94,1.76,53.6,1.13,1.82,0.69,1.89,0.25,1.89,2.21,1.82,0.0,0.06,0.13,0.19,0.0,0.32,0.25,0.0,0.0,0.06,0.0,0.0,41.3,1.51,8.24,19.7,13.8,2.7,41.3,1.95,4.03,48.4,2.01,2.58,25.6,3.52,1.82,1.01,0.88,0.75,0.19,1.38,1.01,4.09,0.19,0.0,1.89,2.83,40.0,12.037037037037036,21.839080459770116,21.704545454545457,11.299999999999999,19.5,9.1,38.24495489859809,22380000.0,29860000.0,AM,MC_EST,AM,MC_DEF,38.79174417872148,38.24495489859809,36.1595453824361
2020,Daniel James,WAL,FW,FW,Manchester Utd,Premier League,22,1997,910,10.1,0.3,0.1,0.0,0.0,0.0,0.4,0.3,0.4,0.22,0.08,0.22,0.13,0.09,0.08,0.01,0.31,0.08,1.68,0.59,35.3,0.18,0.5,17.2,23.6,30.9,76.3,292.7,69.1,14.7,17.4,84.1,6.53,8.42,77.6,0.4,0.69,57.1,0.99,0.79,1.29,1.98,0.2,2.28,1.68,1.49,0.0,0.0,0.1,0.1,0.0,0.2,0.2,0.0,0.0,0.0,0.0,0.0,41.5,0.79,5.54,15.5,21.4,3.47,41.5,1.09,2.28,47.8,2.08,0.89,29.7,4.95,1.49,0.89,0.4,0.69,0.4,0.0,0.59,4.46,0.3,0.0,0.5,1.49,25.0,27.777777777777775,11.49425287356322,26.81818181818182,16.799999999999997,10.900000000000002,7.449999999999999,40.32916452191924,26240000.0,29720000.0,FW_ST,FW_ST,FW_SS,FW_WG,40.32916452191924,37.19531100597738,34.710732380488516
2020,John Lundstram,ENG,MF,MF,Sheffield Utd,Premier League,26,1994,2032,22.6,0.0,0.09,0.04,0.0,0.04,0.09,0.0,0.09,0.08,-0.08,0.05,0.06,0.06,0.07,0.03,0.11,-0.05,0.84,0.18,21.1,0.0,0.0,23.8,38.0,47.9,79.4,602.8,136.2,18.5,20.1,91.9,13.1,15.6,83.8,3.5,7.43,47.0,0.88,2.83,0.62,3.14,0.09,2.17,2.21,1.81,0.22,0.04,0.04,0.09,0.0,0.22,0.18,0.04,0.0,0.0,0.0,0.0,55.9,1.81,10.8,27.0,18.7,1.02,55.9,0.66,1.06,62.5,1.28,0.84,38.5,2.08,1.11,0.71,0.53,0.49,0.09,0.62,1.28,5.75,0.35,0.04,0.58,0.75,43.3,0.0,10.344827586206897,43.18181818181818,8.399999999999999,6.6000000000000005,5.550000000000001,41.32081442655585,28220000.0,29550000.0,MC_DEF,MC_DEF,MC_ORG,MC_EST,41.32081442655585,37.65904339239222,35.37115610746428
2020,Federico Fernández,ARG,DF,DF,Newcastle Utd,Premier League,31,1989,2079,23.1,0.0,0.0,0.0,0.0,0.0,0.0,0.0,0.0,0.01,-0.01,0.01,0.06,0.03,0.02,-0.03,0.04,-0.01,0.17,0.09,50.0,0.0,0.0,14.0,31.0,38.7,80.0,604.2,231.9,10.6,12.0,88.1,15.9,17.8,89.3,3.94,7.19,54.8,0.3,1.08,0.13,0.56,0.13,1.04,0.65,0.48,0.17,0.0,0.0,0.0,0.0,0.04,0.04,0.0,0.0,0.0,0.0,0.0,50.7,11.6,31.3,16.2,3.29,0.61,50.7,0.0,0.04,0.0,0.35,0.09,26.8,0.17,1.26,0.95,1.0,0.22,0.04,0.74,6.36,3.94,0.17,0.0,2.08,1.26,62.3,0.0,0.0,35.22727272727273,1.7000000000000002,0.0,6.3,49.2951524871202,47920000.0,29090000.0,DC,DC,,,49.2951524871202,,
2020,Craig Dawson,ENG,DF,DF,West Ham,Premier League,30,1990,1925,21.4,0.14,0.0,0.0,0.0,0.0,0.14,0.14,0.14,0.09,0.05,0.09,0.12,0.0,0.0,0.0,0.09,0.05,0.75,0.23,31.3,0.19,0.6,10.1,28.6,35.8,79.7,596.3,206.0,7.99,9.02,88.6,15.7,17.2,91.3,4.49,8.64,51.9,0.09,1.73,0.0,0.0,0.0,1.07,0.33,0.19,0.05,0.0,0.05,0.05,0.0,0.0,0.0,0.0,0.0,0.0,0.0,0.0,45.0,7.66,25.3,18.5,1.5,0.98,45.0,0.0,0.0,,0.23,0.0,24.9,0.05,0.51,0.37,0.33,0.19,0.0,1.5,4.11,4.3,0.23,0.05,2.62,1.17,69.1,12.962962962962962,0.0,32.5,7.5,0.0,2.5500000000000003,49.498283378290395,48510000.0,28820000.0,DC,DC,,,49.498283378290395,,
2020,Sean Longstaff,ENG,MF,MF,Newcastle Utd,Premier League,22,1997,1412,15.7,0.0,0.06,0.06,0.0,0.0,0.06,0.0,0.06,0.09,-0.09,0.09,0.09,0.06,0.06,0.0,0.15,-0.09,0.96,0.32,33.3,0.0,0.0,19.8,29.7,37.6,79.0,545.5,145.4,13.5,15.0,89.8,10.8,12.4,87.6,4.33,7.64,56.7,0.76,2.68,0.06,1.59,0.0,2.36,1.85,1.08,0.45,0.06,0.06,0.19,0.0,0.19,0.06,0.06,0.0,0.0,0.06,0.0,47.4,1.91,11.3,26.4,9.81,1.02,47.4,0.25,0.57,44.4,1.08,0.38,28.0,1.15,1.97,0.89,0.83,0.96,0.19,1.21,0.89,4.27,0.13,0.0,0.7,1.21,36.7,0.0,6.896551724137931,33.75,9.6,2.5,9.85,42.13601362267714,29920000.0,28620000.0,MC_DEF,MC_DEF,MC_ORG,MC_EST,42.13601362267714,35.67984034583957,31.741761609348103
2020,Cheikhou Kouyaté,SEN,DF,DF,Crystal Palace,Premier League,30,1989,3121,34.7,0.03,0.0,0.0,0.0,0.0,0.03,0.03,0.03,0.02,0.01,0.02,0.1,0.03,0.01,-0.03,0.05,0.01,0.2,0.06,28.6,0.14,0.5,11.2,28.6,37.1,77.1,517.3,192.4,11.5,13.2,87.5,13.3,15.8,84.5,3.05,6.37,48.0,0.23,1.12,0.09,0.09,0.03,0.78,0.43,0.37,0.0,0.0,0.03,0.03,0.0,0.06,0.06,0.0,0.0,0.0,0.0,0.0,46.6,6.2,27.0,18.1,1.82,0.66,46.6,0.29,0.35,83.3,0.49,0.23,24.7,0.29,1.67,1.07,1.27,0.35,0.06,0.92,3.6,5.1,0.12,0.0,2.36,1.56,60.3,2.7777777777777777,0.0,32.5,2.0,2.9,8.35,46.70853501844153,40760000.0,28320000.0,DC,DC,,,46.70853501844153,,
2020,Paul Dummett,WAL,DF,DF,Newcastle Utd,Premier League,28,1991,1255,13.9,0.07,0.0,0.0,0.0,0.0,0.07,0.07,0.07,0.02,0.05,0.02,0.11,0.01,0.02,-0.01,0.04,0.05,0.22,0.07,33.3,0.33,1.0,9.2,30.4,41.4,73.6,519.9,263.0,14.7,16.9,87.2,11.7,14.5,81.1,3.02,7.34,41.2,0.29,2.45,0.36,0.72,0.22,1.51,0.57,0.43,0.07,0.0,0.07,0.0,0.0,0.07,0.07,0.0,0.0,0.0,0.0,0.0,50.9,6.12,26.1,21.0,4.17,0.36,50.9,0.22,0.29,75.0,0.65,0.0,29.9,0.07,1.15,0.5,0.79,0.36,0.0,1.15,5.32,3.17,0.14,0.0,2.81,2.23,55.7,6.481481481481481,0.0,34.54545454545455,2.1999999999999997,2.1999999999999997,5.75,44.37804503391978,34960000.0,28200000.0,DC,DC,,,44.37804503391978,,
2020,Luke Thomas,ENG,DF,DF,Leicester City,Premier League,19,2001,969,10.8,0.09,0.0,0.0,0.0,0.0,0.09,0.09,0.09,0.03,0.06,0.03,0.04,0.06,0.04,-0.06,0.09,0.06,0.65,0.28,42.9,0.14,0.33,13.7,33.1,46.1,71.9,456.9,160.6,20.0,24.1,83.1,9.81,13.7,71.6,1.3,3.52,36.8,0.65,1.76,0.65,1.57,0.19,2.31,1.58,1.2,0.0,0.0,0.09,0.09,0.19,0.28,0.28,0.0,0.0,0.0,0.0,0.0,56.9,2.5,14.8,25.5,17.2,1.48,56.9,0.56,1.67,33.3,1.39,1.11,33.0,1.85,2.13,1.3,1.02,0.46,0.65,1.57,1.94,4.72,0.19,0.0,1.85,2.22,45.5,8.333333333333332,0.0,37.61363636363637,6.5,5.6000000000000005,10.65,47.58906272075104,43110000.0,28130000.0,LB_DEF,LB_DEF,LB_OFF,,47.58906272075104,37.321510467235356,
2020,Grady Diangana,ENG,MFFW,AM,West Brom,Premier League,22,1998,1235,13.7,0.07,0.0,0.0,0.0,0.0,0.07,0.07,0.07,0.08,-0.01,0.08,0.08,0.01,0.01,-0.01,0.09,-0.01,1.02,0.29,28.6,0.07,0.25,17.4,19.0,26.3,72.2,242.9,58.8,12.8,15.5,83.0,4.53,6.35,71.3,0.73,1.61,45.5,0.36,0.95,0.58,1.46,0.07,1.53,1.89,1.09,0.15,0.0,0.22,0.36,0.07,0.07,0.0,0.07,0.0,0.0,0.0,0.0,41.5,1.39,8.69,15.6,18.0,2.12,41.5,1.82,3.58,51.0,3.8,2.77,27.0,4.09,2.55,1.39,1.39,0.66,0.51,1.17,0.66,5.04,0.0,0.0,1.61,2.41,40.0,6.481481481481481,0.0,21.59090909090909,10.200000000000001,18.2,12.75,41.95783563615716,29550000.0,27490000.0,MC_DEF,MC_DEF,MC_EST,MC_ORG,41.95783563615716,31.264286481260996,22.09270229543585
2020,Steven Alzate,COL,MF,MF,Brighton,Premier League,21,1998,896,10.0,0.1,0.0,0.0,0.0,0.0,0.1,0.1,0.1,0.08,0.02,0.08,0.12,0.06,0.03,-0.06,0.14,0.02,0.7,0.2,28.6,0.14,0.5,18.7,40.3,44.9,89.8,619.0,132.6,21.6,23.5,91.9,14.2,15.0,94.7,3.0,3.5,85.7,1.1,3.7,0.6,0.3,0.1,2.3,2.41,2.0,0.0,0.1,0.3,0.0,0.0,0.1,0.1,0.0,0.0,0.0,0.0,0.0,53.2,1.7,10.5,30.6,12.7,1.2,53.2,0.8,1.6,50.0,1.3,0.9,39.1,1.0,1.7,0.8,1.0,0.4,0.3,0.8,1.0,4.6,0.2,0.0,0.7,1.2,36.8,9.25925925925926,0.0,45.79545454545455,6.999999999999999,8.0,8.5,45.335648478876415,37270000.0,27020000.0,MC_DEF,MC_DEF,MC_ORG,MC_EST,45.335648478876415,41.54524649184549,35.18987113414945
2020,Sébastien Haller,CIV,FW,FW,West Ham,Premier League,26,1994,937,10.4,0.29,0.0,0.0,0.0,0.0,0.29,0.29,0.29,0.28,0.01,0.28,0.11,0.14,0.14,-0.13,0.41,0.01,2.4,1.06,44.0,0.12,0.27,10.2,15.2,23.8,63.7,219.5,48.9,9.62,13.3,72.5,3.17,5.19,61.1,1.54,2.21,69.6,0.96,1.44,0.48,0.19,0.1,1.44,1.54,1.25,0.0,0.0,0.0,0.29,0.0,0.0,0.0,0.0,0.0,0.0,0.0,0.0,35.7,1.25,2.88,17.9,15.2,4.71,35.7,0.87,1.25,69.2,3.94,2.12,28.0,4.13,1.35,0.87,0.1,0.58,0.67,0.48,0.67,2.31,0.0,0.0,6.44,6.63,49.3,26.851851851851848,0.0,17.272727272727273,24.0,8.7,6.75,42.01554911741321,29670000.0,26890000.0,FW_ST,FW_ST,FW_SS,FW_WG,42.01554911741321,32.71147734281982,31.662815183201598
2020,David Luiz,BRA,DF,DF,Arsenal,Premier League,33,1987,1396,15.5,0.06,0.0,0.19,0.0,0.0,0.06,0.06,0.06,0.06,0.01,0.06,0.06,0.03,0.06,-0.03,0.09,0.01,0.97,0.13,13.3,0.07,0.5,19.0,53.9,65.4,82.5,1097.2,369.4,16.4,17.9,91.4,29.9,32.4,92.4,6.58,12.4,53.1,0.13,4.26,0.58,0.58,0.0,3.48,0.9,0.65,0.0,0.06,0.13,0.06,0.0,0.0,0.0,0.0,0.0,0.0,0.0,0.0,73.8,8.32,35.9,34.2,3.87,1.23,73.8,0.19,0.26,75.0,0.26,0.13,54.4,0.06,0.77,0.58,0.32,0.45,0.0,1.03,3.23,4.13,0.06,0.06,2.26,0.84,72.9,5.555555555555555,0.0,61.24999999999999,9.700000000000001,1.9,3.85,47.664761577411,43320000.0,26040000.0,DC,DC,,,47.664761577411,,
2020,Kean Bryan,ENG,DF,DF,Sheffield Utd,Premier League,23,1996,1004,11.2,0.09,0.0,0.0,0.0,0.0,0.09,0.09,0.09,0.08,0.01,0.08,0.31,0.05,0.01,-0.05,0.14,0.01,0.27,0.09,33.3,0.33,1.0,7.7,29.7,43.4,68.5,526.9,236.8,13.5,16.0,84.4,12.5,16.3,76.5,2.86,8.39,34.0,0.36,2.14,0.27,1.52,0.18,1.34,0.63,0.63,0.0,0.0,0.0,0.0,0.0,0.0,0.0,0.0,0.0,0.0,0.0,0.0,53.4,5.18,24.2,24.8,4.91,0.63,53.4,0.27,0.45,60.0,0.89,0.09,28.6,0.71,1.79,0.89,0.8,0.98,0.0,1.16,3.48,4.82,0.09,0.0,2.77,1.7,62.0,8.333333333333332,0.0,33.75,2.7,2.7,8.95,43.19426633727854,32240000.0,26020000.0,LB_DEF,LB_DEF,LB_OFF,,43.19426633727854,27.26269389102884,
2020,Jamaal Lascelles,ENG,DF,DF,Newcastle Utd,Premier League,26,1993,1625,18.1,0.11,0.0,0.0,0.0,0.0,0.11,0.11,0.11,0.07,0.04,0.07,0.09,0.01,0.01,-0.01,0.08,0.04,0.83,0.17,20.0,0.13,0.67,10.6,27.5,34.6,79.6,532.6,200.9,8.9,10.5,84.7,15.0,16.6,90.0,2.98,5.86,50.9,0.17,1.22,0.22,0.17,0.0,1.22,0.5,0.5,0.0,0.0,0.0,0.0,0.0,0.0,0.0,0.0,0.0,0.0,0.0,0.0,44.6,8.73,27.7,15.0,2.15,0.99,44.6,0.22,0.22,100.0,0.33,0.06,24.9,0.11,0.77,0.39,0.28,0.5,0.0,0.66,4.75,3.59,0.22,0.0,2.54,1.33,65.7,10.185185185185185,0.0,31.25,8.299999999999999,2.1999999999999997,3.85,41.234651351804644,28040000.0,24930000.0,DC,DC,,,41.234651351804644,,
2020,Joe Willock,ENG,MF,MF,Newcastle Utd,Premier League,20,1999,978,10.9,0.74,0.0,0.0,0.0,0.09,0.74,0.74,0.74,0.36,0.38,0.28,0.17,0.05,0.06,-0.05,0.33,0.46,1.66,1.1,66.7,0.44,0.67,14.2,16.4,22.2,74.0,252.4,101.2,7.98,9.45,84.5,5.69,7.52,75.6,1.19,2.02,59.1,0.73,1.93,0.64,1.19,0.28,2.39,2.39,1.38,0.0,0.28,0.28,0.37,0.09,0.28,0.09,0.0,0.09,0.09,0.0,0.0,36.7,1.56,11.0,16.4,10.4,3.21,36.7,2.02,3.67,55.0,1.93,1.47,19.0,2.66,2.39,1.19,1.47,0.64,0.28,1.56,1.38,5.23,0.0,0.0,1.01,1.65,37.9,68.5185185185185,0.0,18.636363636363633,16.599999999999998,20.200000000000003,11.950000000000001,38.90032967201011,23550000.0,24750000.0,AM,MC_DEF,MC_EST,AM,43.152122634788505,42.47506284305932,38.90032967201011
2020,Issa Diop,FRA,DF,DF,West Ham,Premier League,23,1997,1381,15.3,0.13,0.0,0.0,0.0,0.0,0.13,0.13,0.13,0.03,0.1,0.03,0.16,0.0,0.01,0.0,0.03,0.1,0.2,0.13,66.7,0.67,1.0,9.6,31.4,38.2,82.1,558.5,208.6,12.5,14.7,84.9,16.3,17.8,91.5,2.09,4.18,50.0,0.07,1.44,0.0,0.0,0.0,1.7,0.26,0.26,0.0,0.0,0.0,0.0,0.0,0.07,0.07,0.0,0.0,0.0,0.0,0.0,47.8,6.8,23.7,23.6,0.72,0.52,47.8,0.2,0.33,60.0,0.39,0.13,28.2,0.07,1.31,0.92,0.78,0.52,0.0,1.44,3.86,3.79,0.2,0.0,1.57,1.18,57.1,12.037037037037036,0.0,35.68181818181818,2.0,2.0,6.550000000000001,41.33019867397655,28240000.0,24190000.0,DC,DC,,,41.33019867397655,,
2020,Ruben Loftus-Cheek,ENG,MFFW,AM,Fulham,Premier League,24,1996,1909,21.2,0.05,0.0,0.0,0.0,0.0,0.05,0.05,0.05,0.16,-0.11,0.16,0.1,0.06,0.05,-0.06,0.22,-0.11,1.65,0.38,22.9,0.03,0.13,16.6,27.3,34.1,80.1,384.2,90.6,15.7,18.3,85.8,9.2,10.8,84.8,0.99,1.46,67.7,0.8,2.69,0.61,0.42,0.09,2.26,2.88,1.7,0.0,0.38,0.19,0.47,0.14,0.0,0.0,0.0,0.0,0.0,0.0,0.0,46.6,0.94,5.42,25.4,16.8,3.16,46.6,1.79,3.4,52.8,3.44,1.93,35.4,4.67,1.18,0.66,0.33,0.71,0.14,0.33,0.85,4.72,0.14,0.0,2.08,3.49,37.3,4.62962962962963,0.0,31.022727272727273,16.499999999999996,17.9,5.8999999999999995,33.82859075487274,15490000.0,23110000.0,AM,MC_EST,MC_DEF,AM,37.67767252462087,36.50599739931785,33.82859075487274
2020,Jack Robinson,ENG,DF,DF,Sheffield Utd,Premier League,26,1993,877,9.7,0.0,0.1,0.0,0.0,0.0,0.1,0.0,0.1,0.07,-0.07,0.07,0.12,0.06,0.07,0.04,0.13,-0.07,0.62,0.0,0.0,0.0,,12.9,37.5,48.5,77.4,625.9,233.7,17.0,19.1,89.2,16.6,20.2,82.1,2.47,6.29,39.3,0.1,2.06,0.1,0.62,0.0,1.65,0.92,0.62,0.0,0.1,0.1,0.1,0.0,0.41,0.21,0.0,0.1,0.0,0.1,0.0,58.0,5.26,22.3,27.9,8.35,0.62,58.0,0.31,0.41,75.0,0.52,0.21,31.9,0.21,1.44,0.62,0.82,0.52,0.1,0.93,4.33,5.46,0.31,0.0,3.3,2.99,52.5,0.0,11.49425287356322,42.61363636363637,6.2,3.1,7.199999999999999,46.18497926582722,39410000.0,22170000.0,DC,DC,,,46.18497926582722,,
2020,Joel Ward,ENG,DF,DF,Crystal Palace,Premier League,30,1989,2256,25.1,0.0,0.04,0.0,0.0,0.0,0.04,0.0,0.04,0.0,0.0,0.0,0.03,0.02,0.02,0.02,0.02,0.0,0.08,0.04,50.0,0.0,0.0,26.2,31.6,44.0,71.8,467.1,234.2,18.4,21.6,85.6,9.92,13.9,71.6,2.15,5.58,38.6,0.28,2.63,0.36,1.08,0.08,2.15,0.76,0.72,0.04,0.0,0.0,0.0,0.0,0.04,0.04,0.0,0.0,0.0,0.0,0.0,54.0,4.58,21.4,23.0,9.96,0.36,54.0,0.48,0.64,75.0,0.96,0.32,22.3,0.48,1.71,1.0,1.16,0.56,0.0,1.63,3.47,5.34,0.2,0.0,1.91,1.67,53.3,0.0,4.597701149425287,35.909090909090914,0.8,4.8,8.549999999999999,44.660219714252214,35630000.0,22160000.0,LB_DEF,LB_DEF,LB_OFF,,44.660219714252214,27.70279359018249,
2020,Scott Dann,ENG,DF,DF,Crystal Palace,Premier League,33,1987,1350,15.0,0.07,0.0,0.0,0.0,0.0,0.07,0.07,0.07,0.02,0.05,0.02,0.07,0.0,0.01,0.0,0.02,0.05,0.27,0.07,25.0,0.25,1.0,10.2,34.7,42.9,80.9,617.5,308.9,15.1,16.5,91.1,15.9,17.8,89.1,3.07,6.93,44.2,0.07,1.67,0.0,0.0,0.0,1.6,0.33,0.33,0.0,0.0,0.0,0.0,0.0,0.07,0.07,0.0,0.0,0.0,0.0,0.0,51.3,6.87,28.3,21.6,1.67,1.13,51.3,0.27,0.27,100.0,0.33,0.0,29.7,0.0,0.4,0.27,0.33,0.07,0.0,1.2,3.93,4.87,0.07,0.0,3.4,1.93,63.8,6.481481481481481,0.0,39.43181818181819,2.7,2.7,2.0,48.759934519086286,46370000.0,22140000.0,DC,DC,,,48.759934519086286,,
2020,Enda Stevens,IRL,DF,DF,Sheffield Utd,Premier League,30,1990,2700,30.0,0.0,0.03,0.0,0.0,0.0,0.03,0.0,0.03,0.04,-0.04,0.04,0.08,0.05,0.06,-0.02,0.1,-0.04,0.53,0.13,25.0,0.0,0.0,17.4,36.9,48.6,75.9,566.4,242.8,20.9,23.4,89.2,12.5,16.1,77.8,2.57,6.2,41.4,0.57,2.93,1.1,2.13,0.33,2.87,1.3,1.2,0.0,0.0,0.03,0.07,0.0,0.13,0.1,0.0,0.0,0.0,0.03,0.0,59.0,3.67,17.5,26.1,15.9,1.5,59.0,0.67,1.17,57.1,1.5,0.97,32.9,1.27,1.97,0.87,1.07,0.63,0.27,0.73,2.7,5.6,0.2,0.0,1.17,1.1,51.5,0.0,3.4482758620689653,41.93181818181818,5.300000000000001,6.7,9.85,43.41047998021664,32720000.0,21580000.0,LB_DEF,LB_DEF,LB_OFF,,43.41047998021664,36.69332315950894,
2020,Erik Pieters,NED,DFMF,DM,Burnley,Premier League,31,1988,1266,14.1,0.0,0.07,0.0,0.0,0.0,0.07,0.0,0.07,0.01,-0.01,0.01,0.04,0.03,0.04,0.04,0.04,-0.01,0.28,0.21,75.0,0.0,0.0,18.9,31.8,43.0,74.1,503.9,192.9,16.0,18.0,89.0,12.2,15.2,80.4,2.13,6.67,31.9,0.35,1.99,0.21,1.35,0.0,1.63,1.35,1.13,0.0,0.0,0.07,0.14,0.0,0.28,0.14,0.0,0.0,0.07,0.07,0.0,52.6,4.4,16.7,26.3,10.0,0.57,52.6,0.43,0.71,60.0,0.85,0.71,25.1,0.5,2.13,1.49,1.28,0.64,0.21,0.85,2.41,5.25,0.07,0.0,0.92,0.64,59.1,0.0,8.045977011494255,36.13636363636364,2.8000000000000003,4.3,10.65,44.53648812188261,35340000.0,21150000.0,MC_DEF,LB_DEF,MC_DEF,MC_EST,44.88415285552503,44.53648812188261,32.690632526620824
2020,Fabian Schär,SUI,DF,DF,Newcastle Utd,Premier League,28,1991,1246,13.8,0.07,0.0,0.22,0.07,0.07,0.07,0.0,0.0,0.09,-0.02,0.04,0.05,0.0,0.02,0.0,0.04,-0.04,0.79,0.29,36.4,0.0,0.0,27.8,33.9,44.5,76.2,703.8,307.8,12.5,13.6,92.0,15.0,17.7,84.8,5.94,11.7,50.9,0.0,2.83,0.72,0.43,0.0,2.54,0.65,0.43,0.07,0.0,0.07,0.07,0.0,0.0,0.0,0.0,0.0,0.0,0.0,0.0,54.8,7.54,29.0,22.9,4.2,0.8,54.7,0.51,1.01,50.0,0.29,0.36,31.3,0.0,0.94,0.29,0.58,0.36,0.0,1.96,3.77,6.3,0.29,0.07,1.16,1.74,40.0,6.481481481481481,0.0,38.522727272727266,7.9,5.1000000000000005,4.7,39.74159810785847,25110000.0,20220000.0,DC,DC,,,39.74159810785847,,
2020,Pablo Marí,ESP,DF,DF,Arsenal,Premier League,26,1993,900,10.0,0.0,0.0,0.0,0.0,0.0,0.0,0.0,0.0,0.01,-0.01,0.01,0.03,0.03,0.03,-0.03,0.03,-0.01,0.2,0.0,0.0,0.0,,21.6,55.2,63.0,87.6,993.4,328.7,22.1,23.5,94.0,28.1,30.2,93.0,4.4,8.3,53.0,0.2,1.3,0.0,0.0,0.0,1.3,0.3,0.2,0.0,0.0,0.1,0.0,0.0,0.0,0.0,0.0,0.0,0.0,0.0,0.0,70.0,8.3,38.9,30.2,1.0,0.3,70.0,0.3,0.3,100.0,0.1,0.0,51.7,0.1,1.5,0.9,1.2,0.3,0.0,0.9,3.0,3.6,0.2,0.0,2.5,2.1,54.3,0.0,0.0,62.727272727272734,2.0,3.0,7.5,41.568099655824696,28730000.0,20200000.0,DC,DC,,,41.568099655824696,,
2020,Angelo Ogbonna,ITA,DF,DF,West Ham,Premier League,32,1988,2492,27.7,0.11,0.0,0.0,0.0,0.0,0.11,0.11,0.11,0.06,0.05,0.06,0.13,0.03,0.02,-0.03,0.09,0.05,0.47,0.14,30.8,0.23,0.75,7.3,30.0,36.9,81.2,586.8,199.4,8.66,9.78,88.6,17.9,20.2,88.4,3.14,5.88,53.4,0.14,0.97,0.0,0.11,0.0,0.9,0.43,0.32,0.04,0.0,0.04,0.0,0.04,0.04,0.04,0.0,0.0,0.0,0.0,0.0,45.8,6.57,24.3,19.9,1.88,1.16,45.8,0.11,0.14,75.0,0.14,0.18,26.1,0.07,0.94,0.47,0.72,0.18,0.04,1.08,4.3,4.51,0.18,0.0,2.27,1.66,57.8,10.185185185185185,0.0,34.090909090909086,4.7,1.0999999999999999,4.7,42.685234064076504,31110000.0,19970000.0,DC,DC,,,42.685234064076504,,
2020,Oliver McBurnie,SCO,FW,FW,Sheffield Utd,Premier League,24,1996,1324,14.7,0.07,0.0,0.0,0.0,0.0,0.07,0.07,0.07,0.26,-0.2,0.26,0.13,0.07,0.07,-0.07,0.34,-0.2,2.04,0.82,40.0,0.03,0.08,12.5,17.2,30.4,56.6,206.7,58.0,11.2,17.5,64.2,3.74,7.28,51.4,0.54,0.75,72.7,1.02,1.63,0.95,0.27,0.0,2.45,2.11,1.56,0.0,0.0,0.34,0.2,0.0,0.14,0.0,0.0,0.0,0.07,0.07,0.0,41.4,2.24,4.35,17.1,20.3,3.61,41.4,0.27,0.88,30.8,1.56,1.16,31.4,3.74,1.02,0.48,0.48,0.48,0.07,0.41,2.04,2.18,0.14,0.0,9.46,8.16,53.7,6.481481481481481,0.0,19.545454545454543,20.400000000000002,2.7,5.1000000000000005,32.77115909638127,14080000.0,19260000.0,FW_ST,FW_ST,FW_SS,FW_WG,32.77115909638127,30.113455744017347,24.08274472431933
2020,Benjamin Mendy,FRA,DF,DF,Manchester City,Premier League,26,1994,953,10.6,0.19,0.09,0.0,0.0,0.0,0.28,0.19,0.28,0.03,0.16,0.03,0.06,0.02,0.05,0.08,0.06,0.16,0.57,0.19,33.3,0.33,1.0,17.2,50.9,62.8,81.1,809.4,200.4,25.7,29.1,88.3,20.9,24.3,86.0,2.83,5.47,51.7,0.47,2.36,0.94,2.83,0.28,3.21,1.79,1.32,0.0,0.38,0.09,0.0,0.0,0.19,0.09,0.0,0.09,0.0,0.0,0.0,69.4,2.08,11.7,35.8,22.6,1.42,69.4,1.04,1.32,78.6,1.51,0.47,47.0,2.45,1.23,0.85,0.09,0.75,0.38,0.47,1.32,3.96,0.19,0.0,0.75,1.13,40.0,17.59259259259259,10.344827586206897,57.840909090909086,5.699999999999999,10.4,6.15,40.89320139322431,27350000.0,19230000.0,LB_DEF,LB_DEF,LB_OFF,,40.89320139322431,35.503592204709946,
2020,Robbie Brady,IRL,MF,MF,Burnley,Premier League,28,1992,1052,11.7,0.09,0.09,0.34,0.0,0.0,0.17,0.09,0.17,0.07,0.02,0.07,0.05,0.08,0.05,0.01,0.15,0.02,1.37,0.43,31.3,0.06,0.2,21.1,22.0,34.4,63.8,356.6,109.7,12.9,15.6,83.0,5.81,9.32,62.4,2.56,6.32,40.5,0.6,1.97,0.51,3.68,0.34,1.88,1.63,1.11,0.09,0.09,0.17,0.17,0.0,0.17,0.0,0.09,0.0,0.0,0.09,0.0,45.0,3.68,10.3,20.3,15.4,1.79,45.0,0.94,1.28,73.3,1.45,0.77,24.4,2.22,1.88,1.28,1.03,0.51,0.34,0.77,2.48,6.84,0.26,0.0,1.62,1.79,47.5,8.333333333333332,10.344827586206897,25.0,13.700000000000001,9.4,9.4,38.111233587535885,22140000.0,19210000.0,MC_DEF,MC_DEF,MC_EST,MC_ORG,38.111233587535885,33.18663472639347,26.792734537658635
2020,Jack Cork,ENG,MF,MF,Burnley,Premier League,31,1989,1350,15.0,0.0,0.0,0.0,0.0,0.0,0.0,0.0,0.0,0.02,-0.01,0.02,0.05,0.04,0.04,-0.04,0.05,-0.01,0.33,0.0,0.0,0.0,,22.3,28.3,34.1,83.0,390.4,86.4,15.3,17.2,88.8,8.87,10.3,85.8,1.53,2.4,63.9,0.53,2.87,0.27,0.33,0.07,1.4,1.47,1.27,0.0,0.0,0.07,0.07,0.07,0.0,0.0,0.0,0.0,0.0,0.0,0.0,42.5,1.73,7.0,26.5,9.47,0.87,42.5,0.33,0.47,71.4,0.93,0.87,24.9,0.93,1.73,0.67,0.33,1.13,0.27,1.07,1.33,5.93,0.13,0.0,2.13,1.87,53.3,0.0,0.0,32.15909090909091,3.3000000000000003,3.3000000000000003,8.649999999999999,42.807276850852745,31380000.0,19020000.0,MC_DEF,MC_DEF,MC_EST,MC_ORG,42.807276850852745,29.81557152426056,29.528955244832446
2020,Jordan Ayew,GHA,FWMF,AM,Crystal Palace,Premier League,28,1991,2096,23.3,0.04,0.13,0.0,0.0,0.0,0.17,0.04,0.17,0.09,-0.05,0.09,0.08,0.03,0.06,0.1,0.13,-0.05,1.12,0.47,42.3,0.04,0.09,17.6,22.3,28.6,77.8,276.1,52.3,13.9,15.8,87.8,5.84,7.6,76.8,0.56,1.07,52.0,0.56,0.99,0.52,1.33,0.09,0.94,1.67,1.12,0.0,0.09,0.21,0.26,0.0,0.3,0.21,0.0,0.0,0.04,0.04,0.0,41.5,0.73,5.92,20.3,16.1,2.4,41.5,2.23,3.82,58.4,3.52,2.58,30.2,3.73,1.63,1.12,0.34,0.69,0.6,0.69,0.52,4.64,0.17,0.0,1.24,4.03,23.6,3.7037037037037033,14.942528735632186,25.340909090909093,11.200000000000001,22.3,8.149999999999999,36.04806406596246,18740000.0,19000000.0,MC_DEF,MC_DEF,MC_EST,FW_WG,36.04806406596246,31.401074467294453,24.303778879483364
2020,Ashley Barnes,ENG,FW,FW,Burnley,Premier League,30,1989,1331,14.8,0.2,0.0,0.0,0.07,0.07,0.2,0.14,0.14,0.27,-0.07,0.22,0.09,0.05,0.05,-0.05,0.27,-0.09,2.5,0.81,32.4,0.05,0.17,16.8,12.8,21.3,60.0,159.6,34.2,8.38,11.5,72.9,2.57,4.26,60.3,0.54,1.49,36.4,1.22,1.01,0.41,0.54,0.07,1.01,2.77,1.89,0.0,0.0,0.41,0.34,0.14,0.13,0.0,0.0,0.0,0.07,0.07,0.0,32.4,0.74,2.77,13.9,15.8,4.19,32.3,0.07,0.14,50.0,2.97,1.42,25.2,5.2,0.81,0.41,0.14,0.41,0.27,0.34,0.74,2.77,0.27,0.0,4.05,5.54,42.3,18.51851851851852,0.0,14.545454545454547,25.0,0.7000000000000001,4.05,37.83266423208039,21660000.0,18990000.0,FW_ST,FW_ST,FW_SS,FW_WG,37.83266423208039,31.42635298664558,27.15175729116069
2020,Bobby Reid,JAM,MFFW,AM,Fulham,Premier League,27,1993,2372,26.4,0.19,0.08,0.04,0.0,0.0,0.27,0.19,0.27,0.14,0.05,0.14,0.11,0.04,0.07,0.03,0.19,0.05,1.29,0.3,23.5,0.15,0.63,16.9,23.3,31.4,74.1,346.1,96.6,12.3,14.7,83.8,8.18,10.6,77.4,1.44,3.26,44.2,0.53,1.4,0.8,1.55,0.15,1.97,1.59,1.1,0.0,0.15,0.11,0.23,0.0,0.19,0.15,0.0,0.0,0.0,0.04,0.0,40.9,1.86,8.03,17.7,15.7,2.84,40.9,1.02,1.97,51.9,1.89,0.91,27.2,3.48,1.17,0.57,0.64,0.38,0.15,0.8,1.48,3.86,0.27,0.0,0.61,1.52,28.6,17.59259259259259,9.195402298850574,26.477272727272727,12.9,10.200000000000001,5.85,31.264644897439346,12220000.0,18660000.0,FW_ST,FW_ST,MC_DEF,MC_EST,31.264644897439346,30.174436467009645,30.08657558609692
2020,James McCarthy,IRL,MF,MF,Crystal Palace,Premier League,29,1990,821,9.1,0.0,0.0,0.0,0.0,0.0,0.0,0.0,0.0,0.0,0.0,0.0,0.01,0.03,0.04,-0.03,0.04,0.0,0.11,0.0,0.0,0.0,,32.7,28.4,37.6,75.4,521.0,152.7,11.8,14.3,82.3,11.4,14.4,79.4,4.07,6.7,60.7,0.55,3.3,0.55,1.21,0.22,2.42,1.21,0.99,0.0,0.0,0.0,0.11,0.11,0.11,0.0,0.0,0.0,0.0,0.0,0.11,46.2,3.3,13.5,27.8,5.05,0.11,46.2,0.22,0.33,66.7,1.1,0.11,23.0,0.33,1.76,1.32,0.99,0.77,0.0,0.88,1.32,6.48,0.11,0.0,0.99,0.66,60.0,0.0,0.0,32.272727272727266,1.0999999999999999,2.1999999999999997,8.799999999999999,42.64077247389019,31010000.0,18610000.0,MC_DEF,MC_DEF,MC_ORG,MC_EST,42.64077247389019,34.37804916791197,32.22044736417497
2020,Sander Berge,NOR,MF,MF,Sheffield Utd,Premier League,22,1998,1120,12.4,0.08,0.08,0.0,0.08,0.08,0.16,0.0,0.08,0.1,-0.02,0.04,0.05,0.09,0.06,-0.01,0.13,-0.03,0.72,0.08,11.1,0.0,0.0,18.0,30.5,37.4,81.5,479.4,109.4,16.0,18.5,86.5,11.1,12.4,89.6,2.26,3.63,62.2,1.05,2.26,0.32,1.85,0.16,1.94,1.85,1.61,0.0,0.16,0.08,0.0,0.0,0.08,0.0,0.0,0.0,0.08,0.0,0.0,47.2,2.5,8.79,23.6,15.6,2.5,47.1,1.61,2.58,62.5,1.94,1.05,31.3,1.94,1.29,0.56,0.65,0.4,0.24,0.32,1.45,5.48,0.32,0.0,1.29,1.21,51.6,7.4074074074074066,9.195402298850574,34.659090909090914,7.199999999999999,16.1,6.45,36.87528296588468,20060000.0,18330000.0,MC_DEF,MC_DEF,MC_ORG,MC_EST,36.87528296588468,33.086487218197334,32.71415169613243
2020,Ainsley Maitland-Niles,ENG,MF,MF,West Brom,Premier League,22,1997,1230,13.7,0.0,0.0,0.0,0.0,0.0,0.0,0.0,0.0,0.04,-0.04,0.04,0.06,0.05,0.09,-0.05,0.09,-0.04,0.73,0.22,30.0,0.0,0.0,23.1,22.8,30.4,75.2,311.2,95.5,12.9,15.6,82.7,5.91,7.45,79.4,1.61,2.7,59.5,0.29,2.04,0.66,0.88,0.15,1.97,1.61,1.39,0.0,0.07,0.0,0.15,0.0,0.15,0.07,0.0,0.0,0.0,0.07,0.0,42.0,2.63,9.42,18.8,14.4,1.82,42.0,1.17,2.41,48.5,2.34,1.75,22.9,2.41,1.61,0.73,0.51,0.58,0.51,1.24,1.75,5.62,0.15,0.0,0.36,1.39,20.8,0.0,0.0,25.90909090909091,7.3,11.7,8.05,36.59294853346259,19600000.0,18220000.0,MC_DEF,MC_DEF,MC_EST,MC_ORG,36.59294853346259,29.097819124450798,27.943392347375045
2020,Jóhann Berg Guðmundsson,ISL,MF,MF,Burnley,Premier League,29,1990,1363,15.1,0.13,0.0,0.07,0.0,0.0,0.13,0.13,0.13,0.08,0.05,0.08,0.06,0.03,0.05,-0.03,0.11,0.05,1.25,0.53,42.1,0.11,0.25,21.5,23.5,31.3,75.1,344.4,81.1,13.6,16.1,84.8,6.62,8.68,76.3,1.85,4.04,45.9,0.6,1.66,0.79,2.05,0.26,1.79,1.85,1.52,0.0,0.07,0.07,0.2,0.0,0.0,0.0,0.0,0.0,0.0,0.0,0.0,40.7,1.79,6.62,17.8,16.7,1.92,40.7,0.66,1.79,37.0,1.13,0.79,27.2,2.72,1.26,0.73,0.4,0.6,0.26,1.13,1.26,5.36,0.13,0.0,1.26,1.79,41.3,12.037037037037036,0.0,26.704545454545453,12.5,6.6000000000000005,6.3,36.764274059527644,19880000.0,18110000.0,MC_DEF,MC_DEF,MC_EST,MC_ORG,36.764274059527644,30.70391123902213,26.35101601719349
2020,Gary Cahill,ENG,DF,DF,Crystal Palace,Premier League,34,1985,1800,20.0,0.05,0.05,0.0,0.0,0.0,0.1,0.05,0.1,0.04,0.01,0.04,0.07,0.03,0.05,0.02,0.07,0.01,0.55,0.15,27.3,0.09,0.33,12.5,30.8,37.4,82.2,589.9,232.9,11.5,13.6,84.6,15.5,17.0,91.2,3.2,5.8,55.2,0.4,1.75,0.1,0.0,0.0,1.65,0.75,0.7,0.0,0.0,0.05,0.0,0.0,0.1,0.1,0.0,0.0,0.0,0.0,0.0,46.8,7.2,28.1,16.7,2.05,1.35,46.8,0.05,0.05,100.0,0.35,0.05,26.4,0.05,0.65,0.45,0.5,0.15,0.0,0.65,4.4,3.2,0.15,0.0,3.45,1.8,65.7,4.62962962962963,5.74712643678161,35.0,5.500000000000001,0.5,3.25,44.41850654485322,35060000.0,17900000.0,DC,DC,,,44.41850654485322,,
2020,George Baldock,GRE,DF,DF,Sheffield Utd,Premier League,27,1993,2787,31.0,0.0,0.06,0.0,0.0,0.0,0.06,0.0,0.06,0.04,-0.04,0.04,0.09,0.09,0.06,-0.03,0.13,-0.04,0.42,0.06,15.4,0.0,0.0,16.8,28.6,37.2,77.0,384.1,120.7,18.8,20.9,90.0,7.39,9.84,75.1,1.16,3.16,36.7,0.58,1.52,0.74,2.0,0.23,1.55,1.13,0.97,0.03,0.03,0.1,0.0,0.0,0.06,0.03,0.0,0.0,0.03,0.0,0.0,45.9,3.0,12.4,15.9,18.2,1.45,45.9,0.55,1.06,51.5,1.06,0.65,24.8,2.06,1.52,1.1,0.9,0.45,0.16,0.81,2.26,4.1,0.23,0.0,0.84,0.9,48.1,0.0,6.896551724137931,32.5,4.199999999999999,5.500000000000001,7.6,35.38565361251345,17720000.0,17720000.0,LB_DEF,LB_DEF,LB_OFF,,35.38565361251345,27.133052941110304,
2020,Jamal Lewis,NIR,DF,DF,Newcastle Utd,Premier League,22,1998,1837,20.4,0.0,0.05,0.0,0.0,0.0,0.05,0.0,0.05,0.01,0.0,0.01,0.04,0.05,0.05,0.0,0.06,0.0,0.15,0.05,33.3,0.0,0.0,18.6,31.2,41.8,74.8,484.6,189.3,16.7,19.1,87.2,11.2,14.1,79.2,2.16,5.29,40.7,0.69,1.52,0.69,2.16,0.49,1.27,1.42,1.23,0.15,0.0,0.0,0.05,0.0,0.1,0.1,0.0,0.0,0.0,0.0,0.0,49.9,3.04,19.0,21.2,10.2,0.39,49.9,0.59,1.18,50.0,0.83,0.64,27.0,0.83,1.81,0.98,1.13,0.64,0.05,0.54,2.16,5.34,0.2,0.0,0.49,0.74,40.0,0.0,5.74712643678161,35.45454545454545,1.5,5.8999999999999995,9.049999999999999,35.90497661454998,18520000.0,16970000.0,LB_DEF,LB_DEF,LB_OFF,,35.90497661454998,27.904276806464274,
2020,Javier Manquillo,ESP,DF,DF,Newcastle Utd,Premier League,26,1994,825,9.2,0.0,0.0,0.0,0.0,0.0,0.0,0.0,0.0,0.0,0.0,0.0,0.03,0.03,0.02,-0.03,0.03,0.0,0.11,0.0,0.0,0.0,,24.8,30.9,43.3,71.4,443.0,189.2,18.7,20.5,91.0,8.8,13.5,65.3,1.74,4.67,37.2,0.54,1.3,0.43,3.04,0.33,1.63,1.2,1.09,0.11,0.0,0.0,0.0,0.0,0.0,0.0,0.0,0.0,0.0,0.0,0.0,52.0,2.5,14.1,23.3,15.4,0.54,52.0,0.11,0.87,12.5,1.63,0.76,27.5,1.63,2.61,1.52,0.87,1.52,0.22,0.98,1.63,4.78,0.11,0.0,1.52,1.09,58.3,0.0,0.0,35.11363636363637,1.0999999999999999,1.0999999999999999,13.05,42.101140390581534,29850000.0,16790000.0,LB_DEF,LB_DEF,LB_OFF,,42.101140390581534,30.129276566820835,
2020,Emil Krafth,SWE,DF,DF,Newcastle Utd,Premier League,25,1994,1288,14.3,0.07,0.0,0.0,0.0,0.0,0.07,0.07,0.07,0.02,0.05,0.02,0.04,0.03,0.01,-0.03,0.05,0.05,0.49,0.21,42.9,0.14,0.33,22.8,29.1,40.6,71.7,475.7,222.1,14.1,17.0,83.1,11.5,15.8,73.0,2.31,4.97,46.5,0.42,1.68,0.28,1.26,0.21,1.05,0.98,0.77,0.14,0.07,0.0,0.0,0.0,0.07,0.07,0.0,0.0,0.0,0.0,0.0,49.6,5.45,23.4,18.3,8.18,0.63,49.6,0.21,0.28,75.0,0.63,0.28,24.3,0.63,1.33,0.56,0.63,0.63,0.07,1.05,3.64,4.27,0.28,0.0,1.75,1.33,56.8,6.481481481481481,0.0,33.06818181818182,4.9,2.0999999999999996,6.65,36.66162361679528,19710000.0,16640000.0,LB_DEF,LB_DEF,LB_OFF,,36.66162361679528,21.42163041558564,
2020,Ryan Bertrand,ENG,DF,DF,Southampton,Premier League,30,1989,2598,28.9,0.0,0.03,0.0,0.0,0.0,0.03,0.0,0.03,0.01,-0.01,0.01,0.05,0.04,0.07,-0.01,0.06,-0.01,0.28,0.1,37.5,0.0,0.0,19.7,41.0,54.3,75.6,596.7,222.1,23.4,26.7,87.3,14.4,18.6,77.7,1.56,4.88,31.9,0.48,2.21,0.76,2.84,0.21,2.73,1.49,1.0,0.38,0.0,0.0,0.03,0.07,0.14,0.1,0.0,0.0,0.0,0.0,0.03,61.6,2.01,14.6,30.8,16.6,1.45,61.6,0.1,0.31,33.3,0.87,0.28,35.5,2.04,2.08,1.11,0.9,0.93,0.24,1.04,1.42,3.08,0.17,0.0,1.28,1.83,41.1,0.0,3.4482758620689653,46.590909090909086,2.8000000000000003,1.0,10.4,39.87168975163042,25350000.0,16500000.0,LB_DEF,LB_DEF,LB_OFF,,39.87168975163042,33.57049772024162,
2020,Max Kilman,ENG,DF,DF,Wolves,Premier League,23,1997,1310,14.6,0.0,0.07,0.0,0.0,0.0,0.07,0.0,0.07,0.05,-0.05,0.05,0.11,0.04,0.02,0.03,0.09,-0.05,0.48,0.14,28.6,0.0,0.0,12.2,45.5,51.8,87.7,761.0,283.6,20.0,21.5,93.0,22.6,24.3,93.0,2.12,4.86,43.7,0.34,3.08,0.14,0.0,0.0,1.99,0.55,0.41,0.0,0.0,0.07,0.0,0.07,0.07,0.07,0.0,0.0,0.0,0.0,0.0,60.1,5.27,26.5,31.0,2.81,0.62,60.1,0.48,0.55,87.5,0.27,0.14,42.9,0.14,1.44,0.96,0.89,0.27,0.27,1.3,3.15,4.38,0.27,0.0,1.37,1.71,44.4,0.0,8.045977011494255,51.70454545454546,4.8,4.8,7.199999999999999,35.227458840094265,17490000.0,14820000.0,DC,DC,,,35.227458840094265,,
2020,Oliver Burke,SCO,FW,FW,Sheffield Utd,Premier League,23,1997,1269,14.1,0.07,0.07,0.0,0.0,0.0,0.14,0.07,0.14,0.15,-0.08,0.15,0.08,0.16,0.11,-0.09,0.31,-0.08,1.77,0.43,24.0,0.04,0.17,15.6,12.6,18.6,67.9,141.6,21.9,8.09,10.6,76.0,2.2,3.19,68.9,0.28,0.57,50.0,1.06,0.35,0.71,0.71,0.0,0.92,1.85,1.28,0.0,0.28,0.21,0.0,0.07,0.07,0.07,0.0,0.0,0.0,0.0,0.0,30.4,0.28,2.48,12.1,16.2,4.33,30.4,1.13,2.13,53.3,3.33,1.99,21.3,6.38,1.13,0.57,0.43,0.64,0.07,0.14,0.43,2.06,0.14,0.0,2.13,3.26,39.5,6.481481481481481,8.045977011494255,14.318181818181818,17.7,11.299999999999999,5.6499999999999995,29.498120697671894,10270000.0,13930000.0,FW_SS,FW_SS,FW_WG,FW_ST,29.498120697671894,25.286141578776462,24.5120011836533
2020,Nathaniel Clyne,ENG,DF,DF,Crystal Palace,Premier League,29,1991,1145,12.7,0.0,0.08,0.0,0.0,0.0,0.08,0.0,0.08,0.01,-0.02,0.01,0.04,0.02,0.02,0.06,0.03,-0.02,0.31,0.08,25.0,0.0,0.0,21.7,35.3,46.7,75.5,502.0,205.9,21.4,23.8,90.1,11.2,15.0,74.3,1.5,4.25,35.2,0.31,1.89,1.02,1.81,0.39,1.65,0.63,0.47,0.08,0.0,0.08,0.0,0.0,0.08,0.08,0.0,0.0,0.0,0.0,0.0,53.9,2.76,17.6,25.8,10.9,0.47,53.9,0.31,0.47,66.7,0.63,0.16,28.5,0.79,1.34,0.79,0.63,0.63,0.08,1.42,1.97,4.41,0.16,0.0,0.31,0.79,28.6,0.0,9.195402298850574,40.11363636363636,3.1,3.1,6.7,34.96660626804295,17100000.0,13550000.0,LB_DEF,LB_DEF,LB_OFF,,34.96660626804295,22.90505898705264,
2020,Darnell Furlong,ENG,DF,DF,West Brom,Premier League,24,1995,2932,32.6,0.03,0.09,0.0,0.0,0.0,0.12,0.03,0.12,0.06,-0.03,0.06,0.08,0.06,0.06,0.03,0.12,-0.03,0.8,0.15,19.2,0.04,0.2,13.8,20.9,36.9,56.6,365.3,158.7,10.2,13.3,76.9,7.88,13.9,56.7,2.39,7.12,33.6,0.49,1.93,0.55,3.04,0.31,1.84,1.04,0.64,0.21,0.0,0.09,0.09,0.0,0.09,0.09,0.0,0.0,0.0,0.0,0.0,46.8,3.99,14.1,19.5,13.5,1.72,46.8,0.31,0.74,41.7,1.23,0.31,22.8,1.35,1.38,0.83,0.83,0.37,0.18,1.5,2.76,3.01,0.15,0.0,3.59,2.7,57.1,2.7777777777777777,10.344827586206897,23.75,8.0,3.1,6.8999999999999995,31.382640874385054,12360000.0,13110000.0,LB_DEF,LB_DEF,LB_OFF,,31.382640874385054,27.872262975741208,
2020,Theo Walcott,ENG,MFFW,AM,Southampton,Premier League,31,1989,1618,18.0,0.17,0.17,0.0,0.0,0.0,0.33,0.17,0.33,0.13,0.04,0.13,0.08,0.06,0.07,0.11,0.18,0.04,1.61,0.61,37.9,0.1,0.27,20.2,16.9,24.0,70.4,217.4,48.6,10.4,12.7,81.7,4.56,6.78,67.2,0.56,1.22,45.5,0.94,0.72,0.72,1.61,0.11,1.44,1.72,1.28,0.0,0.06,0.17,0.17,0.06,0.33,0.11,0.0,0.06,0.06,0.11,0.0,35.6,0.72,4.94,14.9,16.0,3.33,35.6,0.94,2.83,33.3,3.11,1.5,25.1,4.94,1.28,0.61,0.44,0.5,0.33,0.78,0.28,3.39,0.0,0.0,0.61,1.33,31.4,15.74074074074074,19.54022988505747,19.204545454545453,16.1,9.4,6.4,32.702575234500316,13990000.0,12810000.0,FW_ST,FW_ST,AM,MC_EST,32.702575234500316,31.007766116820246,30.990754596346488
2020,Jake Livermore,ENG,MF,MF,West Brom,Premier League,30,1989,1242,13.8,0.0,0.0,0.0,0.0,0.0,0.0,0.0,0.0,0.02,-0.02,0.02,0.07,0.01,0.01,-0.01,0.04,-0.02,0.36,0.0,0.0,0.0,,19.8,19.8,28.1,70.4,320.1,82.9,9.78,12.3,79.4,7.75,10.2,75.9,1.52,3.48,43.8,0.36,1.67,0.14,0.36,0.07,1.23,0.65,0.58,0.0,0.0,0.07,0.0,0.0,0.07,0.07,0.0,0.0,0.0,0.0,0.0,37.7,3.33,11.1,21.7,5.43,0.58,37.7,0.14,0.36,40.0,1.09,0.51,17.5,0.43,2.39,1.3,1.01,1.16,0.22,1.16,1.88,5.29,0.14,0.07,0.87,1.23,41.4,0.0,0.0,22.5,3.5999999999999996,1.4000000000000001,11.950000000000001,37.67511204695408,21390000.0,12750000.0,MC_DEF,MC_DEF,MC_EST,MC_ORG,37.67511204695408,22.202792462497957,19.409004903828055
2020,Kieran Gibbs,ENG,DF,DF,West Brom,Premier League,30,1989,809,9.0,0.0,0.0,0.0,0.0,0.0,0.0,0.0,0.0,0.01,-0.01,0.01,0.06,0.04,0.02,-0.04,0.05,-0.01,0.11,0.0,0.0,0.0,,12.0,24.7,34.8,70.9,376.4,142.0,13.9,16.0,86.8,8.89,12.2,72.7,1.33,4.89,27.3,0.44,2.0,0.44,1.22,0.33,1.33,0.56,0.56,0.0,0.0,0.0,0.0,0.0,0.11,0.11,0.0,0.0,0.0,0.0,0.0,44.0,5.89,17.6,19.1,7.56,0.44,44.0,0.22,0.22,100.0,1.0,0.11,21.1,1.0,1.67,1.22,1.22,0.33,0.11,1.78,3.33,5.22,0.11,0.11,1.0,1.78,36.0,0.0,0.0,28.06818181818182,1.0999999999999999,2.1999999999999997,8.35,40.8195423827303,27210000.0,9790000.0,LB_DEF,LB_DEF,LB_OFF,,40.8195423827303,24.267781483213422,
2020,Jeff Hendrick,IRL,MF,MF,Newcastle Utd,Premier League,28,1992,1422,15.8,0.13,0.06,0.0,0.0,0.0,0.19,0.13,0.19,0.07,0.06,0.07,0.11,0.07,0.04,-0.01,0.14,0.06,0.63,0.13,20.0,0.2,1.0,18.7,27.4,34.4,79.6,425.0,104.9,14.7,17.2,85.7,8.67,10.3,84.0,2.22,3.35,66.0,0.38,2.03,0.32,0.38,0.13,1.65,1.27,1.14,0.0,0.0,0.06,0.06,0.0,0.25,0.25,0.0,0.0,0.0,0.0,0.0,41.1,2.34,10.4,23.9,7.09,0.7,41.1,0.57,0.95,60.0,0.89,0.95,26.8,0.95,0.51,0.19,0.32,0.19,0.0,1.2,1.14,4.3,0.19,0.06,0.7,1.71,28.9,12.037037037037036,6.896551724137931,31.136363636363633,6.3,5.699999999999999,2.5500000000000003,29.711916212489246,10490000.0,9650000.0,MC_DEF,MC_DEF,MC_ORG,MC_EST,29.711916212489246,26.768239000317113,24.561734082672395
2020,Jay Rodriguez,ENG,FW,FW,Burnley,Premier League,31,1989,1265,14.1,0.07,0.14,0.0,0.0,0.0,0.21,0.07,0.21,0.22,-0.14,0.22,0.11,0.08,0.04,0.06,0.29,-0.14,2.21,0.64,29.0,0.03,0.11,17.1,14.3,19.9,72.1,161.4,37.2,10.0,12.1,82.5,2.48,4.04,61.4,0.43,0.71,60.0,0.43,1.21,0.57,0.28,0.0,1.35,1.78,1.28,0.0,0.14,0.14,0.21,0.0,0.21,0.21,0.0,0.0,0.0,0.0,0.0,32.3,0.71,2.77,14.0,16.0,3.76,32.3,0.85,1.99,42.9,3.48,1.56,21.8,5.18,1.77,1.13,0.35,1.06,0.35,0.14,0.5,3.97,0.21,0.0,2.98,5.18,36.5,6.481481481481481,16.09195402298851,16.25,22.1,8.5,8.85,29.615238781679565,10390000.0,9010000.0,FW_ST,FW_ST,FW_SS,FW_WG,29.615238781679565,25.665364551383902,24.867627773369414
2020,Willian José,BRA,FW,FW,Wolves,Premier League,28,1991,1110,12.3,0.08,0.0,0.0,0.0,0.0,0.08,0.08,0.08,0.13,-0.05,0.13,0.08,0.1,0.06,-0.1,0.23,-0.05,1.54,0.57,36.8,0.05,0.14,15.1,19.8,24.9,79.7,310.1,42.2,10.7,12.0,89.2,5.28,6.91,76.5,2.36,3.09,76.3,0.98,1.14,0.24,0.49,0.0,0.81,2.11,1.46,0.0,0.08,0.49,0.08,0.0,0.08,0.0,0.0,0.0,0.0,0.08,0.0,31.1,1.22,3.01,17.7,10.6,2.6,31.1,0.65,0.89,72.7,2.36,1.06,23.7,4.31,0.16,0.08,0.08,0.08,0.0,0.08,0.98,3.25,0.0,0.0,2.11,2.76,43.3,7.4074074074074066,0.0,22.5,15.4,6.5,0.8,25.200412687434614,6400000.0,8130000.0,FW_ST,FW_ST,FW_SS,FW_WG,25.200412687434614,22.225815266985286,21.207177876919605
2020,Rhian Brewster,ENG,FWMF,AM,Sheffield Utd,Premier League,20,2000,1128,12.5,0.0,0.0,0.08,0.0,0.0,0.0,0.0,0.0,0.14,-0.14,0.14,0.07,0.13,0.05,-0.13,0.27,-0.14,1.91,0.56,29.2,0.0,0.0,21.8,12.6,18.0,69.8,178.5,44.5,7.84,10.0,78.4,2.96,4.32,68.5,0.96,1.76,54.5,0.88,1.2,0.32,1.28,0.24,1.2,1.83,1.28,0.0,0.0,0.32,0.24,0.0,0.0,0.0,0.0,0.0,0.0,0.0,0.0,26.8,0.32,2.24,11.0,13.9,2.4,26.8,0.64,1.2,53.3,1.6,1.44,17.8,3.84,0.64,0.4,0.08,0.32,0.24,0.4,0.4,2.8,0.08,0.0,1.12,4.0,21.9,0.0,0.0,14.318181818181818,19.1,6.4,3.2,23.05270555093764,4900000.0,7540000.0,AM,AM,MC_EST,FW_WG,23.05270555093764,18.587367616137783,16.934537360581846
2020,Karlan Grant,ENG,FWMF,AM,West Brom,Premier League,22,1997,1127,12.5,0.08,0.0,0.08,0.0,0.0,0.08,0.08,0.08,0.15,-0.06,0.15,0.12,0.02,0.02,-0.02,0.16,-0.06,1.28,0.72,56.3,0.06,0.11,15.7,13.1,18.7,70.1,159.2,26.9,8.8,11.3,78.0,2.72,3.6,75.6,0.48,0.96,50.0,0.24,0.4,0.4,1.12,0.0,0.88,1.2,0.88,0.0,0.0,0.24,0.08,0.0,0.16,0.08,0.0,0.0,0.08,0.0,0.0,28.1,1.36,3.68,11.0,13.5,2.8,28.1,0.72,1.28,56.3,2.48,1.36,18.9,4.96,0.4,0.24,0.24,0.16,0.0,0.4,1.36,2.16,0.08,0.0,1.12,4.72,19.2,7.4074074074074066,0.0,14.886363636363637,12.8,7.199999999999999,2.0,21.616877873814364,4040000.0,5360000.0,FW_ST,FW_ST,FW_WG,MC_EST,21.616877873814364,16.448346710956898,16.224579447050605
