Player,Season,Date,Left_Club,Joined_Club,Market_Value,Fee,Market_Value_Num,Fee_Num
Lionel Messi,,,,,,,0,0
Kevin De Bruyne,15/16,30/08/2015,Wolfsburg,Man City,€45.00m,€76.00m,45000000,76000000
Kevin De Bruyne,13/14,18/01/2014,Chelsea,Wolfsburg,€15.00m,€22.00m,15000000,22000000
Kevin De Bruyne,11/12,31/01/2012,Genk,Chelsea,€9.00m,€8.00m,9000000,8000000
Vinicius Júnior,18/19,12/07/2018,Flamengo,Real Madrid,€35.00m,€45.00m,35000000,45000000
Christopher Nkunku,25/26,30/08/2025,Chelsea,AC Milan,€35.00m,€37.00m,35000000,37000000
Christopher Nkunku,23/24,01/07/2023,Leipzig,Chelsea,€80.00m,€60.00m,80000000,60000000
Christopher Nkunku,19/20,18/07/2019,PSG,Leipzig,€12.00m,€19.50m,12000000,19500000
Karim Benzema,09/10,09/07/2009,Lyon,Real Madrid,€29.00m,€35.00m,29000000,35000000
Mohamed Salah,17/18,01/07/2017,Roma,Liverpool,€35.00m,€42.00m,35000000,42000000
Mohamed Salah,16/17,01/07/2016,Chelsea,Roma,€23.00m,€15.00m,23000000,15000000
Mohamed Salah,13/14,26/01/2014,Basel,Chelsea,€8.50m,€16.50m,8500000,16500000
Mohamed Salah,12/13,01/07/2012,El Mokawloon,Basel,€1.50m,€2.50m,1500000,2500000
Mats Hummels,19/20,01/07/2019,Bayern Munich,Dortmund,€35.00m,€30.50m,35000000,30500000
Mats Hummels,16/17,01/07/2016,Dortmund,Bayern Munich,€38.00m,€35.00m,38000000,35000000
Mats Hummels,09/10,01/07/2009,Bayern Munich,Dortmund,€4.00m,€4.20m,4000000,4200000
Josip Iličić,17/18,05/07/2017,Fiorentina,Atalanta,€10.00m,€6.40m,10000000,6400000
Josip Iličić,13/14,23/07/2013,US Palermo,Fiorentina,€9.50m,€9.00m,9500000,9000000
Josip Iličić,10/11,27/08/2010,NK Maribor,US Palermo,€1.00m,€2.30m,1000000,2300000
Josip Iličić,10/11,01/07/2010,NK Interblock,NK Maribor,€500k,€80k,500000,80000
Luis Alberto,20/21,01/07/2020,Barcelona,Atlético,€28.00m,€9.00m,28000000,9000000
Luis Alberto,14/15,11/07/2014,Liverpool,Barcelona,€52.00m,€81.72m,52000000,81720000
Luis Alberto,10/11,31/01/2011,Ajax,Liverpool,€25.00m,€26.50m,25000000,26500000
Luis Alberto,07/08,09/08/2007,FC Groningen,Ajax,€1.00m,€7.50m,1000000,7500000
Luis Alberto,06/07,11/07/2006,Nacional,FC Groningen,-,€800k,0,800000
Kylian Mbappé,18/19,01/07/2018,Monaco,PSG,€120.00m,€180.00m,120000000,180000000
Joshua Kimmich,15/16,02/07/2015,Stuttgart,Bayern Munich,€5.00m,€9.50m,5000000,9500000
Joshua Kimmich,15/16,01/07/2015,Leipzig,Stuttgart,€5.00m,€1.50m,5000000,1500000
Joshua Kimmich,13/14,05/07/2013,Stuttgart U19,Leipzig,-,€500k,0,500000
Riyad Mahrez,23/24,28/07/2023,Man City,Al-Ahli,€20.00m,€35.00m,20000000,35000000
Riyad Mahrez,18/19,10/07/2018,Leicester,Man City,€50.00m,€67.80m,50000000,67800000
Riyad Mahrez,13/14,11/01/2014,Le Havre AC,Leicester,€750k,€500k,750000,500000
Bruno Fernandes,19/20,29/01/2020,Sporting,Man Utd,€60.00m,€65.00m,60000000,65000000
Bruno Fernandes,17/18,02/07/2017,Sampdoria,Sporting,€7.50m,€9.70m,7500000,9700000
Bruno Fernandes,17/18,01/07/2017,Udinese,Sampdoria,€7.50m,€6.00m,7500000,6000000
Bruno Fernandes,13/14,01/07/2013,Novara,Udinese,€3.50m,€2.50m,3500000,2500000
Bruno Fernandes,12/13,27/08/2012,Boavista Y19,Novara,-,€40k,0,40000
Neymar,23/24,15/08/2023,PSG,Al-Hilal,€60.00m,€90.00m,60000000,90000000
Neymar,17/18,03/08/2017,Barcelona,PSG,€100.00m,€222.00m,100000000,222000000
Neymar,13/14,01/07/2013,Santos,Barcelona,€50.00m,€88.00m,50000000,88000000
Eden Hazard,19/20,01/07/2019,Chelsea,Real Madrid,€150.00m,€120.80m,150000000,120800000
Eden Hazard,12/13,01/07/2012,Lille,Chelsea,€33.00m,€35.00m,33000000,35000000
Jack Grealish,21/22,05/08/2021,Aston Villa,Man City,€65.00m,€117.50m,65000000,117500000
Daniel Parejo,20/21,12/08/2020,Valencia,Villarreal,€20.00m,€2.25m,20000000,2250000
Daniel Parejo,11/12,01/07/2011,Getafe,Valencia,€8.00m,€6.00m,8000000,6000000
Daniel Parejo,09/10,25/07/2009,Real Madrid,Getafe,€500k,€3.00m,500000,3000000
Jorginho,22/23,31/01/2023,Chelsea,Arsenal,€35.00m,€11.30m,35000000,11300000
Jorginho,18/19,14/07/2018,Napoli,Chelsea,€50.00m,€57.00m,50000000,57000000
Jorginho,13/14,18/01/2014,Hellas Verona,Napoli,€10.00m,€9.50m,10000000,9500000
Luis Muriel,23/24,15/02/2024,Atalanta,Orlando,€3.50m,€2.10m,3500000,2100000
Luis Muriel,19/20,01/07/2019,Sevilla FC,Atalanta,€13.00m,€21.20m,13000000,21200000
Luis Muriel,17/18,11/07/2017,Sampdoria,Sevilla FC,€17.00m,€24.50m,17000000,24500000
Luis Muriel,15/16,01/07/2015,Udinese,Sampdoria,€10.00m,€12.00m,10000000,12000000
Luis Muriel,10/11,01/07/2010,Deportivo Cali,Udinese,€1.50m,€1.50m,1500000,1500000
Papu Gómez,20/21,26/01/2021,Atalanta,Sevilla FC,€15.00m,€6.40m,15000000,6400000
Papu Gómez,14/15,01/09/2014,Metalist Kharkiv,Atalanta,€8.00m,€4.47m,8000000,4470000
Papu Gómez,13/14,02/08/2013,Catania,Metalist Kharkiv,€11.00m,€7.00m,11000000,7000000
Papu Gómez,10/11,21/07/2010,San Lorenzo,Catania,€2.50m,€2.50m,2500000,2500000
Papu Gómez,08/09,29/01/2009,Arsenal Sarandí,San Lorenzo,€3.50m,€1.55m,3500000,1550000
Marcelo Brozović,23/24,03/07/2023,Inter,Al-Nassr,€25.00m,€15.70m,25000000,15700000
Marcelo Brozović,16/17,01/07/2016,Dinamo Zagreb,Inter,€18.00m,€5.00m,18000000,5000000
Marcelo Brozović,12/13,31/08/2012,NK Lokomotiva,Dinamo Zagreb,€600k,€2.40m,600000,2400000
Marcelo Brozović,11/12,01/07/2011,Hrv Dragovoljac,NK Lokomotiva,€350k,€300k,350000,300000
David Silva,10/11,14/07/2010,Valencia,Man City,€32.00m,€28.75m,32000000,28750000
Jadon Sancho,21/22,23/07/2021,Dortmund,Man Utd,€100.00m,€85.00m,100000000,85000000
Jadon Sancho,17/18,31/08/2017,Man City U18,Dortmund,€5.00m,€20.59m,5000000,20590000
Jadon Sancho,14/15,07/03/2015,Watford Yth.,Man City Youth,-,€172k,0,172000
Thiago Alcántara,20/21,18/09/2020,Bayern Munich,Liverpool,€48.00m,€22.00m,48000000,22000000
Thiago Alcántara,13/14,14/07/2013,Barcelona,Bayern Munich,€22.00m,€25.00m,22000000,25000000
Mesut Özil,13/14,02/09/2013,Real Madrid,Arsenal,€40.00m,€47.00m,40000000,47000000
Mesut Özil,10/11,17/08/2010,Werder Bremen,Real Madrid,€27.00m,€18.00m,27000000,18000000
Mesut Özil,07/08,31/01/2008,FC Schalke 04,Werder Bremen,€2.50m,€5.00m,2500000,5000000
Sergio Busquets,,,,,,,0,0
Serge Gnabry,17/18,01/07/2017,Werder Bremen,Bayern Munich,€15.00m,€8.00m,15000000,8000000
Serge Gnabry,16/17,31/08/2016,Arsenal,Werder Bremen,€2.50m,€5.00m,2500000,5000000
Serge Gnabry,11/12,01/07/2011,Stuttgart U17,Arsenal U18,-,€100k,0,100000
Ruslan Malinovskyi,23/24,31/01/2024,Marseille,Genoa,€10.00m,€7.70m,10000000,7700000
Ruslan Malinovskyi,23/24,01/07/2023,Atalanta,Marseille,€15.00m,€10.00m,15000000,10000000
Ruslan Malinovskyi,19/20,16/07/2019,Genk,Atalanta,€12.50m,€13.60m,12500000,13600000
Ruslan Malinovskyi,17/18,01/07/2017,Shakhtar D.,Genk,€4.00m,€2.00m,4000000,2000000
Raheem Sterling,22/23,13/07/2022,Man City,Chelsea,€70.00m,€56.20m,70000000,56200000
Raheem Sterling,15/16,14/07/2015,Liverpool,Man City,€40.00m,€63.70m,40000000,63700000
Raheem Sterling,09/10,16/02/2010,QPR U18,Liverpool U18,-,€700k,0,700000
Manuel Locatelli,23/24,01/07/2023,Sassuolo,Juventus,€30.00m,€36.40m,30000000,36400000
Manuel Locatelli,19/20,01/07/2019,AC Milan,Sassuolo,€12.00m,€14.00m,12000000,14000000
Pierre Højbjerg,,,,,,,0,0
Marcelo,06/07,01/01/2007,Fluminense,Real Madrid,€6.50m,€6.50m,6500000,6500000
Marten de Roon,17/18,10/08/2017,Middlesbrough,Atalanta,€10.00m,€16.70m,10000000,16700000
Marten de Roon,16/17,04/07/2016,Atalanta,Middlesbrough,€5.00m,€10.50m,5000000,10500000
Marten de Roon,15/16,11/07/2015,Heerenveen,Atalanta,€1.25m,€1.30m,1250000,1300000
Paulo Dybala,15/16,01/07/2015,US Palermo,Juventus,€28.00m,€41.00m,28000000,41000000
Paulo Dybala,12/13,20/07/2012,Instituto ACC,US Palermo,€2.00m,€11.90m,2000000,11900000
Miralem Pjanić,20/21,01/09/2020,Juventus,Barcelona,€45.00m,€60.00m,45000000,60000000
Miralem Pjanić,16/17,01/07/2016,Roma,Juventus,€35.00m,€32.00m,35000000,32000000
Miralem Pjanić,11/12,31/08/2011,Lyon,Roma,€9.00m,€11.00m,9000000,11000000
Miralem Pjanić,08/09,01/07/2008,FC Metz,Lyon,€5.50m,€7.50m,5500000,7500000
Ángel Di María,15/16,06/08/2015,Man Utd,PSG,€50.00m,€63.00m,50000000,63000000
Ángel Di María,14/15,26/08/2014,Real Madrid,Man Utd,€50.00m,€75.00m,50000000,75000000
Ángel Di María,10/11,01/07/2010,Benfica,Real Madrid,€9.50m,€33.00m,9500000,33000000
Ángel Di María,07/08,27/07/2007,Rosario Central,Benfica,-,€8.00m,0,8000000
Trent Alexander-Arnold,25/26,01/06/2025,Liverpool,Real Madrid,€75.00m,€10.00m,75000000,10000000
Julian Brandt,19/20,01/07/2019,Leverkusen,Dortmund,€50.00m,€25.00m,50000000,25000000
Julian Brandt,13/14,01/01/2014,Wolfsburg U19,Leverkusen,-,€500k,0,500000
Rodrigo Bentancur,21/22,31/01/2022,Juventus,Tottenham,€25.00m,€19.00m,25000000,19000000
Rodrigo Bentancur,17/18,01/07/2017,Boca Juniors,Juventus,€6.00m,€23.50m,6000000,23500000
Christian Eriksen,19/20,28/01/2020,Tottenham,Inter,€90.00m,€27.00m,90000000,27000000
Christian Eriksen,13/14,30/08/2013,Ajax,Tottenham,€18.00m,€14.15m,18000000,14150000
Christian Eriksen,08/09,01/01/2009,Odense BK U19,Ajax U19,-,€1.50m,0,1500000
Rúben Neves,23/24,01/07/2023,Wolves,Al-Hilal,€40.00m,€55.00m,40000000,55000000
Rúben Neves,17/18,08/07/2017,Porto,Wolves,€10.00m,€17.90m,10000000,17900000
Jordan Henderson,23/24,27/07/2023,Liverpool,Al-Ettifaq,€10.00m,€14.00m,10000000,14000000
Jordan Henderson,11/12,01/07/2011,Sunderland,Liverpool,€8.50m,€18.00m,8500000,18000000
Rodri,19/20,04/07/2019,Atlético,Man City,€80.00m,€70.00m,80000000,70000000
Rodri,18/19,01/07/2018,Villarreal,Atlético,€25.00m,€20.00m,25000000,20000000
Rodri,07/08,01/07/2007,Majad. Youth,Atlético Yth.,-,€1.50m,0,1500000
Alexis Sánchez,17/18,22/01/2018,Arsenal,Man Utd,€70.00m,€34.00m,70000000,34000000
Alexis Sánchez,14/15,10/07/2014,Barcelona,Arsenal,€30.00m,€42.50m,30000000,42500000
Alexis Sánchez,11/12,21/07/2011,Udinese,Barcelona,€25.00m,€26.00m,25000000,26000000
Alexis Sánchez,06/07,01/07/2006,Cobreloa,Udinese,-,€3.00m,0,3000000
Lucas Leiva,17/18,18/07/2017,Liverpool,Lazio,€7.00m,€5.70m,7000000,5700000
Lucas Leiva,07/08,01/07/2007,Grêmio,Liverpool,€6.00m,€10.00m,6000000,10000000
Asier Illarramendi,15/16,26/08/2015,Real Madrid,Real Sociedad,€15.00m,€16.00m,15000000,16000000
Asier Illarramendi,13/14,12/07/2013,Real Sociedad,Real Madrid,€12.00m,€32.00m,12000000,32000000
James Rodríguez,21/22,22/09/2021,Everton,Al-Rayyan,€28.00m,€8.00m,28000000,8000000
James Rodríguez,14/15,22/07/2014,Monaco,Real Madrid,€60.00m,€75.00m,60000000,75000000
James Rodríguez,13/14,01/07/2013,Porto,Monaco,€23.00m,€45.00m,23000000,45000000
James Rodríguez,10/11,06/07/2010,Banfield,Porto,€2.50m,€7.35m,2500000,7350000
James Rodríguez,07/08,01/01/2008,Envigado,Banfield II,-,€280k,0,280000
Philippe Coutinho,22/23,01/07/2022,Barcelona,Aston Villa,€20.00m,€20.00m,20000000,20000000
Philippe Coutinho,17/18,08/01/2018,Liverpool,Barcelona,€90.00m,€135.00m,90000000,135000000
Philippe Coutinho,12/13,30/01/2013,Inter,Liverpool,€9.00m,€13.00m,9000000,13000000
Philippe Coutinho,08/09,23/07/2008,Vasco U17,Inter,-,€3.80m,0,3800000
Casemiro,22/23,22/08/2022,Real Madrid,Man Utd,€40.00m,€70.65m,40000000,70650000
Casemiro,15/16,02/07/2015,Porto,Real Madrid,€10.00m,€15.00m,10000000,15000000
Casemiro,15/16,01/07/2015,Real Madrid,Porto,€10.00m,€7.50m,10000000,7500000
Casemiro,13/14,01/07/2013,São Paulo,Real Madrid,€6.00m,€6.00m,6000000,6000000
Isco,13/14,01/07/2013,Málaga CF,Real Madrid,€25.00m,€30.00m,25000000,30000000
Isco,11/12,01/07/2011,Valencia B,Málaga CF,-,€6.00m,0,6000000
Declan Rice,23/24,15/07/2023,West Ham,Arsenal,€90.00m,€116.60m,90000000,116600000
Dimitri Payet,16/17,30/01/2017,West Ham,Marseille,€30.00m,€29.30m,30000000,29300000
Dimitri Payet,15/16,01/07/2015,Marseille,West Ham,€13.00m,€15.00m,13000000,15000000
Dimitri Payet,13/14,01/07/2013,Lille,Marseille,€15.00m,€8.70m,15000000,8700000
Dimitri Payet,11/12,01/07/2011,Saint-Étienne,Lille,€9.00m,€9.00m,9000000,9000000
Dimitri Payet,07/08,01/07/2007,FC Nantes,Saint-Étienne,€1.50m,€4.00m,1500000,4000000
Fred,25/26,07/08/2025,Leicester,Besiktas,€15.00m,€8.00m,15000000,8000000
Fred,16/17,03/01/2017,Genk,Leicester,€8.00m,€17.60m,8000000,17600000
Fred,14/15,15/01/2015,Nath Boys,Genk,-,€180k,0,180000
João Cancelo,24/25,27/08/2024,Man City,Al-Hilal,€25.00m,€25.00m,25000000,25000000
João Cancelo,19/20,07/08/2019,Juventus,Man City,€55.00m,€65.00m,55000000,65000000
João Cancelo,18/19,01/07/2018,Valencia,Juventus,€35.00m,€40.40m,35000000,40400000
João Cancelo,15/16,01/07/2015,Benfica,Valencia,€5.00m,€15.00m,5000000,15000000
Rodrigo De Paul,25/26,26/01/2026,Atlético,Miami,€15.00m,€15.00m,15000000,15000000
Rodrigo De Paul,21/22,12/07/2021,Udinese,Atlético,€38.00m,€35.00m,38000000,35000000
Rodrigo De Paul,16/17,20/07/2016,Valencia,Udinese,€2.50m,€10.00m,2500000,10000000
Rodrigo De Paul,14/15,01/07/2014,Racing Club,Valencia,€3.50m,€6.55m,3500000,6550000
James Milner,10/11,17/08/2010,Aston Villa,Man City,€20.00m,€22.00m,20000000,22000000
James Milner,08/09,29/08/2008,Newcastle,Aston Villa,€8.75m,€15.00m,8750000,15000000
James Milner,04/05,02/07/2004,Leeds,Newcastle,-,€7.40m,0,7400000
Fabinho,23/24,31/07/2023,Liverpool,Al-Ittihad,€42.00m,€46.70m,42000000,46700000
Fabinho,18/19,01/07/2018,Monaco,Liverpool,€45.00m,€45.00m,45000000,45000000
Fabinho,15/16,01/07/2015,Rio Ave,Monaco,€8.00m,€6.00m,8000000,6000000
Fabinho,12/13,01/07/2012,Fluminense U20,Rio Ave,-,€500k,0,500000
N'Golo Kanté,16/17,16/07/2016,Leicester,Chelsea,€20.00m,€35.80m,20000000,35800000
N'Golo Kanté,15/16,03/08/2015,SM Caen,Leicester,€4.50m,€9.00m,4500000,9000000
Wendell,21/22,19/08/2021,Leverkusen,Porto,€6.50m,€4.30m,6500000,4300000
Wendell,14/15,01/07/2014,Grêmio,Leverkusen,€3.00m,€6.50m,3000000,6500000
Florian Thauvin,25/26,08/08/2025,Udinese,Lens,€5.00m,€6.00m,5000000,6000000
Florian Thauvin,17/18,01/07/2017,Newcastle,Marseille,€18.00m,€11.00m,18000000,11000000
Florian Thauvin,15/16,19/08/2015,Marseille,Newcastle,€12.00m,€18.35m,12000000,18350000
Florian Thauvin,13/14,02/09/2013,Lille,Marseille,€6.00m,€12.00m,6000000,12000000
Florian Thauvin,12/13,30/01/2013,SC Bastia,Lille,€3.00m,€3.50m,3000000,3500000
Éver Banega,17/18,03/07/2017,Inter,Sevilla FC,€16.00m,€7.00m,16000000,7000000
Éver Banega,14/15,18/08/2014,Valencia,Sevilla FC,€8.00m,€2.50m,8000000,2500000
Éver Banega,07/08,05/01/2008,Boca Juniors,Valencia,€15.00m,€18.00m,15000000,18000000
Florian Wirtz,25/26,01/07/2025,Leverkusen,Liverpool,€140.00m,€125.00m,140000000,125000000
Florian Wirtz,19/20,31/01/2020,1.FC Köln U17,Leverkusen U19,-,€200k,0,200000
Dale Stephens,20/21,24/09/2020,Brighton,Burnley,€4.80m,€1.10m,4800000,1100000
Dale Stephens,13/14,30/01/2014,Charlton,Brighton,€800k,€2.00m,800000,2000000
Dale Stephens,11/12,01/07/2011,Oldham Athletic,Charlton,€125k,€390k,125000,390000
Dale Stephens,08/09,01/07/2008,Bury,Oldham Athletic,-,€10k,0,10000
Mason Mount,23/24,05/07/2023,Chelsea,Man Utd,€60.00m,€67.70m,60000000,67700000
Pablo Sarabia,22/23,17/01/2023,PSG,Wolves,€20.00m,€5.00m,20000000,5000000
Pablo Sarabia,19/20,02/07/2019,Sevilla FC,PSG,€40.00m,€18.00m,40000000,18000000
Pablo Sarabia,16/17,01/07/2016,Getafe,Sevilla FC,€5.00m,€1.00m,5000000,1000000
Pablo Sarabia,11/12,03/07/2011,RM Castilla,Getafe,-,€3.00m,0,3000000
Cesc Fàbregas,18/19,11/01/2019,Chelsea,Monaco,€25.00m,€9.00m,25000000,9000000
Cesc Fàbregas,14/15,01/07/2014,Barcelona,Chelsea,€50.00m,€33.00m,50000000,33000000
Cesc Fàbregas,11/12,15/08/2011,Arsenal,Barcelona,€54.00m,€34.00m,54000000,34000000
Cesc Fàbregas,03/04,11/09/2003,Barça U16,Arsenal U18,-,€3.20m,0,3200000
Luka Modrić,12/13,27/08/2012,Tottenham,Real Madrid,€40.00m,€35.00m,40000000,35000000
Luka Modrić,08/09,01/07/2008,Dinamo Zagreb,Tottenham,€18.00m,€22.50m,18000000,22500000
Aleksandar Kolarov,20/21,08/09/2020,Roma,Inter,€5.00m,€1.50m,5000000,1500000
Aleksandar Kolarov,17/18,22/07/2017,Man City,Roma,€10.00m,€5.00m,10000000,5000000
Aleksandar Kolarov,10/11,24/07/2010,Lazio,Man City,€9.00m,€23.86m,9000000,23860000
Aleksandar Kolarov,07/08,01/07/2007,OFK Beograd,Lazio,€1.00m,€925k,1000000,925000
Aleksandar Kolarov,06/07,01/02/2007,Cukaricki,OFK Beograd,-,€400k,0,400000
Kurt Zouma,21/22,28/08/2021,Chelsea,West Ham,€32.00m,€35.00m,32000000,35000000
Kurt Zouma,13/14,31/01/2014,Saint-Étienne,Chelsea,€7.50m,€14.60m,7500000,14600000
Fernandinho,13/14,01/07/2013,Shakhtar D.,Man City,€32.00m,€40.00m,32000000,40000000
Fernandinho,05/06,22/07/2005,Atlético-PR,Shakhtar D.,€4.00m,€7.80m,4000000,7800000
César Azpilicueta,12/13,24/08/2012,Marseille,Chelsea,€7.50m,€8.80m,7500000,8800000
César Azpilicueta,10/11,01/07/2010,CA Osasuna,Marseille,€7.00m,€6.00m,7000000,6000000
Jonathan Tah,25/26,09/06/2025,Leverkusen,Bayern Munich,€30.00m,€2.00m,30000000,2000000
Jonathan Tah,15/16,16/07/2015,Hamburg,Leverkusen,€6.00m,€9.50m,6000000,9500000
Thomas Müller,,,,,,,0,0
Fabián Ruiz Peña,22/23,30/08/2022,Napoli,PSG,€55.00m,€22.50m,55000000,22500000
Fabián Ruiz Peña,18/19,05/07/2018,Real Betis,Napoli,€20.00m,€30.00m,20000000,30000000
Mateo Kovačić,23/24,01/07/2023,Chelsea,Man City,€38.00m,€29.10m,38000000,29100000
Mateo Kovačić,19/20,01/07/2019,Real Madrid,Chelsea,€35.00m,€45.00m,35000000,45000000
Mateo Kovačić,15/16,18/08/2015,Inter,Real Madrid,€22.00m,€38.00m,22000000,38000000
Mateo Kovačić,12/13,31/01/2013,Dinamo Zagreb,Inter,€3.00m,€11.00m,3000000,11000000
Suso,20/21,21/07/2020,AC Milan,Sevilla FC,€17.50m,€21.70m,17500000,21700000
Suso,14/15,17/01/2015,Liverpool,AC Milan,€6.00m,€1.30m,6000000,1300000
Suso,10/11,01/07/2010,Cádiz U19,Liverpool Res.,-,€60k,0,60000
Andrej Kramarić,16/17,01/07/2016,Leicester,Hoffenheim,€7.50m,€11.00m,7500000,11000000
Andrej Kramarić,14/15,16/01/2015,HNK Rijeka,Leicester,€4.50m,€9.00m,4500000,9000000
Andrej Kramarić,13/14,30/08/2013,Dinamo Zagreb,HNK Rijeka,€1.25m,€1.20m,1250000,1200000
Nemanja Matić,23/24,27/01/2024,Stade Rennais,Lyon,€3.50m,€2.60m,3500000,2600000
Nemanja Matić,23/24,14/08/2023,Roma,Stade Rennais,€4.00m,€2.50m,4000000,2500000
Nemanja Matić,17/18,31/07/2017,Chelsea,Man Utd,€35.00m,€44.70m,35000000,44700000
Nemanja Matić,13/14,15/01/2014,Benfica,Chelsea,€27.00m,€25.00m,27000000,25000000
Nemanja Matić,11/12,01/07/2011,Chelsea,Benfica,€3.00m,€5.00m,3000000,5000000
Nemanja Matić,09/10,18/08/2009,MFK Kosice,Chelsea,€1.50m,€1.75m,1500000,1750000
Adem Ljajić,19/20,01/07/2019,Torino,Besiktas,€12.00m,€6.50m,12000000,6500000
Adem Ljajić,16/17,18/07/2016,Roma,Torino,€12.00m,€9.00m,12000000,9000000
Adem Ljajić,13/14,28/08/2013,Fiorentina,Roma,€12.00m,€12.00m,12000000,12000000
Adem Ljajić,09/10,13/01/2010,Partizan,Fiorentina,€4.50m,€6.80m,4500000,6800000
Edmond Tapsoba,19/20,31/01/2020,Vit. Guimarães,Leverkusen,€4.50m,€20.20m,4500000,20200000
Romelu Lukaku,24/25,29/08/2024,Chelsea,Napoli,€30.00m,€30.70m,30000000,30700000
Romelu Lukaku,21/22,12/08/2021,Inter,Chelsea,€100.00m,€113.00m,100000000,113000000
Romelu Lukaku,19/20,08/08/2019,Man Utd,Inter,€75.00m,€74.00m,75000000,74000000
Romelu Lukaku,17/18,10/07/2017,Everton,Man Utd,€50.00m,€84.70m,50000000,84700000
Romelu Lukaku,14/15,30/07/2014,Chelsea,Everton,€25.00m,€35.36m,25000000,35360000
Romelu Lukaku,11/12,08/08/2011,RSC Anderlecht,Chelsea,€15.00m,€15.00m,15000000,15000000
Leroy Sané,20/21,15/07/2020,Man City,Bayern Munich,€80.00m,€49.00m,80000000,49000000
Leroy Sané,16/17,02/08/2016,FC Schalke 04,Man City,€30.00m,€52.00m,30000000,52000000
Ismaël Bennacer,19/20,04/08/2019,FC Empoli,AC Milan,€12.00m,€17.20m,12000000,17200000
Ismaël Bennacer,17/18,21/08/2017,Arsenal U23,FC Empoli,€500k,€1.00m,500000,1000000
Ismaël Bennacer,15/16,30/07/2015,AC Arles,Arsenal U21,€100k,€300k,100000,300000
Kerem Demirbay,23/24,03/08/2023,Leverkusen,Galatasaray,€6.00m,€3.70m,6000000,3700000
Kerem Demirbay,19/20,01/07/2019,Hoffenheim,Leverkusen,€32.00m,€32.00m,32000000,32000000
Kerem Demirbay,16/17,13/07/2016,Hamburg,Hoffenheim,€1.30m,€4.70m,1300000,4700000
Boubacar Kamara,,,,,,,0,0
Toni Kroos,14/15,17/07/2014,Bayern Munich,Real Madrid,€42.00m,€25.00m,42000000,25000000
Toni Kroos,06/07,01/07/2006,H. Rostock U17,FC Bayern U19,-,€2.30m,0,2300000
Memphis,22/23,20/01/2023,Barcelona,Atlético,€20.00m,€3.00m,20000000,3000000
Memphis,16/17,20/01/2017,Man Utd,Lyon,€25.00m,€16.00m,25000000,16000000
Memphis,15/16,01/07/2015,PSV,Man Utd,€28.00m,€34.00m,28000000,34000000
Willian,24/25,09/08/2024,Frankfurt,PSG,€35.00m,€40.00m,35000000,40000000
Willian,23/24,01/07/2023,Royal Antwerp,Frankfurt,€11.00m,€13.65m,11000000,13650000
Willian,21/22,28/01/2022,Independiente,Royal Antwerp,€2.50m,€5.57m,2500000,5570000
Arturo Vidal,20/21,22/09/2020,Barcelona,Inter,€11.00m,€1.00m,11000000,1000000
Arturo Vidal,18/19,06/08/2018,Bayern Munich,Barcelona,€35.00m,€18.00m,35000000,18000000
Arturo Vidal,15/16,28/07/2015,Juventus,Bayern Munich,€42.00m,€39.25m,42000000,39250000
Arturo Vidal,11/12,21/07/2011,Leverkusen,Juventus,€20.00m,€12.50m,20000000,12500000
Arturo Vidal,07/08,01/07/2007,Colo-Colo,Leverkusen,€5.00m,€5.20m,5000000,5200000
Maxime Lopez,21/22,01/07/2021,Marseille,Sassuolo,€10.00m,€2.50m,10000000,2500000
Virgil van Dijk,17/18,01/01/2018,Southampton,Liverpool,€30.00m,€84.65m,30000000,84650000
Virgil van Dijk,15/16,01/09/2015,Celtic,Southampton,€5.00m,€15.70m,5000000,15700000
Virgil van Dijk,13/14,01/07/2013,FC Groningen,Celtic,€3.00m,€2.75m,3000000,2750000
Harry Kane,23/24,12/08/2023,Tottenham,Bayern Munich,€90.00m,€95.00m,90000000,95000000
Gerard Deulofeu,20/21,30/01/2021,Watford,Udinese,€12.00m,€17.00m,12000000,17000000
Gerard Deulofeu,18/19,01/07/2018,Barcelona,Watford,€14.00m,€13.00m,14000000,13000000
Gerard Deulofeu,17/18,01/07/2017,Everton,Barcelona,€12.00m,€12.00m,12000000,12000000
Gerard Deulofeu,15/16,01/07/2015,Barcelona,Everton,€6.00m,€6.00m,6000000,6000000
João Moutinho,18/19,24/07/2018,Monaco,Wolves,€10.00m,€5.60m,10000000,5600000
João Moutinho,13/14,01/07/2013,Porto,Monaco,€30.00m,€25.00m,30000000,25000000
João Moutinho,10/11,03/07/2010,Sporting,Porto,€14.50m,€11.00m,14500000,11000000
Joël Matip,,,,,,,0,0
Emre Can,20/21,01/07/2020,Juventus,Dortmund,€24.00m,€25.00m,24000000,25000000
Emre Can,14/15,01/07/2014,Leverkusen,Liverpool,€7.50m,€12.00m,7500000,12000000
Emre Can,13/14,02/08/2013,Bayern Munich,Leverkusen,€1.50m,€5.00m,1500000,5000000
Santi Cazorla,12/13,07/08/2012,Málaga CF,Arsenal,€20.00m,€19.00m,20000000,19000000
Santi Cazorla,11/12,26/07/2011,Villarreal,Málaga CF,€18.00m,€23.00m,18000000,23000000
Santi Cazorla,07/08,01/07/2007,Recr. Huelva,Villarreal,€3.50m,€1.20m,3500000,1200000
Santi Cazorla,06/07,07/07/2006,Villarreal,Recr. Huelva,€400k,€400k,400000,400000
Aurélien Tchouaméni,22/23,01/07/2022,Monaco,Real Madrid,€60.00m,€80.00m,60000000,80000000
Aurélien Tchouaméni,19/20,29/01/2020,G. Bordeaux,Monaco,€14.00m,€18.00m,14000000,18000000
Lucas Torreira,22/23,08/08/2022,Arsenal,Galatasaray,€20.00m,€6.00m,20000000,6000000
Lucas Torreira,18/19,10/07/2018,Sampdoria,Arsenal,€30.00m,€28.65m,30000000,28650000
Lucas Torreira,15/16,01/07/2015,Pescara,Sampdoria,€800k,€3.00m,800000,3000000
Lucas Torreira,13/14,30/01/2014,Wanderers U19,Pescara U19,-,€375k,0,375000
Remo Freuler,24/25,01/07/2024,Nott'm Forest,Bologna,€6.50m,€1.90m,6500000,1900000
Remo Freuler,22/23,14/08/2022,Atalanta,Nott'm Forest,€20.00m,€8.30m,20000000,8300000
Remo Freuler,15/16,19/01/2016,FC Luzern,Atalanta,€2.00m,€3.45m,2000000,3450000
Kevin Stöger,15/16,25/08/2015,Stuttgart,SC Paderborn,€1.00m,€1.00m,1000000,1000000
Allan,22/23,01/07/2022,Dortmund,Man City,€150.00m,€60.00m,150000000,60000000
Allan,19/20,01/01/2020,Salzburg,Dortmund,€45.00m,€20.00m,45000000,20000000
Allan,18/19,01/01/2019,Molde FK,Salzburg,€5.00m,€8.00m,5000000,8000000
Allan,16/17,01/02/2017,Bryne,Molde FK,€200k,€100k,200000,100000
Łukasz Piszczek,04/05,01/07/2004,Gwarek U19,Hertha BSC,-,€50k,0,50000
Shkodran Mustafi,16/17,30/08/2016,Valencia,Arsenal,€20.00m,€41.00m,20000000,41000000
Shkodran Mustafi,14/15,06/08/2014,Sampdoria,Valencia,€7.00m,€8.00m,7000000,8000000
Shkodran Mustafi,11/12,03/01/2012,Everton Res.,Sampdoria,€75k,€75k,75000,75000
Domenico Berardi,15/16,01/07/2015,Juventus,Sassuolo,€17.50m,€10.00m,17500000,10000000
Domenico Berardi,13/14,01/09/2013,Sassuolo,Juventus,€6.00m,€4.50m,6000000,4500000
Téji Savanier,19/20,02/07/2019,Nîmes Olympique,Montpellier,€12.00m,€9.50m,12000000,9500000
Thomas Partey,20/21,05/10/2020,Atlético,Arsenal,€40.00m,€50.00m,40000000,50000000
Marco Reus,12/13,01/07/2012,Mönchengladbach,Dortmund,€20.00m,€17.10m,20000000,17100000
Marco Reus,09/10,01/07/2009,Rot Weiss Ahlen,Mönchengladbach,€1.00m,€1.00m,1000000,1000000
Timo Werner,22/23,09/08/2022,Chelsea,Leipzig,€35.00m,€20.00m,35000000,20000000
Timo Werner,20/21,01/07/2020,Leipzig,Chelsea,€64.00m,€53.00m,64000000,53000000
Timo Werner,16/17,01/07/2016,Stuttgart,Leipzig,€8.00m,€23.00m,8000000,23000000
Francesco Acerbi,23/24,01/07/2023,Lazio,Inter,€4.00m,€4.00m,4000000,4000000
Francesco Acerbi,18/19,11/07/2018,Sassuolo,Lazio,€10.00m,€12.00m,10000000,12000000
Francesco Acerbi,13/14,08/07/2013,Genoa,Sassuolo,€3.50m,€3.20m,3500000,3200000
Francesco Acerbi,12/13,26/01/2013,AC Milan,Genoa,€4.00m,€4.00m,4000000,4000000
Francesco Acerbi,12/13,01/07/2012,Chievo Verona,AC Milan,€4.50m,€4.00m,4500000,4000000
Francesco Acerbi,11/12,01/07/2011,Genoa,Chievo Verona,€3.20m,€2.00m,3200000,2000000
Francesco Acerbi,10/11,01/06/2011,Reggina,Genoa,€3.00m,€3.20m,3000000,3200000
Jordan Veretout,25/26,25/07/2025,Lyon,Al-Arabi SC,€4.00m,€500k,4000000,500000
Jordan Veretout,24/25,04/09/2024,Marseille,Lyon,€15.00m,€4.00m,15000000,4000000
Jordan Veretout,22/23,05/08/2022,Roma,Marseille,€17.00m,€12.45m,17000000,12450000
Jordan Veretout,20/21,01/09/2020,Fiorentina,Roma,€24.00m,€17.50m,24000000,17500000
Jordan Veretout,17/18,25/07/2017,Aston Villa,Fiorentina,€9.00m,€7.00m,9000000,7000000
Jordan Veretout,15/16,31/07/2015,FC Nantes,Aston Villa,€8.00m,€10.00m,8000000,10000000
Joe Gomez,15/16,01/07/2015,Charlton,Liverpool,€2.50m,€4.90m,2500000,4900000
Idrissa Gana Gueye,22/23,01/09/2022,PSG,Everton,€12.00m,€4.00m,12000000,4000000
Idrissa Gana Gueye,19/20,30/07/2019,Everton,PSG,€25.00m,€30.00m,25000000,30000000
Idrissa Gana Gueye,16/17,02/08/2016,Aston Villa,Everton,€9.00m,€8.50m,9000000,8500000
Idrissa Gana Gueye,15/16,10/07/2015,Lille,Aston Villa,€7.50m,€9.00m,7500000,9000000
Ander Herrera,24/25,17/01/2025,Athletic Club,Boca Juniors,€1.50m,€400k,1500000,400000
Ander Herrera,14/15,01/07/2014,Athletic Club,Man Utd,€20.00m,€36.00m,20000000,36000000
Ander Herrera,11/12,01/07/2011,Real Zaragoza,Athletic Club,€7.50m,€7.50m,7500000,7500000
Raphinha,22/23,13/07/2022,Leeds,Barcelona,€45.00m,€58.00m,45000000,58000000
Raphinha,20/21,05/10/2020,Stade Rennais,Leeds,€16.00m,€18.60m,16000000,18600000
Raphinha,19/20,02/09/2019,Sporting,Stade Rennais,€8.00m,€21.00m,8000000,21000000
Raphinha,18/19,01/07/2018,Vit. Guimarães,Sporting,€6.50m,€6.50m,6500000,6500000
Raphinha,15/16,01/02/2016,Avaí U20,Guimarães B,-,€600k,0,600000
Lorenzo Pellegrini,17/18,01/07/2017,Sassuolo,Roma,€12.00m,€10.00m,12000000,10000000
Lorenzo Pellegrini,15/16,01/07/2015,Roma U19,Sassuolo,€250k,€1.25m,250000,1250000
Ricardo Pereira,18/19,01/07/2018,Porto,Leicester,€20.00m,€22.00m,20000000,22000000
Ricardo Pereira,13/14,01/07/2013,Vit. Guimarães,FC Porto B,€1.80m,€1.60m,1800000,1600000
Duván Zapata,24/25,01/07/2024,Atalanta,Torino,€8.00m,€8.60m,8000000,8600000
Duván Zapata,19/20,17/01/2020,Sampdoria,Atalanta,€45.00m,€12.00m,45000000,12000000
Duván Zapata,18/19,01/07/2018,Napoli,Sampdoria,€20.00m,€18.50m,20000000,18500000
Duván Zapata,13/14,25/08/2013,Estudiantes LP,Napoli,€3.00m,€7.47m,3000000,7470000
Duván Zapata,11/12,01/07/2011,CD América,Estudiantes LP,€150k,€90k,150000,90000
Kieran Trippier,21/22,07/01/2022,Atlético,Newcastle,€18.00m,€14.00m,18000000,14000000
Kieran Trippier,19/20,17/07/2019,Tottenham,Atlético,€35.00m,€22.00m,35000000,22000000
Kieran Trippier,15/16,01/07/2015,Burnley,Tottenham,€6.00m,€4.90m,6000000,4900000
Granit Xhaka,25/26,30/07/2025,Leverkusen,Sunderland,€12.00m,€15.00m,12000000,15000000
Granit Xhaka,23/24,06/07/2023,Arsenal,Leverkusen,€20.00m,€15.00m,20000000,15000000
Granit Xhaka,16/17,01/07/2016,Mönchengladbach,Arsenal,€35.00m,€45.00m,35000000,45000000
Granit Xhaka,12/13,01/07/2012,Basel,Mönchengladbach,€8.50m,€8.50m,8500000,8500000
Julian Baumgartlinger,16/17,01/07/2016,Mainz,Leverkusen,€6.00m,€4.00m,6000000,4000000
Julian Baumgartlinger,11/12,01/07/2011,Austria Vienna,Mainz,€2.25m,€1.10m,2250000,1100000
Julian Baumgartlinger,09/10,01/07/2009,1860 Munich,Austria Vienna,€350k,€200k,350000,200000
Charles Aránguiz,15/16,13/08/2015,Internacional,Leverkusen,€9.50m,€13.00m,9500000,13000000
Charles Aránguiz,14/15,16/08/2014,Udinese,Internacional,€3.00m,€8.00m,3000000,8000000
Charles Aránguiz,13/14,01/01/2014,U. de Chile,Udinese,€2.20m,€4.00m,2200000,4000000
Charles Aránguiz,10/11,20/01/2011,Quilmes,U. de Chile,€700k,€650k,700000,650000
Luis Suárez,20/21,01/07/2020,Barcelona,Atlético,€28.00m,€9.00m,28000000,9000000
Luis Suárez,14/15,11/07/2014,Liverpool,Barcelona,€52.00m,€81.72m,52000000,81720000
Luis Suárez,10/11,31/01/2011,Ajax,Liverpool,€25.00m,€26.50m,25000000,26500000
Luis Suárez,07/08,09/08/2007,FC Groningen,Ajax,€1.00m,€7.50m,1000000,7500000
Luis Suárez,06/07,11/07/2006,Nacional,FC Groningen,-,€800k,0,800000
Hakan Çalhanoğlu,17/18,03/07/2017,Leverkusen,AC Milan,€20.00m,€23.30m,20000000,23300000
Hakan Çalhanoğlu,14/15,04/07/2014,Hamburg,Leverkusen,€7.00m,€15.25m,7000000,15250000
Hakan Çalhanoğlu,12/13,14/08/2012,Karlsruher SC,Hamburg,€1.00m,€2.50m,1000000,2500000
Dani Alves,08/09,02/07/2008,Sevilla FC,Barcelona,€20.00m,€35.50m,20000000,35500000
Dani Alves,02/03,01/01/2003,EC Bahia,Sevilla FC,-,€550k,0,550000
Sergio Agüero,11/12,28/07/2011,Atlético,Man City,€36.00m,€40.00m,36000000,40000000
Sergio Agüero,06/07,01/07/2006,Independiente,Atlético,€5.00m,€23.00m,5000000,23000000
Robert Lewandowski,22/23,19/07/2022,Bayern Munich,Barcelona,€45.00m,€45.00m,45000000,45000000
Robert Lewandowski,10/11,01/07/2010,Lech Poznan,Dortmund,€4.50m,€4.75m,4500000,4750000
Robert Lewandowski,08/09,01/07/2008,Znicz Pruszkow,Lech Poznan,€500k,€380k,500000,380000
Milan Badelj,20/21,16/09/2020,Lazio,Genoa,€2.00m,€1.95m,2000000,1950000
Milan Badelj,14/15,31/08/2014,Hamburg,Fiorentina,€5.00m,€4.00m,5000000,4000000
Milan Badelj,12/13,29/08/2012,Dinamo Zagreb,Hamburg,€4.50m,€4.00m,4500000,4000000
Sébastien Haller,22/23,06/07/2022,Ajax,Dortmund,€35.00m,€31.00m,35000000,31000000
Sébastien Haller,20/21,08/01/2021,West Ham,Ajax,€30.00m,€22.50m,30000000,22500000
Sébastien Haller,19/20,17/07/2019,Frankfurt,West Ham,€40.00m,€50.00m,40000000,50000000
Sébastien Haller,17/18,01/07/2017,Utrecht,Frankfurt,€8.00m,€12.00m,8000000,12000000
Sébastien Haller,15/16,01/07/2015,AJ Auxerre,Utrecht,€2.00m,€750k,2000000,750000
Nordi Mukiele,25/26,17/08/2025,PSG,Sunderland,€10.00m,€12.00m,10000000,12000000
Nordi Mukiele,22/23,26/07/2022,Leipzig,PSG,€20.00m,€12.00m,20000000,12000000
Nordi Mukiele,18/19,01/07/2018,Montpellier,Leipzig,€14.00m,€16.00m,14000000,16000000
Nordi Mukiele,16/17,06/01/2017,Stade Lavallois,Montpellier,€800k,€1.50m,800000,1500000
Roberto Gagliardini,17/18,01/08/2017,Atalanta,Inter,€15.00m,€20.50m,15000000,20500000
Valentin Rongier,25/26,21/07/2025,Marseille,Stade Rennais,€9.00m,€5.50m,9000000,5500000
Valentin Rongier,19/20,03/09/2019,FC Nantes,Marseille,€15.00m,€13.00m,15000000,13000000
Boubakary Soumaré,21/22,02/07/2021,Lille,Leicester,€28.00m,€20.00m,28000000,20000000
Emi Buendía,21/22,01/07/2021,Norwich,Aston Villa,€35.00m,€38.40m,35000000,38400000
Emi Buendía,18/19,01/07/2018,Getafe,Norwich,€2.50m,€1.50m,2500000,1500000
Florian Grillitsch,,,,,,,0,0
Erling Haaland,22/23,01/07/2022,Dortmund,Man City,€150.00m,€60.00m,150000000,60000000
Erling Haaland,19/20,01/01/2020,Salzburg,Dortmund,€45.00m,€20.00m,45000000,20000000
Erling Haaland,18/19,01/01/2019,Molde FK,Salzburg,€5.00m,€8.00m,5000000,8000000
Erling Haaland,16/17,01/02/2017,Bryne,Molde FK,€200k,€100k,200000,100000
Luke Ayling,16/17,11/08/2016,Bristol City,Leeds,€500k,€870k,500000,870000
İlkay Gündoğan,16/17,01/07/2016,Dortmund,Man City,€30.00m,€27.00m,30000000,27000000
İlkay Gündoğan,11/12,01/07/2011,1.FC Nuremberg,Dortmund,€6.50m,€5.50m,6500000,5500000
İlkay Gündoğan,08/09,03/02/2009,VfL Bochum U19,1.FC Nuremberg,€100k,€850k,100000,850000
Djibril Sidibé,16/17,08/07/2016,Lille,Monaco,€4.00m,€15.00m,4000000,15000000
Djibril Sidibé,12/13,24/07/2012,Troyes,Lille,€1.75m,€2.50m,1750000,2500000
Bryan Cristante,19/20,01/07/2019,Atalanta,Roma,€25.00m,€30.60m,25000000,30600000
Bryan Cristante,18/19,01/07/2018,Benfica,Atalanta,€25.00m,€9.50m,25000000,9500000
Bryan Cristante,14/15,01/09/2014,AC Milan,Benfica,€3.00m,€5.20m,3000000,5200000
Luca Cigarini,17/18,01/07/2017,Sampdoria,Cagliari,€2.00m,€2.26m,2000000,2260000
Luca Cigarini,16/17,20/07/2016,Atalanta,Sampdoria,€5.00m,€3.50m,5000000,3500000
Luca Cigarini,13/14,01/07/2013,Napoli,Atalanta,€7.50m,€4.20m,7500000,4200000
Luca Cigarini,09/10,03/07/2009,Atalanta,Napoli,€7.00m,€11.00m,7000000,11000000
Luca Cigarini,08/09,04/07/2008,Parma,Atalanta,€7.00m,€10.50m,7000000,10500000
Douglas Costa,18/19,01/07/2018,Bayern Munich,Juventus,€55.00m,€40.00m,55000000,40000000
Douglas Costa,15/16,01/07/2015,Shakhtar D.,Bayern Munich,€23.00m,€30.00m,23000000,30000000
Douglas Costa,09/10,01/01/2010,Grêmio,Shakhtar D.,€4.00m,€8.00m,4000000,8000000
Gerard Piqué,08/09,01/07/2008,Man Utd,Barcelona,€5.50m,€5.00m,5500000,5000000
Gerard Piqué,04/05,01/07/2004,Barça U19,Man Utd,-,€5.25m,0,5250000
Felipe Anderson,21/22,16/07/2021,West Ham,Lazio,€10.00m,€3.00m,10000000,3000000
Felipe Anderson,18/19,15/07/2018,Lazio,West Ham,€30.00m,€38.00m,30000000,38000000
Felipe Anderson,13/14,09/07/2013,Santos,Lazio,€6.00m,€7.50m,6000000,7500000
Dani Ceballos,17/18,14/07/2017,Real Betis,Real Madrid,€10.00m,€16.50m,10000000,16500000
Paul Pogba,16/17,09/08/2016,Juventus,Man Utd,€70.00m,€105.00m,70000000,105000000
Gabi,19/20,31/01/2020,Inter,Flamengo,€23.00m,€17.50m,23000000,17500000
Gabi,16/17,31/08/2016,Santos,Inter,€20.00m,€29.50m,20000000,29500000
Bruno Guimarães,21/22,30/01/2022,Lyon,Newcastle,€30.00m,€42.10m,30000000,42100000
Bruno Guimarães,19/20,30/01/2020,Athletico-PR,Lyon,€20.00m,€20.00m,20000000,20000000
Jan Vertonghen,12/13,12/07/2012,Ajax,Tottenham,€15.00m,€12.50m,15000000,12500000
Marco Verratti,23/24,13/09/2023,PSG,Al-Arabi SC,€40.00m,€45.00m,40000000,45000000
Marco Verratti,12/13,18/07/2012,Pescara,PSG,€10.00m,€12.00m,10000000,12000000
Otávio,23/24,22/08/2023,Porto,Al-Nassr,€35.00m,€60.00m,35000000,60000000
Otávio,14/15,01/09/2014,Internacional,Porto,€2.00m,€2.50m,2000000,2500000
Sadio Mané,23/24,01/08/2023,Bayern Munich,Al-Nassr,€25.00m,€30.00m,25000000,30000000
Sadio Mané,22/23,01/07/2022,Liverpool,Bayern Munich,€70.00m,€32.00m,70000000,32000000
Sadio Mané,16/17,01/07/2016,Southampton,Liverpool,€20.00m,€41.20m,20000000,41200000
Sadio Mané,14/15,01/09/2014,Salzburg,Southampton,€7.50m,€23.00m,7500000,23000000
Sadio Mané,12/13,31/08/2012,FC Metz,Salzburg,€500k,€4.00m,500000,4000000
Rubén Peña,19/20,04/07/2019,SD Eibar,Villarreal,€10.00m,€8.00m,10000000,8000000
Rubén Peña,16/17,01/07/2016,CD Leganés,SD Eibar,€400k,€200k,400000,200000
Domenico Criscito,11/12,01/07/2011,Genoa,Zenit S-Pb,€12.50m,€15.00m,12500000,15000000
Domenico Criscito,08/09,01/07/2008,Juventus,Genoa,€4.50m,€11.50m,4500000,11500000
Domenico Criscito,07/08,01/07/2007,Genoa,Juventus,€1.00m,€7.50m,1000000,7500000
Domenico Criscito,04/05,01/07/2004,Genoa U17,Juventus U19,-,€950k,0,950000
Konstantinos Mavropanos,23/24,22/08/2023,Stuttgart,West Ham,€15.00m,€20.00m,15000000,20000000
Konstantinos Mavropanos,22/23,01/07/2022,Arsenal,Stuttgart,€15.00m,€3.20m,15000000,3200000
Konstantinos Mavropanos,17/18,04/01/2018,PAS Giannina,Arsenal,€450k,€2.10m,450000,2100000
Marquinhos,13/14,19/07/2013,Roma,PSG,€15.00m,€31.40m,15000000,31400000
Marquinhos,12/13,03/01/2013,Corinthians,Roma,€750k,€5.70m,750000,5700000
Ruben Aguilar,23/24,01/09/2023,Monaco,Lens,€7.00m,€3.50m,7000000,3500000
Ruben Aguilar,19/20,06/08/2019,Montpellier,Monaco,€8.00m,€8.00m,8000000,8000000
James Maddison,23/24,01/07/2023,Leicester,Tottenham,€60.00m,€46.30m,60000000,46300000
James Maddison,18/19,01/07/2018,Norwich,Leicester,€10.00m,€25.00m,10000000,25000000
James Maddison,15/16,01/02/2016,Coventry,Norwich,€500k,€2.65m,500000,2650000
Sergio Canales,23/24,24/07/2023,Real Betis,Monterrey,€15.00m,€10.00m,15000000,10000000
Sergio Canales,13/14,31/01/2014,Valencia,Real Sociedad,€5.00m,€3.50m,5000000,3500000
Sergio Canales,12/13,19/07/2012,Real Madrid,Valencia,€5.00m,€7.50m,5000000,7500000
Sergio Canales,10/11,01/07/2010,Racing,Real Madrid,€6.00m,€6.00m,6000000,6000000
Lorenzo Insigne,,,,,,,0,0
Joan Jordán,19/20,01/07/2019,SD Eibar,Sevilla FC,€12.00m,€14.00m,12000000,14000000
Joan Jordán,17/18,13/07/2017,Espanyol,SD Eibar,€1.00m,€3.80m,1000000,3800000
Adrien Rabiot,25/26,01/09/2025,Marseille,AC Milan,€25.00m,€7.00m,25000000,7000000
Jonathan Viera,17/18,19/02/2018,UD Las Palmas,BJ Guoan,€8.00m,€11.00m,8000000,11000000
Jonathan Viera,15/16,15/07/2015,Standard Liège,UD Las Palmas,€3.50m,€2.90m,3500000,2900000
Jonathan Viera,14/15,01/09/2014,Valencia,Standard Liège,€6.00m,€2.00m,6000000,2000000
Jonathan Viera,12/13,01/07/2012,UD Las Palmas,Valencia,€1.20m,€2.50m,1200000,2500000
Wilfred Ndidi,25/26,07/08/2025,Leicester,Besiktas,€15.00m,€8.00m,15000000,8000000
Wilfred Ndidi,16/17,03/01/2017,Genk,Leicester,€8.00m,€17.60m,8000000,17600000
Wilfred Ndidi,14/15,15/01/2015,Nath Boys,Genk,-,€180k,0,180000
Sebastian Rode,19/20,27/07/2019,Dortmund,Frankfurt,€3.00m,€4.00m,3000000,4000000
Sebastian Rode,16/17,01/07/2016,Bayern Munich,Dortmund,€8.00m,€12.00m,8000000,12000000
Sebastian Rode,10/11,01/07/2010,K. Offenbach,Frankfurt,€300k,€250k,300000,250000
Lucas Vázquez,15/16,02/07/2015,Espanyol,Real Madrid,€5.00m,€1.00m,5000000,1000000
Lucas Vázquez,15/16,01/07/2015,RM Castilla,Espanyol,€5.00m,€500k,5000000,500000
Ömer Toprak,20/21,15/07/2020,Dortmund,Werder Bremen,€3.50m,€4.00m,3500000,4000000
Ömer Toprak,17/18,01/07/2017,Leverkusen,Dortmund,€16.00m,€12.00m,16000000,12000000
Ömer Toprak,11/12,01/07/2011,Freiburg,Leverkusen,€4.00m,€3.00m,4000000,3000000
Juan Cuadrado,17/18,01/07/2017,Chelsea,Juventus,€25.00m,€20.00m,25000000,20000000
Juan Cuadrado,14/15,02/02/2015,Fiorentina,Chelsea,€32.00m,€31.00m,32000000,31000000
Juan Cuadrado,13/14,01/07/2013,Udinese,Fiorentina,€15.00m,€20.00m,15000000,20000000
Nuri Şahin,18/19,31/08/2018,Dortmund,Werder Bremen,€4.50m,€1.00m,4500000,1000000
Nuri Şahin,14/15,01/07/2014,Real Madrid,Dortmund,€12.00m,€7.00m,12000000,7000000
Nuri Şahin,11/12,01/07/2011,Dortmund,Real Madrid,€20.00m,€10.00m,20000000,10000000
Lars Bender,09/10,18/08/2009,1860 Munich,Leverkusen,€1.70m,€2.50m,1700000,2500000
Laurent Koscielny,19/20,06/08/2019,Arsenal,G. Bordeaux,€8.00m,€5.00m,8000000,5000000
Laurent Koscielny,10/11,07/07/2010,FC Lorient,Arsenal,€5.00m,€12.50m,5000000,12500000
Laurent Koscielny,09/10,01/07/2009,Tours FC,FC Lorient,€1.20m,€1.50m,1200000,1500000
Leon Goretzka,13/14,02/07/2013,VfL Bochum,FC Schalke 04,€4.50m,€3.25m,4500000,3250000
Andrew Robertson,17/18,21/07/2017,Hull City,Liverpool,€7.00m,€9.00m,7000000,9000000
Andrew Robertson,14/15,29/07/2014,Dundee United,Hull City,€600k,€3.60m,600000,3600000
Cheick Doucouré,22/23,11/07/2022,Lens,Crystal Palace,€15.00m,€22.60m,15000000,22600000
Joël Veltman,20/21,29/07/2020,Ajax,Brighton,€8.00m,€1.00m,8000000,1000000
Tiemoué Bakayoko,17/18,15/07/2017,Monaco,Chelsea,€16.00m,€40.00m,16000000,40000000
Tiemoué Bakayoko,14/15,28/07/2014,Stade Rennais,Monaco,€1.25m,€8.00m,1250000,8000000
Iker Muniain,,,,,,,0,0
Andre-Frank Zambo Anguissa,22/23,01/07/2022,Fulham,Napoli,€30.00m,€16.00m,30000000,16000000
Andre-Frank Zambo Anguissa,18/19,09/08/2018,Marseille,Fulham,€18.00m,€24.85m,18000000,24850000
Harry Maguire,19/20,05/08/2019,Leicester,Man Utd,€50.00m,€87.00m,50000000,87000000
Harry Maguire,17/18,01/07/2017,Hull City,Leicester,€8.00m,€13.70m,8000000,13700000
Harry Maguire,14/15,29/07/2014,Sheff Utd,Hull City,€750k,€3.15m,750000,3150000
Loïc Bade,25/26,21/08/2025,Sevilla FC,Leverkusen,€25.00m,€25.00m,25000000,25000000
Loïc Bade,23/24,01/07/2023,Stade Rennais,Sevilla FC,€12.00m,€12.00m,12000000,12000000
Loïc Bade,21/22,05/07/2021,Lens,Stade Rennais,€12.00m,€17.00m,12000000,17000000
Pablo Hernández,14/15,15/07/2014,Swansea,Al-Arabi SC,€8.00m,€5.00m,8000000,5000000
Pablo Hernández,12/13,31/08/2012,Valencia,Swansea,€9.00m,€7.00m,9000000,7000000
Pablo Hernández,08/09,01/07/2008,Getafe,Valencia,€3.20m,€1.00m,3200000,1000000
Oriol Romeu,23/24,19/07/2023,Girona,Barcelona,€5.00m,€3.40m,5000000,3400000
Oriol Romeu,22/23,01/09/2022,Southampton,Girona,€5.00m,€5.50m,5000000,5500000
Oriol Romeu,15/16,12/08/2015,Chelsea,Southampton,€2.50m,€7.00m,2500000,7000000
Oriol Romeu,11/12,04/08/2011,Barcelona B,Chelsea,€2.50m,€4.60m,2500000,4600000
Raphaël Guerreiro,16/17,01/07/2016,FC Lorient,Dortmund,€9.00m,€12.00m,9000000,12000000
Raphaël Guerreiro,13/14,01/07/2013,SM Caen,FC Lorient,€1.50m,€2.50m,1500000,2500000
Dries Mertens,13/14,01/07/2013,PSV,Napoli,€13.00m,€9.48m,13000000,9480000
Dries Mertens,11/12,01/07/2011,Utrecht,PSV,€6.00m,€7.00m,6000000,7000000
Dries Mertens,09/10,01/07/2009,AGOVV,Utrecht,€750k,€600k,750000,600000
Dries Mertens,07/08,01/07/2007,KAA Gent U21,AGOVV,-,€46k,0,46000
Christoph Kramer,16/17,01/07/2016,Leverkusen,Mönchengladbach,€12.00m,€15.00m,12000000,15000000
Nacho Monreal,19/20,31/08/2019,Arsenal,Real Sociedad,€8.00m,€250k,8000000,250000
Nacho Monreal,12/13,31/01/2013,Málaga CF,Arsenal,€6.00m,€10.00m,6000000,10000000
Nacho Monreal,11/12,01/07/2011,CA Osasuna,Málaga CF,€7.00m,€6.00m,7000000,6000000
Arjen Robben,09/10,28/08/2009,Real Madrid,Bayern Munich,€30.00m,€25.00m,30000000,25000000
Arjen Robben,07/08,23/08/2007,Chelsea,Real Madrid,€22.80m,€35.00m,22800000,35000000
Arjen Robben,04/05,01/07/2004,PSV,Chelsea,-,€18.00m,0,18000000
Arjen Robben,02/03,01/07/2002,FC Groningen,PSV,-,€4.30m,0,4300000
Cristiano Ronaldo,21/22,31/08/2021,Juventus,Man Utd,€45.00m,€17.00m,45000000,17000000
Cristiano Ronaldo,18/19,10/07/2018,Real Madrid,Juventus,€100.00m,€117.00m,100000000,117000000
Cristiano Ronaldo,09/10,06/07/2009,Man Utd,Real Madrid,€60.00m,€94.00m,60000000,94000000
Cristiano Ronaldo,03/04,12/08/2003,Sporting,Man Utd,-,€19.00m,0,19000000
Cristiano Ronaldo,97/98,01/07/1997,Nacional U15,Sporting Sub-15,-,€2k,0,2000
Hamari Traoré,25/26,01/09/2025,Real Sociedad,Paris FC,€2.00m,€4.50m,2000000,4500000
Hamari Traoré,17/18,01/07/2017,Stade Reims,Stade Rennais,€2.00m,€2.40m,2000000,2400000
Hamari Traoré,15/16,17/07/2015,Lierse SK,Stade Reims,€900k,€900k,900000,900000
Martin Ødegaard,21/22,20/08/2021,Real Madrid,Arsenal,€40.00m,€35.00m,40000000,35000000
Martin Ødegaard,14/15,22/01/2015,Strømsgodset,RM Castilla,€4.00m,€2.80m,4000000,2800000
Amadou Diawara,22/23,31/08/2022,Roma,RSC Anderlecht,€6.00m,€1.89m,6000000,1890000
Amadou Diawara,19/20,01/07/2019,Napoli,Roma,€15.00m,€21.00m,15000000,21000000
Amadou Diawara,16/17,26/08/2016,Bologna,Napoli,€11.00m,€14.50m,11000000,14500000
Amadou Diawara,15/16,01/07/2015,San Marino,Bologna,€400k,€600k,400000,600000
Morgan Schneiderlin,20/21,01/07/2020,Everton,Nice,€9.50m,€2.23m,9500000,2230000
Morgan Schneiderlin,16/17,12/01/2017,Man Utd,Everton,€28.00m,€23.00m,28000000,23000000
Morgan Schneiderlin,15/16,13/07/2015,Southampton,Man Utd,€28.00m,€35.00m,28000000,35000000
Morgan Schneiderlin,08/09,01/07/2008,R. Strasbourg,Southampton,€1.20m,€1.50m,1200000,1500000
Florian Tardieu,,,,,,,0,0
Maxence Caqueret,24/25,12/01/2025,Lyon,Como,€15.00m,€15.00m,15000000,15000000
Diego Demme,19/20,11/01/2020,Leipzig,Napoli,€17.00m,€10.25m,17000000,10250000
Diego Demme,13/14,08/01/2014,SC Paderborn,Leipzig,€750k,€350k,750000,350000
Diego Demme,11/12,09/01/2012,Arm. Bielefeld,SC Paderborn,€200k,€25k,200000,25000
Niklas Süle,17/18,01/07/2017,Hoffenheim,Bayern Munich,€25.00m,€20.00m,25000000,20000000
Okay Yokuşlu,24/25,31/07/2024,West Brom,Trabzonspor,€3.00m,€1.65m,3000000,1650000
Okay Yokuşlu,18/19,01/07/2018,Trabzonspor,Celta de Vigo,€7.50m,€6.00m,7500000,6000000
Okay Yokuşlu,15/16,08/07/2015,Kayserispor,Trabzonspor,€4.00m,€2.00m,4000000,2000000
Okay Yokuşlu,11/12,01/07/2011,Altay SK,Kayserispor,€1.30m,€1.00m,1300000,1000000
Ivan Rakitić,20/21,01/09/2020,Barcelona,Sevilla FC,€20.00m,€3.50m,20000000,3500000
Ivan Rakitić,14/15,01/07/2014,Sevilla FC,Barcelona,€20.00m,€18.00m,20000000,18000000
Ivan Rakitić,10/11,28/01/2011,FC Schalke 04,Sevilla FC,€9.00m,€2.50m,9000000,2500000
Ivan Rakitić,07/08,01/07/2007,Basel,FC Schalke 04,€5.00m,€5.00m,5000000,5000000
Étienne Capoue,20/21,04/01/2021,Watford,Villarreal,€4.00m,€2.00m,4000000,2000000
Étienne Capoue,15/16,06/07/2015,Tottenham,Watford,€7.50m,€8.90m,7500000,8900000
Étienne Capoue,13/14,15/08/2013,Toulouse,Tottenham,€13.00m,€11.00m,13000000,11000000
Oliver Norwood,18/19,04/01/2019,Brighton,Sheff Utd,€3.00m,€2.20m,3000000,2200000
Oliver Norwood,14/15,21/08/2014,Huddersfield,Reading,€1.00m,€1.50m,1000000,1500000
Oliver Norwood,12/13,01/07/2012,Man Utd U21,Huddersfield,-,€505k,0,505000
Lucas Biglia,17/18,16/07/2017,Lazio,AC Milan,€20.00m,€19.70m,20000000,19700000
Lucas Biglia,13/14,20/07/2013,RSC Anderlecht,Lazio,€8.00m,€8.40m,8000000,8400000
Lucas Biglia,06/07,01/07/2006,Independiente,RSC Anderlecht,€4.00m,€3.00m,4000000,3000000
Stefano Sensi,20/21,01/09/2020,Sassuolo,Inter,€20.00m,€25.00m,20000000,25000000
Stefano Sensi,15/16,13/01/2016,Cesena,Sassuolo,€3.50m,€5.25m,3500000,5250000
Kyle Naughton,14/15,22/01/2015,Tottenham,Swansea,€5.00m,€6.60m,5000000,6600000
Kyle Naughton,09/10,01/07/2009,Sheff Utd,Tottenham,€400k,€5.90m,400000,5900000
Geoffrey Kondogbia,23/24,01/07/2023,Atlético,Marseille,€14.00m,€8.00m,14000000,8000000
Geoffrey Kondogbia,20/21,03/11/2020,Valencia,Atlético,€17.50m,€16.00m,17500000,16000000
Geoffrey Kondogbia,18/19,01/07/2018,Inter,Valencia,€30.00m,€22.00m,30000000,22000000
Geoffrey Kondogbia,15/16,01/07/2015,Monaco,Inter,€16.00m,€36.00m,16000000,36000000
Geoffrey Kondogbia,13/14,30/08/2013,Sevilla FC,Monaco,€15.00m,€20.00m,15000000,20000000
Geoffrey Kondogbia,12/13,24/07/2012,Lens,Sevilla FC,€3.00m,€4.00m,3000000,4000000
Alassane Pléa,25/26,17/07/2025,Mönchengladbach,PSV,€5.00m,€4.50m,5000000,4500000
Alassane Pléa,18/19,13/07/2018,Nice,Mönchengladbach,€18.00m,€23.00m,18000000,23000000
Alassane Pléa,14/15,28/08/2014,Lyon,Nice,€1.00m,€500k,1000000,500000
Davide Calabria,,,,,,,0,0
Sven Bender,17/18,13/07/2017,Dortmund,Leverkusen,€7.00m,€12.50m,7000000,12500000
Sven Bender,09/10,01/07/2009,1860 Munich,Dortmund,€1.20m,€1.50m,1200000,1500000
John Brooks,22/23,26/01/2023,Benfica,Hoffenheim,€6.00m,€300k,6000000,300000
John Brooks,17/18,01/07/2017,Hertha BSC,Wolfsburg,€14.00m,€17.00m,14000000,17000000
Rafinha,20/21,05/10/2020,Barcelona,PSG,€9.50m,€1.50m,9500000,1500000
Sergio Escudero,15/16,03/07/2015,Getafe,Sevilla FC,€3.00m,€3.00m,3000000,3000000
Sergio Escudero,13/14,11/07/2013,FC Schalke 04,Getafe,€1.00m,€1.50m,1000000,1500000
Sergio Escudero,10/11,02/08/2010,Real Murcia,FC Schalke 04,€1.00m,€2.30m,1000000,2300000
Jonas Hofmann,23/24,05/07/2023,Mönchengladbach,Leverkusen,€13.00m,€10.00m,13000000,10000000
Jonas Hofmann,15/16,01/01/2016,Dortmund,Mönchengladbach,€4.00m,€8.00m,4000000,8000000
Thomas Delaney,21/22,25/08/2021,Dortmund,Sevilla FC,€15.00m,€6.00m,15000000,6000000
Thomas Delaney,18/19,01/07/2018,Werder Bremen,Dortmund,€12.00m,€20.00m,12000000,20000000
Thomas Delaney,16/17,01/01/2017,Copenhagen,Werder Bremen,€3.50m,€2.00m,3500000,2000000
Bernardo Silva,17/18,01/07/2017,Monaco,Man City,€40.00m,€50.00m,40000000,50000000
Bernardo Silva,14/15,20/01/2015,Benfica,Monaco,€3.50m,€15.75m,3500000,15750000
Mikel Merino,24/25,27/08/2024,Real Sociedad,Arsenal,€50.00m,€32.00m,50000000,32000000
Mikel Merino,18/19,12/07/2018,Newcastle,Real Sociedad,€12.00m,€12.00m,12000000,12000000
Mikel Merino,18/19,01/07/2018,Dortmund,Newcastle,€10.00m,€7.00m,10000000,7000000
Mikel Merino,16/17,01/07/2016,CA Osasuna,Dortmund,€2.00m,€3.75m,2000000,3750000
Zlatan Ibrahimović,12/13,18/07/2012,AC Milan,PSG,€37.00m,€21.00m,37000000,21000000
Zlatan Ibrahimović,11/12,01/07/2011,Barcelona,AC Milan,€35.00m,€24.00m,35000000,24000000
Zlatan Ibrahimović,09/10,27/07/2009,Inter,Barcelona,€45.00m,€69.50m,45000000,69500000
Zlatan Ibrahimović,06/07,10/08/2006,Juventus,Inter,€25.00m,€24.80m,25000000,24800000
Zlatan Ibrahimović,04/05,31/08/2004,Ajax,Juventus,-,€16.00m,0,16000000
Zlatan Ibrahimović,01/02,01/07/2001,Malmö,Ajax,-,€7.80m,0,7800000
Yann M'Vila,12/13,23/01/2013,Stade Rennais,Rubin Kazan,€15.00m,€12.00m,15000000,12000000
Albin Ekdal,18/19,14/08/2018,Hamburg,Sampdoria,€4.50m,€2.60m,4500000,2600000
Albin Ekdal,15/16,18/07/2015,Cagliari,Hamburg,€4.50m,€4.50m,4500000,4500000
Albin Ekdal,11/12,20/08/2011,Juventus,Cagliari,€3.20m,€2.70m,3200000,2700000
Albin Ekdal,11/12,01/07/2011,Bologna,Juventus,€3.20m,€1.31m,3200000,1310000
Albin Ekdal,10/11,13/08/2010,Juventus,Bologna,€3.00m,€2.40m,3000000,2400000
Albin Ekdal,08/09,01/07/2008,Brommapojkarna,Juventus,€1.00m,€600k,1000000,600000
Ibrahim Sangaré,23/24,01/09/2023,PSV,Nott'm Forest,€35.00m,€35.00m,35000000,35000000
Ibrahim Sangaré,20/21,28/09/2020,Toulouse,PSV,€9.50m,€7.00m,9500000,7000000
Florian Neuhaus,,,,,,,0,0
Salif Sané,18/19,01/07/2018,Hannover 96,FC Schalke 04,€18.00m,€7.00m,18000000,7000000
Salif Sané,13/14,01/07/2013,AS Nancy,Hannover 96,€2.50m,€2.00m,2500000,2000000
Salif Sané,12/13,01/07/2012,G. Bordeaux,AS Nancy,€2.00m,€1.20m,2000000,1200000
Joaquín Correa,22/23,01/07/2022,Lazio,Inter,€23.00m,€27.30m,23000000,27300000
Joaquín Correa,18/19,01/08/2018,Sevilla FC,Lazio,€10.00m,€17.85m,10000000,17850000
Joaquín Correa,16/17,10/07/2016,Sampdoria,Sevilla FC,€6.50m,€18.20m,6500000,18200000
Joaquín Correa,14/15,09/01/2015,Estudiantes LP,Sampdoria,€8.00m,€8.40m,8000000,8400000
Diogo Dalot,18/19,01/07/2018,Porto,Man Utd,€15.00m,€22.00m,15000000,22000000
Franck Ribéry,07/08,01/07/2007,Marseille,Bayern Munich,€18.00m,€30.00m,18000000,30000000
Franck Ribéry,04/05,08/02/2005,FC Metz,Galatasaray,€5.25m,€5.00m,5250000,5000000
Harrison Reed,20/21,30/08/2020,Southampton,Fulham,€2.40m,€6.50m,2400000,6500000
Danilo,19/20,07/08/2019,Man City,Juventus,€20.00m,€37.00m,20000000,37000000
Danilo,17/18,23/07/2017,Real Madrid,Man City,€16.00m,€30.00m,16000000,30000000
Danilo,15/16,01/07/2015,Porto,Real Madrid,€25.00m,€31.50m,25000000,31500000
Danilo,11/12,01/07/2011,Santos,Porto,€5.00m,€13.00m,5000000,13000000
Danilo,10/11,01/07/2010,América-MG,Santos,€600k,€900k,600000,900000
Marco Asensio,25/26,01/09/2025,PSG,Fenerbahçe,€20.00m,€7.50m,20000000,7500000
Marco Asensio,15/16,01/07/2015,RCD Mallorca,Real Madrid,€3.50m,€3.90m,3500000,3900000
Nikola Milenković,24/25,18/07/2024,Fiorentina,Nott'm Forest,€15.00m,€12.30m,15000000,12300000
Nikola Milenković,17/18,01/07/2017,Partizan,Fiorentina,€5.00m,€5.50m,5000000,5500000
Ryan Fraser,12/13,18/01/2013,Aberdeen FC,Bournemouth,€50k,€480k,50000,480000
Nabil Fekir,24/25,30/08/2024,Real Betis,Al-Jazira,€10.00m,€5.00m,10000000,5000000
Nabil Fekir,19/20,23/07/2019,Lyon,Real Betis,€60.00m,€19.75m,60000000,19750000
Dominik Szoboszlai,23/24,02/07/2023,Leipzig,Liverpool,€50.00m,€70.00m,50000000,70000000
Dominik Szoboszlai,20/21,01/01/2021,Salzburg,Leipzig,€25.00m,€36.00m,25000000,36000000
Dominik Szoboszlai,16/17,29/03/2017,Főnix U19,AKA Salzb. U18,-,€500k,0,500000
Fabien Lemoine,17/18,18/07/2017,Saint-Étienne,FC Lorient,€2.00m,€1.00m,2000000,1000000
Fabien Lemoine,11/12,10/08/2011,Stade Rennais,Saint-Étienne,€4.00m,€1.50m,4000000,1500000
Lovro Majer,23/24,16/08/2023,Stade Rennais,Wolfsburg,€20.00m,€25.00m,20000000,25000000
Lovro Majer,21/22,26/08/2021,Dinamo Zagreb,Stade Rennais,€13.00m,€12.00m,13000000,12000000
Lovro Majer,18/19,01/07/2018,NK Lokomotiva,Dinamo Zagreb,€2.50m,€2.50m,2500000,2500000
Yves Bissouma,22/23,01/07/2022,Brighton,Tottenham,€35.00m,€29.20m,35000000,29200000
Yves Bissouma,18/19,17/07/2018,Lille,Brighton,€8.00m,€16.80m,8000000,16800000
Kevin Kampl,17/18,31/08/2017,Leverkusen,Leipzig,€15.00m,€20.00m,15000000,20000000
Kevin Kampl,15/16,28/08/2015,Dortmund,Leverkusen,€9.00m,€11.00m,9000000,11000000
Kevin Kampl,14/15,01/01/2015,Salzburg,Dortmund,€9.00m,€12.00m,9000000,12000000
Kevin Kampl,12/13,31/08/2012,VfR Aalen,Salzburg,€350k,€3.00m,350000,3000000
Kevin Kampl,12/13,01/07/2012,VfL Osnabrück,VfR Aalen,€350k,€250k,350000,250000
Dayot Upamecano,21/22,05/07/2021,Leipzig,Bayern Munich,€60.00m,€42.50m,60000000,42500000
Dayot Upamecano,16/17,13/01/2017,Salzburg,Leipzig,€5.00m,€18.50m,5000000,18500000
Dayot Upamecano,15/16,11/07/2015,VAFC U19,Salzburg,-,€2.20m,0,2200000
Youri Tielemans,19/20,08/07/2019,Monaco,Leicester,€38.00m,€45.00m,38000000,45000000
Youri Tielemans,17/18,01/07/2017,RSC Anderlecht,Monaco,€22.00m,€25.00m,22000000,25000000
Max Kruse,21/22,30/01/2022,Union Berlin,Wolfsburg,€3.50m,€5.00m,3500000,5000000
Max Kruse,16/17,02/08/2016,Wolfsburg,Werder Bremen,€8.00m,€7.50m,8000000,7500000
Max Kruse,15/16,01/07/2015,Mönchengladbach,Wolfsburg,€12.00m,€12.00m,12000000,12000000
Max Kruse,13/14,01/07/2013,Freiburg,Mönchengladbach,€5.00m,€2.50m,5000000,2500000
Max Kruse,12/13,01/07/2012,St. Pauli,Freiburg,€2.50m,€500k,2500000,500000
Vincenzo Grifo,19/20,02/09/2019,Hoffenheim,Freiburg,€9.00m,€7.00m,9000000,7000000
Vincenzo Grifo,18/19,01/07/2018,Mönchengladbach,Hoffenheim,€7.50m,€5.50m,7500000,5500000
Vincenzo Grifo,17/18,01/07/2017,Freiburg,Mönchengladbach,€10.00m,€6.00m,10000000,6000000
Vincenzo Grifo,15/16,01/07/2015,Hoffenheim,Freiburg,€1.00m,€1.00m,1000000,1000000
Ernest Seka,,,,,,,0,0
Harry Winks,23/24,01/07/2023,Tottenham,Leicester,€10.00m,€11.60m,10000000,11600000
Johan Gastien,,,,,,,0,0
Gary Medel,19/20,29/08/2019,Besiktas,Bologna,€3.75m,€1.50m,3750000,1500000
Gary Medel,17/18,12/08/2017,Inter,Besiktas,€12.00m,€2.50m,12000000,2500000
Gary Medel,14/15,13/08/2014,Cardiff,Inter,€11.00m,€8.00m,11000000,8000000
Gary Medel,13/14,11/08/2013,Sevilla FC,Cardiff,€10.00m,€13.00m,10000000,13000000
Gary Medel,10/11,31/01/2011,U. Católica,Sevilla FC,€5.00m,€3.30m,5000000,3300000
Nico Schlotterbeck,22/23,01/07/2022,Freiburg,Dortmund,€33.00m,€20.00m,33000000,20000000
Nico Schlotterbeck,17/18,01/07/2017,Karlsruhe U19,SC Freiburg U19,-,€90k,0,90000
Thiago Mendes,23/24,07/07/2023,Lyon,Al-Rayyan,€5.00m,€4.21m,5000000,4210000
Thiago Mendes,19/20,03/07/2019,Lille,Lyon,€25.00m,€22.00m,25000000,22000000
Thiago Mendes,17/18,01/07/2017,São Paulo,Lille,€4.00m,€9.00m,4000000,9000000
Thiago Mendes,14/15,01/01/2015,Goiás,São Paulo,€900k,€1.80m,900000,1800000
Ishak Belfodil,21/22,23/08/2021,Hoffenheim,Hertha BSC,€2.80m,€500k,2800000,500000
Ishak Belfodil,18/19,01/07/2018,Standard Liège,Hoffenheim,€5.50m,€5.50m,5500000,5500000
Ishak Belfodil,14/15,01/07/2014,Inter,Parma,€7.00m,€5.75m,7000000,5750000
Ishak Belfodil,13/14,05/07/2013,Parma,Inter,€10.00m,€5.75m,10000000,5750000
Ishak Belfodil,12/13,01/07/2012,Lyon,Parma,€2.50m,€3.50m,2500000,3500000
Luiz Gustavo,19/20,02/09/2019,Marseille,Fenerbahçe,€10.00m,€6.00m,10000000,6000000
Luiz Gustavo,17/18,04/07/2017,Wolfsburg,Marseille,€12.00m,€10.00m,12000000,10000000
Luiz Gustavo,13/14,16/08/2013,Bayern Munich,Wolfsburg,€18.00m,€16.00m,18000000,16000000
Luiz Gustavo,10/11,01/01/2011,Hoffenheim,Bayern Munich,€6.50m,€17.00m,6500000,17000000
Luiz Gustavo,08/09,01/07/2008,Corinthians-AL,Hoffenheim,€1.00m,€1.00m,1000000,1000000
Reece James,,,,,,,0,0
Marcel Halstenberg,23/24,19/07/2023,Leipzig,Hannover 96,€3.50m,€700k,3500000,700000
Marcel Halstenberg,15/16,31/08/2015,St. Pauli,Leipzig,€800k,€3.50m,800000,3500000
Alexander Djiku,25/26,09/09/2025,Fenerbahçe,Spartak Moscow,€6.50m,€2.50m,6500000,2500000
Alexander Djiku,19/20,05/07/2019,SM Caen,R. Strasbourg,€8.00m,€4.50m,8000000,4500000
Alexander Djiku,17/18,11/07/2017,SC Bastia,SM Caen,€1.25m,€2.00m,1250000,2000000
Tanguy Ndombele,19/20,02/07/2019,Lyon,Tottenham,€65.00m,€62.00m,65000000,62000000
Tanguy Ndombele,18/19,01/07/2018,Amiens SC,Lyon,€25.00m,€8.00m,25000000,8000000
Jonathan Hogg,,,,,,,0,0
Ethan Ampadu,23/24,19/07/2023,Chelsea,Leeds,€9.00m,€8.10m,9000000,8100000
Ethan Ampadu,17/18,01/07/2017,Exeter City,Chelsea,-,€2.80m,0,2800000
Ciro Immobile,24/25,12/07/2024,Lazio,Besiktas,€4.00m,€2.00m,4000000,2000000
Ciro Immobile,16/17,27/07/2016,Sevilla FC,Lazio,€10.00m,€9.45m,10000000,9450000
Ciro Immobile,15/16,13/01/2016,Dortmund,Sevilla FC,€10.00m,€11.00m,10000000,11000000
Ciro Immobile,14/15,02/07/2014,Torino,Dortmund,€18.00m,€18.50m,18000000,18500000
Ciro Immobile,14/15,01/07/2014,Juventus,Torino,€18.00m,€8.00m,18000000,8000000
Ciro Immobile,13/14,11/07/2013,Genoa,Juventus,€7.00m,€2.75m,7000000,2750000
Ciro Immobile,12/13,01/07/2012,Juventus,Genoa,€6.50m,€4.00m,6500000,4000000
Ciro Immobile,07/08,01/08/2007,Sorrento Youth,Juventus Youth,-,€80k,0,80000
Sergio Ramos,05/06,31/08/2005,Sevilla FC,Real Madrid,€27.00m,€27.00m,27000000,27000000
Benjamin André,19/20,17/07/2019,Stade Rennais,Lille,€10.00m,€7.00m,10000000,7000000
Konrad Laimer,17/18,01/07/2017,Salzburg,Leipzig,€8.00m,€7.00m,8000000,7000000
Hiroki Ito,24/25,01/07/2024,Stuttgart,Bayern Munich,€30.00m,€23.50m,30000000,23500000
Hiroki Ito,22/23,01/07/2022,Júbilo Iwata,Stuttgart,€4.50m,€400k,4500000,400000
Maximilian Mittelstädt,23/24,01/07/2023,Hertha BSC,Stuttgart,€2.00m,€500k,2000000,500000
Danilo Soares,,,,,,,0,0
Ousmane Dembélé,23/24,12/08/2023,Barcelona,PSG,€60.00m,€50.00m,60000000,50000000
Ousmane Dembélé,17/18,25/08/2017,Dortmund,Barcelona,€33.00m,€148.00m,33000000,148000000
Ousmane Dembélé,16/17,01/07/2016,Stade Rennais,Dortmund,€12.00m,€35.00m,12000000,35000000
Filippo Falco,20/21,29/01/2021,Lecce,Red Star,€5.00m,€1.20m,5000000,1200000
Filippo Falco,18/19,04/07/2018,Bologna,Lecce,€1.50m,€300k,1500000,300000
Filippo Falco,15/16,31/01/2016,Lecce,Bologna,€800k,€1.20m,800000,1200000
Stefano Sabelli,18/19,01/07/2018,Bari,Brescia,€1.00m,€500k,1000000,500000
Stefano Sabelli,13/14,01/07/2013,Roma,Bari,€450k,€900k,450000,900000
Dani Olmo,24/25,09/08/2024,Leipzig,Barcelona,€60.00m,€61.00m,60000000,61000000
Dani Olmo,19/20,25/01/2020,Dinamo Zagreb,Leipzig,€35.00m,€34.20m,35000000,34200000
Nicolò Barella,20/21,01/09/2020,Cagliari,Inter,€50.00m,€32.50m,50000000,32500000
Moreto Cassamã,22/23,23/08/2022,Stade Reims,Omonia Nicosia,€3.00m,€1.50m,3000000,1500000
Kingsley Coman,25/26,15/08/2025,Bayern Munich,Al-Nassr,€30.00m,€25.00m,30000000,25000000
Kingsley Coman,17/18,01/07/2017,Juventus,Bayern Munich,€20.00m,€21.00m,20000000,21000000
Martin Hinteregger,19/20,01/08/2019,Augsburg,Frankfurt,€16.00m,€9.00m,16000000,9000000
Martin Hinteregger,16/17,31/08/2016,Salzburg,Augsburg,€6.00m,€10.50m,6000000,10500000
Reinildo Mandava,21/22,31/01/2022,Lille,Atlético,€10.00m,€3.00m,10000000,3000000
Reinildo Mandava,19/20,01/07/2019,B SAD,Lille,€600k,€3.00m,600000,3000000
Aaron Wan-Bissaka,24/25,13/08/2024,Man Utd,West Ham,€20.00m,€17.60m,20000000,17600000
Aaron Wan-Bissaka,19/20,01/07/2019,Crystal Palace,Man Utd,€35.00m,€55.00m,35000000,55000000
Alessandro Florenzi,22/23,01/07/2022,Roma,AC Milan,€5.50m,€3.15m,5500000,3150000
Alessandro Florenzi,12/13,02/07/2012,Crotone,Roma,€1.50m,€1.25m,1500000,1250000
Alessandro Florenzi,12/13,01/07/2012,Roma U19,Crotone,€1.50m,€250k,1500000,250000
Tyler Adams,23/24,20/08/2023,Leeds,Bournemouth,€18.00m,€26.90m,18000000,26900000
Tyler Adams,22/23,06/07/2022,Leipzig,Leeds,€17.00m,€17.00m,17000000,17000000
Tyler Adams,18/19,01/01/2019,New York,Leipzig,€4.50m,€2.63m,4500000,2630000
Medhi Benatia,18/19,28/01/2019,Juventus,Al-Duhail SC,€15.00m,€8.00m,15000000,8000000
Medhi Benatia,17/18,01/07/2017,Bayern Munich,Juventus,€15.00m,€16.70m,15000000,16700000
Medhi Benatia,14/15,27/08/2014,Roma,Bayern Munich,€28.00m,€28.00m,28000000,28000000
Medhi Benatia,13/14,13/07/2013,Udinese,Roma,€13.00m,€13.50m,13000000,13500000
Gabriel Jesus,22/23,04/07/2022,Man City,Arsenal,€50.00m,€52.20m,50000000,52200000
Gabriel Jesus,16/17,01/01/2017,Palmeiras,Man City,€16.00m,€32.00m,16000000,32000000
Gareth Bale,13/14,01/09/2013,Tottenham,Real Madrid,€65.00m,€101.00m,65000000,101000000
Gareth Bale,07/08,01/07/2007,Southampton,Tottenham,€7.50m,€14.70m,7500000,14700000
Iago Aspas,15/16,07/07/2015,Sevilla FC,Celta de Vigo,€4.00m,€5.30m,4000000,5300000
Iago Aspas,15/16,01/07/2015,Liverpool,Sevilla FC,€4.00m,€6.00m,4000000,6000000
Iago Aspas,13/14,01/07/2013,Celta de Vigo,Liverpool,€9.00m,€10.80m,9000000,10800000
Dan-Axel Zagadou,,,,,,,0,0
Francesco Magnanelli,05/06,01/07/2005,Sangiovannese,Sassuolo,€600k,€120k,600000,120000
Francesco Magnanelli,02/03,01/07/2002,AS Gubbio,Chievo Verona,-,€50k,0,50000
Jean Seri,,,,,,,0,0
Marco Höger,16/17,01/07/2016,FC Schalke 04,1.FC Köln,€4.00m,€1.30m,4000000,1300000
Marco Höger,11/12,01/07/2011,Alem. Aachen,FC Schalke 04,€2.00m,€1.50m,2000000,1500000
Gianluca Caprari,23/24,01/07/2023,Hellas Verona,Monza,€8.00m,€8.00m,8000000,8000000
Gianluca Caprari,22/23,01/07/2022,Sampdoria,Hellas Verona,€10.00m,€5.00m,10000000,5000000
Gianluca Caprari,17/18,01/07/2017,Inter,Sampdoria,€6.00m,€15.00m,6000000,15000000
Gianluca Caprari,16/17,08/07/2016,Pescara,Inter,€3.50m,€8.25m,3500000,8250000
Gianluca Caprari,13/14,24/01/2014,Roma,Pescara,€1.80m,€1.75m,1800000,1750000
Gianluca Caprari,13/14,01/07/2013,Pescara,Roma,€1.70m,€2.00m,1700000,2000000
Gianluca Caprari,12/13,01/07/2012,Roma,Pescara,€1.80m,€1.20m,1800000,1200000
Nico Elvedi,15/16,01/07/2015,FC Zürich,Mönchengladbach,€4.00m,€4.00m,4000000,4000000
Thiago Silva,12/13,14/07/2012,AC Milan,PSG,€38.00m,€42.00m,38000000,42000000
Thiago Silva,08/09,01/01/2009,Fluminense,AC Milan,€7.50m,€10.00m,7500000,10000000
Thiago Silva,06/07,01/01/2007,Dinamo Moscow,Fluminense,€3.50m,€2.00m,3500000,2000000
Thiago Silva,04/05,01/01/2005,Porto,Dinamo Moscow,-,€3.50m,0,3500000
Thiago Silva,04/05,13/09/2004,Juventude,Porto,-,€2.50m,0,2500000
James Ward-Prowse,23/24,14/08/2023,Southampton,West Ham,€38.00m,€34.80m,38000000,34800000
Adam Masina,24/25,01/07/2024,Udinese,Torino,€1.50m,€1.00m,1500000,1000000
Adam Masina,22/23,18/07/2022,Watford,Udinese,€3.00m,€5.00m,3000000,5000000
Adam Masina,18/19,02/07/2018,Bologna,Watford,€7.00m,€5.00m,7000000,5000000
Robin Gosens,25/26,01/07/2025,Union Berlin,Fiorentina,€8.00m,€7.00m,8000000,7000000
Robin Gosens,23/24,15/08/2023,Inter,Union Berlin,€15.00m,€13.00m,15000000,13000000
Robin Gosens,22/23,01/07/2022,Atalanta,Inter,€28.00m,€27.40m,28000000,27400000
Robin Gosens,17/18,01/07/2017,Heracles Almelo,Atalanta,€1.00m,€1.17m,1000000,1170000
Robin Gosens,15/16,01/07/2015,Vitesse U21,Heracles Almelo,€450k,€200k,450000,200000
Jonny Evans,18/19,01/07/2018,West Brom,Leicester,€15.00m,€4.00m,15000000,4000000
Jonny Evans,15/16,29/08/2015,Man Utd,West Brom,€6.00m,€8.30m,6000000,8300000
Panagiotis Tachtsidis,19/20,01/07/2019,Nott'm Forest,Lecce,€1.20m,€500k,1200000,500000
Panagiotis Tachtsidis,17/18,01/07/2017,Torino,Olympiacos,€2.00m,€700k,2000000,700000
Panagiotis Tachtsidis,16/17,05/08/2016,Genoa,Torino,€2.20m,€1.30m,2200000,1300000
Panagiotis Tachtsidis,13/14,01/07/2013,Roma,Genoa,€3.30m,€3.00m,3300000,3000000
Panagiotis Tachtsidis,12/13,19/07/2012,Genoa,Roma,€2.00m,€2.50m,2000000,2500000
Panagiotis Tachtsidis,10/11,01/07/2010,AEK Athens,Genoa,€1.00m,€200k,1000000,200000
Jérôme Boateng,11/12,14/07/2011,Man City,Bayern Munich,€15.00m,€13.50m,15000000,13500000
Jérôme Boateng,10/11,01/07/2010,Hamburg,Man City,€15.00m,€12.50m,15000000,12500000
Jérôme Boateng,07/08,21/08/2007,Hertha BSC,Hamburg,€750k,€1.10m,750000,1100000
Anthony Caci,,,,,,,0,0
Mario Gaspar,,,,,,,0,0
Alex Sandro,15/16,20/08/2015,Porto,Juventus,€20.00m,€28.00m,20000000,28000000
Alex Sandro,11/12,01/07/2011,CD Maldonado,Porto,€1.80m,€9.60m,1800000,9600000
Alex Sandro,09/10,01/02/2010,Atlético-PR,CD Maldonado,€500k,€2.20m,500000,2200000
Matteo Ricci,23/24,10/07/2023,Frosinone,Sampdoria,€2.20m,€1.25m,2200000,1250000
Matteo Ricci,18/19,31/07/2018,Roma,Spezia Calcio,€700k,€1k,700000,1000
Guido Pizarro,18/19,01/07/2018,Sevilla FC,Tigres UANL,€7.50m,€8.70m,7500000,8700000
Guido Pizarro,17/18,08/07/2017,Tigres UANL,Sevilla FC,€5.00m,€8.70m,5000000,8700000
Guido Pizarro,13/14,09/07/2013,Lanús,Tigres UANL,€3.00m,€3.00m,3000000,3000000
William,19/20,25/07/2019,Saint-Étienne,Arsenal,€12.00m,€30.00m,12000000,30000000
Jamal Musiala,19/20,04/07/2019,Chelsea Youth,FC Bayern U17,-,€200k,0,200000
Mario Pašalić,20/21,01/09/2020,Chelsea,Atalanta,€25.00m,€14.50m,25000000,14500000
Mario Pašalić,14/15,09/07/2014,Hajduk Split,Chelsea,€3.00m,€2.50m,3000000,2500000
Axel Witsel,18/19,06/08/2018,TJ Tianhai,Dortmund,€20.00m,€20.00m,20000000,20000000
Axel Witsel,16/17,03/01/2017,Zenit S-Pb,TJ Quanjian,€20.00m,€20.00m,20000000,20000000
Axel Witsel,12/13,03/09/2012,Benfica,Zenit S-Pb,€20.00m,€40.00m,20000000,40000000
Axel Witsel,11/12,13/07/2011,Standard Liège,Benfica,€10.00m,€9.00m,10000000,9000000
Marc Bartra,22/23,15/08/2022,Real Betis,Trabzonspor,€6.00m,€1.25m,6000000,1250000
Marc Bartra,17/18,30/01/2018,Dortmund,Real Betis,€15.00m,€10.50m,15000000,10500000
Marc Bartra,16/17,01/07/2016,Barcelona,Dortmund,€8.00m,€8.00m,8000000,8000000
Josip Brekalo,22/23,28/01/2023,Wolfsburg,Fiorentina,€7.50m,€1.70m,7500000,1700000
Josip Brekalo,16/17,01/07/2016,Dinamo Zagreb,Wolfsburg,€1.00m,€10.00m,1000000,10000000
Mario Lemina,24/25,05/02/2025,Wolves,Galatasaray,€9.00m,€2.50m,9000000,2500000
Mario Lemina,22/23,13/01/2023,Nice,Wolves,€7.00m,€11.00m,7000000,11000000
Mario Lemina,21/22,24/07/2021,Southampton,Nice,€10.00m,€5.50m,10000000,5500000
Mario Lemina,17/18,08/08/2017,Juventus,Southampton,€7.50m,€17.25m,7500000,17250000
Mario Lemina,16/17,01/07/2016,Marseille,Juventus,€4.00m,€9.80m,4000000,9800000
Mario Lemina,13/14,02/09/2013,FC Lorient,Marseille,€1.00m,€4.00m,1000000,4000000
Wissam Ben Yedder,19/20,14/08/2019,Sevilla FC,Monaco,€40.00m,€40.00m,40000000,40000000
Wissam Ben Yedder,16/17,30/07/2016,Toulouse,Sevilla FC,€9.00m,€9.50m,9000000,9500000
Çağlar Söyüncü,24/25,01/07/2024,Atlético,Fenerbahçe,€10.00m,€8.50m,10000000,8500000
Çağlar Söyüncü,18/19,09/08/2018,Freiburg,Leicester,€18.00m,€21.10m,18000000,21100000
Çağlar Söyüncü,16/17,01/07/2016,Altinordu,Freiburg,€1.00m,€7.93m,1000000,7930000
Liam Cooper,,,,,,,0,0
Erick Pulgar,22/23,29/07/2022,Fiorentina,Flamengo,€6.50m,€2.80m,6500000,2800000
Erick Pulgar,19/20,09/08/2019,Bologna,Fiorentina,€10.00m,€12.30m,10000000,12300000
Erick Pulgar,15/16,07/08/2015,U. Católica,Bologna,€2.00m,€2.28m,2000000,2280000
Erick Pulgar,14/15,04/07/2014,Antofagasta,U. Católica,-,€295k,0,295000
Kalvin Phillips,22/23,04/07/2022,Leeds,Man City,€50.00m,€49.00m,50000000,49000000
Luke Shaw,14/15,01/07/2014,Southampton,Man Utd,€13.00m,€37.50m,13000000,37500000
Hugo Mallo,,,,,,,0,0
Douglas Santos,19/20,04/07/2019,Hamburg,Zenit S-Pb,€10.00m,€14.00m,10000000,14000000
Douglas Santos,16/17,31/08/2016,Atlético-MG,Hamburg,€6.00m,€6.50m,6000000,6500000
Douglas Santos,15/16,21/07/2015,Udinese,Atlético-MG,€3.25m,€3.00m,3250000,3000000
Douglas Santos,13/14,30/01/2014,Granada CF,Udinese,€2.50m,€2.30m,2500000,2300000
Douglas Santos,13/14,08/07/2013,Náutico,Granada CF,€1.50m,€2.30m,1500000,2300000
Jordan Ferri,19/20,01/07/2019,Lyon,Montpellier,€4.00m,€2.00m,4000000,2000000
Luka Jović,23/24,01/09/2023,Fiorentina,AC Milan,€8.00m,€500k,8000000,500000
Luka Jović,19/20,02/07/2019,Frankfurt,Real Madrid,€60.00m,€63.00m,60000000,63000000
Luka Jović,19/20,01/07/2019,Benfica,Frankfurt,€60.00m,€22.34m,60000000,22340000
Luka Jović,15/16,31/01/2016,Apol. Limassol,Benfica,€1.75m,€6.60m,1750000,6600000
Luka Jović,15/16,25/01/2016,Red Star,Apol. Limassol,€1.75m,€2.00m,1750000,2000000
Moussa Diaby,24/25,24/07/2024,Aston Villa,Al-Ittihad,€55.00m,€60.00m,55000000,60000000
Moussa Diaby,23/24,22/07/2023,Leverkusen,Aston Villa,€50.00m,€55.00m,50000000,55000000
Moussa Diaby,19/20,01/07/2019,PSG,Leverkusen,€12.00m,€15.00m,12000000,15000000
Ellyes Skhiri,19/20,29/07/2019,Montpellier,1.FC Köln,€12.00m,€6.00m,12000000,6000000
Achraf Hakimi,21/22,06/07/2021,Inter,PSG,€60.00m,€68.00m,60000000,68000000
Achraf Hakimi,20/21,01/09/2020,Real Madrid,Inter,€54.00m,€43.00m,54000000,43000000
Joaquín,20/21,21/07/2020,AC Milan,Sevilla FC,€17.50m,€21.70m,17500000,21700000
Joaquín,14/15,17/01/2015,Liverpool,AC Milan,€6.00m,€1.30m,6000000,1300000
Joaquín,10/11,01/07/2010,Cádiz U19,Liverpool Res.,-,€60k,0,60000
Son Heung-min,,,,,,,0,0
Sergej Milinković-Savić,23/24,12/07/2023,Lazio,Al-Hilal,€50.00m,€40.00m,50000000,40000000
Sergej Milinković-Savić,15/16,06/08/2015,Genk,Lazio,€4.00m,€12.00m,4000000,12000000
Sergej Milinković-Savić,14/15,01/07/2014,Vojvodina,Genk,€400k,€1.00m,400000,1000000
Federico Dimarco,18/19,05/07/2018,FC Sion,Inter,€2.00m,€5.00m,2000000,5000000
Federico Dimarco,17/18,01/07/2017,Inter,FC Sion,€2.00m,€3.91m,2000000,3910000
Federico Fazio,,,,,,,0,0
Adnan Januzaj,17/18,12/07/2017,Man Utd,Real Sociedad,€7.00m,€8.50m,7000000,8500000
Adnan Januzaj,10/11,01/03/2011,Anderlecht Yth.,Man Utd U18,-,€375k,0,375000
Thorgan Hazard,23/24,06/09/2023,Dortmund,RSC Anderlecht,€7.00m,€4.00m,7000000,4000000
Thorgan Hazard,19/20,01/07/2019,Mönchengladbach,Dortmund,€38.00m,€25.50m,38000000,25500000
Thorgan Hazard,15/16,01/07/2015,Chelsea,Mönchengladbach,€10.00m,€8.00m,10000000,8000000
Thorgan Hazard,12/13,24/07/2012,Lens,Chelsea,€500k,€500k,500000,500000
André Silva,25/26,18/08/2025,Leipzig,Elche CF,€4.00m,€1.00m,4000000,1000000
André Silva,21/22,02/07/2021,Frankfurt,Leipzig,€45.00m,€23.00m,45000000,23000000
André Silva,20/21,10/09/2020,AC Milan,Frankfurt,€24.00m,€3.00m,24000000,3000000
André Silva,17/18,01/07/2017,Porto,AC Milan,€22.00m,€38.00m,22000000,38000000
David Alaba,08/09,31/07/2008,A. Vienna Res.,FC Bayern U19,€200k,€150k,200000,150000
Benoît Badiashile,22/23,05/01/2023,Monaco,Chelsea,€40.00m,€38.00m,40000000,38000000
Wataru Endo,23/24,18/08/2023,Stuttgart,Liverpool,€6.50m,€20.00m,6500000,20000000
Wataru Endo,20/21,01/07/2020,Sint-Truiden,Stuttgart,€1.60m,€1.70m,1600000,1700000
Farid Boulaya,18/19,01/07/2018,Girona,FC Metz,€400k,€800k,400000,800000
Farid Boulaya,16/17,31/08/2016,Clermont Foot,SC Bastia,€1.00m,€250k,1000000,250000
Wesley Fofana,22/23,31/08/2022,Leicester,Chelsea,€40.00m,€80.40m,40000000,80400000
Wesley Fofana,20/21,02/10/2020,Saint-Étienne,Leicester,€10.00m,€35.00m,10000000,35000000
Filip Kostić,22/23,12/08/2022,Frankfurt,Juventus,€24.00m,€14.70m,24000000,14700000
Filip Kostić,19/20,01/07/2019,Hamburg,Frankfurt,€22.00m,€6.30m,22000000,6300000
Filip Kostić,16/17,25/07/2016,Stuttgart,Hamburg,€10.00m,€14.00m,10000000,14000000
Filip Kostić,14/15,09/08/2014,FC Groningen,Stuttgart,€2.50m,€6.00m,2500000,6000000
Filip Kostić,12/13,01/07/2012,Radnicki 1923,FC Groningen,€1.25m,€1.25m,1250000,1250000
Mário Rui,17/18,03/01/2018,Roma,Napoli,€8.00m,€5.75m,8000000,5750000
Mário Rui,17/18,01/07/2017,FC Empoli,Roma,€7.00m,€6.00m,7000000,6000000
Mário Rui,14/15,01/07/2014,Parma,FC Empoli,€900k,€550k,900000,550000
Didier Ibrahim Ndong,16/17,31/08/2016,FC Lorient,Sunderland,€5.00m,€20.00m,5000000,20000000
Didier Ibrahim Ndong,14/15,03/01/2015,CS Sfaxien,FC Lorient,€500k,€950k,500000,950000
Didier Ibrahim Ndong,12/13,04/07/2012,Centre Mbérie,CS Sfaxien,-,€35k,0,35000
Benjamin Pavard,23/24,30/08/2023,Bayern Munich,Inter,€40.00m,€32.40m,40000000,32400000
Benjamin Pavard,19/20,01/07/2019,Stuttgart,Bayern Munich,€30.00m,€35.00m,30000000,35000000
Benjamin Pavard,16/17,30/08/2016,Lille,Stuttgart,€800k,€5.00m,800000,5000000
Fran Beltrán,25/26,20/01/2026,Celta de Vigo,Girona,€5.00m,€150k,5000000,150000
Fran Beltrán,18/19,01/08/2018,Rayo Vallecano,Celta de Vigo,€2.00m,€8.00m,2000000,8000000
Iago Falque,16/17,04/01/2017,Roma,Torino,€8.50m,€6.00m,8500000,6000000
Iago Falque,15/16,04/01/2016,Genoa,Roma,€8.00m,€7.00m,8000000,7000000
Iago Falque,14/15,01/08/2014,Tottenham,Genoa,€1.80m,€2.00m,1800000,2000000
Iago Falque,11/12,16/01/2012,Juventus U19,Tottenham,€2.00m,€1.00m,2000000,1000000
Iago Falque,08/09,30/08/2008,Barça Atlètic,Juventus U19,-,€250k,0,250000
David Raum,22/23,31/07/2022,Hoffenheim,Leipzig,€20.00m,€26.00m,20000000,26000000
Muzinga Ngonda,,,,,,,0,0
Saúl Ñíguez,,,,,,,0,0
Antoine Griezmann,23/24,01/07/2023,Barcelona,Atlético,€25.00m,€22.00m,25000000,22000000
Antoine Griezmann,19/20,14/07/2019,Atlético,Barcelona,€130.00m,€120.00m,130000000,120000000
Antoine Griezmann,14/15,28/07/2014,Real Sociedad,Atlético,€30.00m,€54.00m,30000000,54000000
Thomas Mangani,,,,,,,0,0
Nicola Murru,17/18,01/07/2017,Cagliari,Sampdoria,€2.50m,€9.00m,2500000,9000000
Adrien Tameze,23/24,23/07/2023,Hellas Verona,Torino,€6.00m,€2.80m,6000000,2800000
Adrien Tameze,20/21,03/09/2020,Nice,Hellas Verona,€4.50m,€3.90m,4500000,3900000
Adrien Tameze,17/18,01/07/2017,Valenciennes FC,Nice,€800k,€800k,800000,800000
Gastón Brugman,22/23,07/07/2022,Parma,LA Galaxy,€2.00m,€2.20m,2000000,2200000
Gastón Brugman,19/20,23/01/2020,Pescara,Parma,€2.50m,€2.55m,2500000,2550000
Pablo Rosario,25/26,28/08/2025,Nice,Porto,€8.00m,€3.75m,8000000,3750000
Pablo Rosario,21/22,27/07/2021,PSV,Nice,€6.00m,€6.00m,6000000,6000000
Pablo Rosario,16/17,25/07/2016,Almere City,PSV U21,€200k,€165k,200000,165000
Emil Forsberg,23/24,31/01/2024,Leipzig,New York,€6.00m,€3.00m,6000000,3000000
Emil Forsberg,14/15,07/01/2015,Malmö,Leipzig,€700k,€3.70m,700000,3700000
Emil Forsberg,12/13,01/01/2013,GIF Sundsvall,Malmö,€175k,€300k,175000,300000
Gerard Moreno,18/19,01/07/2018,Espanyol,Villarreal,€20.00m,€20.00m,20000000,20000000
Gerard Moreno,15/16,13/08/2015,Villarreal,Espanyol,€4.00m,€1.50m,4000000,1500000
Jonas Hector,,,,,,,0,0
Nicolás Otamendi,20/21,29/09/2020,Man City,Benfica,€14.50m,€15.00m,14500000,15000000
Nicolás Otamendi,15/16,20/08/2015,Valencia,Man City,€25.00m,€44.50m,25000000,44500000
Nicolás Otamendi,14/15,01/07/2014,Porto,Valencia,€12.00m,€12.00m,12000000,12000000
Nicolás Otamendi,10/11,31/08/2010,Vélez Sarsfield,Porto,€5.00m,€4.00m,5000000,4000000
Djibril Sow,23/24,04/08/2023,Frankfurt,Sevilla FC,€22.00m,€10.00m,22000000,10000000
Djibril Sow,19/20,01/07/2019,Young Boys,Frankfurt,€9.00m,€14.00m,9000000,14000000
Djibril Sow,17/18,01/07/2017,Mönchengladbach,Young Boys,€1.00m,€2.00m,1000000,2000000
Djibril Sow,15/16,01/07/2015,FC Zürich U21,M'gladbach II,€1.25m,€1.50m,1250000,1500000
Diego Rico,24/25,16/07/2024,Real Sociedad,Getafe,€1.50m,€1.50m,1500000,1500000
Diego Rico,21/22,26/07/2021,Bournemouth,Real Sociedad,€4.50m,€500k,4500000,500000
Diego Rico,18/19,24/07/2018,CD Leganés,Bournemouth,€2.50m,€15.00m,2500000,15000000
Diego Rico,16/17,17/08/2016,Real Zaragoza,CD Leganés,€800k,€1.00m,800000,1000000
Giovanni Di Lorenzo,19/20,01/07/2019,FC Empoli,Napoli,€9.00m,€9.80m,9000000,9800000
Giovanni Di Lorenzo,17/18,30/08/2017,Matera,FC Empoli,€350k,€600k,350000,600000
Giovanni Di Lorenzo,09/10,01/07/2009,Lucchese Gio.,Reggina U17,-,€60k,0,60000
Giorgio Chiellini,05/06,01/07/2005,Fiorentina,Juventus,€9.00m,€7.70m,9000000,7700000
Giorgio Chiellini,04/05,01/07/2004,AS Livorno,Fiorentina,-,€6.50m,0,6500000
Sebastian Schonlau,25/26,21/08/2025,Hamburg,Vancouver,€800k,€150k,800000,150000
Rémy Cabella,19/20,26/07/2019,Saint-Étienne,Krasnodar,€14.00m,€12.00m,14000000,12000000
Rémy Cabella,18/19,16/08/2018,Marseille,Saint-Étienne,€9.00m,€6.00m,9000000,6000000
Rémy Cabella,16/17,05/07/2016,Newcastle,Marseille,€8.00m,€8.00m,8000000,8000000
Rémy Cabella,14/15,13/07/2014,Montpellier,Newcastle,€10.00m,€10.00m,10000000,10000000
Naby Keïta,18/19,01/07/2018,Leipzig,Liverpool,€65.00m,€60.00m,65000000,60000000
Naby Keïta,16/17,01/07/2016,Salzburg,Leipzig,€11.00m,€29.75m,11000000,29750000
Naby Keïta,14/15,01/07/2014,FC Istres,Salzburg,-,€1.50m,0,1500000
Antonio Rüdiger,17/18,09/07/2017,Roma,Chelsea,€25.00m,€35.00m,25000000,35000000
Antonio Rüdiger,16/17,01/07/2016,Stuttgart,Roma,€12.00m,€9.00m,12000000,9000000
Antonio Rüdiger,10/11,01/02/2011,B. Dortmund U19,Stuttgart U19,-,€38k,0,38000
Davy Pröpper,17/18,07/08/2017,PSV,Brighton,€10.00m,€13.00m,10000000,13000000
Davy Pröpper,15/16,13/07/2015,Vitesse,PSV,€5.00m,€4.50m,5000000,4500000
Dani Carvajal,,,,,,,0,0
Sanjin Prcić,19/20,02/09/2019,Levante,R. Strasbourg,€4.00m,€1.00m,4000000,1000000
Sanjin Prcić,14/15,30/07/2014,FC Sochaux,Stade Rennais,€1.00m,€1.00m,1000000,1000000
Andrea Masiello,19/20,29/01/2020,Atalanta,Genoa,€1.00m,€100,1000000,100
Andrea Masiello,11/12,01/07/2011,Bari,Atalanta,€3.00m,€7.00m,3000000,7000000
Andrea Masiello,07/08,01/01/2008,Genoa,Bari,€50k,€2.30m,50000,2300000
Andrea Masiello,06/07,01/01/2007,AC Siena,Genoa,€50k,€1.08m,50000,1080000
Andrea Masiello,06/07,01/08/2006,Juventus,AC Siena,€50k,€350k,50000,350000
Andrea Masiello,03/04,01/07/2003,Lucchese,Juventus U19,-,€300k,0,300000
Kai Havertz,23/24,01/07/2023,Chelsea,Arsenal,€55.00m,€75.00m,55000000,75000000
Kai Havertz,20/21,04/09/2020,Leverkusen,Chelsea,€81.00m,€100.00m,81000000,100000000
Vincent Kompany,08/09,22/08/2008,Hamburg,Man City,€8.00m,€8.50m,8000000,8500000
Vincent Kompany,06/07,01/07/2006,RSC Anderlecht,Hamburg,€13.50m,€10.50m,13500000,10500000
Omar Mascarell,23/24,01/07/2023,Elche CF,RCD Mallorca,€3.00m,€600k,3000000,600000
Omar Mascarell,18/19,02/07/2018,Real Madrid,FC Schalke 04,€8.00m,€10.00m,8000000,10000000
Omar Mascarell,18/19,01/07/2018,Frankfurt,Real Madrid,€8.00m,€4.00m,8000000,4000000
Omar Mascarell,16/17,06/07/2016,Real Madrid,Frankfurt,€1.50m,€1.00m,1500000,1000000
Mitchell Weiser,18/19,01/07/2018,Hertha BSC,Leverkusen,€12.00m,€12.00m,12000000,12000000
Mitchell Weiser,12/13,01/07/2012,1.FC Köln U19,Bayern Munich,€1.00m,€800k,1000000,800000
Nicolas Pépé,19/20,01/08/2019,Lille,Arsenal,€65.00m,€80.00m,65000000,80000000
Nicolas Pépé,17/18,01/07/2017,Angers SCO,Lille,€3.00m,€18.00m,3000000,18000000
Jesús Navas,13/14,01/07/2013,Sevilla FC,Man City,€20.00m,€20.00m,20000000,20000000
Dejan Lovren,22/23,02/01/2023,Zenit S-Pb,Lyon,€3.50m,€2.00m,3500000,2000000
Dejan Lovren,20/21,01/08/2020,Liverpool,Zenit S-Pb,€12.00m,€12.00m,12000000,12000000
Dejan Lovren,14/15,27/07/2014,Southampton,Liverpool,€12.00m,€25.30m,12000000,25300000
Dejan Lovren,13/14,01/07/2013,Lyon,Southampton,€7.00m,€10.00m,7000000,10000000
Dejan Lovren,09/10,13/01/2010,Dinamo Zagreb,Lyon,€2.50m,€9.00m,2500000,9000000
Koke,,,,,,,0,0
José Campaña,16/17,11/08/2016,Sampdoria,Levante,€1.20m,€500k,1200000,500000
José Campaña,14/15,21/07/2014,Crystal Palace,Sampdoria,€2.00m,€1.80m,2000000,1800000
José Campaña,13/14,18/07/2013,Sevilla FC,Crystal Palace,€2.50m,€2.00m,2500000,2000000
Jonny Castro,18/19,31/01/2019,Atlético,Wolves,€12.00m,€21.00m,12000000,21000000
Jonny Castro,18/19,25/07/2018,Celta de Vigo,Atlético,€12.00m,€7.00m,12000000,7000000
José Callejón,13/14,11/07/2013,Real Madrid,Napoli,€10.00m,€9.50m,10000000,9500000
José Callejón,11/12,01/07/2011,Espanyol,Real Madrid,€6.50m,€5.00m,6500000,5000000
José Callejón,08/09,01/07/2008,RM Castilla,Espanyol,€100k,€1.20m,100000,1200000
Giovani Lo Celso,24/25,30/08/2024,Tottenham,Real Betis,€16.00m,€5.00m,16000000,5000000
Giovani Lo Celso,20/21,01/07/2020,Real Betis,Tottenham,€40.00m,€32.00m,40000000,32000000
Giovani Lo Celso,19/20,01/07/2019,PSG,Real Betis,€50.00m,€22.00m,50000000,22000000
Giovani Lo Celso,16/17,26/07/2016,Rosario Central,PSG,€7.50m,€10.00m,7500000,10000000
Eric Dier,14/15,31/07/2014,Sporting,Tottenham,€3.50m,€5.00m,3500000,5000000
Bernardo,17/18,01/07/2017,Monaco,Man City,€40.00m,€50.00m,40000000,50000000
Bernardo,14/15,20/01/2015,Benfica,Monaco,€3.50m,€15.75m,3500000,15750000
Antonio Candreva,23/24,01/07/2023,Sampdoria,Salernitana,€1.50m,€500k,1500000,500000
Antonio Candreva,21/22,01/07/2021,Inter,Sampdoria,€2.50m,€2.50m,2500000,2500000
Antonio Candreva,16/17,03/08/2016,Lazio,Inter,€23.00m,€22.00m,23000000,22000000
Antonio Candreva,13/14,01/07/2013,Udinese,Lazio,€10.00m,€8.20m,10000000,8199999
Antonio Candreva,07/08,01/07/2007,Ternana,Udinese,-,€500k,0,500000
Guido Rodríguez,19/20,14/01/2020,América,Real Betis,€10.00m,€4.00m,10000000,4000000
Guido Rodríguez,17/18,01/07/2017,Club Tijuana,América,€2.50m,€6.28m,2500000,6280000
Guido Rodríguez,16/17,01/07/2016,River Plate,Club Tijuana,€1.25m,€1.75m,1250000,1750000
Renato Sanches,22/23,04/08/2022,Lille,PSG,€28.00m,€15.00m,28000000,15000000
Renato Sanches,19/20,23/08/2019,Bayern Munich,Lille,€18.00m,€20.00m,18000000,20000000
Renato Sanches,16/17,01/07/2016,Benfica,Bayern Munich,€20.00m,€35.00m,20000000,35000000
Matt Targett,22/23,01/07/2022,Aston Villa,Newcastle,€17.00m,€17.50m,17000000,17500000
Matt Targett,19/20,01/07/2019,Southampton,Aston Villa,€7.00m,€15.50m,7000000,15500000
Benjamin Bourigeaud,24/25,30/08/2024,Stade Rennais,Al-Duhail SC,€18.00m,€10.00m,18000000,10000000
Benjamin Bourigeaud,17/18,01/07/2017,Lens,Stade Rennais,€1.75m,€3.50m,1750000,3500000
Thiago Maia,24/25,10/07/2024,Flamengo,Internacional,€6.00m,€4.00m,6000000,4000000
Thiago Maia,21/22,12/01/2022,Lille,Flamengo,€5.00m,€4.00m,5000000,4000000
Thiago Maia,17/18,31/07/2017,Santos,Lille,€4.50m,€14.00m,4500000,14000000
William Carvalho,18/19,13/07/2018,Sporting,Real Betis,€25.00m,€18.50m,25000000,18500000
Pascal Struijk,,,,,,,0,0
Filipe Luís,15/16,27/07/2015,Chelsea,Atlético,€15.00m,€16.00m,15000000,16000000
Filipe Luís,14/15,16/07/2014,Atlético,Chelsea,€15.00m,€20.00m,15000000,20000000
Filipe Luís,10/11,01/07/2010,Dep. La Coruña,Atlético,€10.00m,€12.00m,10000000,12000000
Filipe Luís,08/09,01/07/2008,Rentistas,Dep. La Coruña,€2.20m,€2.20m,2200000,2200000
Leo Dubois,22/23,21/07/2022,Lyon,Galatasaray,€10.00m,€2.50m,10000000,2500000
Álex Granell,,,,,,,0,0
Edinson Cavani,13/14,16/07/2013,Napoli,PSG,€55.00m,€64.50m,55000000,64500000
Edinson Cavani,11/12,01/07/2011,US Palermo,Napoli,€24.50m,€12.00m,24500000,12000000
Edinson Cavani,06/07,29/01/2007,Danubio FC,US Palermo,-,€5.00m,0,5000000
Yacine Adli,25/26,10/09/2025,AC Milan,Al-Shabab,€11.00m,€7.00m,11000000,7000000
Yacine Adli,21/22,30/08/2021,G. Bordeaux,AC Milan,€9.00m,€9.00m,9000000,9000000
Yacine Adli,18/19,31/01/2019,PSG,G. Bordeaux,€4.00m,€5.50m,4000000,5500000
Frenkie de Jong,19/20,01/07/2019,Ajax,Barcelona,€85.00m,€86.00m,85000000,86000000
Frenkie de Jong,15/16,22/08/2015,Willem II,Ajax U21,€250k,€7.74m,250000,7740000
Borja Valero,17/18,10/07/2017,Fiorentina,Inter,€9.00m,€6.50m,9000000,6500000
Borja Valero,12/13,01/08/2012,Villarreal,Fiorentina,€12.00m,€7.00m,12000000,7000000
Borja Valero,11/12,02/07/2011,West Brom,Villarreal,€12.00m,€6.00m,12000000,6000000
Borja Valero,08/09,22/08/2008,RCD Mallorca,West Brom,€3.80m,€5.90m,3800000,5900000
Pascal Groß,25/26,02/01/2026,Dortmund,Brighton,€3.50m,€2.00m,3500000,2000000
Pascal Groß,24/25,01/08/2024,Brighton,Dortmund,€8.00m,€7.00m,8000000,7000000
Pascal Groß,17/18,01/07/2017,FC Ingolstadt,Brighton,€4.00m,€3.00m,4000000,3000000
Roberto Rosales,19/20,24/07/2019,Málaga CF,CD Leganés,€2.50m,€1.20m,2500000,1200000
Roberto Rosales,10/11,01/07/2010,KAA Gent,FC Twente,€2.00m,€2.00m,2000000,2000000
Samuel Umtiti,16/17,14/07/2016,Lyon,Barcelona,€15.00m,€25.00m,15000000,25000000
Marcel Schmelzer,,,,,,,0,0
Laurent Abergel,19/20,26/07/2019,AS Nancy,FC Lorient,€800k,€500k,800000,500000
Laurent Abergel,17/18,06/07/2017,AC Ajaccio,AS Nancy,€800k,€600k,800000,600000
Stuart Dallas,15/16,04/08/2015,Brentford,Leeds,€350k,€1.90m,350000,1900000
Mousa Dembélé,18/19,17/01/2019,Tottenham,GZ R&F,€18.00m,€5.35m,18000000,5350000
Mousa Dembélé,12/13,29/08/2012,Fulham,Tottenham,€13.00m,€19.00m,13000000,19000000
Mousa Dembélé,10/11,18/08/2010,AZ Alkmaar,Fulham,€7.50m,€6.00m,7500000,6000000
Mousa Dembélé,06/07,01/07/2006,Willem II,AZ Alkmaar,€1.75m,€5.00m,1750000,5000000
Mousa Dembélé,05/06,01/07/2005,Germ. Beerschot,Willem II,€250k,€250k,250000,250000
Fabian Delph,19/20,15/07/2019,Man City,Everton,€15.00m,€9.50m,15000000,9500000
Fabian Delph,15/16,17/07/2015,Aston Villa,Man City,€10.00m,€11.50m,10000000,11500000
Fabian Delph,09/10,04/08/2009,Leeds,Aston Villa,€100k,€9.50m,100000,9500000
Marcos Alonso,16/17,31/08/2016,Fiorentina,Chelsea,€9.00m,€23.00m,9000000,23000000
Marcos Alonso,10/11,01/07/2010,RM Castilla,Bolton,-,€2.40m,0,2400000
Maximilian Arnold,,,,,,,0,0
Scott McTominay,24/25,30/08/2024,Man Utd,Napoli,€32.00m,€30.50m,32000000,30500000
Issiaga Sylla,,,,,,,0,0
Hassane Kamara,22/23,22/08/2022,Watford,Udinese,€4.00m,€19.00m,4000000,19000000
Hassane Kamara,21/22,04/01/2022,Nice,Watford,€6.00m,€4.00m,6000000,4000000
Hassane Kamara,20/21,01/07/2020,Stade Reims,Nice,€4.80m,€4.00m,4800000,4000000
Lucas Hernández,23/24,09/07/2023,Bayern Munich,PSG,€45.00m,€45.00m,45000000,45000000
Lucas Hernández,19/20,01/07/2019,Atlético,Bayern Munich,€70.00m,€80.00m,70000000,80000000
Leandro Paredes,25/26,10/07/2025,Roma,Boca Juniors,€5.00m,€3.00m,5000000,3000000
Leandro Paredes,23/24,16/08/2023,PSG,Roma,€12.00m,€5.65m,12000000,5650000
Leandro Paredes,18/19,29/01/2019,Zenit S-Pb,PSG,€25.00m,€40.00m,25000000,40000000
Leandro Paredes,17/18,01/07/2017,Roma,Zenit S-Pb,€13.00m,€23.00m,13000000,23000000
Leandro Paredes,15/16,01/07/2015,Boca Juniors,Roma,€3.50m,€6.00m,3500000,6000000
Christian Nørgaard,25/26,10/07/2025,Brentford,Arsenal,€11.00m,€11.60m,11000000,11600000
Christian Nørgaard,19/20,01/07/2019,Fiorentina,Brentford,€2.00m,€3.50m,2000000,3500000
Christian Nørgaard,18/19,19/07/2018,Bröndby IF,Fiorentina,€2.00m,€3.50m,2000000,3500000
Christian Nørgaard,13/14,21/08/2013,Hamburg,Bröndby IF,€400k,€350k,400000,350000
Christian Nørgaard,11/12,25/01/2012,Lyngby BK U19,Hamburger SV II,-,€400k,0,400000
Hakim Ziyech,20/21,01/07/2020,Ajax,Chelsea,€40.00m,€40.00m,40000000,40000000
Hakim Ziyech,16/17,30/08/2016,FC Twente,Ajax,€11.00m,€11.00m,11000000,11000000
Hakim Ziyech,14/15,18/08/2014,Heerenveen,FC Twente,€5.00m,€3.50m,5000000,3500000
Zouhair Feddal,20/21,18/08/2020,Real Betis,Sporting,€4.00m,€4.20m,4000000,4200000
Zouhair Feddal,17/18,24/07/2017,Alavés,Real Betis,€3.00m,€2.50m,3000000,2500000
Zouhair Feddal,13/14,26/08/2013,FUS Rabat,Parma,€800k,€350k,800000,350000
Alessandro Bastoni,17/18,31/08/2017,Atalanta,Inter,€1.50m,€40.70m,1500000,40700000
Danilo Pereira,24/25,02/09/2024,PSG,Al-Ittihad,€8.00m,€5.00m,8000000,5000000
Danilo Pereira,21/22,01/07/2021,Porto,PSG,€20.00m,€16.00m,20000000,16000000
Danilo Pereira,15/16,02/07/2015,Marítimo,Porto,€5.00m,€4.50m,5000000,4500000
Dani García,99/00,01/07/1999,RCD Mallorca,Barcelona,-,€15.00m,0,15000000
Dani García,98/99,01/07/1998,Real Madrid,RCD Mallorca,-,€2.40m,0,2400000
Dani García,96/97,01/06/1997,Real Zaragoza,Real Madrid,-,€1.68m,0,1680000
Dani García,95/96,01/07/1995,Real Madrid,Real Zaragoza,-,€1.50m,0,1500000
Diego Perotti,16/17,01/07/2016,Genoa,Roma,€12.00m,€9.00m,12000000,9000000
Diego Perotti,14/15,02/07/2014,Sevilla FC,Genoa,€3.25m,€350k,3250000,350000
Diego Perotti,07/08,12/07/2007,Dep. Morón,Sevilla Atl.,-,€200k,0,200000
Christophe Hérelle,20/21,11/08/2020,Nice,Stade Brestois,€5.50m,€4.00m,5500000,4000000
Christophe Hérelle,18/19,01/07/2018,Troyes,Nice,€6.00m,€5.00m,6000000,5000000
Walace,24/25,10/07/2024,Udinese,Cruzeiro,€6.00m,€8.00m,6000000,8000000
Walace,19/20,12/08/2019,Hannover 96,Udinese,€8.50m,€6.00m,8500000,6000000
Walace,18/19,01/07/2018,Hamburg,Hannover 96,€4.50m,€6.00m,4500000,6000000
Walace,16/17,30/01/2017,Grêmio,Hamburg,€9.00m,€9.20m,9000000,9200000
Héctor Herrera,13/14,01/07/2013,Pachuca,Porto,€6.00m,€11.00m,6000000,11000000
Andy Delort,23/24,08/07/2023,FC Nantes,Umm Salal SC,€7.00m,€2.50m,7000000,2500000
Andy Delort,23/24,01/07/2023,Nice,FC Nantes,€7.00m,€5.00m,7000000,5000000
Andy Delort,21/22,28/08/2021,Montpellier,Nice,€16.00m,€10.00m,16000000,10000000
Andy Delort,19/20,01/07/2019,Toulouse,Montpellier,€12.50m,€4.50m,12500000,4500000
Andy Delort,16/17,26/01/2017,Tigres UANL,Toulouse,€4.00m,€6.00m,4000000,6000000
Andy Delort,16/17,02/09/2016,SM Caen,Tigres UANL,€5.50m,€8.00m,5500000,8000000
Andy Delort,15/16,02/07/2015,Wigan,SM Caen,€1.50m,€2.00m,1500000,2000000
Andy Delort,14/15,01/09/2014,Tours FC,Wigan,€1.75m,€4.00m,1750000,4000000
Alex Iwobi,23/24,01/09/2023,Everton,Fulham,€28.00m,€25.70m,28000000,25700000
Alex Iwobi,19/20,08/08/2019,Arsenal,Everton,€25.00m,€30.40m,25000000,30400000
Nicolás Domínguez,23/24,01/09/2023,Bologna,Nott'm Forest,€17.00m,€6.65m,17000000,6650000
Nicolás Domínguez,19/20,30/08/2019,Vélez Sarsfield,Bologna,€12.50m,€10.98m,12500000,10980000
Abdoulaye Doucouré,20/21,08/09/2020,Watford,Everton,€20.00m,€22.00m,20000000,22000000
Abdoulaye Doucouré,15/16,01/02/2016,Stade Rennais,Watford,€6.00m,€10.60m,6000000,10600000
Daichi Kamada,17/18,01/07/2017,Sagan Tosu,Frankfurt,€750k,€1.60m,750000,1600000
Marc Cucurella,22/23,05/08/2022,Brighton,Chelsea,€28.00m,€65.30m,28000000,65300000
Marc Cucurella,21/22,31/08/2021,Getafe,Brighton,€20.00m,€18.00m,20000000,18000000
Marc Cucurella,20/21,01/07/2020,Barcelona,Getafe,€18.00m,€11.80m,18000000,11800000
Marc Cucurella,19/20,16/07/2019,SD Eibar,Barcelona,€10.00m,€4.00m,10000000,4000000
Marc Cucurella,19/20,01/07/2019,Barcelona,SD Eibar,€10.00m,€2.00m,10000000,2000000
Wylan Cyprien,21/22,01/07/2021,Nice,Parma,€6.00m,€7.65m,6000000,7650000
Wylan Cyprien,16/17,27/07/2016,Lens,Nice,€2.50m,€5.00m,2500000,5000000
Max Meyer,,,,,,,0,0
Baptiste Santamaria,25/26,07/08/2025,Stade Rennais,Valencia,€7.00m,€2.00m,7000000,2000000
Baptiste Santamaria,21/22,17/08/2021,Freiburg,Stade Rennais,€15.00m,€14.00m,15000000,14000000
Baptiste Santamaria,20/21,17/09/2020,Angers SCO,Freiburg,€7.00m,€10.00m,7000000,10000000
Baptiste Santamaria,16/17,01/07/2016,Tours FC,Angers SCO,€800k,€500k,800000,500000
Bukayo Saka,,,,,,,0,0
Naïm Sliti,19/20,11/08/2019,Dijon,Al-Ettifaq,€7.00m,€5.00m,7000000,5000000
Naïm Sliti,18/19,01/07/2018,Lille,Dijon,€7.00m,€2.00m,7000000,2000000
Naïm Sliti,17/18,01/07/2017,Red Star FC,Lille,€1.75m,€2.00m,1750000,2000000
Ramy Bensebaini,19/20,14/08/2019,Stade Rennais,Mönchengladbach,€8.00m,€8.00m,8000000,8000000
Ramy Bensebaini,16/17,05/07/2016,Paradou AC,Stade Rennais,€2.00m,€2.00m,2000000,2000000
Miguel Veloso,12/13,04/07/2012,Genoa,Dynamo Kyiv,€8.00m,€7.50m,8000000,7500000
Miguel Veloso,10/11,30/07/2010,Sporting,Genoa,€11.50m,€9.00m,11500000,9000000
Enock Kwateng,,,,,,,0,0
Romain Saïss,23/24,24/07/2023,Besiktas,Al-Sadd,€5.00m,€2.50m,5000000,2500000
Romain Saïss,16/17,30/08/2016,Angers SCO,Wolves,€4.00m,€4.00m,4000000,4000000
Oumar Niasse,15/16,01/02/2016,Loko Moskau,Everton,€10.00m,€17.90m,10000000,17900000
Oumar Niasse,14/15,28/07/2014,Akhisar Belediye,Loko Moskau,€4.00m,€6.00m,4000000,6000000
Oumar Niasse,13/14,15/08/2013,Ouakam,Akhisar Belediye,€50k,€250k,50000,250000
Luka Milivojević,16/17,31/01/2017,Olympiacos,Crystal Palace,€8.00m,€15.10m,8000000,15100000
Luka Milivojević,15/16,01/07/2015,RSC Anderlecht,Olympiacos,€2.75m,€2.30m,2750000,2300000
Luka Milivojević,13/14,27/07/2013,Red Star,RSC Anderlecht,€2.50m,€2.70m,2500000,2700000
Luka Milivojević,11/12,01/01/2012,Rad,Red Star,€800k,€708k,800000,708000
Malcom,23/24,26/07/2023,Zenit S-Pb,Al-Hilal,€30.00m,€60.00m,30000000,60000000
Malcom,19/20,02/08/2019,Barcelona,Zenit S-Pb,€40.00m,€41.50m,40000000,41500000
Malcom,18/19,24/07/2018,G. Bordeaux,Barcelona,€45.00m,€41.00m,45000000,41000000
Malcom,15/16,31/01/2016,Corinthians,G. Bordeaux,€10.00m,€5.00m,10000000,5000000
Toni Leistner,,,,,,,0,0
Maxime Gonalons,20/21,11/08/2020,Roma,Granada CF,€2.80m,€4.00m,2800000,4000000
Maxime Gonalons,17/18,03/07/2017,Lyon,Roma,€14.00m,€5.00m,14000000,5000000
Renato Tapia,15/16,27/01/2016,FC Twente,Feyenoord,€2.00m,€1.50m,2000000,1500000
Roberto Firmino,25/26,23/07/2025,Al-Ahli,Al-Sadd,€5.00m,€7.00m,5000000,7000000
Roberto Firmino,15/16,01/07/2015,Hoffenheim,Liverpool,€25.00m,€41.00m,25000000,41000000
Roberto Firmino,10/11,01/01/2011,Tombense,Hoffenheim,-,€4.00m,0,4000000
Leon Bailey,21/22,04/08/2021,Leverkusen,Aston Villa,€35.00m,€32.00m,35000000,32000000
Leon Bailey,16/17,31/01/2017,Genk,Leverkusen,€12.50m,€16.70m,12500000,16700000
Leon Bailey,15/16,12/08/2015,Trencin U19,Genk,-,€1.40m,0,1400000
Jordi Alba,12/13,01/07/2012,Valencia,Barcelona,€10.00m,€14.00m,10000000,14000000
Jordi Alba,07/08,01/07/2007,Cornellà U19,Valencia B,-,€6k,0,6000
Cristian Romero,22/23,30/08/2022,Atalanta,Tottenham,€48.00m,€53.80m,48000000,53800000
Cristian Romero,21/22,06/08/2021,Juventus,Atalanta,€35.00m,€17.00m,35000000,17000000
Cristian Romero,19/20,12/07/2019,Genoa,Juventus,€15.00m,€31.50m,15000000,31500000
Cristian Romero,18/19,01/07/2018,Belgrano,Genoa,€750k,€4.25m,750000,4250000
Sokratis Papastathopoulos,18/19,02/07/2018,Dortmund,Arsenal,€20.00m,€16.00m,20000000,16000000
Sokratis Papastathopoulos,13/14,01/07/2013,Werder Bremen,Dortmund,€10.00m,€9.90m,10000000,9900000
Sokratis Papastathopoulos,12/13,01/07/2012,Genoa,Werder Bremen,€10.00m,€3.50m,10000000,3500000
Sokratis Papastathopoulos,11/12,01/07/2011,AC Milan,Genoa,€5.00m,€4.00m,5000000,4000000
Sokratis Papastathopoulos,10/11,20/07/2010,Genoa,AC Milan,€5.00m,€4.50m,5000000,4500000
Sokratis Papastathopoulos,08/09,01/08/2008,AEK Athens,Genoa,€2.70m,€3.80m,2700000,3800000
Danny Ings,22/23,20/01/2023,Aston Villa,West Ham,€16.00m,€12.00m,16000000,12000000
Danny Ings,21/22,04/08/2021,Southampton,Aston Villa,€22.00m,€29.40m,22000000,29400000
Danny Ings,19/20,01/07/2019,Liverpool,Southampton,€15.00m,€25.10m,15000000,25100000
Danny Ings,15/16,01/07/2015,Burnley,Liverpool,€12.00m,€8.30m,12000000,8300000
Danny Ings,11/12,15/08/2011,Bournemouth,Burnley,€75k,€1.15m,75000,1150000
Maxence Lacroix,24/25,30/08/2024,Wolfsburg,Crystal Palace,€20.00m,€18.00m,20000000,18000000
Maxence Lacroix,20/21,25/08/2020,FC Sochaux,Wolfsburg,€1.00m,€5.00m,1000000,5000000
Pedro Chirivella,25/26,01/07/2025,FC Nantes,Panathinaikos,€5.00m,€2.00m,5000000,2000000
Pedro Chirivella,13/14,14/07/2013,Valencia U19,Liverpool U18,-,€2.30m,0,2300000
Angeliño,24/25,01/07/2024,Leipzig,Roma,€8.00m,€5.40m,8000000,5400000
Angeliño,21/22,01/07/2021,Man City,Leipzig,€35.00m,€18.00m,35000000,18000000
Angeliño,19/20,03/07/2019,PSV,Man City,€16.00m,€12.00m,16000000,12000000
Angeliño,18/19,01/07/2018,Man City U23,PSV,€3.00m,€5.50m,3000000,5500000
Angeliño,13/14,03/07/2013,Deportivo Yth.,Man City U18,-,€4.50m,0,4500000
Salis Abdul Samed,25/26,14/08/2025,Lens,Nice,€5.50m,€2.50m,5500000,2500000
Salis Abdul Samed,22/23,01/07/2022,Clermont Foot,Lens,€3.00m,€5.00m,3000000,5000000
Andreas Christensen,,,,,,,0,0
Mattéo Guendouzi,25/26,08/01/2026,Lazio,Fenerbahçe,€28.00m,€28.00m,28000000,28000000
Mattéo Guendouzi,24/25,01/07/2024,Marseille,Lazio,€25.00m,€14.80m,25000000,14800000
Mattéo Guendouzi,22/23,01/07/2022,Arsenal,Marseille,€25.00m,€11.00m,25000000,11000000
Mattéo Guendouzi,18/19,11/07/2018,FC Lorient,Arsenal,€2.50m,€8.00m,2500000,8000000
Makoto Hasebe,13/14,02/09/2013,Wolfsburg,1.FC Nuremberg,€3.00m,€2.50m,3000000,2500000
Houssem Aouar,24/25,18/07/2024,Roma,Al-Ittihad,€10.00m,€10.50m,10000000,10500000
Sasa Kalajdzic,22/23,31/08/2022,Stuttgart,Wolves,€25.00m,€18.00m,25000000,18000000
Sasa Kalajdzic,19/20,05/07/2019,Admira Wacker,Stuttgart,€2.50m,€6.00m,2500000,6000000
Ivan Perišić,15/16,30/08/2015,Wolfsburg,Inter,€13.00m,€19.00m,13000000,19000000
Ivan Perišić,12/13,06/01/2013,Dortmund,Wolfsburg,€7.00m,€8.00m,7000000,8000000
Ivan Perišić,11/12,01/07/2011,Club Brugge,Dortmund,€6.00m,€4.00m,6000000,4000000
Ivan Perišić,09/10,26/08/2009,FC Sochaux,Club Brugge,€1.00m,€200k,1000000,200000
Ivan Perišić,06/07,01/07/2006,Hajduk U17,FC Sochaux B,-,€360k,0,360000
Nicolas Höfler,,,,,,,0,0
Fernando,14/15,01/01/2015,Chelsea,AC Milan,€7.00m,€1.00m,7000000,1000000
Fernando,10/11,31/01/2011,Liverpool,Chelsea,€50.00m,€58.50m,50000000,58500000
Fernando,07/08,04/07/2007,Atlético,Liverpool,€30.00m,€38.00m,30000000,38000000
Lewis Dunk,,,,,,,0,0
Lucas Digne,21/22,13/01/2022,Everton,Aston Villa,€30.00m,€30.00m,30000000,30000000
Lucas Digne,18/19,01/08/2018,Barcelona,Everton,€15.00m,€20.20m,15000000,20200000
Lucas Digne,16/17,13/07/2016,PSG,Barcelona,€12.00m,€16.50m,12000000,16500000
Lucas Digne,13/14,17/07/2013,Lille,PSG,€10.00m,€15.00m,10000000,15000000
Javi Martínez,12/13,29/08/2012,Athletic Club,Bayern Munich,€30.00m,€40.00m,30000000,40000000
Javi Martínez,06/07,01/07/2006,Osasuna B,Athletic Club,-,€6.00m,0,6000000
Fernando Marçal,20/21,01/09/2020,Lyon,Wolves,€2.40m,€2.00m,2400000,2000000
Fernando Marçal,17/18,01/07/2017,Benfica,Lyon,€3.50m,€4.50m,3500000,4500000
Jean Onana,23/24,21/07/2023,Lens,Besiktas,€6.00m,€4.04m,6000000,4040000
Jean Onana,22/23,01/09/2022,G. Bordeaux,Lens,€5.00m,€4.00m,5000000,4000000
Jean Onana,21/22,30/08/2021,Lille,G. Bordeaux,€900k,€2.00m,900000,2000000
Jean Onana,19/20,31/01/2020,Leixões U23,Lille,€50k,€2.00m,50000,2000000
Tyrick Mitchell,,,,,,,0,0
Raúl Albiol,19/20,04/07/2019,Napoli,Villarreal,€5.00m,€4.00m,5000000,4000000
Raúl Albiol,13/14,21/07/2013,Real Madrid,Napoli,€8.00m,€12.00m,8000000,12000000
Raúl Albiol,09/10,01/07/2009,Valencia,Real Madrid,€9.00m,€15.00m,9000000,15000000
Vlad Chiricheș,22/23,08/07/2022,Sassuolo,Cremonese,€1.80m,€2.00m,1800000,2000000
Vlad Chiricheș,20/21,01/09/2020,Napoli,Sassuolo,€5.00m,€9.50m,5000000,9500000
Vlad Chiricheș,15/16,30/07/2015,Tottenham,Napoli,€6.00m,€7.00m,6000000,7000000
Vlad Chiricheș,13/14,30/08/2013,Steaua Bucharest,Tottenham,€8.00m,€9.50m,8000000,9500000
Vlad Chiricheș,11/12,01/01/2012,Pandurii ,Steaua Bucharest,€1.20m,€1.30m,1200000,1300000
Vlad Chiricheș,10/11,01/07/2010,Curtea de Arges,Pandurii ,€300k,€200k,300000,200000
Vlad Chiricheș,07/08,01/07/2007,FC Ardealul,Benfica U19,-,€100k,0,100000
Ozan Kabak,22/23,23/07/2022,FC Schalke 04,Hoffenheim,€10.00m,€7.00m,10000000,7000000
Ozan Kabak,19/20,01/07/2019,Stuttgart,FC Schalke 04,€15.00m,€15.00m,15000000,15000000
Ozan Kabak,18/19,17/01/2019,Galatasaray,Stuttgart,€6.50m,€11.00m,6500000,11000000
Serge Aurier,23/24,02/02/2024,Nott'm Forest,Galatasaray,€7.00m,€100k,7000000,100000
Serge Aurier,17/18,31/08/2017,PSG,Tottenham,€15.00m,€25.00m,15000000,25000000
Serge Aurier,15/16,01/07/2015,Toulouse,PSG,€10.00m,€10.00m,10000000,10000000
Serge Aurier,11/12,26/01/2012,Lens,Toulouse,€2.00m,€1.30m,2000000,1300000
Yannick Carrasco,23/24,04/09/2023,Atlético,Al-Shabab,€25.00m,€15.00m,25000000,15000000
Yannick Carrasco,20/21,08/09/2020,DL Pro,Atlético,€22.50m,€27.00m,22500000,27000000
Yannick Carrasco,17/18,26/02/2018,Atlético,DL Yifang,€40.00m,€30.00m,40000000,30000000
Yannick Carrasco,15/16,10/07/2015,Monaco,Atlético,€9.00m,€15.00m,9000000,15000000
Yannick Carrasco,10/11,01/07/2010,KRC Genk U17,Monaco U19,-,€450k,0,450000
Melvin Bard,21/22,16/07/2021,Lyon,Nice,€5.00m,€3.00m,5000000,3000000
Davinson Sánchez,23/24,04/09/2023,Tottenham,Galatasaray,€15.00m,€9.50m,15000000,9500000
Davinson Sánchez,17/18,23/08/2017,Ajax,Tottenham,€25.00m,€42.00m,25000000,42000000
Davinson Sánchez,16/17,28/07/2016,Atl. Nacional,Ajax,€550k,€5.50m,550000,5500000
Maxwel Cornet,22/23,05/08/2022,Burnley,West Ham,€15.00m,€20.70m,15000000,20700000
Maxwel Cornet,21/22,29/08/2021,Lyon,Burnley,€12.00m,€15.00m,12000000,15000000
Maxwel Cornet,14/15,15/01/2015,FC Metz,Lyon,€1.00m,€2.65m,1000000,2650000
Joachim Andersen,24/25,23/08/2024,Crystal Palace,Fulham,€35.00m,€29.50m,35000000,29500000
Joachim Andersen,21/22,28/07/2021,Lyon,Crystal Palace,€22.00m,€17.50m,22000000,17500000
Joachim Andersen,19/20,12/07/2019,Sampdoria,Lyon,€25.00m,€24.00m,25000000,24000000
Joachim Andersen,17/18,25/08/2017,FC Twente,Sampdoria,€1.50m,€1.75m,1500000,1750000
Joachim Andersen,13/14,08/08/2013,Midtjylland U19,FC Twente U19,-,€670k,0,670000
Rodrigo,19/20,04/07/2019,Atlético,Man City,€80.00m,€70.00m,80000000,70000000
Rodrigo,18/19,01/07/2018,Villarreal,Atlético,€25.00m,€20.00m,25000000,20000000
Rodrigo,07/08,01/07/2007,Majad. Youth,Atlético Yth.,-,€1.50m,0,1500000
Henrikh Mkhitaryan,17/18,22/01/2018,Man Utd,Arsenal,€35.00m,€34.00m,35000000,34000000
Henrikh Mkhitaryan,16/17,06/07/2016,Dortmund,Man Utd,€30.00m,€42.00m,30000000,42000000
Henrikh Mkhitaryan,13/14,09/07/2013,Shakhtar D.,Dortmund,€22.00m,€27.50m,22000000,27500000
Henrikh Mkhitaryan,10/11,30/08/2010,Metalurg D.,Shakhtar D.,€4.00m,€5.85m,4000000,5850000
Henrikh Mkhitaryan,09/10,01/07/2009,Pyunik Yerevan,Metalurg D.,€600k,€350k,600000,350000
Xeka,17/18,01/07/2017,Braga,Lille,€1.25m,€5.00m,1250000,5000000
Federico Viviani,18/19,01/07/2018,Hellas Verona,SPAL,€3.50m,€3.30m,3500000,3300000
Federico Viviani,15/16,01/07/2015,Roma,Hellas Verona,€2.80m,€4.00m,2800000,4000000
Rubén Pérez,,,,,,,0,0
Teun Koopmeiners,24/25,28/08/2024,Atalanta,Juventus,€50.00m,€58.40m,50000000,58400000
Teun Koopmeiners,21/22,30/08/2021,AZ Alkmaar,Atalanta,€16.50m,€17.90m,16500000,17900000
Marek Hamšík,18/19,14/02/2019,Napoli,DL Yifang,€30.00m,€20.00m,30000000,20000000
Marek Hamšík,07/08,01/07/2007,Brescia,Napoli,-,€5.50m,0,5500000
Marek Hamšík,04/05,31/08/2004,Slo. Bratislava,Brescia U19,-,€500k,0,500000
Marek Hamšík,02/03,08/08/2002,Jupie FSMH Yth.,Slovan U19,-,€4k,0,4000
Philip Billing,25/26,26/08/2025,Bournemouth,Midtjylland,€10.00m,€5.00m,10000000,5000000
Philip Billing,19/20,29/07/2019,Huddersfield,Bournemouth,€7.00m,€16.50m,7000000,16500000
Luisinho,93/94,01/07/1993,Vasco da Gama,Celta de Vigo,-,€2.40m,0,2400000
Exequiel Palacios,19/20,01/01/2020,River Plate,Leverkusen,€25.00m,€17.00m,25000000,17000000
Alex Oxlade-Chamberlain,17/18,31/08/2017,Arsenal,Liverpool,€22.00m,€38.00m,22000000,38000000
Alex Oxlade-Chamberlain,11/12,08/08/2011,Southampton,Arsenal,€2.50m,€13.80m,2500000,13800000
Mathieu Dossevi,18/19,03/08/2018,FC Metz,Toulouse,€3.50m,€2.50m,3500000,2500000
Mathieu Dossevi,18/19,01/07/2018,Standard Liège,FC Metz,€3.50m,€3.00m,3500000,3000000
Mathieu Dossevi,15/16,26/01/2016,Olympiacos,Standard Liège,€2.00m,€1.30m,2000000,1300000
Mathieu Dossevi,10/11,27/08/2010,Le Mans FC,Valenciennes FC,€1.40m,€1.00m,1400000,1000000
Lucas Lima,13/14,07/02/2014,Internacional,Santos,-,€1.25m,0,1250000
Calum Chambers,14/15,28/07/2014,Southampton,Arsenal,€2.00m,€20.23m,2000000,20230000
Míchel,,,,,,,0,0
Adrien Silva,17/18,31/08/2017,Sporting,Leicester,€25.00m,€20.50m,25000000,20500000
William Vainqueur,17/18,04/09/2017,Roma,Antalyaspor,€5.50m,€500k,5500000,500000
William Vainqueur,15/16,31/08/2015,Dinamo Moscow,Roma,€7.00m,€579k,7000000,579000
William Vainqueur,14/15,01/07/2014,Standard Liège,Dinamo Moscow,€6.00m,€6.00m,6000000,6000000
William Vainqueur,11/12,01/08/2011,FC Nantes,Standard Liège,€1.00m,€1.70m,1000000,1700000
Javi Castellano,07/08,01/01/2008,Las Palmas B,RCD Mallorca B ,-,€30k,0,30000
Flavien Tait,19/20,09/07/2019,Angers SCO,Stade Rennais,€8.00m,€9.00m,8000000,9000000
Flavien Tait,16/17,01/07/2016,LB Châteauroux,Angers SCO,€300k,€300k,300000,300000
Kevin Mbabu,22/23,27/07/2022,Wolfsburg,Fulham,€9.00m,€5.50m,9000000,5500000
Kevin Mbabu,19/20,01/07/2019,Young Boys,Wolfsburg,€10.00m,€9.20m,10000000,9200000
Kevin Mbabu,17/18,01/07/2017,Newcastle,Young Boys,€750k,€120k,750000,120000
Kevin Mbabu,12/13,31/01/2013,Servette FC,Newcastle,€50k,€1.00m,50000,1000000
Thiago Cionek,17/18,13/01/2018,US Palermo,SPAL,€600k,€150k,600000,150000
Thiago Cionek,15/16,11/01/2016,Modena,US Palermo,€700k,€350k,700000,350000
Thiago Cionek,12/13,30/08/2012,Jagiellonia,Padova,€650k,€400k,650000,400000
Thiago Cionek,08/09,01/07/2008,CRB,Jagiellonia,-,€50k,0,50000
Renaud Cohade,09/10,01/07/2009,R. Strasbourg,Valenciennes FC,€2.00m,€500k,2000000,500000
José Luis García Vayá,23/24,08/07/2023,Levante,Valencia,€3.00m,€5.00m,3000000,5000000
Cuco Martina,15/16,07/07/2015,FC Twente,Southampton,€1.25m,€1.50m,1250000,1500000
Cuco Martina,13/14,30/07/2013,RKC Waalwijk,FC Twente,€600k,€350k,600000,350000
Lionel Carole,18/19,17/08/2018,Galatasaray,R. Strasbourg,€3.00m,€750k,3000000,750000
Lionel Carole,15/16,11/07/2015,Troyes,Galatasaray,€1.50m,€1.50m,1500000,1500000
Lionel Carole,10/11,27/01/2011,FC Nantes,Benfica,€600k,€750k,600000,750000
Mahmoud Dahoud,17/18,01/07/2017,Mönchengladbach,Dortmund,€15.00m,€12.00m,15000000,12000000
Cristian Gamboa,16/17,30/08/2016,West Brom,Celtic,€1.50m,€1.20m,1500000,1200000
Cristian Gamboa,14/15,05/08/2014,Rosenborg BK,West Brom,€1.00m,€2.40m,1000000,2400000
Cristian Gamboa,12/13,01/01/2013,Copenhagen,Rosenborg BK,€600k,€400k,600000,400000
Cristian Gamboa,11/12,01/08/2011,Fredrikstad FK,Copenhagen,€275k,€50k,275000,50000
Dedryck Boyata,22/23,22/08/2022,Hertha BSC,Club Brugge,€3.50m,€1.40m,3500000,1400000
Dedryck Boyata,15/16,01/07/2015,Man City,Celtic,€1.00m,€2.00m,1000000,2000000
Manuel Akanji,26/27,01/07/2026,Man City,Inter,€18.00m,€15.00m,18000000,15000000
Manuel Akanji,22/23,01/09/2022,Dortmund,Man City,€30.00m,€20.00m,30000000,20000000
Manuel Akanji,17/18,15/01/2018,Basel,Dortmund,€5.00m,€21.50m,5000000,21500000
Manuel Akanji,15/16,01/07/2015,FC Winterthur,Basel,€250k,€700k,250000,700000
Dejan Kulusevski,23/24,01/07/2023,Juventus,Tottenham,€50.00m,€30.00m,50000000,30000000
Dejan Kulusevski,19/20,02/01/2020,Atalanta,Juventus,€25.00m,€39.00m,25000000,39000000
Dejan Kulusevski,16/17,07/07/2016,IF Bromma U17,Atalanta U17,-,€3.50m,0,3500000
Davide Astori,16/17,01/07/2016,Cagliari,Fiorentina,€7.50m,€4.00m,7500000,4000000
Davide Astori,08/09,01/07/2008,AC Milan,Cagliari,-,€5.00m,0,5000000
Jorge Miramón,,,,,,,0,0
Andrea Poli,13/14,11/07/2013,Sampdoria,AC Milan,€8.00m,€6.00m,8000000,6000000
Ben Davies,14/15,23/07/2014,Swansea,Tottenham,€5.50m,€12.65m,5500000,12650000
Alphonso Davies,18/19,01/01/2019,Vancouver,Bayern Munich,€10.00m,€14.00m,10000000,14000000
Emerson,25/26,01/09/2025,West Ham,Marseille,€10.00m,€700k,10000000,700000
Emerson,22/23,23/08/2022,Chelsea,West Ham,€14.00m,€15.40m,14000000,15400000
Emerson,17/18,30/01/2018,Roma,Chelsea,€14.00m,€20.00m,14000000,20000000
Emerson,16/17,03/01/2017,Santos,Roma,€3.00m,€2.00m,3000000,2000000
John Stones,16/17,09/08/2016,Everton,Man City,€28.00m,€55.60m,28000000,55600000
John Stones,12/13,31/01/2013,Barnsley,Everton,€100k,€3.50m,100000,3500000
Steven Nzonzi,18/19,14/08/2018,Sevilla FC,Roma,€30.00m,€26.65m,30000000,26650000
Steven Nzonzi,15/16,09/07/2015,Stoke City,Sevilla FC,€7.50m,€8.00m,7500000,8000000
Steven Nzonzi,12/13,31/08/2012,Blackburn,Stoke City,€4.50m,€4.40m,4500000,4400000
Steven Nzonzi,09/10,01/07/2009,Amiens SC,Blackburn,€700k,€580k,700000,580000
Rafael Czichos,21/22,02/01/2022,1.FC Köln,Chicago,€1.30m,€455k,1300000,455000
Rafael Czichos,18/19,01/07/2018,Holstein Kiel,1.FC Köln,€1.50m,€1.80m,1500000,1800000
Jefferson Lerma,18/19,07/08/2018,Levante,Bournemouth,€2.00m,€30.50m,2000000,30500000
Jefferson Lerma,16/17,01/07/2016,Ind. Yumbo,Levante,€1.50m,€600k,1500000,600000
José Fonte,17/18,23/02/2018,West Ham,DL Yifang,€5.00m,€5.57m,5000000,5570000
José Fonte,16/17,20/01/2017,Southampton,West Ham,€6.00m,€9.20m,6000000,9200000
José Fonte,09/10,09/01/2010,Crystal Palace,Southampton,€1.50m,€1.40m,1500000,1400000
Óscar Valentín,,,,,,,0,0
Guilherme,,,,,,,0,0
Islam Slimani,16/17,31/08/2016,Sporting,Leicester,€22.00m,€31.00m,22000000,31000000
Islam Slimani,13/14,08/08/2013,CR Belouizdad,Sporting,€750k,€300k,750000,300000
Islam Slimani,09/10,01/07/2009,JSM Chéraga,CR Belouizdad,-,€8k,0,8000
Edin Džeko,21/22,14/08/2021,Roma,Inter,€4.00m,€2.80m,4000000,2800000
Edin Džeko,16/17,01/07/2016,Man City,Roma,€15.00m,€11.00m,15000000,11000000
Edin Džeko,10/11,07/01/2011,Wolfsburg,Man City,€30.00m,€37.00m,30000000,37000000
Edin Džeko,07/08,01/07/2007,Teplice,Wolfsburg,€4.00m,€4.00m,4000000,4000000
Edin Džeko,05/06,01/07/2005,Zeljeznicar,Teplice,-,€80k,0,80000
Habib Maïga,23/24,04/01/2024,FC Metz,Ferencváros,€2.00m,€400k,2000000,400000
Habib Maïga,19/20,01/07/2019,Saint-Étienne,FC Metz,€1.00m,€1.00m,1000000,1000000
Pape Matar Sarr,21/22,27/08/2021,FC Metz,Tottenham,€10.00m,€16.90m,10000000,16900000
Roger Ibanez,23/24,10/08/2023,Roma,Al-Ahli,€30.00m,€28.50m,30000000,28500000
Roger Ibanez,21/22,01/07/2021,Atalanta,Roma,€25.00m,€11.80m,25000000,11800000
Roger Ibanez,18/19,29/01/2019,Fluminense,Atalanta,€700k,€4.15m,700000,4150000
Roger Ibanez,17/18,28/02/2018,PRS FC,Fluminense,€50k,€150k,50000,150000
Willy Boly,22/23,01/09/2022,Wolves,Nott'm Forest,€6.00m,€2.60m,6000000,2600000
Willy Boly,18/19,01/07/2018,Porto,Wolves,€5.00m,€12.00m,5000000,12000000
Willy Boly,16/17,31/08/2016,Braga,Porto,€2.75m,€6.50m,2750000,6500000
James McArthur,14/15,01/09/2014,Wigan,Crystal Palace,€3.00m,€8.80m,3000000,8800000
James McArthur,10/11,01/07/2010,Hamilton Acad.,Wigan,€1.75m,€600k,1750000,600000
Alexandre Lacazette,17/18,05/07/2017,Lyon,Arsenal,€40.00m,€53.00m,40000000,53000000
Papy Djilobodji,16/17,05/08/2016,Chelsea,Sunderland,€4.50m,€9.50m,4500000,9500000
Papy Djilobodji,15/16,01/09/2015,FC Nantes,Chelsea,€6.50m,€3.50m,6500000,3500000
Papy Djilobodji,09/10,04/01/2010,Sénart-Moissy,FC Nantes,-,€500k,0,500000
Wout Weghorst,24/25,29/08/2024,Burnley,Ajax,€6.00m,€2.38m,6000000,2380000
Wout Weghorst,21/22,31/01/2022,Wolfsburg,Burnley,€20.00m,€17.50m,20000000,17500000
Wout Weghorst,18/19,01/07/2018,AZ Alkmaar,Wolfsburg,€7.00m,€10.50m,7000000,10500000
Wout Weghorst,16/17,06/07/2016,Heracles Almelo,AZ Alkmaar,€1.25m,€1.50m,1250000,1500000
Koray Günter,20/21,02/09/2020,Genoa,Hellas Verona,€4.50m,€2.40m,4500000,2400000
Koray Günter,13/14,29/01/2014,Dortmund,Galatasaray,€500k,€2.50m,500000,2500000
Nacho Vidal,24/25,22/01/2025,CA Osasuna,Real Oviedo,€1.50m,€200k,1500000,200000
Jonathan Clauss,24/25,25/07/2024,Marseille,Nice,€12.00m,€5.00m,12000000,5000000
Jonathan Clauss,22/23,20/07/2022,Lens,Marseille,€15.00m,€7.50m,15000000,7500000
Jean-Kevin Duverne,19/20,02/09/2019,Lens,Stade Brestois,€2.00m,€2.00m,2000000,2000000
Matthias Ginter,17/18,04/07/2017,Dortmund,Mönchengladbach,€15.00m,€17.00m,15000000,17000000
Matthias Ginter,14/15,17/07/2014,Freiburg,Dortmund,€12.00m,€10.00m,12000000,10000000
Nikola Maksimović,17/18,01/07/2017,Torino,Napoli,€10.00m,€21.00m,10000000,21000000
Nikola Maksimović,14/15,01/07/2014,Apol. Limassol,Torino,€2.50m,€3.50m,2500000,3500000
Nikola Maksimović,12/13,01/01/2013,Red Star,Apol. Limassol,€2.00m,€1.00m,2000000,1000000
Nikola Maksimović,11/12,01/01/2012,Sloboda Uzice,Red Star,€800k,€295k,800000,295000
Johan Vásquez,21/22,03/01/2022,UNAM Pumas,Genoa,€4.00m,€3.50m,4000000,3500000
Johan Vásquez,19/20,06/01/2020,Monterrey,UNAM Pumas,€1.00m,€3.50m,1000000,3500000
Johan Vásquez,19/20,01/01/2020,Cimarrones,Monterrey,€1.00m,€1.80m,1000000,1800000
Emre Çolak,18/19,01/07/2018,Dep. La Coruña,Al-Wehda,€2.00m,€1.00m,2000000,1000000
Kouadio Koné,24/25,30/08/2024,Mönchengladbach,Roma,€20.00m,€18.00m,20000000,18000000
Kouadio Koné,20/21,21/01/2021,Toulouse,Mönchengladbach,€5.00m,€9.00m,5000000,9000000
Germán Pezzella,24/25,05/08/2024,Real Betis,River Plate,€3.00m,€4.50m,3000000,4500000
Germán Pezzella,21/22,19/08/2021,Fiorentina,Real Betis,€7.50m,€3.25m,7500000,3250000
Germán Pezzella,18/19,01/07/2018,Real Betis,Fiorentina,€13.00m,€9.75m,13000000,9750000
Germán Pezzella,15/16,01/07/2015,River Plate,Real Betis,€2.50m,€2.25m,2500000,2250000
Anthony Martial,25/26,12/09/2025,AEK Athens,Monterrey,€7.50m,€1.00m,7500000,1000000
Anthony Martial,15/16,01/09/2015,Monaco,Man Utd,€8.00m,€60.00m,8000000,60000000
Anthony Martial,13/14,01/07/2013,Olymp. Lyon B,Monaco,-,€5.00m,0,5000000
Óscar Mingueza,,,,,,,0,0
Marc-Oliver Kempf,,,,,,,0,0
Willi Orban,15/16,01/07/2015,1.FC K'lautern,Leipzig,€2.50m,€2.00m,2500000,2000000
Kalidou Koulibaly,23/24,01/07/2023,Chelsea,Al-Hilal,€15.00m,€23.00m,15000000,23000000
Kalidou Koulibaly,22/23,16/07/2022,Napoli,Chelsea,€35.00m,€41.90m,35000000,41900000
Kalidou Koulibaly,14/15,01/07/2014,Genk,Napoli,€6.50m,€7.75m,6500000,7750000
Kalidou Koulibaly,12/13,01/07/2012,FC Metz,Genk,€700k,€1.30m,700000,1300000
Thomas Lemar,18/19,01/07/2018,Monaco,Atlético,€65.00m,€72.00m,65000000,72000000
Thomas Lemar,15/16,01/07/2015,SM Caen,Monaco,€1.25m,€4.00m,1250000,4000000
Diadie Samassékou,19/20,15/08/2019,Salzburg,Hoffenheim,€20.00m,€12.50m,20000000,12500000
Pierre-Emerick Aubameyang,24/25,18/07/2024,Marseille,Al-Qadsiah,€5.00m,€9.00m,5000000,9000000
Pierre-Emerick Aubameyang,22/23,01/09/2022,Barcelona,Chelsea,€15.00m,€12.00m,15000000,12000000
Pierre-Emerick Aubameyang,17/18,31/01/2018,Dortmund,Arsenal,€65.00m,€63.75m,65000000,63750000
Pierre-Emerick Aubameyang,13/14,04/07/2013,Saint-Étienne,Dortmund,€15.00m,€13.00m,15000000,13000000
Pierre-Emerick Aubameyang,11/12,01/01/2012,AC Milan,Saint-Étienne,€4.00m,€1.80m,4000000,1800000
Luca Ceppitelli,14/15,07/08/2014,Parma,Cagliari,€2.00m,€2.10m,2000000,2100000
Luca Ceppitelli,13/14,01/09/2013,Bari,Parma,€500k,€1.00m,500000,1000000
Romain Thomas,,,,,,,0,0
Denis Zakaria,23/24,14/08/2023,Juventus,Monaco,€18.00m,€20.00m,18000000,20000000
Denis Zakaria,21/22,31/01/2022,Mönchengladbach,Juventus,€27.00m,€11.35m,27000000,11350000
Denis Zakaria,17/18,01/07/2017,Young Boys,Mönchengladbach,€4.00m,€12.00m,4000000,12000000
Denis Zakaria,15/16,01/07/2015,Servette FC,Young Boys,€100k,€400k,100000,400000
Callum Wilson,20/21,07/09/2020,Bournemouth,Newcastle,€20.00m,€22.25m,20000000,22250000
Callum Wilson,14/15,04/07/2014,Coventry,Bournemouth,€750k,€3.70m,750000,3700000
Klaus Gjasula,15/16,02/01/2016,K. Offenbach,Stuttg. Kickers,€125k,€50k,125000,50000
Danilo D'Ambrosio,13/14,30/01/2014,Torino,Inter,€5.00m,€3.79m,5000000,3790000
Jean-Clair Todibo,25/26,01/07/2025,Nice,West Ham,€25.00m,€40.00m,25000000,40000000
Jean-Clair Todibo,21/22,01/07/2021,Barcelona,Nice,€12.00m,€16.50m,12000000,16500000
Jean-Clair Todibo,18/19,31/01/2019,Toulouse,Barcelona,€8.00m,€1.00m,8000000,1000000
Arthur Masuaku,23/24,01/07/2023,West Ham,Besiktas,€6.00m,€2.00m,6000000,2000000
Arthur Masuaku,16/17,08/08/2016,Olympiacos,West Ham,€7.00m,€7.10m,7000000,7100000
Arthur Masuaku,14/15,22/07/2014,Valenciennes FC,Olympiacos,€500k,€300k,500000,300000
Marcel Sabitzer,23/24,24/07/2023,Bayern Munich,Dortmund,€20.00m,€19.00m,20000000,19000000
Marcel Sabitzer,21/22,30/08/2021,Leipzig,Bayern Munich,€42.00m,€15.00m,42000000,15000000
Marcel Sabitzer,14/15,01/07/2014,Rapid Vienna,Leipzig,€2.00m,€2.00m,2000000,2000000
Marcel Sabitzer,12/13,04/01/2013,Admira Wacker,Rapid Vienna,€1.20m,€350k,1200000,350000
Pape Gueye,,,,,,,0,0
Corentin Tolisso,17/18,01/07/2017,Lyon,Bayern Munich,€22.00m,€41.50m,22000000,41500000
Nico Schulz,19/20,01/07/2019,Hoffenheim,Dortmund,€25.00m,€25.50m,25000000,25500000
Nico Schulz,17/18,08/07/2017,Mönchengladbach,Hoffenheim,€2.00m,€3.00m,2000000,3000000
Nico Schulz,15/16,18/08/2015,Hertha BSC,Mönchengladbach,€3.50m,€4.00m,3500000,4000000
Christian Fuchs,11/12,02/07/2011,Mainz,FC Schalke 04,€5.00m,€3.80m,5000000,3800000
Christian Fuchs,11/12,01/07/2011,VfL Bochum,Mainz,€5.00m,€1.80m,5000000,1800000
Christian Fuchs,08/09,01/07/2008,SV Mattersburg,VfL Bochum,€1.35m,€1.20m,1350000,1200000
Andrei Girotto,23/24,06/08/2023,FC Nantes,Al-Taawoun,€4.00m,€4.00m,4000000,4000000
Andrei Girotto,17/18,12/08/2017,Tombense,FC Nantes,€1.00m,€2.30m,1000000,2300000
Andrei Girotto,09/10,31/07/2009,Esportivo,Metropolitano,-,€100k,0,100000
Stefan Bell,,,,,,,0,0
Vincent Manceau,,,,,,,0,0
Benjamin Stambouli,16/17,26/08/2016,PSG,FC Schalke 04,€7.00m,€8.00m,7000000,8000000
Benjamin Stambouli,15/16,21/07/2015,Tottenham,PSG,€5.00m,€8.60m,5000000,8600000
Benjamin Stambouli,14/15,01/09/2014,Montpellier,Tottenham,€5.00m,€5.90m,5000000,5900000
Mohammed Salisu,23/24,01/08/2023,Southampton,Monaco,€18.00m,€15.00m,18000000,15000000
Mohammed Salisu,20/21,12/08/2020,Real Valladolid,Southampton,€12.00m,€12.00m,12000000,12000000
Pierre Kalulu,25/26,01/07/2025,AC Milan,Juventus,€28.00m,€14.30m,28000000,14300000
Pierre Kalulu,20/21,01/09/2020,Olymp. Lyon B,AC Milan,-,€1.39m,0,1390000
Francis Coquelin,20/21,12/08/2020,Valencia,Villarreal,€14.00m,€7.10m,14000000,7100000
Francis Coquelin,17/18,11/01/2018,Arsenal,Valencia,€12.00m,€14.00m,12000000,14000000
Francis Coquelin,08/09,01/07/2008,Stade Laval U17,Arsenal U18,-,€1.00m,0,1000000
Daniel Caligiuri,16/17,25/01/2017,Wolfsburg,FC Schalke 04,€6.50m,€2.50m,6500000,2500000
Daniel Caligiuri,13/14,01/07/2013,Freiburg,Wolfsburg,€4.50m,€4.50m,4500000,4500000
Fabien Centonze,22/23,22/09/2022,FC Metz,FC Nantes,€7.00m,€4.00m,7000000,4000000
Fabien Centonze,19/20,01/07/2019,Lens,FC Metz,€1.50m,€3.00m,1500000,3000000
Clément Grenier,18/19,24/07/2018,Guingamp,Stade Rennais,€4.00m,€4.00m,4000000,4000000
Yusuf Yazıcı,19/20,06/08/2019,Trabzonspor,Lille,€13.00m,€18.50m,13000000,18500000
Mickael Malsa,22/23,12/08/2022,Levante,Real Valladolid,€3.00m,€500k,3000000,500000
Mickael Malsa,17/18,21/07/2017,US Avranches,Fortuna Sittard,€150k,€40k,150000,40000
Nedim Bajrami,24/25,30/08/2024,Sassuolo,Rangers,€4.50m,€3.60m,4500000,3600000
Nedim Bajrami,23/24,01/07/2023,FC Empoli,Sassuolo,€7.50m,€6.00m,7500000,6000000
Nedim Bajrami,20/21,01/09/2020,Grasshoppers,Empoli,€2.70m,€500k,2700000,500000
Lucas Tousart,23/24,19/07/2023,Hertha BSC,Union Berlin,€9.00m,€2.80m,9000000,2800000
Lucas Tousart,19/20,27/01/2020,Lyon,Hertha BSC,€20.00m,€25.00m,20000000,25000000
Lucas Tousart,15/16,31/08/2015,Valenciennes FC,Lyon,€400k,€2.60m,400000,2600000
Takehiro Tomiyasu,21/22,31/08/2021,Bologna,Arsenal,€20.00m,€18.60m,20000000,18600000
Takehiro Tomiyasu,19/20,09/07/2019,Sint-Truiden,Bologna,€9.00m,€7.00m,9000000,7000000
Takehiro Tomiyasu,17/18,16/01/2018,Avispa Fukuoka,Sint-Truiden,€350k,€800k,350000,800000
Julian Draxler,23/24,18/09/2023,PSG,Al-Ahli SC,€6.00m,€9.00m,6000000,9000000
Julian Draxler,16/17,03/01/2017,Wolfsburg,PSG,€28.00m,€36.00m,28000000,36000000
Julian Draxler,15/16,31/08/2015,FC Schalke 04,Wolfsburg,€22.00m,€43.00m,22000000,43000000
Rafael Leão,19/20,01/08/2019,Lille,AC Milan,€15.00m,€49.50m,15000000,49500000
Rafael Leão,18/19,08/08/2018,Sporting,Lille,€6.00m,€20.20m,6000000,20200000
Wesley Hoedt,22/23,31/01/2023,RSC Anderlecht,Watford,€3.50m,€2.00m,3500000,2000000
Wesley Hoedt,17/18,22/08/2017,Lazio,Southampton,€7.50m,€16.00m,7500000,16000000
Daniele De Rossi,,,,,,,0,0
Ole Selnæs,,,,,,,0,0
Borna Sosa,25/26,11/07/2025,Ajax,Crystal Palace,€4.50m,€2.30m,4500000,2300000
Borna Sosa,23/24,01/09/2023,Stuttgart,Ajax,€12.00m,€8.00m,12000000,8000000
Borna Sosa,18/19,01/07/2018,Dinamo Zagreb,Stuttgart,€1.75m,€6.00m,1750000,6000000
Giulian Biancone,22/23,03/07/2022,Troyes,Nott'm Forest,€4.00m,€10.00m,4000000,10000000
Giulian Biancone,21/22,12/08/2021,Monaco,Troyes,€1.30m,€2.50m,1300000,2500000
Óscar Trejo,13/14,19/07/2013,Sporting Gijón,Toulouse,€2.00m,€2.10m,2000000,2100000
Óscar Trejo,11/12,01/07/2011,RCD Mallorca,Sporting Gijón,€1.50m,€1.00m,1500000,1000000
Óscar Trejo,06/07,31/01/2007,Boca Juniors,RCD Mallorca,-,€2.50m,0,2500000
Daniel Baier,07/08,19/07/2007,1860 Munich,Wolfsburg,€750k,€450k,750000,450000
Rubén Duarte,24/25,09/07/2024,Alavés,UNAM Pumas,€3.00m,€4.00m,3000000,4000000
Rubén Duarte,17/18,01/07/2017,Espanyol,Alavés,€1.00m,€400k,1000000,400000
Bouna Sarr,20/21,05/10/2020,Marseille,Bayern Munich,€9.00m,€8.00m,9000000,8000000
Bouna Sarr,15/16,03/07/2015,FC Metz,Marseille,€1.50m,€2.00m,1500000,2000000
Berat Djimsiti,,,,,,,0,0
Jude Bellingham,23/24,01/07/2023,Dortmund,Real Madrid,€120.00m,€127.00m,120000000,127000000
Jude Bellingham,20/21,23/07/2020,Birmingham,Dortmund,€11.00m,€30.15m,11000000,30150000
Phil Foden,,,,,,,0,0
Josuha Guilavogui,16/17,01/07/2016,Atlético,Wolfsburg,€12.00m,€3.00m,12000000,3000000
Josuha Guilavogui,13/14,02/09/2013,Saint-Étienne,Atlético,€6.50m,€10.00m,6500000,10000000
Morgan Sanson,24/25,01/07/2024,Aston Villa,Nice,€8.00m,€4.00m,8000000,4000000
Morgan Sanson,20/21,26/01/2021,Marseille,Aston Villa,€20.00m,€15.80m,20000000,15800000
Morgan Sanson,16/17,17/01/2017,Montpellier,Marseille,€10.00m,€12.00m,10000000,12000000
Morgan Sanson,13/14,01/07/2013,Le Mans FC,Montpellier,€500k,€700k,500000,700000
Aaron Ramsey,08/09,01/07/2008,Cardiff,Arsenal,€5.00m,€6.40m,5000000,6400000
Ivan Strinić,17/18,31/08/2017,Napoli,Sampdoria,€4.50m,€1.20m,4500000,1200000
Ivan Strinić,10/11,27/01/2011,Hajduk Split,Dnipro,€3.00m,€4.00m,3000000,4000000
Ivan Strinić,08/09,04/07/2008,Hrv Dragovoljac,Hajduk Split,€400k,€20k,400000,20000
Ivan Strinić,06/07,01/08/2006,Hajduk U19,Le Mans UC 72 B,-,€200k,0,200000
Stanislav Lobotka,19/20,15/01/2020,Celta de Vigo,Napoli,€20.00m,€24.00m,20000000,24000000
Stanislav Lobotka,17/18,15/07/2017,Nordsjaelland,Celta de Vigo,€1.00m,€5.00m,1000000,5000000
Stanislav Lobotka,15/16,25/08/2015,AS Trencin,Nordsjaelland,€600k,€500k,600000,500000
Santi Mina,15/16,04/07/2015,Celta de Vigo,Valencia,€4.00m,€10.00m,4000000,10000000
Nayef Aguerd,25/26,01/09/2025,West Ham,Marseille,€18.00m,€23.00m,18000000,23000000
Nayef Aguerd,22/23,01/07/2022,Stade Rennais,West Ham,€12.00m,€35.00m,12000000,35000000
Nayef Aguerd,20/21,14/08/2020,Dijon,Stade Rennais,€4.00m,€4.00m,4000000,4000000
Nayef Aguerd,18/19,01/07/2018,FUS Rabat,Dijon,€900k,€1.60m,900000,1600000
Nayef Aguerd,13/14,01/07/2013,AM Football,FUS Rabat,-,€15k,0,15000
Hamed Junior Traorè,23/24,01/07/2023,Sassuolo,Bournemouth,€22.00m,€25.62m,22000000,25620000
Hamed Junior Traorè,21/22,01/07/2021,FC Empoli,Sassuolo,€20.00m,€16.00m,20000000,16000000
Matthew Lowton,15/16,01/07/2015,Aston Villa,Burnley,€2.00m,€1.40m,2000000,1400000
Matthew Lowton,12/13,06/07/2012,Sheff Utd,Aston Villa,€3.50m,€3.75m,3500000,3750000
José Luis Palomino,17/18,01/07/2017,Ludogorets,Atalanta,€2.50m,€4.70m,2500000,4700000
Maxime Le Marchand,18/19,12/07/2018,Nice,Fulham,€4.00m,€4.00m,4000000,4000000
Maxime Le Marchand,15/16,01/07/2015,Le Havre AC,Nice,€800k,€600k,800000,600000
Ante Rebić,20/21,12/09/2020,Frankfurt,AC Milan,€32.00m,€6.70m,32000000,6700000
Ante Rebić,18/19,01/07/2018,Fiorentina,Frankfurt,€10.00m,€4.50m,10000000,4500000
Ante Rebić,13/14,28/08/2013,RNK Split,Fiorentina,€1.00m,€4.50m,1000000,4500000
Marcos Acuña,24/25,20/08/2024,Sevilla FC,River Plate,€4.00m,€1.00m,4000000,1000000
Marcos Acuña,20/21,14/09/2020,Sporting,Sevilla FC,€12.00m,€11.25m,12000000,11250000
Marcos Acuña,17/18,21/07/2017,Racing Club,Sporting,€7.00m,€9.59m,7000000,9590000
Marcos Acuña,14/15,18/07/2014,Ferro,Racing Club,€50k,€445k,50000,445000
Julian Weigl,25/26,01/09/2025,Mönchengladbach,Al-Qadsiah,€6.00m,€8.00m,6000000,8000000
Julian Weigl,23/24,01/07/2023,Benfica,Mönchengladbach,€10.00m,€7.18m,10000000,7180000
Julian Weigl,19/20,01/01/2020,Dortmund,Benfica,€23.00m,€20.00m,23000000,20000000
Julian Weigl,15/16,01/07/2015,1860 Munich,Dortmund,€2.00m,€2.50m,2000000,2500000
Diego Godín,10/11,04/08/2010,Villarreal,Atlético,€12.00m,€8.00m,12000000,8000000
Diego Godín,07/08,02/08/2007,Nacional,Villarreal,-,€800k,0,800000
Diego Godín,02/03,19/03/2003,Defensor SC U19,CA Cerro,-,€500,0,500
Jannik Vestergaard,21/22,13/08/2021,Southampton,Leicester,€18.00m,€17.60m,18000000,17600000
Jannik Vestergaard,18/19,13/07/2018,Mönchengladbach,Southampton,€14.00m,€25.00m,14000000,25000000
Jannik Vestergaard,16/17,01/07/2016,Werder Bremen,Mönchengladbach,€7.00m,€12.50m,7000000,12500000
Jannik Vestergaard,14/15,27/01/2015,Hoffenheim,Werder Bremen,€3.00m,€4.50m,3000000,4500000
Bruno Ecuele Manga,19/20,18/07/2019,Cardiff,Dijon,€3.00m,€2.00m,3000000,2000000
Bruno Ecuele Manga,14/15,01/09/2014,FC Lorient,Cardiff,€5.00m,€6.30m,5000000,6300000
Bruno Ecuele Manga,10/11,05/07/2010,Angers SCO,FC Lorient,€3.00m,€2.50m,3000000,2500000
Piero Hincapié,26/27,01/07/2026,Leverkusen,Arsenal,€50.00m,€52.00m,50000000,52000000
Piero Hincapié,21/22,16/08/2021,CA Talleres,Leverkusen,€8.00m,€6.35m,8000000,6350000
Piero Hincapié,20/21,20/08/2020,Independiente,CA Talleres,€600k,€3.55m,600000,3550000
Rubén Alcaraz,22/23,01/07/2022,Real Valladolid,Cádiz CF,€2.50m,€1.00m,2500000,1000000
Rubén Alcaraz,18/19,03/08/2018,Girona,Real Valladolid,€800k,€1.00m,800000,1000000
Sofiane Boufal,22/23,31/01/2023,Angers SCO,Al-Rayyan,€10.00m,€6.00m,10000000,6000000
Sofiane Boufal,16/17,29/08/2016,Lille,Southampton,€13.00m,€18.70m,13000000,18700000
Sofiane Boufal,14/15,09/01/2015,Angers SCO,Lille,€800k,€3.00m,800000,3000000
Marc Albrighton,,,,,,,0,0
Éder Militão,19/20,01/07/2019,Porto,Real Madrid,€50.00m,€50.00m,50000000,50000000
Éder Militão,18/19,07/08/2018,São Paulo,Porto,€8.00m,€7.00m,8000000,7000000
Vicente Iborra,18/19,07/01/2019,Leicester,Villarreal,€9.00m,€10.00m,9000000,10000000
Vicente Iborra,17/18,06/07/2017,Sevilla FC,Leicester,€9.00m,€15.00m,9000000,15000000
Vicente Iborra,13/14,16/08/2013,Levante,Sevilla FC,€4.00m,€4.20m,4000000,4200000
Wesley Lautoa,17/18,09/07/2017,FC Lorient,Dijon,€2.00m,€1.50m,2000000,1500000
Wesley Lautoa,11/12,31/01/2012,CS Sedan,FC Lorient,€1.00m,€2.00m,1000000,2000000
Lucas Deaux,19/20,22/08/2019,Guingamp,Nîmes Olympique,€2.50m,€1.00m,2500000,1000000
Lucas Deaux,15/16,03/01/2016,FC Nantes,KAA Gent,€3.00m,€500k,3000000,500000
José Ángel,24/25,01/07/2024,Leipzig,Roma,€8.00m,€5.40m,8000000,5400000
José Ángel,21/22,01/07/2021,Man City,Leipzig,€35.00m,€18.00m,35000000,18000000
José Ángel,19/20,03/07/2019,PSV,Man City,€16.00m,€12.00m,16000000,12000000
José Ángel,18/19,01/07/2018,Man City U23,PSV,€3.00m,€5.50m,3000000,5500000
José Ángel,13/14,03/07/2013,Deportivo Yth.,Man City U18,-,€4.50m,0,4500000
Martín Montoya,18/19,09/08/2018,Valencia,Brighton,€8.00m,€7.00m,8000000,7000000
Nicolò Rovella,25/26,01/07/2025,Juventus,Lazio,€30.00m,€17.00m,30000000,17000000
Nicolò Rovella,20/21,28/01/2021,Genoa,Juventus,€4.00m,€26.00m,4000000,26000000
Yussuf Poulsen,25/26,13/07/2025,Leipzig,Hamburg,€5.00m,€1.00m,5000000,1000000
Yussuf Poulsen,13/14,04/07/2013,Lyngby BK,Leipzig,€400k,€1.55m,400000,1550000
Loïc Perrin,,,,,,,0,0
Danilo Cataldi,,,,,,,0,0
Franck Honorat,23/24,11/07/2023,Stade Brestois,Mönchengladbach,€10.00m,€8.00m,10000000,8000000
Franck Honorat,20/21,01/07/2020,Saint-Étienne,Stade Brestois,€1.60m,€5.00m,1600000,5000000
Franck Honorat,18/19,28/08/2018,Clermont Foot,Saint-Étienne,€800k,€2.00m,800000,2000000
Jonjo Shelvey,22/23,31/01/2023,Newcastle,Nott'm Forest,€7.00m,€6.50m,7000000,6500000
Jonjo Shelvey,15/16,12/01/2016,Swansea,Newcastle,€12.00m,€16.00m,12000000,16000000
Jonjo Shelvey,13/14,03/07/2013,Liverpool,Swansea,€5.50m,€5.80m,5500000,5800000
Jonjo Shelvey,10/11,01/07/2010,Charlton,Liverpool,€950k,€2.00m,950000,2000000
Javi López,24/25,21/07/2024,Alavés,Real Sociedad,€7.50m,€6.50m,7500000,6500000
Timo Hübers,,,,,,,0,0
Luis Díaz,25/26,30/07/2025,Liverpool,Bayern Munich,€70.00m,€70.00m,70000000,70000000
Luis Díaz,21/22,30/01/2022,Porto,Liverpool,€40.00m,€49.00m,40000000,49000000
Luis Díaz,19/20,10/07/2019,Junior FC,Porto,€2.00m,€7.22m,2000000,7220000
Jeison Murillo,19/20,14/01/2020,Valencia,Sampdoria,€8.00m,€13.30m,8000000,13300000
Jeison Murillo,18/19,01/07/2018,Inter,Valencia,€15.00m,€12.00m,15000000,12000000
Jeison Murillo,15/16,01/07/2015,Granada CF,Inter,€8.00m,€8.00m,8000000,8000000
Phil Jones,11/12,01/07/2011,Blackburn,Man Utd,€3.50m,€19.30m,3500000,19300000
Samu Castillejo,18/19,17/08/2018,Villarreal,AC Milan,€15.00m,€21.30m,15000000,21300000
Samu Castillejo,15/16,01/07/2015,Málaga CF,Villarreal,€7.50m,€8.00m,7500000,8000000
Rafael Tolói,15/16,26/08/2015,São Paulo,Atalanta,€5.00m,€3.87m,5000000,3870000
Rafael Tolói,12/13,06/07/2012,Goiás,São Paulo,€3.00m,€3.00m,3000000,3000000
Filip Đuričić,,,,,,,0,0
Arthur Melo,20/21,01/09/2020,Barcelona,Juventus,€56.00m,€80.60m,56000000,80600000
Arthur Melo,18/19,09/07/2018,Grêmio,Barcelona,€30.00m,€31.00m,30000000,31000000
Youssouf Sabaly,25/26,01/07/2025,Real Betis,Al-Duhail SC,€1.80m,€2.00m,1800000,2000000
Youssouf Sabaly,17/18,01/07/2017,PSG,G. Bordeaux,€4.50m,€4.00m,4500000,4000000
Kostas Manolas,21/22,01/01/2022,Napoli,Olympiacos,€5.00m,€2.50m,5000000,2500000
Kostas Manolas,19/20,01/07/2019,Roma,Napoli,€45.00m,€36.00m,45000000,36000000
Kostas Manolas,14/15,26/08/2014,Olympiacos,Roma,€6.00m,€15.00m,6000000,15000000
Kostas Manolas,09/10,01/07/2009,Thrasyvoulos,AEK Athens,€100k,€50k,100000,50000
Naldo,21/22,31/08/2021,Juventus,Man Utd,€45.00m,€17.00m,45000000,17000000
Naldo,18/19,10/07/2018,Real Madrid,Juventus,€100.00m,€117.00m,100000000,117000000
Naldo,09/10,06/07/2009,Man Utd,Real Madrid,€60.00m,€94.00m,60000000,94000000
Naldo,03/04,12/08/2003,Sporting,Man Utd,-,€19.00m,0,19000000
Naldo,97/98,01/07/1997,Nacional U15,Sporting Sub-15,-,€2k,0,2000
Ethan Pinnock,19/20,02/07/2019,Barnsley,Brentford,€500k,€3.35m,500000,3350000
Ethan Pinnock,17/18,01/07/2017,Forest Green,Barnsley,-,€570k,0,570000
Joško Gvardiol,23/24,05/08/2023,Leipzig,Man City,€75.00m,€90.00m,75000000,90000000
Joško Gvardiol,21/22,01/07/2021,Dinamo Zagreb,Leipzig,€19.00m,€36.80m,19000000,36800000
Jerdy Schouten,23/24,16/08/2023,Bologna,PSV,€12.00m,€12.35m,12000000,12350000
Jerdy Schouten,19/20,05/07/2019,Excelsior,Bologna,€2.00m,€2.15m,2000000,2150000
Jerdy Schouten,18/19,01/07/2018,Telstar,Excelsior,€300k,€300k,300000,300000
Pierre Lees-Melou,25/26,28/08/2025,Stade Brestois,Paris FC,€6.00m,€5.80m,6000000,5800000
Pierre Lees-Melou,22/23,23/07/2022,Norwich,Stade Brestois,€5.00m,€2.30m,5000000,2300000
Pierre Lees-Melou,21/22,13/07/2021,Nice,Norwich,€7.00m,€3.90m,7000000,3900000
Pierre Lees-Melou,17/18,01/07/2017,Dijon,Nice,€2.50m,€4.00m,2500000,4000000
Mario Götze,22/23,01/07/2022,PSV,Frankfurt,€10.00m,€3.00m,10000000,3000000
Mario Götze,16/17,21/07/2016,Bayern Munich,Dortmund,€35.00m,€22.00m,35000000,22000000
Mario Götze,13/14,01/07/2013,Dortmund,Bayern Munich,€45.00m,€37.00m,45000000,37000000
Fran Mérida,16/17,21/07/2016,SD Huesca,CA Osasuna,€1.00m,€500k,1000000,500000
Fran Mérida,05/06,01/07/2005,Barça U16,Arsenal U18,-,€3.20m,0,3200000
Pablo,15/16,01/07/2015,Real Betis Yth.,Barça Youth,-,€10k,0,10000
Piotr Zieliński,16/17,04/08/2016,Udinese,Napoli,€12.00m,€16.00m,12000000,16000000
Piotr Zieliński,11/12,01/07/2011,Lubin II,Udinese U19,€50k,€100k,50000,100000
Amadou Haidara,25/26,01/01/2026,Leipzig,Lens,€6.00m,€2.00m,6000000,2000000
Amadou Haidara,18/19,01/01/2019,Salzburg,Leipzig,€20.00m,€19.00m,20000000,19000000
Amadou Haidara,16/17,27/07/2016,JMG Bamako,Salzburg,-,€800k,0,800000
Dominik Kohr,22/23,01/07/2022,Frankfurt,Mainz,€5.00m,€1.50m,5000000,1500000
Dominik Kohr,19/20,03/07/2019,Leverkusen,Frankfurt,€4.00m,€8.50m,4000000,8500000
Dominik Kohr,17/18,01/07/2017,Augsburg,Leverkusen,€3.50m,€2.00m,3500000,2000000
Dominik Kohr,15/16,01/07/2015,Leverkusen,Augsburg,€2.50m,€1.40m,2500000,1400000
Sidnei,18/19,02/08/2018,Dep. La Coruña,Real Betis,€4.00m,€4.50m,4000000,4500000
Sidnei,15/16,23/07/2015,Benfica,Dep. La Coruña,€3.00m,€6.50m,3000000,6500000
Sidnei,08/09,24/07/2008,Internacional,Benfica,€1.50m,€7.00m,1500000,7000000
Júnior Alonso,24/25,10/07/2024,Krasnodar,Atlético-MG,€8.00m,€1.10m,8000000,1100000
Júnior Alonso,21/22,07/01/2022,Atlético-MG,Krasnodar,€7.00m,€8.00m,7000000,8000000
Júnior Alonso,20/21,02/07/2020,Lille,Atlético-MG,€2.40m,€3.00m,2400000,3000000
Júnior Alonso,16/17,31/01/2017,Cerro Porteño,Lille,-,€2.50m,0,2500000
Santi Comesaña,,,,,,,0,0
Dimitri Liénard,,,,,,,0,0
Marko Grujić,22/23,01/07/2022,Liverpool,Porto,€12.00m,€9.00m,12000000,9000000
Marko Grujić,15/16,06/01/2016,Red Star,Liverpool,€3.00m,€7.00m,3000000,7000000
Youssouf Fofana,24/25,17/08/2024,Monaco,AC Milan,€30.00m,€26.00m,30000000,26000000
Youssouf Fofana,19/20,29/01/2020,R. Strasbourg,Monaco,€6.00m,€15.00m,6000000,15000000
Santiago Ascacíbar,25/26,27/01/2026,Estudiantes LP,Boca Juniors,€7.00m,€2.65m,7000000,2650000
Santiago Ascacíbar,23/24,01/07/2023,Hertha BSC,Estudiantes LP,€6.50m,€2.50m,6500000,2500000
Santiago Ascacíbar,19/20,01/01/2020,Stuttgart,Hertha BSC,€10.00m,€10.00m,10000000,10000000
Santiago Ascacíbar,17/18,22/08/2017,Estudiantes LP,Stuttgart,€7.50m,€6.00m,7500000,6000000
Marvelous Nakamba,23/24,20/07/2023,Aston Villa,Luton,€4.00m,€2.90m,4000000,2900000
Marvelous Nakamba,19/20,01/08/2019,Club Brugge,Aston Villa,€6.50m,€12.00m,6500000,12000000
Marvelous Nakamba,17/18,01/07/2017,Vitesse,Club Brugge,€3.00m,€3.95m,3000000,3950000
Marc Roca,24/25,01/07/2024,Leeds,Real Betis,€9.00m,€4.50m,9000000,4500000
Marc Roca,22/23,01/07/2022,Bayern Munich,Leeds,€7.00m,€12.00m,7000000,12000000
Marc Roca,20/21,04/10/2020,Espanyol,Bayern Munich,€16.00m,€9.00m,16000000,9000000
Youssouf Koné,19/20,03/07/2019,Lille,Lyon,€5.00m,€9.00m,5000000,9000000
Franck Kessié,23/24,09/08/2023,Barcelona,Al-Ahli,€25.00m,€12.50m,25000000,12500000
Franck Kessié,19/20,01/07/2019,Atalanta,AC Milan,€33.00m,€32.00m,33000000,32000000
Franck Kessié,15/16,01/07/2015,Stella Club,Atalanta,€300k,€1.50m,300000,1500000
Ghislain Konan,18/19,01/07/2018,Vit. Guimarães,Stade Reims,€2.00m,€4.00m,2000000,4000000
Senad Lulić,11/12,01/07/2011,Young Boys,Lazio,€2.50m,€3.25m,2500000,3250000
Senad Lulić,10/11,01/07/2010,Grasshoppers,Young Boys,€900k,€420k,900000,420000
Moussa Niakhate,24/25,04/07/2024,Nott'm Forest,Lyon,€16.00m,€31.90m,16000000,31900000
Moussa Niakhate,22/23,06/07/2022,Mainz,Nott'm Forest,€18.00m,€13.80m,18000000,13800000
Moussa Niakhate,18/19,07/07/2018,FC Metz,Mainz,€5.00m,€6.00m,5000000,6000000
Dante,16/17,23/08/2016,Wolfsburg,Nice,€2.00m,€2.50m,2000000,2500000
Dante,15/16,30/08/2015,Bayern Munich,Wolfsburg,€6.00m,€4.50m,6000000,4500000
Dante,12/13,01/07/2012,Mönchengladbach,Bayern Munich,€8.00m,€4.70m,8000000,4700000
Dante,08/09,01/01/2009,Standard Liège,Mönchengladbach,€2.50m,€2.50m,2500000,2500000
Dante,06/07,01/01/2007,R Charleroi SC,Standard Liège,€800k,€600k,800000,600000
Dante,06/07,01/07/2006,Lille,R Charleroi SC,€250k,€100k,250000,100000
Nolito,17/18,16/07/2017,Man City,Sevilla FC,€12.00m,€7.00m,12000000,7000000
Nolito,16/17,01/07/2016,Celta de Vigo,Man City,€15.00m,€18.00m,15000000,18000000
Nolito,13/14,01/07/2013,Benfica,Celta de Vigo,€7.00m,€4.00m,7000000,4000000
Álvaro Morata,24/25,19/07/2024,Atlético,AC Milan,€16.00m,€17.20m,16000000,17200000
Álvaro Morata,20/21,01/07/2020,Chelsea,Atlético,€36.00m,€35.00m,36000000,35000000
Álvaro Morata,17/18,21/07/2017,Real Madrid,Chelsea,€40.00m,€66.00m,40000000,66000000
Álvaro Morata,16/17,01/07/2016,Juventus,Real Madrid,€30.00m,€30.00m,30000000,30000000
Álvaro Morata,14/15,19/07/2014,Real Madrid,Juventus,€12.00m,€20.00m,12000000,20000000
Milot Rashica,23/24,16/08/2023,Norwich,Besiktas,€8.50m,€5.25m,8500000,5250000
Milot Rashica,21/22,01/07/2021,Werder Bremen,Norwich,€9.00m,€11.00m,9000000,11000000
Milot Rashica,17/18,31/01/2018,Vitesse,Werder Bremen,€5.00m,€8.10m,5000000,8100000
Milot Rashica,15/16,01/07/2015,FC Vushtrria,Vitesse,€50k,€300k,50000,300000
Jacopo Sala,16/17,01/07/2016,Hellas Verona,Sampdoria,€2.50m,€2.60m,2500000,2600000
Jacopo Sala,13/14,24/07/2013,Hamburg,Hellas Verona,€700k,€100k,700000,100000
Jacopo Sala,11/12,01/07/2011,Chelsea Res.,Hamburg,-,€100k,0,100000
Adam Webster,19/20,03/08/2019,Bristol City,Brighton,€9.00m,€22.22m,9000000,22220000
Adam Webster,18/19,01/07/2018,Ipswich,Bristol City,€750k,€4.00m,750000,4000000
Adam Webster,16/17,01/07/2016,Portsmouth,Ipswich,€150k,€950k,150000,950000
Jonas Martin,19/20,02/09/2019,R. Strasbourg,Stade Rennais,€5.00m,€4.00m,5000000,4000000
Jonas Martin,17/18,25/07/2017,Real Betis,R. Strasbourg,€2.50m,€1.50m,2500000,1500000
Jonas Martin,16/17,01/07/2016,Montpellier,Real Betis,€3.00m,€2.60m,3000000,2600000
Yohan Cabaye,15/16,01/07/2015,PSG,Crystal Palace,€16.00m,€13.90m,16000000,13900000
Yohan Cabaye,13/14,29/01/2014,Newcastle,PSG,€20.00m,€25.00m,20000000,25000000
Yohan Cabaye,11/12,01/07/2011,Lille,Newcastle,€11.00m,€5.00m,11000000,5000000
Mikel Oyarzabal,,,,,,,0,0
Ainsley Maitland-Niles,,,,,,,0,0
Pedro Obiang,19/20,24/07/2019,West Ham,Sassuolo,€7.00m,€7.75m,7000000,7750000
Pedro Obiang,15/16,01/07/2015,Sampdoria,West Ham,€8.00m,€6.00m,8000000,6000000
Pedro Obiang,08/09,01/07/2008,Atl. Madrid U17,Sampdoria U19,-,€130k,0,130000
Christian Groß,,,,,,,0,0
Mauro Icardi,23/24,26/07/2023,PSG,Galatasaray,€19.00m,€10.00m,19000000,10000000
Mauro Icardi,20/21,01/07/2020,Inter,PSG,€60.00m,€50.00m,60000000,50000000
Mauro Icardi,13/14,09/07/2013,Sampdoria,Inter,€12.00m,€13.00m,12000000,13000000
Mauro Icardi,11/12,16/07/2011,Barça U19,Sampdoria,€200k,€300k,200000,300000
Mattia De Sciglio,17/18,20/07/2017,AC Milan,Juventus,€8.50m,€12.00m,8500000,12000000
Gianluca Mancini,20/21,01/09/2020,Atalanta,Roma,€22.00m,€24.00m,22000000,24000000
Gianluca Mancini,16/17,12/01/2017,Perugia,Atalanta,€200k,€1.90m,200000,1900000
Gianluca Mancini,16/17,01/08/2016,Fiorentina,Perugia,€200k,€150k,200000,150000
Bastian Oczipka,17/18,15/07/2017,Frankfurt,FC Schalke 04,€3.50m,€4.50m,3500000,4500000
Bastian Oczipka,12/13,01/07/2012,Leverkusen,Frankfurt,€1.50m,€500k,1500000,500000
Martín Zubimendi,25/26,06/07/2025,Real Sociedad,Arsenal,€60.00m,€70.00m,60000000,70000000
Chris Smalling,24/25,02/09/2024,Roma,Al-Fayha,€2.50m,€800k,2500000,800000
Chris Smalling,20/21,05/10/2020,Man Utd,Roma,€20.00m,€15.00m,20000000,15000000
Chris Smalling,10/11,01/07/2010,Fulham,Man Utd,€2.00m,€8.00m,2000000,8000000
Wilfried Zaha,14/15,02/02/2015,Man Utd,Crystal Palace,€8.00m,€3.80m,8000000,3800000
Wilfried Zaha,12/13,25/01/2013,Crystal Palace,Man Utd,€3.50m,€11.75m,3500000,11750000
Tomás Pina Isla,18/19,12/08/2018,Club Brugge,Alavés,€1.80m,€1.50m,1800000,1500000
Tomás Pina Isla,16/17,04/07/2016,Villarreal,Club Brugge,€3.50m,€3.00m,3500000,3000000
Tomás Pina Isla,13/14,05/07/2013,RCD Mallorca,Villarreal,€4.00m,€5.00m,4000000,5000000
Gylfi Sigurðsson,24/25,17/03/2025,Valur,Víkingur,€500k,€135k,500000,135000
Gylfi Sigurðsson,17/18,16/08/2017,Swansea,Everton,€25.00m,€49.40m,25000000,49400000
Gylfi Sigurðsson,14/15,23/07/2014,Tottenham,Swansea,€8.00m,€10.10m,8000000,10100000
Gylfi Sigurðsson,12/13,04/07/2012,Hoffenheim,Tottenham,€8.50m,€10.00m,8500000,10000000
Gylfi Sigurðsson,10/11,31/08/2010,Reading,Hoffenheim,€5.00m,€5.20m,5000000,5200000
James Justin,25/26,25/08/2025,Leicester,Leeds,€13.00m,€9.30m,13000000,9300000
James Justin,19/20,01/07/2019,Luton,Leicester,-,€6.70m,0,6700000
Douglas Luiz,24/25,01/07/2024,Aston Villa,Juventus,€70.00m,€51.50m,70000000,51500000
Douglas Luiz,19/20,25/07/2019,Man City,Aston Villa,€2.50m,€16.80m,2500000,16800000
Douglas Luiz,17/18,15/07/2017,Vasco da Gama,Man City,-,€12.00m,0,12000000
Oleksandr Zinchenko,25/26,01/02/2026,Arsenal,Ajax,€15.00m,€1.50m,15000000,1500000
Oleksandr Zinchenko,22/23,22/07/2022,Man City,Arsenal,€25.00m,€35.00m,25000000,35000000
Oleksandr Zinchenko,16/17,04/07/2016,Ufa,Man City,€4.00m,€2.25m,4000000,2250000
Mahdi Camara,25/26,13/08/2025,Stade Brestois,Stade Rennais,€9.00m,€8.00m,9000000,8000000
Mahdi Camara,23/24,01/07/2023,Saint-Étienne,Stade Brestois,€3.00m,€3.00m,3000000,3000000
Dele Alli,14/15,02/02/2015,MK Dons,Tottenham,€2.00m,€6.63m,2000000,6630000
Salih Özcan,22/23,01/07/2022,1.FC Köln,Dortmund,€13.00m,€5.00m,13000000,5000000
Youssef En-Nesyri,25/26,02/02/2026,Fenerbahçe,Al-Ittihad,€22.00m,€15.00m,22000000,15000000
Youssef En-Nesyri,24/25,24/07/2024,Sevilla FC,Fenerbahçe,€20.00m,€19.50m,20000000,19500000
Youssef En-Nesyri,19/20,16/01/2020,CD Leganés,Sevilla FC,€12.00m,€20.00m,12000000,20000000
Youssef En-Nesyri,18/19,17/08/2018,Málaga CF,CD Leganés,€6.00m,€6.00m,6000000,6000000
Youssef En-Nesyri,15/16,01/07/2015,AM Football,Málaga U19,-,€125k,0,125000
Paul Lasne,,,,,,,0,0
Sven Botman,22/23,01/07/2022,Lille,Newcastle,€30.00m,€37.00m,30000000,37000000
Sven Botman,20/21,31/07/2020,Ajax U21,Lille,€1.30m,€8.00m,1300000,8000000
Víctor Sánchez,99/00,01/07/1999,Racing,Dep. La Coruña,-,€7.60m,0,7600000
Víctor Sánchez,98/99,01/07/1998,Real Madrid,Racing,-,€3.61m,0,3610000
Frederic Guilbert,18/19,31/01/2019,SM Caen,Aston Villa,€7.00m,€5.00m,7000000,5000000
Frederic Guilbert,17/18,28/07/2017,G. Bordeaux,SM Caen,€2.50m,€1.50m,2500000,1500000
Martin Terrier,24/25,18/07/2024,Stade Rennais,Leverkusen,€20.00m,€20.00m,20000000,20000000
Martin Terrier,20/21,06/07/2020,Lyon,Stade Rennais,€10.50m,€12.00m,10500000,12000000
Martin Terrier,17/18,26/01/2018,Lille,Lyon,€12.00m,€11.00m,12000000,11000000
Niklas Moisander,16/17,09/07/2016,Sampdoria,Werder Bremen,€3.00m,€1.70m,3000000,1700000
Niklas Moisander,12/13,21/08/2012,AZ Alkmaar,Ajax,€5.00m,€4.00m,5000000,4000000
Niklas Moisander,08/09,11/07/2008,FC Zwolle,AZ Alkmaar,€400k,€600k,400000,600000
Danilo Barbosa,18/19,01/07/2018,Braga,Nice,€7.00m,€10.00m,7000000,10000000
Danilo Barbosa,14/15,01/07/2014,Vasco da Gama,Braga,-,€4.50m,0,4500000
Ashley Young,19/20,17/01/2020,Man Utd,Inter,€4.00m,€1.70m,4000000,1700000
Ashley Young,11/12,01/07/2011,Aston Villa,Man Utd,€18.00m,€18.00m,18000000,18000000
Ashley Young,06/07,23/01/2007,Watford,Aston Villa,€6.50m,€13.20m,6500000,13200000
Matty Cash,20/21,03/09/2020,Nott'm Forest,Aston Villa,€4.80m,€15.75m,4800000,15750000
Radja Nainggolan,25/26,16/01/2026,KSC Lokeren,Patro Eisden,€250k,€75k,250000,75000
Radja Nainggolan,18/19,01/07/2018,Roma,Inter,€45.00m,€38.00m,45000000,38000000
Radja Nainggolan,14/15,01/07/2014,Cagliari,Roma,€18.00m,€15.00m,18000000,15000000
Radja Nainggolan,09/10,01/01/2010,Piacenza,Cagliari,€1.30m,€1.30m,1300000,1300000
Radja Nainggolan,04/05,01/07/2004,G. Beerschot U19,Piacenza U19,-,€120k,0,120000
Cristiano Biraghi,25/26,01/07/2025,Fiorentina,Torino,€1.80m,€260k,1800000,260000
Cristiano Biraghi,18/19,01/07/2018,Pescara,Fiorentina,€5.00m,€3.00m,5000000,3000000
Cristiano Biraghi,16/17,11/07/2016,Inter,Pescara,€2.50m,€5.00m,2500000,5000000
Cristiano Biraghi,14/15,01/07/2014,Cittadella,Inter,€2.50m,€700k,2500000,700000
Cristiano Biraghi,13/14,01/07/2013,Inter,Cittadella,€800k,€150k,800000,150000
Enzo Le Fée,25/26,01/07/2025,Roma,Sunderland,€18.00m,€23.75m,18000000,23750000
Enzo Le Fée,24/25,10/07/2024,Stade Rennais,Roma,€18.00m,€23.00m,18000000,23000000
Enzo Le Fée,23/24,07/07/2023,FC Lorient,Stade Rennais,€20.00m,€20.00m,20000000,20000000
Kévin Malcuit,18/19,08/08/2018,Lille,Napoli,€7.50m,€12.00m,7500000,12000000
Kévin Malcuit,17/18,08/07/2017,Saint-Étienne,Lille,€3.00m,€9.00m,3000000,9000000
Kévin Malcuit,15/16,28/08/2015,Chamois Niort,Saint-Étienne,€600k,€500k,600000,500000
Óliver Torres,19/20,15/07/2019,Porto,Sevilla FC,€17.00m,€11.00m,17000000,11000000
Óliver Torres,17/18,01/07/2017,Atlético,Porto,€14.00m,€20.00m,14000000,20000000
Ander Iturraspe,,,,,,,0,0
Gonzalo Villar,25/26,01/07/2025,Granada CF,Dinamo Zagreb,€2.00m,€3.00m,2000000,3000000
Gonzalo Villar,23/24,04/08/2023,Roma,Granada CF,€2.80m,€1.80m,2800000,1800000
Gonzalo Villar,19/20,30/01/2020,Elche CF,Roma,€700k,€5.00m,700000,5000000
Gonzalo Villar,18/19,09/07/2018,Valencia B,Elche CF,€200k,€4.00m,200000,4000000
Gonzalo Villar,15/16,01/07/2015,Elche U19,Valencia U19,-,€175k,0,175000
Matías Vecino,17/18,02/08/2017,Fiorentina,Inter,€13.00m,€24.00m,13000000,24000000
Matías Vecino,12/13,19/01/2013,Nacional,Fiorentina,€500k,€2.30m,500000,2300000
Matías Vecino,11/12,12/08/2011,Central Español,Nacional,€250k,€327k,250000,327000
Lautaro Martínez,18/19,04/07/2018,Racing Club,Inter,€25.00m,€25.00m,25000000,25000000
Vitor Hugo,24/25,28/02/2025,Barcelona,Palmeiras,€20.00m,€25.50m,20000000,25500000
Vitor Hugo,23/24,01/01/2024,Athletico-PR,Barcelona,€40.00m,€30.00m,40000000,30000000
Vitor Hugo,21/22,11/04/2022,Cruzeiro,Athletico-PR,€300k,€4.70m,300000,4700000
Alberto Aquilani,12/13,03/08/2012,Liverpool,Fiorentina,€9.00m,€2.00m,9000000,2000000
Alberto Aquilani,09/10,07/08/2009,Roma,Liverpool,€15.00m,€20.00m,15000000,20000000
Uwe Hünemeier,15/16,12/08/2015,SC Paderborn,Brighton,€1.50m,€2.70m,1500000,2700000
Uwe Hünemeier,10/11,01/07/2010,Dortmund,Energie Cottbus,€400k,€100k,400000,100000
Gabriel Paulista,17/18,18/08/2017,Arsenal,Valencia,€13.00m,€11.00m,13000000,11000000
Gabriel Paulista,14/15,28/01/2015,Villarreal,Arsenal,€8.00m,€15.00m,8000000,15000000
Gabriel Paulista,13/14,21/08/2013,EC Vitória,Villarreal,€1.00m,€3.30m,1000000,3300000
Gonçalo Guedes,25/26,04/08/2025,Wolves,Real Sociedad,€11.00m,€4.00m,11000000,4000000
Gonçalo Guedes,22/23,08/08/2022,Valencia,Wolves,€40.00m,€32.60m,40000000,32600000
Gonçalo Guedes,18/19,27/08/2018,PSG,Valencia,€40.00m,€40.00m,40000000,40000000
Gonçalo Guedes,16/17,25/01/2017,Benfica,PSG,€9.00m,€30.00m,9000000,30000000
Pascal Stenzel,20/21,01/07/2020,Freiburg,Stuttgart,€2.40m,€1.30m,2400000,1300000
Pascal Stenzel,17/18,01/07/2017,Dortmund,Freiburg,€3.00m,€4.00m,3000000,4000000
Youssef Aït Bennasser,16/17,01/07/2016,AS Nancy,Monaco,€2.00m,€3.00m,2000000,3000000
Dan Burn,21/22,31/01/2022,Brighton,Newcastle,€3.50m,€15.00m,3500000,15000000
Dan Burn,18/19,09/08/2018,Wigan,Brighton,€750k,€3.55m,750000,3550000
Brendan Chardonnet,,,,,,,0,0
Pasquale Schiattarella,21/22,07/08/2021,Benevento,Parma,€1.00m,€240k,1000000,240000
Pasquale Schiattarella,13/14,13/01/2014,AS Livorno,Spezia Calcio,€1.60m,€1.20m,1600000,1200000
Stephan El Shaarawy,19/20,08/07/2019,Roma,SH Shenhua,€30.00m,€16.00m,30000000,16000000
Stephan El Shaarawy,16/17,01/07/2016,AC Milan,Roma,€17.00m,€13.00m,17000000,13000000
Stephan El Shaarawy,11/12,01/07/2011,Genoa,AC Milan,€7.00m,€20.30m,7000000,20300000
Daryl Janmaat,16/17,23/08/2016,Newcastle,Watford,€7.50m,€8.90m,7500000,8900000
Daryl Janmaat,14/15,17/07/2014,Feyenoord,Newcastle,€5.00m,€6.00m,5000000,6000000
Daryl Janmaat,08/09,01/07/2008,ADO Den Haag,Heerenveen,€450k,€1.80m,450000,1800000
Mark Noble,,,,,,,0,0
Diego Carlos,24/25,23/01/2025,Aston Villa,Fenerbahçe,€11.00m,€11.47m,11000000,11470000
Diego Carlos,22/23,01/07/2022,Sevilla FC,Aston Villa,€40.00m,€31.00m,40000000,31000000
Diego Carlos,19/20,01/07/2019,FC Nantes,Sevilla FC,€13.00m,€15.00m,13000000,15000000
Diego Carlos,16/17,01/07/2016,Estoril,FC Nantes,€1.00m,€1.30m,1000000,1300000
Paco Alcácer,19/20,30/01/2020,Dortmund,Villarreal,€42.00m,€25.00m,42000000,25000000
Paco Alcácer,19/20,01/07/2019,Barcelona,Dortmund,€37.00m,€21.00m,37000000,21000000
Paco Alcácer,16/17,30/08/2016,Valencia,Barcelona,€25.00m,€30.00m,25000000,30000000
Clément Lenglet,18/19,12/07/2018,Sevilla FC,Barcelona,€36.00m,€35.90m,36000000,35900000
Clément Lenglet,16/17,04/01/2017,AS Nancy,Sevilla FC,€2.50m,€5.40m,2500000,5400000
Michail Antonio,15/16,01/09/2015,Nott'm Forest,West Ham,€2.50m,€9.50m,2500000,9500000
Michail Antonio,14/15,06/08/2014,Sheff Wed,Nott'm Forest,€1.50m,€1.90m,1500000,1900000
Michail Antonio,12/13,06/08/2012,Reading,Sheff Wed,€250k,€900k,250000,900000
Yunis Abdelhamid,,,,,,,0,0
Loris Benito,22/23,04/07/2022,FC Sion,Young Boys,€800k,€800k,800000,800000
Loris Benito,15/16,01/07/2015,Benfica,Young Boys,€2.50m,€3.00m,2500000,3000000
Loris Benito,14/15,08/07/2014,FC Zürich,Benfica,€2.25m,€3.00m,2250000,3000000
Patrick van Aanholt,16/17,30/01/2017,Sunderland,Crystal Palace,€6.00m,€10.50m,6000000,10500000
Patrick van Aanholt,14/15,25/07/2014,Chelsea,Sunderland,€3.50m,€1.90m,3500000,1900000
Patrick van Aanholt,07/08,01/07/2007,PSV U17,Chelsea U18,-,€300k,0,300000
Musa Barrow,23/24,04/09/2023,Bologna,Al-Taawoun,€11.00m,€6.00m,11000000,6000000
Musa Barrow,21/22,01/07/2021,Atalanta,Bologna,€20.00m,€14.34m,20000000,14340000
Musa Barrow,16/17,01/02/2017,Hawks FC,Atalanta U19,-,€200k,0,200000
Salva Sevilla,,,,,,,0,0
Benjamin Hübner,16/17,01/07/2016,FC Ingolstadt,Hoffenheim,€2.25m,€800k,2250000,800000
Florian Kainz,18/19,18/01/2019,Werder Bremen,1.FC Köln,€4.00m,€3.00m,4000000,3000000
Florian Kainz,16/17,01/07/2016,Rapid Vienna,Werder Bremen,€4.50m,€3.50m,4500000,3500000
Florian Kainz,14/15,22/07/2014,Sturm Graz,Rapid Vienna,€900k,€350k,900000,350000
Gary Cahill,11/12,16/01/2012,Bolton,Chelsea,€13.00m,€8.40m,13000000,8400000
Gary Cahill,07/08,30/01/2008,Aston Villa,Bolton,€2.00m,€6.00m,2000000,6000000
Ahmed Elmohamady,17/18,19/07/2017,Hull City,Aston Villa,€4.00m,€1.10m,4000000,1100000
Ahmed Elmohamady,13/14,01/07/2013,Sunderland,Hull City,€2.50m,€2.30m,2500000,2300000
Ahmed Elmohamady,11/12,01/07/2011,Enppi SC,Sunderland,€4.00m,€2.50m,4000000,2500000
Sacha Boey,23/24,28/01/2024,Galatasaray,Bayern Munich,€22.00m,€30.00m,22000000,30000000
Sacha Boey,21/22,26/07/2021,Stade Rennais,Galatasaray,€2.50m,€5.65m,2500000,5650000
Zeki Çelik,22/23,05/07/2022,Lille,Roma,€18.00m,€7.40m,18000000,7400000
Zeki Çelik,18/19,07/07/2018,Istanbulspor,Lille,€800k,€2.50m,800000,2500000
Zeki Çelik,16/17,25/08/2016,Bursaspor,Istanbulspor,€100k,€1.25m,100000,1250000
Sergi Roberto,,,,,,,0,0
Lucas Castro,20/21,01/09/2020,Cagliari,SPAL,€2.20m,€3.00m,2200000,3000000
Lucas Castro,18/19,01/07/2018,Chievo Verona,Cagliari,€7.00m,€5.90m,7000000,5900000
Lucas Castro,15/16,01/07/2015,Catania,Chievo Verona,€2.80m,€3.50m,2800000,3500000
Lucas Castro,12/13,20/07/2012,Racing Club,Catania,€2.20m,€2.00m,2200000,2000000
Lucas Castro,11/12,03/08/2011,Gimnasia,Racing Club,€900k,€2.50m,900000,2500000
Manu Trigueros,10/11,01/07/2010,Murcia Imperial,FC Villarreal C,-,€100k,0,100000
Daniele Baselli,15/16,10/07/2015,Atalanta,Torino,€3.80m,€6.00m,3800000,6000000
Daniele Baselli,13/14,01/07/2013,Cittadella,Atalanta,€900k,€800k,900000,800000
Álex Moreno,22/23,11/01/2023,Real Betis,Aston Villa,€20.00m,€13.50m,20000000,13500000
Álex Moreno,19/20,21/08/2019,Rayo Vallecano,Real Betis,€12.00m,€9.70m,12000000,9700000
João Félix,25/26,29/07/2025,Chelsea,Al-Nassr,€20.00m,€30.00m,20000000,30000000
João Félix,24/25,21/08/2024,Atlético,Chelsea,€30.00m,€52.00m,30000000,52000000
João Félix,19/20,03/07/2019,Benfica,Atlético,€70.00m,€127.20m,70000000,127200000
Florent Mollet,22/23,17/01/2023,FC Schalke 04,FC Nantes,€2.50m,€1.50m,2500000,1500000
Florent Mollet,22/23,01/07/2022,Montpellier,FC Schalke 04,€6.00m,€500k,6000000,500000
Florent Mollet,18/19,11/07/2018,FC Metz,Montpellier,€1.25m,€2.60m,1250000,2600000
Kenny Tete,20/21,10/09/2020,Lyon,Fulham,€5.50m,€3.20m,5500000,3200000
Kenny Tete,17/18,10/07/2017,Ajax,Lyon,€5.50m,€4.00m,5500000,4000000
Quincy Promes,20/21,24/02/2021,Ajax,Spartak Moscow,€15.00m,€8.50m,15000000,8500000
Quincy Promes,19/20,01/07/2019,Sevilla FC,Ajax,€18.00m,€15.70m,18000000,15700000
Quincy Promes,18/19,31/08/2018,Spartak Moscow,Sevilla FC,€24.00m,€21.00m,24000000,21000000
Quincy Promes,14/15,08/08/2014,FC Twente,Spartak Moscow,€3.00m,€11.50m,3000000,11500000
Andrea Bertolacci,21/22,12/01/2022,Karagümrük,Kayserispor,€2.80m,€1.00m,2800000,1000000
Andrea Bertolacci,15/16,02/07/2015,Roma,AC Milan,€15.00m,€21.00m,15000000,21000000
Andrea Bertolacci,15/16,01/07/2015,Genoa,Roma,€15.00m,€8.50m,15000000,8500000
Andrea Bertolacci,12/13,19/07/2012,Roma,Genoa,€2.50m,€1.20m,2500000,1200000
David Luiz,19/20,09/08/2019,Chelsea,Arsenal,€20.00m,€8.70m,20000000,8700000
David Luiz,16/17,31/08/2016,PSG,Chelsea,€28.00m,€35.00m,28000000,35000000
David Luiz,14/15,01/07/2014,Chelsea,PSG,€26.00m,€49.50m,26000000,49500000
David Luiz,10/11,31/01/2011,Benfica,Chelsea,€14.00m,€25.00m,14000000,25000000
David Luiz,07/08,01/07/2007,EC Vitória,Benfica,€1.50m,€500k,1500000,500000
Gastón Ramírez,17/18,04/08/2017,Middlesbrough,Sampdoria,€6.00m,€6.30m,6000000,6300000
Gastón Ramírez,12/13,31/08/2012,Bologna,Southampton,€13.50m,€15.20m,13500000,15200000
Gastón Ramírez,10/11,25/08/2010,Peñarol,Bologna,€700k,€3.36m,700000,3360000
James McCarthy,19/20,08/08/2019,Everton,Crystal Palace,€5.00m,€3.30m,5000000,3300000
James McCarthy,13/14,02/09/2013,Wigan,Everton,€7.50m,€15.30m,7500000,15300000
James McCarthy,09/10,16/07/2009,Hamilton Acad.,Wigan,€1.25m,€5.10m,1250000,5100000
Nélson Semedo,20/21,23/09/2020,Barcelona,Wolves,€40.00m,€32.00m,40000000,32000000
Nélson Semedo,17/18,14/07/2017,Benfica,Barcelona,€20.00m,€35.70m,20000000,35700000
Sebastian Rudy,18/19,27/08/2018,Bayern Munich,FC Schalke 04,€15.00m,€16.00m,15000000,16000000
Sebastian Rudy,10/11,24/08/2010,Stuttgart,Hoffenheim,€1.50m,€4.00m,1500000,4000000
Aaron Mooy,20/21,01/09/2020,Brighton,SH Port,€9.50m,€4.50m,9500000,4500000
Aaron Mooy,19/20,24/01/2020,Huddersfield,Brighton,€12.00m,€3.30m,12000000,3300000
Aaron Mooy,17/18,01/07/2017,Man City,Huddersfield,€5.00m,€9.10m,5000000,9100000
Kévin N'Doram,20/21,01/07/2020,Monaco,FC Metz,€2.80m,€4.50m,2800000,4500000
Fabian Lustenberger,07/08,10/08/2007,FC Luzern,Hertha BSC,€600k,€1.50m,600000,1500000
Lasse Schöne,19/20,09/08/2019,Ajax,Genoa,€3.00m,€1.50m,3000000,1500000
Lasse Schöne,08/09,01/07/2008,De Graafschap,NEC Nijmegen,€1.20m,€360k,1200000,360000
Malo Gusto,22/23,29/01/2023,Lyon,Chelsea,€15.00m,€30.00m,15000000,30000000
Philipp Bargfrede,,,,,,,0,0
Jamie Vardy,12/13,01/07/2012,Fleetwood,Leicester,€100k,€1.24m,100000,1240000
Jamie Vardy,11/12,26/08/2011,Halifax Town,Fleetwood,-,€170k,0,170000
Jamie Vardy,10/11,01/07/2010,Stocksbridge,Halifax Town,-,€18k,0,18000
Iván Marcone,22/23,18/06/2022,Elche CF,Independiente,€2.00m,€1.90m,2000000,1900000
Iván Marcone,21/22,01/07/2021,Boca Juniors,Elche CF,€3.00m,€4.00m,3000000,4000000
Iván Marcone,18/19,18/01/2019,CD Cruz Azul,Boca Juniors,€4.50m,€7.50m,4500000,7500000
Iván Marcone,18/19,01/07/2018,Lanús,CD Cruz Azul,€5.00m,€4.25m,5000000,4250000
Iván Marcone,16/17,01/07/2016,Arsenal Sarandí,Lanús,€1.50m,€1.00m,1500000,1000000
Beñat Etxebarria,13/14,01/07/2013,Real Betis,Athletic Club,€12.00m,€8.00m,12000000,8000000
Dennis Praet,19/20,08/08/2019,Sampdoria,Leicester,€24.00m,€19.20m,24000000,19200000
Dennis Praet,16/17,24/08/2016,RSC Anderlecht,Sampdoria,€9.00m,€8.00m,9000000,8000000
Dennis Praet,10/11,01/07/2010,KRC Genk U17,Anderlecht U19,-,€650k,0,650000
Lucas Paquetá,25/26,28/01/2026,West Ham,Flamengo,€35.00m,€42.00m,35000000,42000000
Lucas Paquetá,22/23,29/08/2022,Lyon,West Ham,€35.00m,€42.95m,35000000,42950000
Lucas Paquetá,20/21,30/09/2020,AC Milan,Lyon,€20.00m,€23.00m,20000000,23000000
Lucas Paquetá,18/19,03/01/2019,Flamengo,AC Milan,€15.00m,€38.40m,15000000,38400000
Yassine Benzia,19/20,30/01/2020,Lille,Dijon,€1.00m,€1.50m,1000000,1500000
Yassine Benzia,15/16,31/08/2015,Lyon,Lille,€2.00m,€1.00m,2000000,1000000
Eduardo Camavinga,21/22,31/08/2021,Stade Rennais,Real Madrid,€55.00m,€31.00m,55000000,31000000
Christopher Lenz,23/24,30/08/2023,Frankfurt,Leipzig,€2.50m,€1.00m,2500000,1000000
Xavier Chavalerin,21/22,29/08/2021,Stade Reims,Troyes,€4.00m,€1.00m,4000000,1000000
Theo Hernández,25/26,10/07/2025,AC Milan,Al-Hilal,€35.00m,€25.00m,35000000,25000000
Theo Hernández,19/20,06/07/2019,Real Madrid,AC Milan,€15.00m,€22.80m,15000000,22800000
Theo Hernández,17/18,05/07/2017,Atlético,Real Madrid,€15.00m,€24.00m,15000000,24000000
José Luis Gayà,,,,,,,0,0
Brandon Williams,,,,,,,0,0
Mario Hermoso,19/20,18/07/2019,Espanyol,Atlético,€25.00m,€25.00m,25000000,25000000
Mario Hermoso,17/18,12/07/2017,RM Castilla,Espanyol,€400k,€12.50m,400000,12500000
Julien Laporte,19/20,08/07/2019,Clermont Foot,FC Lorient,€800k,€1.20m,800000,1200000
Ludovic Baal,,,,,,,0,0
Ridle Baku,24/25,10/01/2025,Wolfsburg,Leipzig,€7.00m,€4.50m,7000000,4500000
Ridle Baku,20/21,01/10/2020,Mainz,Wolfsburg,€7.00m,€10.00m,7000000,10000000
Benjamin Henrichs,21/22,01/07/2021,Monaco,Leipzig,€12.00m,€15.00m,12000000,15000000
Benjamin Henrichs,18/19,28/08/2018,Leverkusen,Monaco,€12.00m,€20.00m,12000000,20000000
Scott Malone,17/18,05/07/2017,Fulham,Huddersfield,€750k,€3.90m,750000,3900000
Scott Malone,14/15,07/01/2015,Millwall,Cardiff,€500k,€128k,500000,128000
Scott Malone,12/13,01/07/2012,Bournemouth,Millwall,€750k,€940k,750000,940000
Scott Malone,11/12,01/07/2011,Wolves,Bournemouth,€100k,€180k,100000,180000
Jacopo Petriccione,23/24,25/01/2024,Crotone,Catanzaro,€600k,€150k,600000,150000
Jacopo Petriccione,20/21,01/10/2020,Lecce,Crotone,€3.00m,€1.50m,3000000,1500000
Jacopo Petriccione,17/18,31/08/2017,Fiorentina,Bari,€300k,€1.00m,300000,1000000
Weston McKennie,21/22,01/07/2021,FC Schalke 04,Juventus,€25.00m,€21.90m,25000000,21900000
Federico Chiesa,24/25,29/08/2024,Juventus,Liverpool,€35.00m,€12.00m,35000000,12000000
Federico Chiesa,22/23,01/07/2022,Fiorentina,Juventus,€65.00m,€44.60m,65000000,44600000
Christian Pulisic,23/24,13/07/2023,Chelsea,AC Milan,€25.00m,€20.80m,25000000,20800000
Christian Pulisic,18/19,02/01/2019,Dortmund,Chelsea,€50.00m,€64.00m,50000000,64000000
Sandro Tonali,23/24,03/07/2023,AC Milan,Newcastle,€50.00m,€60.80m,50000000,60800000
Sandro Tonali,21/22,08/07/2021,Brescia,AC Milan,€27.00m,€14.28m,27000000,14280000
Javier Pastore,18/19,01/07/2018,PSG,Roma,€15.00m,€24.70m,15000000,24700000
Javier Pastore,11/12,06/08/2011,US Palermo,PSG,€21.00m,€42.00m,21000000,42000000
Javier Pastore,09/10,11/07/2009,Huracán,US Palermo,€3.00m,€7.00m,3000000,7000000
Javier Pastore,07/08,01/07/2007,CA Talleres,Huracán,-,€400k,0,400000
Lucas Torró,20/21,04/08/2020,Frankfurt,CA Osasuna,€2.40m,€2.00m,2400000,2000000
Lucas Torró,18/19,05/07/2018,Real Madrid,Frankfurt,€800k,€3.50m,800000,3500000
Lucas Torró,18/19,01/07/2018,CA Osasuna,Real Madrid,€800k,€1.75m,800000,1750000
Lucas Torró,12/13,01/08/2012,Alcoyano U19,Real Madrid U19,-,€100k,0,100000
Hiroki Sakai,21/22,12/07/2021,Marseille,Urawa Reds,€4.00m,€1.50m,4000000,1500000
Hiroki Sakai,12/13,01/07/2012,Kashiwa Reysol,Hannover 96,€2.00m,€1.20m,2000000,1200000
Pierre Kunde,21/22,01/07/2021,Mainz,Olympiacos,€3.50m,€1.80m,3500000,1800000
Pierre Kunde,18/19,06/07/2018,Atl. Madrileño,Mainz,€2.00m,€7.50m,2000000,7500000
Charles Traore,18/19,31/08/2018,Troyes,FC Nantes,€2.00m,€500k,2000000,500000
Juninho Bacuna,21/22,19/08/2021,Huddersfield,Rangers,€5.00m,€2.30m,5000000,2300000
Juninho Bacuna,18/19,01/07/2018,FC Groningen,Huddersfield,€1.50m,€2.50m,1500000,2500000
Luan Peres Petroni,22/23,29/07/2022,Marseille,Fenerbahçe,€7.00m,€5.23m,7000000,5230000
Luan Peres Petroni,21/22,14/07/2021,Santos,Marseille,€2.00m,€4.50m,2000000,4500000
Luan Peres Petroni,20/21,12/02/2021,Club Brugge,Santos,€1.50m,€2.80m,1500000,2800000
Luan Peres Petroni,18/19,01/07/2018,Ituano,Club Brugge,€700k,€500k,700000,500000
Vitorino Hilton,,,,,,,0,0
John McGinn,18/19,08/08/2018,Hibernian FC,Aston Villa,€1.75m,€3.10m,1750000,3100000
John McGinn,15/16,31/07/2015,St. Mirren,Hibernian FC,€450k,€1.16m,450000,1160000
Francesco Caputo,23/24,01/07/2023,Sampdoria,FC Empoli,€1.50m,€1.50m,1500000,1500000
Francesco Caputo,22/23,01/07/2022,Sassuolo,Sampdoria,€2.50m,€4.00m,2500000,4000000
Francesco Caputo,19/20,13/07/2019,FC Empoli,Sassuolo,€4.00m,€7.75m,4000000,7750000
Francesco Caputo,17/18,18/08/2017,Virtus Entella,FC Empoli,€1.40m,€3.00m,1400000,3000000
Francesco Caputo,16/17,01/07/2016,Bari,Virtus Entella,€1.20m,€250k,1200000,250000
Mark Uth,15/16,02/07/2015,Heerenveen,Hoffenheim,€2.50m,€2.20m,2500000,2200000
Mirko Valdifiori,18/19,16/08/2018,Torino,SPAL,€1.00m,€1.00m,1000000,1000000
Mirko Valdifiori,16/17,31/08/2016,Napoli,Torino,€4.00m,€3.40m,4000000,3400000
Mirko Valdifiori,15/16,01/07/2015,FC Empoli,Napoli,€6.00m,€5.50m,6000000,5500000
Matt Doherty,20/21,30/08/2020,Wolves,Tottenham,€16.00m,€16.80m,16000000,16800000
Matt Doherty,10/11,22/08/2010,Bohemians,Wolves,-,€90k,0,90000
Nadiem Amiri,23/24,31/01/2024,Leverkusen,Mainz,€4.00m,€1.00m,4000000,1000000
Nadiem Amiri,19/20,30/07/2019,Hoffenheim,Leverkusen,€17.00m,€10.50m,17000000,10500000
Anaitz Arbilla,16/17,30/08/2016,Espanyol,SD Eibar,€1.50m,€700k,1500000,700000
Anaitz Arbilla,14/15,01/07/2014,Rayo Vallecano,Espanyol,€1.00m,€300k,1000000,300000
Anaitz Arbilla,11/12,01/07/2011,UD Salamanca,Hércules CF,€500k,€200k,500000,200000
Jordan Amavi,18/19,01/07/2018,Aston Villa,Marseille,€16.00m,€10.00m,16000000,10000000
Jordan Amavi,15/16,18/07/2015,Nice,Aston Villa,€4.00m,€11.00m,4000000,11000000
Mathieu Debuchy,14/15,17/07/2014,Newcastle,Arsenal,€10.00m,€15.00m,10000000,15000000
Mathieu Debuchy,12/13,04/01/2013,Lille,Newcastle,€15.00m,€6.20m,15000000,6200000
William Saliba,19/20,25/07/2019,Saint-Étienne,Arsenal,€12.00m,€30.00m,12000000,30000000
Milan Škriniar,25/26,30/07/2025,PSG,Fenerbahçe,€15.00m,€6.00m,15000000,6000000
Milan Škriniar,17/18,07/07/2017,Sampdoria,Inter,€7.00m,€34.00m,7000000,34000000
Milan Škriniar,15/16,29/01/2016,MSK Zilina,Sampdoria,€600k,€5.20m,600000,5200000
Federico Valverde,16/17,22/07/2016,Peñarol,RM Castilla,€450k,€5.00m,450000,5000000
Kaan Ayhan,23/24,01/07/2023,Sassuolo,Galatasaray,€3.70m,€2.80m,3700000,2800000
Kaan Ayhan,20/21,01/09/2020,F. Düsseldorf,Sassuolo,€7.00m,€2.66m,7000000,2660000
Kaan Ayhan,16/17,31/08/2016,FC Schalke 04,F. Düsseldorf,€2.00m,€500k,2000000,500000
Moussa Dembélé,18/19,31/08/2018,Celtic,Lyon,€7.00m,€22.00m,7000000,22000000
Moussa Dembélé,12/13,15/07/2012,Paris SG U17,Fulham U18,-,€360k,0,360000
Riccardo Orsolini,19/20,01/07/2019,Juventus,Bologna,€15.00m,€15.00m,15000000,15000000
Riccardo Orsolini,16/17,30/01/2017,Ascoli,Juventus,€1.50m,€6.00m,1500000,6000000
Bartosz Bereszyński,16/17,03/01/2017,Legia Warszawa,Sampdoria,€1.50m,€1.80m,1500000,1800000
Bartosz Bereszyński,12/13,23/01/2013,Lech Poznan,Legia Warszawa,€100k,€100k,100000,100000
Toby Alderweireld,22/23,15/07/2022,Al-Duhail SC,Royal Antwerp,€7.00m,€4.00m,7000000,4000000
Toby Alderweireld,21/22,27/07/2021,Tottenham,Al-Duhail SC,€11.00m,€13.00m,11000000,13000000
Toby Alderweireld,15/16,08/07/2015,Atlético,Tottenham,€15.00m,€16.00m,15000000,16000000
Toby Alderweireld,13/14,02/09/2013,Ajax,Atlético,€10.00m,€7.00m,10000000,7000000
Sergi Gómez,21/22,28/07/2021,Sevilla FC,Espanyol,€3.00m,€1.00m,3000000,1000000
Sergi Gómez,18/19,25/07/2018,Celta de Vigo,Sevilla FC,€5.00m,€5.50m,5000000,5500000
Sergi Gómez,14/15,01/07/2014,Barcelona B,Celta de Vigo,€1.00m,€100k,1000000,100000
Robin Koch,20/21,29/08/2020,Freiburg,Leeds,€17.00m,€13.00m,17000000,13000000
Robin Koch,17/18,22/08/2017,1.FC K'lautern,Freiburg,€800k,€3.50m,800000,3500000
Atakan Karazor,19/20,01/07/2019,Holstein Kiel,Stuttgart,€1.00m,€800k,1000000,800000
Christopher Trimmel,,,,,,,0,0
Aleksandr Golovin,18/19,27/07/2018,CSKA Moscow,Monaco,€25.00m,€30.00m,25000000,30000000
Jorge,84/85,01/07/1984,Real Zaragoza,Real Madrid,-,€120k,0,120000
Jorge,79/80,01/07/1979,Alavés,Real Zaragoza,-,€105k,0,105000
Jorge,75/76,01/07/1975,Newell's,Alavés,-,€36k,0,36000
Matheus Pereira,24/25,01/07/2024,Al-Hilal,Cruzeiro,€7.00m,€5.00m,7000000,5000000
Matheus Pereira,21/22,06/08/2021,West Brom,Al-Hilal,€15.00m,€18.00m,15000000,18000000
Matheus Pereira,20/21,17/08/2020,Sporting,West Brom,€9.50m,€8.25m,9500000,8250000
Conor Townsend,24/25,01/08/2024,West Brom,Ipswich,€1.50m,€590k,1500000,590000
Conor Townsend,18/19,28/07/2018,Scunthorpe Utd.,West Brom,€200k,€840k,200000,840000
Simon Francis,06/07,01/07/2006,Sheff Utd,Southend United,€50k,€100k,50000,100000
Simon Francis,03/04,01/03/2004,Bradford,Sheff Utd,-,€250k,0,250000
Ronaël Pierre-Gabriel,19/20,01/07/2019,Monaco,Mainz,€4.00m,€5.50m,4000000,5500000
Ronaël Pierre-Gabriel,18/19,09/07/2018,Saint-Étienne,Monaco,€4.00m,€6.00m,4000000,6000000
Juanfran,10/11,11/01/2011,CA Osasuna,Atlético,€6.00m,€4.25m,6000000,4250000
Juanfran,06/07,29/08/2006,Real Madrid,CA Osasuna,€6.00m,€400k,6000000,400000
Lars Stindl,15/16,01/07/2015,Hannover 96,Mönchengladbach,€8.50m,€3.00m,8500000,3000000
Mato Jajalo,11/12,01/07/2011,AC Siena,1.FC Köln,€2.50m,€2.00m,2500000,2000000
Mato Jajalo,09/10,01/07/2009,Slaven Belupo,AC Siena,€1.50m,€2.00m,1500000,2000000
Joel Ward,12/13,01/07/2012,Portsmouth,Crystal Palace,€1.00m,€650k,1000000,650000
Jony,,,,,,,0,0
Ali Adnan Kadhim,19/20,09/07/2019,Udinese,Vancouver,€1.60m,€1.82m,1600000,1820000
Ali Adnan Kadhim,15/16,01/07/2015,C. Rizespor,Udinese,€2.25m,€2.20m,2250000,2200000
Ali Adnan Kadhim,13/14,02/08/2013,A. Baghdad SC,C. Rizespor,€500k,€500k,500000,500000
Amine Gouiri,24/25,31/01/2025,Stade Rennais,Marseille,€20.00m,€19.00m,20000000,19000000
Amine Gouiri,22/23,01/09/2022,Nice,Stade Rennais,€42.00m,€28.00m,42000000,28000000
Amine Gouiri,20/21,01/07/2020,Lyon,Nice,€4.00m,€7.00m,4000000,7000000
Quentin Merlin,25/26,22/07/2025,Marseille,Stade Rennais,€15.00m,€13.00m,15000000,13000000
Quentin Merlin,23/24,26/01/2024,FC Nantes,Marseille,€10.00m,€10.00m,10000000,10000000
Arkadiusz Milik,23/24,01/07/2023,Marseille,Juventus,€8.00m,€7.30m,8000000,7300000
Arkadiusz Milik,22/23,01/07/2022,Napoli,Marseille,€16.00m,€9.70m,16000000,9700000
Arkadiusz Milik,16/17,01/08/2016,Ajax,Napoli,€12.00m,€32.00m,12000000,32000000
Arkadiusz Milik,15/16,01/07/2015,Leverkusen,Ajax,€6.50m,€2.80m,6500000,2800000
Arkadiusz Milik,12/13,01/01/2013,Górnik Zabrze,Leverkusen,€2.50m,€2.60m,2500000,2600000
Arkadiusz Milik,11/12,01/07/2011,Rozwój Katowice,Górnik Zabrze,-,€75k,0,75000
Aymeric Laporte,25/26,01/09/2025,Al-Nassr,Athletic Club,€15.00m,€10.00m,15000000,10000000
Aymeric Laporte,23/24,24/08/2023,Man City,Al-Nassr,€25.00m,€27.50m,25000000,27500000
Aymeric Laporte,17/18,30/01/2018,Athletic Club,Man City,€25.00m,€65.00m,25000000,65000000
Vincent Pajot,20/21,01/07/2020,Angers SCO,FC Metz,€1.60m,€700k,1600000,700000
Vincent Pajot,18/19,01/07/2018,Saint-Étienne,Angers SCO,€2.50m,€1.00m,2500000,1000000
Philipp Max,24/25,05/08/2024,Frankfurt,Panathinaikos,€2.00m,€1.00m,2000000,1000000
Philipp Max,23/24,01/07/2023,PSV,Frankfurt,€3.00m,€2.00m,3000000,2000000
Philipp Max,20/21,02/09/2020,Augsburg,PSV,€15.00m,€10.00m,15000000,10000000
Philipp Max,15/16,04/08/2015,Karlsruher SC,Augsburg,€900k,€3.80m,900000,3800000
Philipp Max,14/15,01/07/2014,Schalke 04 II,Karlsruher SC,€150k,€750k,150000,750000
Simone Missiroli,11/12,01/01/2012,Reggina,Sassuolo,€1.20m,€3.50m,1200000,3500000
David Juncà,,,,,,,0,0
Robin Le Normand,24/25,27/07/2024,Real Sociedad,Atlético,€40.00m,€34.50m,40000000,34500000
Valter Birsa,18/19,09/01/2019,Chievo Verona,Cagliari,€3.00m,€300k,3000000,300000
Valter Birsa,13/14,31/08/2013,Genoa,AC Milan,€1.50m,€3.00m,1500000,3000000
Valter Birsa,09/10,01/07/2009,FC Sochaux,AJ Auxerre,€1.70m,€1.50m,1700000,1500000
Valter Birsa,06/07,10/07/2006,ND Gorica,FC Sochaux,-,€1.30m,0,1300000
Ibrahim Amadou,18/19,01/07/2018,Lille,Sevilla FC,€3.50m,€14.40m,3500000,14400000
Ibrahim Amadou,15/16,16/07/2015,AS Nancy,Lille,€600k,€2.00m,600000,2000000
Kevin Strootman,18/19,28/08/2018,Roma,Marseille,€28.00m,€25.00m,28000000,25000000
Kevin Strootman,13/14,16/07/2013,PSV,Roma,€13.00m,€17.50m,13000000,17500000
Kevin Strootman,11/12,01/07/2011,Utrecht,PSV,€4.00m,€4.50m,4000000,4500000
Kevin Strootman,10/11,01/01/2011,Sparta R.,Utrecht,€1.50m,€700k,1500000,700000
Marco Friedl,19/20,01/07/2019,Bayern Munich,Werder Bremen,€2.50m,€3.50m,2500000,3500000
Jhon Córdoba,21/22,23/07/2021,Hertha BSC,Krasnodar,€15.00m,€20.00m,15000000,20000000
Jhon Córdoba,20/21,15/09/2020,1.FC Köln,Hertha BSC,€12.00m,€15.00m,12000000,15000000
Jhon Córdoba,17/18,01/07/2017,Mainz,1.FC Köln,€7.00m,€17.00m,7000000,17000000
Jhon Córdoba,16/17,01/07/2016,Granada CF,Mainz,€3.50m,€6.50m,3500000,6500000
Jhon Córdoba,14/15,12/08/2014,Chiapas FC,Granada CF,€1.00m,€1.83m,1000000,1830000
Stefan Ilsanker,19/20,31/01/2020,Leipzig,Frankfurt,€3.00m,€500k,3000000,500000
Stefan Ilsanker,15/16,01/07/2015,Salzburg,Leipzig,€1.50m,€3.00m,1500000,3000000
Alessio Romagnoli,15/16,11/08/2015,Roma,AC Milan,€8.50m,€25.00m,8500000,25000000
Sam Byram,19/20,16/07/2019,West Ham,Norwich,€3.50m,€830k,3500000,830000
Sam Byram,15/16,20/01/2016,Leeds,West Ham,€3.50m,€4.80m,3500000,4800000
Daniel Brosinski,14/15,03/07/2014,Greuther Fürth,Mainz,€1.50m,€1.50m,1500000,1500000
Daniel Brosinski,11/12,01/07/2011,Wehen Wiesbaden,MSV Duisburg,€600k,€30k,600000,30000
Andreas Cornelius,22/23,31/08/2022,Trabzonspor,Copenhagen,€9.00m,€6.00m,9000000,6000000
Andreas Cornelius,21/22,10/08/2021,Parma,Trabzonspor,€6.00m,€5.12m,6000000,5120000
Andreas Cornelius,21/22,01/07/2021,Atalanta,Parma,€6.00m,€8.40m,6000000,8400000
Andreas Cornelius,17/18,01/07/2017,Copenhagen,Atalanta,€3.00m,€6.00m,3000000,6000000
Andreas Cornelius,13/14,31/01/2014,Cardiff,Copenhagen,€6.00m,€3.50m,6000000,3500000
Andreas Cornelius,13/14,01/07/2013,Copenhagen,Cardiff,€4.50m,€8.70m,4500000,8700000
Tomás Rincón,18/19,01/07/2018,Juventus,Torino,€8.00m,€5.90m,8000000,5900000
Tomás Rincón,16/17,03/01/2017,Genoa,Juventus,€9.00m,€8.00m,9000000,8000000
Tomás Rincón,09/10,01/01/2010,Táchira,Hamburg,€1.00m,€450k,1000000,450000
Matthias Zimmermann,11/12,01/07/2011,Karlsruher SC,Mönchengladbach,€1.75m,€1.00m,1750000,1000000
Nabil Bentaleb,23/24,28/08/2023,Angers SCO,Lille,€7.00m,€4.50m,7000000,4500000
Nabil Bentaleb,17/18,01/07/2017,Tottenham,FC Schalke 04,€18.00m,€19.00m,18000000,19000000
Simone Verdi,23/24,25/08/2023,Torino,Como,€4.00m,€1.80m,4000000,1800000
Simone Verdi,20/21,01/09/2020,Napoli,Torino,€13.00m,€22.00m,13000000,22000000
Simone Verdi,18/19,01/07/2018,Bologna,Napoli,€25.00m,€24.50m,25000000,24500000
Simone Verdi,16/17,11/07/2016,AC Milan,Bologna,€2.00m,€6.40m,2000000,6400000
Simone Verdi,15/16,01/07/2015,Torino,AC Milan,€3.00m,€450k,3000000,450000
Simone Verdi,11/12,01/07/2011,Milan U19,Torino,€400k,€1.00m,400000,1000000
Valentin Rosier,22/23,01/07/2022,Sporting,Besiktas,€6.00m,€4.80m,6000000,4800000
Valentin Rosier,19/20,01/07/2019,Dijon,Sporting,€8.00m,€5.00m,8000000,5000000
Gleison Bremer,22/23,20/07/2022,Torino,Juventus,€35.00m,€51.30m,35000000,51300000
Gleison Bremer,18/19,10/07/2018,Atlético-MG,Torino,€1.00m,€5.80m,1000000,5800000
Gleison Bremer,16/17,01/01/2017,Desportivo U20,Atlético-MG U20,-,€86k,0,86000
Elseid Hysaj,15/16,02/08/2015,FC Empoli,Napoli,€4.50m,€5.00m,4500000,5000000
Elseid Hysaj,09/10,01/07/2009,Vllaznia U15,Empoli U17,-,€50k,0,50000
Presnel Kimpembe,,,,,,,0,0
Karim Onisiwo,,,,,,,0,0
Erik Pieters,19/20,08/07/2019,Stoke City,Burnley,€5.00m,€1.10m,5000000,1100000
Erik Pieters,13/14,01/07/2013,PSV,Stoke City,€3.50m,€3.60m,3500000,3600000
Erik Pieters,08/09,01/07/2008,Utrecht,PSV,€1.25m,€2.50m,1250000,2500000
Cristián Zapata,13/14,01/07/2013,Villarreal,AC Milan,€6.00m,€10.00m,6000000,10000000
Cristián Zapata,11/12,12/07/2011,Udinese,Villarreal,€9.00m,€9.00m,9000000,9000000
Cristián Zapata,05/06,31/08/2005,Deportivo Cali,Udinese,-,€500k,0,500000
Xaver Schlager,22/23,01/07/2022,Wolfsburg,Leipzig,€27.00m,€12.00m,27000000,12000000
Xaver Schlager,19/20,01/07/2019,Salzburg,Wolfsburg,€15.00m,€12.00m,15000000,12000000
Lebogang Phiri,17/18,01/07/2017,Bröndby IF,Guingamp,€1.50m,€225k,1500000,225000
Jonathan Martins Pereira,,,,,,,0,0
Denis Suárez,19/20,01/07/2019,Barcelona,Celta de Vigo,€12.00m,€12.90m,12000000,12900000
Denis Suárez,16/17,04/07/2016,Villarreal,Barcelona,€12.00m,€3.25m,12000000,3250000
Denis Suárez,15/16,29/08/2015,Barcelona,Villarreal,€12.00m,€4.00m,12000000,4000000
Denis Suárez,13/14,22/08/2013,Man City U21,Barcelona B,€1.00m,€1.50m,1000000,1500000
Denis Suárez,11/12,01/07/2011,Celta U19,Man City U18,-,€1.00m,0,1000000
Kevin Vogt,16/17,01/07/2016,1.FC Köln,Hoffenheim,€4.00m,€3.00m,4000000,3000000
Kevin Vogt,14/15,01/07/2014,Augsburg,1.FC Köln,€1.75m,€1.80m,1750000,1800000
Kevin Vogt,12/13,01/07/2012,VfL Bochum,Augsburg,€1.00m,€600k,1000000,600000
Marc Muniesa,19/20,19/08/2019,Girona,Al-Arabi SC,€3.00m,€1.20m,3000000,1200000
Marc Muniesa,18/19,01/07/2018,Stoke City,Girona,€2.50m,€5.00m,2500000,5000000
Pierrick Capelle,,,,,,,0,0
Raphaël Varane,21/22,14/08/2021,Real Madrid,Man Utd,€70.00m,€40.00m,70000000,40000000
Raphaël Varane,11/12,01/07/2011,Lens,Real Madrid,€4.00m,€11.00m,4000000,11000000
Lucien Agoume,24/25,06/08/2024,Inter,Sevilla FC,€6.00m,€8.00m,6000000,8000000
Lucien Agoume,19/20,05/07/2019,FC Sochaux,Inter,€3.50m,€4.50m,3500000,4500000
Mehdi Abeid,20/21,29/01/2021,FC Nantes,Al-Nasr,€2.50m,€1.50m,2500000,1500000
Mehdi Abeid,16/17,31/08/2016,Panathinaikos,Dijon,€1.75m,€250k,1750000,250000
Mehdi Abeid,15/16,21/08/2015,Newcastle,Panathinaikos,€2.00m,€600k,2000000,600000
Jaume Costa,,,,,,,0,0
Rodrigo Becão,23/24,20/07/2023,Udinese,Fenerbahçe,€10.00m,€8.31m,10000000,8310000
Rodrigo Becão,19/20,06/07/2019,EC Bahia,Udinese,€7.00m,€2.85m,7000000,2850000
Malang Sarr,,,,,,,0,0
Robert Andrich,21/22,16/08/2021,Union Berlin,Leverkusen,€7.00m,€6.50m,7000000,6500000
Robert Andrich,19/20,01/07/2019,Heidenheim,Union Berlin,€600k,€3.15m,600000,3150000
Arthur Theate,24/25,02/02/2025,Stade Rennais,Frankfurt,€20.00m,€13.00m,20000000,13000000
Arthur Theate,22/23,29/07/2022,Bologna,Stade Rennais,€15.00m,€19.00m,15000000,19000000
Arthur Theate,22/23,01/07/2022,KV Oostende,Bologna,€15.00m,€6.75m,15000000,6750000
Vukašin Jovanović,17/18,14/07/2017,Zenit S-Pb,G. Bordeaux,€1.00m,€3.00m,1000000,3000000
Vukašin Jovanović,15/16,20/02/2016,Red Star,Zenit S-Pb,€1.00m,€2.00m,1000000,2000000
Kevin Danso,25/26,01/07/2025,Lens,Tottenham,€25.00m,€25.00m,25000000,25000000
Kevin Danso,21/22,06/08/2021,Augsburg,Lens,€5.00m,€8.00m,5000000,8000000
Giorgio Altare,24/25,01/07/2024,Cagliari,Venezia,€2.00m,€1.50m,2000000,1500000
Giorgio Altare,21/22,18/07/2021,Genoa,Cagliari,€175k,€1.00m,175000,1000000
Oier Sanjurjo,,,,,,,0,0
Wahbi Khazri,18/19,17/07/2018,Sunderland,Saint-Étienne,€10.00m,€7.00m,10000000,7000000
Wahbi Khazri,15/16,30/01/2016,G. Bordeaux,Sunderland,€7.50m,€11.80m,7500000,11800000
Wahbi Khazri,14/15,01/07/2014,SC Bastia,G. Bordeaux,€5.00m,€2.00m,5000000,2000000
Pablo Hervías,22/23,01/01/2023,Málaga CF,Bolívar,€600k,€50k,600000,50000
Pablo Hervías,19/20,01/07/2019,SD Eibar,Real Valladolid,€700k,€1.00m,700000,1000000
Damián Suárez,11/12,01/07/2011,Defensor SC,Sporting Gijón,€450k,€500k,450000,500000
Gil Bastião Dias,24/25,02/07/2024,Stuttgart,Famalicão,€900k,€920k,900000,920000
Gil Bastião Dias,22/23,30/01/2023,Benfica,Stuttgart,€2.00m,€1.00m,2000000,1000000
Gil Bastião Dias,21/22,01/07/2021,Monaco,Benfica,€3.00m,€1.50m,3000000,1500000
Gil Bastião Dias,15/16,01/07/2015,Braga B,Monaco,-,€5.00m,0,5000000
Ibrahima Diallo,20/21,04/10/2020,Stade Brestois,Southampton,€15.00m,€12.00m,15000000,12000000
Ibrahima Diallo,19/20,08/07/2019,Monaco,Stade Brestois,€2.50m,€2.00m,2500000,2000000
Andrés Iniesta,,,,,,,0,0
Abdoulaye Ba,,,,,,,0,0
Sergio Reguilón,20/21,19/09/2020,Real Madrid,Tottenham,€25.00m,€30.00m,25000000,30000000
Mathieu Deplagne,,,,,,,0,0
Igor Zubeldia,,,,,,,0,0
Filip Bradarić,21/22,01/07/2021,Cagliari,Al-Ahli,€2.70m,€2.00m,2700000,2000000
Filip Bradarić,18/19,19/01/2019,HNK Rijeka,Cagliari,€5.00m,€5.90m,5000000,5900000
Filip Bradarić,14/15,02/02/2015,Hajduk Split,HNK Rijeka,€600k,€300k,600000,300000
Alexander Tettey,12/13,24/08/2012,Stade Rennais,Norwich,€2.25m,€1.50m,2250000,1500000
Alexander Tettey,09/10,01/08/2009,Rosenborg BK,Stade Rennais,€3.00m,€3.50m,3000000,3500000
Alberto Grassi,25/26,19/07/2025,FC Empoli,Cremonese,€1.80m,€1.00m,1800000,1000000
Alberto Grassi,20/21,01/09/2020,Napoli,Parma,€5.50m,€8.45m,5500000,8450000
Alberto Grassi,15/16,27/01/2016,Atalanta,Napoli,€2.00m,€8.00m,2000000,8000000
Paulo Otávio,19/20,01/07/2019,FC Ingolstadt,Wolfsburg,€1.00m,€1.10m,1000000,1100000
Paulo Otávio,17/18,24/07/2017,LASK,FC Ingolstadt,€500k,€1.35m,500000,1350000
Miha Zajc,18/19,31/01/2019,FC Empoli,Fenerbahçe,€6.00m,€3.50m,6000000,3500000
Miha Zajc,16/17,25/01/2017,NK Olimpija,FC Empoli,€800k,€2.30m,800000,2300000
Miha Zajc,14/15,08/08/2014,NK Bravo,NK Olimpija,€400k,€400k,400000,400000
Yerry Mina,23/24,01/02/2024,Fiorentina,Cagliari,€5.00m,€500k,5000000,500000
Yerry Mina,18/19,09/08/2018,Barcelona,Everton,€20.00m,€30.25m,20000000,30250000
Yerry Mina,17/18,11/01/2018,Palmeiras,Barcelona,€9.00m,€12.40m,9000000,12400000
Yerry Mina,15/16,01/05/2016,Indep. Santa Fe,Palmeiras,€650k,€3.20m,650000,3200000
Xherdan Shaqiri,21/22,09/02/2022,Lyon,Chicago,€8.00m,€7.00m,8000000,7000000
Xherdan Shaqiri,21/22,23/08/2021,Liverpool,Lyon,€12.00m,€6.00m,12000000,6000000
Xherdan Shaqiri,18/19,13/07/2018,Stoke City,Liverpool,€18.00m,€14.70m,18000000,14700000
Xherdan Shaqiri,15/16,11/08/2015,Inter,Stoke City,€17.00m,€17.00m,17000000,17000000
Xherdan Shaqiri,15/16,01/07/2015,Bayern Munich,Inter,€17.00m,€15.00m,17000000,15000000
Xherdan Shaqiri,12/13,01/07/2012,Basel,Bayern Munich,€12.50m,€11.80m,12500000,11800000
Pervis Estupiñán,25/26,24/07/2025,Brighton,AC Milan,€30.00m,€17.00m,30000000,17000000
Pervis Estupiñán,22/23,16/08/2022,Villarreal,Brighton,€20.00m,€17.80m,20000000,17800000
Pervis Estupiñán,20/21,16/09/2020,Watford,Villarreal,€15.00m,€16.40m,15000000,16399999
Pervis Estupiñán,16/17,01/07/2016,LDU Quito,Udinese,€600k,€500k,600000,500000
Igor,24/25,01/07/2024,Club Brugge,Brentford,€25.00m,€33.00m,25000000,33000000
Igor,23/24,01/07/2023,Ludogorets,Club Brugge,€4.00m,€11.00m,4000000,11000000
Igor,21/22,28/02/2022,Cruzeiro,Ludogorets,€400k,€1.32m,400000,1320000
Fabio Quagliarella,16/17,01/07/2016,Torino,Sampdoria,€3.00m,€2.75m,3000000,2750000
Fabio Quagliarella,14/15,18/07/2014,Juventus,Torino,€6.00m,€3.50m,6000000,3500000
Fabio Quagliarella,11/12,01/07/2011,Napoli,Juventus,€17.50m,€10.50m,17500000,10500000
Fabio Quagliarella,09/10,01/07/2009,Udinese,Napoli,€14.00m,€18.00m,14000000,18000000
Fabio Quagliarella,07/08,01/07/2007,Sampdoria,Udinese,€10.50m,€7.30m,10500000,7300000
Fabio Quagliarella,06/07,01/07/2006,Udinese,Sampdoria,€1.80m,€1.50m,1800000,1500000
Obite N'Dicka,,,,,,,0,0
Marko Rog,20/21,01/09/2020,Napoli,Cagliari,€13.00m,€15.00m,13000000,15000000
Marko Rog,17/18,01/07/2017,Dinamo Zagreb,Napoli,€10.00m,€13.50m,10000000,13500000
Marko Rog,15/16,09/07/2015,RNK Split,Dinamo Zagreb,€1.00m,€5.00m,1000000,5000000
Facundo Medina,20/21,02/07/2020,CA Talleres,Lens,€4.50m,€3.50m,4500000,3500000
Facundo Medina,17/18,30/01/2018,River Plate II,CA Talleres,-,€800k,0,800000
Romain Faivre,23/24,13/07/2023,Lyon,Bournemouth,€10.00m,€15.00m,10000000,15000000
Romain Faivre,21/22,31/01/2022,Stade Brestois,Lyon,€15.00m,€15.00m,15000000,15000000
Romain Faivre,20/21,01/07/2020,Monaco B,Stade Brestois,€450k,€400k,450000,400000
Gian Marco Ferrari,16/17,30/08/2016,Crotone,Sassuolo,€1.00m,€4.00m,1000000,4000000
Matteo Politano,21/22,01/07/2021,Inter,Napoli,€30.00m,€22.10m,30000000,22100000
Matteo Politano,19/20,01/07/2019,Sassuolo,Inter,€30.00m,€21.10m,30000000,21100000
Matteo Politano,16/17,01/07/2016,Roma,Sassuolo,€2.50m,€8.10m,2500000,8100000
Matteo Politano,15/16,01/07/2015,Pescara,Roma,€2.00m,€600k,2000000,600000
Matteo Politano,13/14,01/07/2013,Roma,Pescara,€750k,€500k,750000,500000
Pirmin Schwegler,14/15,01/07/2014,Frankfurt,Hoffenheim,€6.00m,€1.90m,6000000,1900000
Pirmin Schwegler,09/10,01/07/2009,Leverkusen,Frankfurt,€1.50m,€500k,1500000,500000
Tammy Abraham,25/26,27/01/2026,Besiktas,Aston Villa,€14.00m,€21.00m,14000000,21000000
Tammy Abraham,25/26,26/01/2026,Roma,Besiktas,€14.00m,€15.00m,14000000,15000000
Tammy Abraham,21/22,17/08/2021,Chelsea,Roma,€38.00m,€41.00m,38000000,41000000
Lukas Lerager,22/23,01/07/2022,Genoa,Copenhagen,€3.00m,€2.00m,3000000,2000000
Lukas Lerager,19/20,01/07/2019,G. Bordeaux,Genoa,€6.00m,€6.00m,6000000,6000000
Lukas Lerager,17/18,01/07/2017,Zulte Waregem,G. Bordeaux,€2.50m,€3.50m,2500000,3500000
Lukas Lerager,16/17,01/07/2016,Viborg FF,Zulte Waregem,€400k,€400k,400000,400000
Ben Chilwell,20/21,26/08/2020,Leicester,Chelsea,€40.00m,€50.20m,40000000,50200000
Haris Belkebla,,,,,,,0,0
Cristian Battocchio,,,,,,,0,0
Ross Barkley,24/25,01/07/2024,Luton,Aston Villa,€8.00m,€5.90m,8000000,5900000
Ross Barkley,17/18,05/01/2018,Everton,Chelsea,€25.00m,€16.80m,25000000,16800000
Rubén Rochina,18/19,01/07/2018,Rubin Kazan,Levante,€1.50m,€1.40m,1500000,1400000
Rubén Rochina,16/17,20/07/2016,Granada CF,Rubin Kazan,€3.00m,€10.00m,3000000,10000000
Rubén Rochina,10/11,01/01/2011,Barcelona B,Blackburn,€500k,€450k,500000,450000
Michael Keane,17/18,03/07/2017,Burnley,Everton,€18.00m,€28.50m,18000000,28500000
Michael Keane,14/15,12/01/2015,Man Utd U21,Burnley,€500k,€2.56m,500000,2560000
Kenny Lala,20/21,01/02/2021,R. Strasbourg,Olympiacos,€9.00m,€500k,9000000,500000
Kenny Lala,11/12,01/07/2011,Paris FC,Valenciennes FC,-,€100k,0,100000
Ashley Westwood,16/17,31/01/2017,Aston Villa,Burnley,€4.00m,€5.80m,4000000,5800000
Ashley Westwood,12/13,31/08/2012,Crewe Alexandra,Aston Villa,-,€2.50m,0,2500000
Luke Thomas,,,,,,,0,0
Nicolas Viola,12/13,31/07/2012,Racing Club,Sporting,€1.40m,€4.00m,1400000,4000000
Carlos Bacca,18/19,17/08/2018,AC Milan,Villarreal,€10.00m,€7.00m,10000000,7000000
Carlos Bacca,15/16,03/07/2015,Sevilla FC,AC Milan,€25.00m,€33.30m,25000000,33299999
Carlos Bacca,13/14,09/07/2013,Club Brugge,Sevilla FC,€8.00m,€10.00m,8000000,10000000
Carlos Bacca,11/12,01/01/2012,Junior FC,Club Brugge,€2.00m,€1.50m,2000000,1500000
Jules Koundé,22/23,28/07/2022,Sevilla FC,Barcelona,€60.00m,€50.00m,60000000,50000000
Jules Koundé,19/20,03/07/2019,G. Bordeaux,Sevilla FC,€15.00m,€35.00m,15000000,35000000
Damien Da Silva,14/15,01/07/2014,Clermont Foot,SM Caen,€300k,€300k,300000,300000
Jean-Philippe Gbamin,19/20,02/08/2019,Mainz,Everton,€28.00m,€25.00m,28000000,25000000
Jean-Philippe Gbamin,16/17,13/07/2016,Lens,Mainz,€2.50m,€5.00m,2500000,5000000
Alexander Hack,23/24,14/08/2023,Mainz,Al-Qadsiah,€2.50m,€1.50m,2500000,1500000
Jetro Willems,17/18,21/07/2017,PSV,Frankfurt,€7.50m,€4.50m,7500000,4500000
Jetro Willems,11/12,31/08/2011,Sparta R.,PSV,€300k,€800k,300000,800000
Sheraldo Becker,26/27,01/07/2026,CA Osasuna,Mainz,€1.50m,€500k,1500000,500000
Sheraldo Becker,23/24,18/01/2024,Union Berlin,Real Sociedad,€12.00m,€3.00m,12000000,3000000
Sheraldo Becker,16/17,21/08/2016,Ajax U21,ADO Den Haag,€800k,€200k,800000,200000
Juan Mata,13/14,24/01/2014,Chelsea,Man Utd,€38.00m,€44.73m,38000000,44730000
Juan Mata,11/12,24/08/2011,Valencia,Chelsea,€26.00m,€26.70m,26000000,26700000
Stanley N'Soki,,,,,,,0,0
Riccardo Montolivo,05/06,01/07/2005,Atalanta,Fiorentina,€5.00m,€5.50m,5000000,5500000
Diogo Jota,20/21,19/09/2020,Wolves,Liverpool,€28.00m,€44.70m,28000000,44700000
Diogo Jota,18/19,01/07/2018,Atlético,Wolves,€12.00m,€14.00m,12000000,14000000
Diogo Jota,16/17,06/07/2016,Paços Ferreira,Atlético,€3.00m,€7.00m,3000000,7000000
Nicola Sansone,19/20,01/07/2019,Villarreal,Bologna,€7.50m,€8.00m,7500000,8000000
Nicola Sansone,16/17,07/08/2016,Sassuolo,Villarreal,€12.00m,€13.00m,12000000,13000000
Nicola Sansone,13/14,21/01/2014,Parma,Sassuolo,€5.00m,€8.25m,5000000,8250000
Yangel Herrera,25/26,01/09/2025,Girona,Real Sociedad,€15.00m,€11.00m,15000000,11000000
Yangel Herrera,23/24,14/07/2023,Man City,Girona,€5.00m,€5.00m,5000000,5000000
Yangel Herrera,16/17,01/02/2017,Atl. Venezuela,Man City,€900k,€1.00m,900000,1000000
Victor Wanyama,16/17,01/07/2016,Southampton,Tottenham,€15.00m,€14.40m,15000000,14400000
Victor Wanyama,13/14,11/07/2013,Celtic,Southampton,€5.00m,€14.50m,5000000,14500000
Victor Wanyama,11/12,04/07/2011,Beerschot AC,Celtic,€1.20m,€1.10m,1200000,1100000
Arnaud Souquet,19/20,06/08/2019,KAA Gent,Montpellier,€3.50m,€2.80m,3500000,2800000
Arnaud Souquet,18/19,31/08/2018,Nice,KAA Gent,€4.50m,€3.00m,4500000,3000000
Arnaud Souquet,16/17,25/07/2016,Dijon,Nice,€700k,€1.25m,700000,1250000
Lilian Brassier,25/26,01/07/2025,Stade Brestois,Stade Rennais,€10.00m,€12.00m,10000000,12000000
Lilian Brassier,21/22,01/07/2021,Stade Rennais,Stade Brestois,€2.50m,€1.75m,2500000,1750000
Lewis Cook,16/17,08/07/2016,Leeds,Bournemouth,€4.00m,€7.00m,4000000,7000000
Ander Guevara,23/24,09/07/2023,Real Sociedad,Alavés,€2.50m,€1.80m,2500000,1800000
Patrik Schick,20/21,08/09/2020,Roma,Leverkusen,€25.00m,€26.50m,25000000,26500000
Patrik Schick,18/19,01/07/2018,Sampdoria,Roma,€20.00m,€42.00m,20000000,42000000
Patrik Schick,16/17,13/07/2016,Sparta Prague,Sampdoria,€500k,€4.00m,500000,4000000
Callum Hudson-Odoi,23/24,01/09/2023,Chelsea,Nott'm Forest,€15.00m,€3.50m,15000000,3500000
Armand Lauriente,22/23,31/08/2022,FC Lorient,Sassuolo,€7.00m,€10.10m,7000000,10100000
Armand Lauriente,20/21,08/09/2020,Stade Rennais,FC Lorient,€1.00m,€3.00m,1000000,3000000
Jan Bednarek,25/26,28/07/2025,Southampton,Porto,€9.00m,€7.50m,9000000,7500000
Jan Bednarek,17/18,01/07/2017,Lech Poznan,Southampton,€500k,€6.00m,500000,6000000
Jean-Philippe Mateta,21/22,31/01/2022,Mainz,Crystal Palace,€5.00m,€11.00m,5000000,11000000
Jean-Philippe Mateta,18/19,01/07/2018,Lyon,Mainz,€2.50m,€8.00m,2500000,8000000
Jean-Philippe Mateta,16/17,16/09/2016,LB Châteauroux,Lyon,-,€4.10m,0,4099999
Petar Stojanović,22/23,01/07/2022,Dinamo Zagreb,FC Empoli,€3.00m,€1.20m,3000000,1200000
Petar Stojanović,15/16,01/02/2016,NK Maribor,Dinamo Zagreb,€2.00m,€2.00m,2000000,2000000
Catena,,,,,,,0,0
Jason Berthomier,,,,,,,0,0
Ángel Correa,25/26,09/07/2025,Atlético,Tigres UANL,€10.00m,€8.00m,10000000,8000000
Ángel Correa,14/15,01/01/2015,San Lorenzo,Atlético,€5.00m,€10.50m,5000000,10500000
Hirving Lozano,24/25,31/01/2025,PSV,San Diego,€12.00m,€12.00m,12000000,12000000
Hirving Lozano,23/24,01/09/2023,Napoli,PSV,€25.00m,€15.00m,25000000,15000000
Hirving Lozano,19/20,23/08/2019,PSV,Napoli,€40.00m,€50.00m,40000000,50000000
Hirving Lozano,17/18,01/07/2017,Pachuca,PSV,€10.00m,€12.50m,10000000,12500000
Gustavo Cabral,07/08,01/01/2008,Racing Club,River Plate,€3.00m,€1.03m,3000000,1030000
Romain Amalfitano,,,,,,,0,0
Joe Allen,16/17,25/07/2016,Liverpool,Stoke City,€8.00m,€15.50m,8000000,15500000
Joe Allen,12/13,10/08/2012,Swansea,Liverpool,€4.00m,€19.00m,4000000,19000000
Abdoulaye Touré,21/22,31/08/2021,FC Nantes,Genoa,€4.00m,€3.50m,4000000,3500000
Jordi Amat,20/21,01/07/2020,Rayo Vallecano,KAS Eupen,€1.60m,€1.00m,1600000,1000000
Jordi Amat,18/19,09/08/2018,Swansea,Rayo Vallecano,€5.00m,€1.00m,5000000,1000000
Jordi Amat,13/14,01/07/2013,Espanyol,Swansea,€3.00m,€2.90m,3000000,2900000
Alaixys Romao,12/13,31/01/2013,FC Lorient,Marseille,€3.50m,€2.00m,3500000,2000000
Alaixys Romao,10/11,01/07/2010,Grenoble,FC Lorient,€3.00m,€1.00m,3000000,1000000
Kelechi Iheanacho,17/18,03/08/2017,Man City,Leicester,€15.00m,€27.70m,15000000,27700000
Kelechi Iheanacho,13/14,10/01/2014,Taye Academy,Man City U18,-,€1.10m,0,1100000
Alexis Blin,24/25,25/07/2024,Lecce,Palermo,€3.00m,€1.50m,3000000,1500000
Alexis Blin,21/22,01/07/2021,Amiens SC,Lecce,€2.50m,€300k,2500000,300000
Alexis Blin,19/20,01/07/2019,Toulouse,Amiens SC,€5.00m,€1.65m,5000000,1650000
Janik Haberer,16/17,01/07/2016,Hoffenheim,Freiburg,€1.00m,€2.00m,1000000,2000000
Janik Haberer,14/15,01/07/2014,Unterhaching,Hoffenheim,€225k,€500k,225000,500000
Riccardo Saponara,18/19,01/07/2018,FC Empoli,Fiorentina,€9.00m,€9.00m,9000000,9000000
Riccardo Saponara,15/16,01/07/2015,AC Milan,FC Empoli,€8.00m,€4.00m,8000000,4000000
Riccardo Saponara,13/14,01/07/2013,FC Empoli,AC Milan,€7.00m,€4.80m,7000000,4800000
Riccardo Saponara,08/09,01/01/2009,Ravenna,Empoli U19,-,€1.35m,0,1350000
Niklas Dorsch,24/25,30/08/2024,Augsburg,Heidenheim,€4.00m,€3.50m,4000000,3500000
Niklas Dorsch,21/22,08/07/2021,KAA Gent,Augsburg,€8.00m,€7.00m,8000000,7000000
Niklas Dorsch,20/21,22/07/2020,Heidenheim,KAA Gent,€6.00m,€3.50m,6000000,3500000
Nathaniel Phillips,25/26,01/07/2025,Liverpool,West Brom,€3.00m,€3.50m,3000000,3500000
Christopher Schindler,16/17,01/07/2016,1860 Munich,Huddersfield,€900k,€2.20m,900000,2200000
Rubén García,19/20,01/07/2019,Levante,CA Osasuna,€3.50m,€3.50m,3500000,3500000
Armando Izzo,23/24,05/07/2023,Torino,Monza,€3.00m,€3.00m,3000000,3000000
Armando Izzo,18/19,04/07/2018,Genoa,Torino,€8.50m,€10.70m,8500000,10700000
Armando Izzo,14/15,14/07/2014,AS Avellino,Genoa,€800k,€400k,800000,400000
Armando Izzo,11/12,31/01/2012,Napoli,AS Avellino,€175k,€90k,175000,90000
Jean-Kévin Augustin,20/21,01/07/2020,Leipzig,Leeds,€9.50m,€21.00m,9500000,21000000
Jean-Kévin Augustin,17/18,06/07/2017,PSG,Leipzig,€3.00m,€16.00m,3000000,16000000
Kiko Femenía,22/23,28/07/2022,Watford,Villarreal,€2.50m,€980k,2500000,980000
Kiko Femenía,11/12,01/07/2011,Hércules CF,Barcelona B,€2.00m,€2.00m,2000000,2000000
Hernani,20/21,01/09/2020,Zenit S-Pb,Parma,€5.50m,€6.47m,5500000,6470000
Hernani,16/17,01/01/2017,Atlético-PR,Zenit S-Pb,€1.75m,€8.00m,1750000,8000000
Davide Faraoni,19/20,01/07/2019,Crotone,Hellas Verona,€900k,€300k,900000,300000
Davide Faraoni,12/13,09/07/2012,Inter,Udinese,€4.00m,€8.00m,4000000,8000000
Tosin Adarabioyo,20/21,05/10/2020,Man City U23,Fulham,€2.80m,€1.65m,2800000,1650000
Andriy Yarmolenko,18/19,11/07/2018,Dortmund,West Ham,€23.00m,€20.00m,23000000,20000000
Andriy Yarmolenko,17/18,28/08/2017,Dynamo Kyiv,Dortmund,€18.00m,€25.00m,18000000,25000000
Andriy Yarmolenko,06/07,01/01/2007,Desna,Dynamo-2 Kyiv,-,€250k,0,250000
Aleix García,24/25,01/07/2024,Girona,Leverkusen,€25.00m,€18.00m,25000000,18000000
Aleix García,15/16,27/08/2015,Villarreal CF B,Man City U21,-,€4.00m,0,4000000
David López,16/17,26/08/2016,Napoli,Espanyol,€6.50m,€4.00m,6500000,4000000
David López,14/15,31/08/2014,Espanyol,Napoli,€5.00m,€5.30m,5000000,5300000
David López,13/14,01/07/2013,SD Huesca,Espanyol,€800k,€250k,800000,250000
Bartosz Salamon,18/19,01/07/2018,Cagliari,SPAL,€1.40m,€2.00m,1400000,2000000
Bartosz Salamon,15/16,31/08/2015,Sampdoria,Cagliari,€1.50m,€1.50m,1500000,1500000
Bartosz Salamon,13/14,11/07/2013,AC Milan,Sampdoria,€3.00m,€3.40m,3000000,3400000
Bartosz Salamon,12/13,31/01/2013,Brescia,AC Milan,€2.80m,€3.50m,2800000,3500000
Adil Aouchiche,,,,,,,0,0
Tomáš Souček,20/21,27/07/2020,Slavia Praha,West Ham,€12.00m,€16.20m,12000000,16200000
Leonardo Spinazzola,19/20,01/07/2019,Juventus,Roma,€15.00m,€29.50m,15000000,29500000
Leonardo Spinazzola,12/13,01/07/2012,Siena U19,Juventus U19,€100k,€400k,100000,400000
Samuele Ricci,25/26,03/07/2025,Torino,AC Milan,€30.00m,€23.00m,30000000,23000000
Samuele Ricci,22/23,01/07/2022,FC Empoli,Torino,€12.00m,€10.80m,12000000,10800000
Silvan Widmer,21/22,09/07/2021,Basel,Mainz,€4.00m,€2.50m,4000000,2500000
Silvan Widmer,18/19,12/07/2018,Udinese,Basel,€8.50m,€4.50m,8500000,4500000
Silvan Widmer,12/13,01/07/2012,FC Aarau,Granada CF,€800k,€750k,800000,750000
Álvaro Medrán,16/17,11/07/2016,Real Madrid,Valencia,€400k,€1.50m,400000,1500000
Alfonso Espino,,,,,,,0,0
Azor Matusiwa,25/26,13/07/2025,Stade Rennais,Ipswich,€8.00m,€11.50m,8000000,11500000
Azor Matusiwa,23/24,22/01/2024,Stade Reims,Stade Rennais,€10.00m,€15.50m,10000000,15500000
Azor Matusiwa,21/22,31/08/2021,FC Groningen,Stade Reims,€5.00m,€4.00m,5000000,4000000
Azor Matusiwa,19/20,01/07/2019,Ajax U21,FC Groningen,€1.00m,€700k,1000000,700000
Amos Pieper,18/19,28/01/2019,B. Dortmund II,Arm. Bielefeld,€100k,€50k,100000,50000
Edimilson Fernandes,25/26,14/07/2025,Mainz,Young Boys,€3.00m,€600k,3000000,600000
Edimilson Fernandes,19/20,01/07/2019,West Ham,Mainz,€8.00m,€7.50m,8000000,7500000
Edimilson Fernandes,16/17,25/08/2016,FC Sion,West Ham,€4.50m,€6.40m,4500000,6400000
Christian Gentner,08/09,11/08/2008,Stuttgart,Wolfsburg,€4.00m,€2.50m,4000000,2500000
Yvan Neyou,20/21,02/01/2021,Braga B,Saint-Étienne,€2.50m,€1.00m,2500000,1000000
Jack Harrison,21/22,02/07/2021,Man City,Leeds,€15.00m,€12.80m,15000000,12800000
Jack Harrison,17/18,30/01/2018,New York City,Man City,€1.75m,€4.00m,1750000,4000000
Fabian Schär,18/19,26/07/2018,Dep. La Coruña,Newcastle,€3.00m,€4.00m,3000000,4000000
Fabian Schär,17/18,21/07/2017,Hoffenheim,Dep. La Coruña,€2.50m,€3.00m,2500000,3000000
Fabian Schär,15/16,01/07/2015,Basel,Hoffenheim,€8.00m,€4.00m,8000000,4000000
Junior Firpo,21/22,06/07/2021,Barcelona,Leeds,€8.00m,€15.00m,8000000,15000000
Junior Firpo,19/20,04/08/2019,Real Betis,Barcelona,€25.00m,€20.00m,25000000,20000000
Brais Méndez,22/23,06/07/2022,Celta de Vigo,Real Sociedad,€18.00m,€14.00m,18000000,14000000
Warmed Omari,25/26,02/02/2026,Stade Rennais,Hamburg,€3.00m,€2.00m,3000000,2000000
Marcus Rashford,,,,,,,0,0
Fábio,06/07,19/07/2006,Juventus,Real Madrid,€14.00m,€7.00m,14000000,7000000
Fábio,04/05,01/08/2004,Inter,Juventus,-,€10.00m,0,10000000
Fábio,02/03,09/08/2002,AC Parma,Inter,-,€23.00m,0,23000000
Fábio,95/96,01/07/1995,Napoli,AC Parma,-,€6.70m,0,6700000
Dominick Drexler,18/19,20/07/2018,Midtjylland,1.FC Köln,€2.50m,€4.50m,2500000,4500000
Dominick Drexler,18/19,01/07/2018,Holstein Kiel,Midtjylland,€2.50m,€2.50m,2500000,2500000
Dominick Drexler,14/15,01/07/2014,Greuther Fürth,VfR Aalen,€400k,€50k,400000,50000
Recio,18/19,31/08/2018,Málaga CF,CD Leganés,€2.00m,€1.50m,2000000,1500000
Omar Colley,22/23,09/02/2023,Sampdoria,Besiktas,€3.50m,€2.30m,3500000,2300000
Omar Colley,18/19,01/07/2018,Genk,Sampdoria,€5.00m,€9.25m,5000000,9250000
Omar Colley,16/17,15/08/2016,Djurgården,Genk,€700k,€1.70m,700000,1700000
Unai López,,,,,,,0,0
Jordan Marié,,,,,,,0,0
Tom Trybull,13/14,03/01/2014,Werder Bremen,St. Pauli,€1.50m,€100k,1500000,100000
Tom Trybull,11/12,01/07/2011,Hansa Rostock,Werder Bremen,€500k,€200k,500000,200000
Lukas Kübler,,,,,,,0,0
Massadio Haïdara,12/13,24/01/2013,AS Nancy,Newcastle,€2.00m,€2.50m,2000000,2500000
Koffi Djidji,19/20,01/07/2019,FC Nantes,Torino,€5.00m,€3.00m,5000000,3000000
Lucas Martínez Quarta,24/25,15/01/2025,Fiorentina,River Plate,€10.00m,€7.00m,10000000,7000000
Lucas Martínez Quarta,20/21,05/10/2020,River Plate,Fiorentina,€10.00m,€13.00m,10000000,13000000
Fabián Orellana,18/19,01/07/2018,Valencia,SD Eibar,€2.00m,€2.00m,2000000,2000000
Fabián Orellana,17/18,01/07/2017,Celta de Vigo,Valencia,€3.00m,€3.00m,3000000,3000000
Fabián Orellana,12/13,31/01/2013,Granada CF,Celta de Vigo,€3.00m,€1.20m,3000000,1200000
Fabián Orellana,09/10,01/07/2009,Audax Italiano,Udinese,€800k,€3.50m,800000,3500000
Mert Müldür,23/24,02/08/2023,Sassuolo,Fenerbahçe,€4.00m,€3.00m,4000000,3000000
Mert Müldür,19/20,20/08/2019,Rapid Vienna,Sassuolo,€3.00m,€4.98m,3000000,4980000
Matthijs de Ligt,24/25,13/08/2024,Bayern Munich,Man Utd,€65.00m,€45.00m,65000000,45000000
Matthijs de Ligt,22/23,19/07/2022,Juventus,Bayern Munich,€70.00m,€67.00m,70000000,67000000
Matthijs de Ligt,19/20,18/07/2019,Ajax,Juventus,€75.00m,€85.50m,75000000,85500000
Yordan Osorio,20/21,05/10/2020,Porto,Parma,€2.50m,€4.10m,2500000,4099999
Yordan Osorio,18/19,01/07/2018,Tondela,Porto,€1.00m,€2.00m,1000000,2000000
Simon Kjær,,,,,,,0,0
Per Ciljan Skjelbred,14/15,01/09/2014,Hamburg,Hertha BSC,€3.50m,€1.30m,3500000,1300000
Per Ciljan Skjelbred,11/12,01/08/2011,Rosenborg BK,Hamburg,€2.30m,€500k,2300000,500000
Joseba Zaldúa,,,,,,,0,0
Robin Knoche,,,,,,,0,0
Facundo Roncaglia,19/20,08/08/2019,Celta de Vigo,CA Osasuna,€2.50m,€250k,2500000,250000
Cédric Brunner,,,,,,,0,0
Jonjoe Kenny,,,,,,,0,0
Marco Parolo,14/15,01/07/2014,Parma,Lazio,€6.00m,€4.50m,6000000,4500000
Marco Parolo,13/14,01/07/2013,Cesena,Parma,€4.50m,€3.00m,4500000,3000000
Marco Parolo,09/10,01/08/2009,Chievo Verona,Cesena,-,€3.50m,0,3500000
Will Hughes,21/22,28/08/2021,Watford,Crystal Palace,€7.00m,€7.00m,7000000,7000000
Will Hughes,17/18,01/07/2017,Derby,Watford,€8.00m,€9.10m,8000000,9100000
Ryan Sessegnon,19/20,08/08/2019,Fulham,Tottenham,€35.00m,€27.00m,35000000,27000000
Alexander Isak,25/26,01/09/2025,Newcastle,Liverpool,€120.00m,€145.00m,120000000,145000000
Alexander Isak,22/23,26/08/2022,Real Sociedad,Newcastle,€30.00m,€77.50m,30000000,77500000
Alexander Isak,19/20,01/07/2019,Dortmund,Real Sociedad,€8.00m,€15.00m,8000000,15000000
Alexander Isak,16/17,23/01/2017,AIK,Dortmund,€1.75m,€8.60m,1750000,8600000
Benito Raman,21/22,15/07/2021,FC Schalke 04,RSC Anderlecht,€3.00m,€3.00m,3000000,3000000
Benito Raman,19/20,05/07/2019,F. Düsseldorf,FC Schalke 04,€12.00m,€10.00m,12000000,10000000
Benito Raman,18/19,01/07/2018,Standard Liège,F. Düsseldorf,€2.50m,€1.50m,2500000,1500000
Benito Raman,16/17,27/07/2016,KAA Gent,Standard Liège,€1.50m,€800k,1500000,800000
Dominique Heintz,21/22,01/01/2022,Freiburg,Union Berlin,€3.00m,€150k,3000000,150000
Dominique Heintz,18/19,01/07/2018,1.FC Köln,Freiburg,€7.50m,€3.00m,7500000,3000000
Dominique Heintz,15/16,01/07/2015,1.FC K'lautern,1.FC Köln,€2.00m,€1.50m,2000000,1500000
Kevin Volland,23/24,17/08/2023,Monaco,Union Berlin,€8.00m,€4.00m,8000000,4000000
Kevin Volland,20/21,02/09/2020,Leverkusen,Monaco,€28.00m,€11.00m,28000000,11000000
Kevin Volland,16/17,01/07/2016,Hoffenheim,Leverkusen,€17.00m,€20.00m,17000000,20000000
Kevin Volland,10/11,13/01/2011,1860 Munich,Hoffenheim,€350k,€700k,350000,700000
Nicolò Casale,25/26,01/07/2025,Lazio,Bologna,€6.00m,€6.50m,6000000,6500000
Nicolò Casale,22/23,08/07/2022,Hellas Verona,Lazio,€7.50m,€8.00m,7500000,8000000
Michael Olise,24/25,07/07/2024,Crystal Palace,Bayern Munich,€55.00m,€53.00m,55000000,53000000
Michael Olise,21/22,08/07/2021,Reading,Crystal Palace,€15.00m,€9.30m,15000000,9300000
Ivan Radovanović,18/19,31/01/2019,Chievo Verona,Genoa,€3.00m,€5.00m,3000000,5000000
Ivan Radovanović,13/14,17/07/2013,Atalanta,Chievo Verona,€600k,€800k,600000,800000
Ivan Radovanović,07/08,01/01/2008,Partizan,Atalanta,€300k,€1.50m,300000,1500000
Gerónimo Poblete,,,,,,,0,0
Pablo de Blasis,18/19,30/08/2018,Mainz,SD Eibar,€3.00m,€2.00m,3000000,2000000
Pablo de Blasis,14/15,31/08/2014,Asteras Tripoli,Mainz,€1.00m,€1.20m,1000000,1200000
Josh Brownhill,19/20,30/01/2020,Bristol City,Burnley,€4.50m,€10.00m,4500000,10000000
Saša Lukić,22/23,31/01/2023,Torino,Fulham,€13.00m,€9.80m,13000000,9800000
Saša Lukić,16/17,29/07/2016,Partizan,Torino,€700k,€1.70m,700000,1700000
Samuel Chukwueze,23/24,27/07/2023,Villarreal,AC Milan,€25.00m,€21.10m,25000000,21100000
Samuel Chukwueze,17/18,10/08/2017,Diamond Academy,Villarreal U19,-,€500k,0,500000
John Lundstram,17/18,25/07/2017,Oxford United,Sheff Utd,€500k,€560k,500000,560000
Nemanja Radoja,14/15,12/08/2014,Vojvodina,Celta de Vigo,€700k,€900k,700000,900000
Ezgjan Alioski,17/18,13/07/2017,FC Lugano,Leeds,€3.00m,€2.50m,3000000,2500000
Kyle Walker,17/18,14/07/2017,Tottenham,Man City,€30.00m,€52.70m,30000000,52700000
Kyle Walker,09/10,22/07/2009,Sheff Utd,Tottenham,€50k,€5.90m,50000,5900000
Víctor Díaz,,,,,,,0,0
Thomas Meunier,16/17,03/07/2016,Club Brugge,PSG,€6.00m,€6.00m,6000000,6000000
Thomas Meunier,11/12,01/07/2011,RE Virton,Club Brugge,€300k,€200k,300000,200000
Jordan Torunarigha,22/23,19/07/2022,Hertha BSC,KAA Gent,€5.00m,€3.00m,5000000,3000000
Radamel Falcao,13/14,01/07/2013,Atlético,Monaco,€60.00m,€43.00m,60000000,43000000
Radamel Falcao,11/12,18/08/2011,Porto,Atlético,€25.00m,€40.00m,25000000,40000000
Radamel Falcao,09/10,15/07/2009,River Plate,Porto,€6.50m,€5.43m,6500000,5430000
Darko Lazović,09/10,01/07/2009,Borac Cacak,Red Star,€800k,€472k,800000,472000
Julian Chabot,24/25,01/07/2024,1.FC Köln,Stuttgart,€9.00m,€4.00m,9000000,4000000
Julian Chabot,23/24,01/07/2023,Sampdoria,1.FC Köln,€5.50m,€2.50m,5500000,2500000
Julian Chabot,19/20,01/07/2019,FC Groningen,Sampdoria,€3.50m,€3.70m,3500000,3700000
Julian Chabot,18/19,16/07/2018,Sparta R.,FC Groningen,€500k,€1.20m,500000,1200000
Mehdi Bourabia,22/23,01/07/2022,Sassuolo,Spezia Calcio,€900k,€1.65m,900000,1650000
Mehdi Bourabia,18/19,17/07/2018,Konyaspor,Sassuolo,€750k,€2.20m,750000,2200000
Mehdi Bourabia,17/18,01/07/2017,Levski Sofia,Konyaspor,€300k,€550k,300000,550000
Mehdi Bourabia,15/16,10/01/2016,Cherno More,Levski Sofia,€250k,€100k,250000,100000
Boubakar Kouyaté,,,,,,,0,0
Unai Núñez,24/25,01/07/2024,Athletic Club,Celta de Vigo,€7.00m,€7.00m,7000000,7000000
Tolgay Arslan,18/19,31/01/2019,Besiktas,Fenerbahçe,€5.00m,€3.20m,5000000,3200000
Tolgay Arslan,14/15,27/01/2015,Hamburg,Besiktas,€2.50m,€450k,2500000,450000
Rafael,19/20,01/08/2019,Lille,AC Milan,€15.00m,€49.50m,15000000,49500000
Rafael,18/19,08/08/2018,Sporting,Lille,€6.00m,€20.20m,6000000,20200000
Sofiane Diop,22/23,29/08/2022,Monaco,Nice,€20.00m,€22.00m,20000000,22000000
Philipp Lienhart,18/19,01/07/2018,Real Madrid,Freiburg,€2.50m,€2.00m,2500000,2000000
Philipp Lienhart,15/16,01/07/2015,Rapid Wien II,RM Castilla,-,€800k,0,800000
Ibrahima Sissoko,25/26,12/01/2026,VfL Bochum,FC Nantes,€3.00m,€2.00m,3000000,2000000
Ibrahima Sissoko,18/19,01/07/2018,Stade Brestois,R. Strasbourg,€700k,€2.00m,700000,2000000
Chris Brunt,07/08,15/08/2007,Sheff Wed,West Brom,€1.00m,€3.75m,1000000,3750000
Yoann Andreu,,,,,,,0,0
Raúl Navas,21/22,19/07/2021,FC Cartagena,UD Las Palmas,€300k,€15k,300000,15000
Raúl Navas,20/21,01/07/2020,Real Sociedad,CA Osasuna,€1.20m,€250k,1200000,250000
Lucas Moura,17/18,31/01/2018,PSG,Tottenham,€28.00m,€28.40m,28000000,28400000
Lucas Moura,12/13,01/01/2013,São Paulo,PSG,€35.00m,€40.00m,35000000,40000000
Darijo Srna,03/04,01/07/2003,Hajduk Split,Shakhtar D.,-,€1.20m,0,1200000
Pedri,19/20,02/09/2019,UD Las Palmas,Barcelona,-,€23.00m,0,23000000
Séamus Coleman,08/09,01/01/2009,Sligo Rovers,Everton,€125k,€70k,125000,70000
Mehdi Léris,24/25,13/08/2024,Stoke City,Pisa,€2.50m,€3.00m,2500000,3000000
Mehdi Léris,23/24,22/08/2023,Sampdoria,Stoke City,€2.50m,€2.50m,2500000,2500000
Mehdi Léris,19/20,12/08/2019,Chievo Verona,Sampdoria,€2.50m,€3.10m,2500000,3100000
Ronald Araújo,18/19,29/08/2018,Boston River,Barcelona B,€175k,€4.70m,175000,4700000
Ronald Araújo,17/18,28/07/2017,Rentistas,Boston River,€100k,€395k,100000,395000
Pedro Neto,24/25,11/08/2024,Wolves,Chelsea,€55.00m,€60.00m,55000000,60000000
Pedro Neto,19/20,02/08/2019,Lazio,Wolves,€2.50m,€17.90m,2500000,17900000
Pedro Neto,19/20,01/07/2019,Braga,Lazio,€2.50m,€11.00m,2500000,11000000
Yuri Berchiche,18/19,02/07/2018,PSG,Athletic Club,€17.00m,€24.75m,17000000,24750000
Yuri Berchiche,17/18,07/07/2017,Real Sociedad,PSG,€10.00m,€16.00m,10000000,16000000
Miguel Trauco,19/20,06/08/2019,Flamengo,Saint-Étienne,€1.75m,€1.00m,1750000,1000000
Përparim Hetemaj,11/12,01/07/2011,Brescia,Chievo Verona,€1.20m,€2.00m,1200000,2000000
Përparim Hetemaj,06/07,01/07/2006,HJK Helsinki,AEK Athens,€450k,€450k,450000,450000
Lyanco,24/25,10/07/2024,Southampton,Atlético-MG,€3.00m,€4.50m,3000000,4500000
Lyanco,21/22,25/08/2021,Torino,Southampton,€5.00m,€7.50m,5000000,7500000
Lyanco,17/18,01/07/2017,São Paulo,Torino,€750k,€7.75m,750000,7750000
Adrien Thomasson,22/23,12/01/2023,R. Strasbourg,Lens,€5.00m,€3.90m,5000000,3900000
Adrien Thomasson,15/16,01/07/2015,Évian,FC Nantes,€1.00m,€800k,1000000,800000
Damien Le Tallec,15/16,29/01/2016,Mordovia,Red Star,€1.00m,€250k,1000000,250000
Iñigo Martínez,17/18,30/01/2018,Real Sociedad,Athletic Club,€25.00m,€32.00m,25000000,32000000
Timothy Castagne,23/24,29/08/2023,Leicester,Fulham,€25.00m,€13.00m,25000000,13000000
Timothy Castagne,20/21,03/09/2020,Atalanta,Leicester,€18.00m,€20.90m,18000000,20900000
Timothy Castagne,17/18,07/07/2017,Genk,Atalanta,€3.00m,€6.50m,3000000,6500000
Simone Bastoni,24/25,26/07/2024,Spezia Calcio,Cesena,€1.50m,€100k,1500000,100000
Bongani Zungu,17/18,31/08/2017,Vit. Guimarães,Amiens SC,€2.00m,€2.00m,2000000,2000000
Jaroslav Plašil,09/10,08/07/2009,CA Osasuna,G. Bordeaux,€4.00m,€3.00m,4000000,3000000
Jaroslav Plašil,07/08,25/08/2007,Monaco,CA Osasuna,€3.00m,€2.20m,3000000,2200000
David Pereira da Costa,24/25,17/02/2025,Lens,Portland,€7.00m,€5.74m,7000000,5740000
Pedro,15/16,20/08/2015,Barcelona,Chelsea,€20.00m,€27.00m,20000000,27000000
Leandro Trossard,22/23,20/01/2023,Brighton,Arsenal,€30.00m,€24.00m,30000000,24000000
Leandro Trossard,19/20,01/07/2019,Genk,Brighton,€16.00m,€15.56m,16000000,15560000
Kenny McLean,17/18,22/01/2018,Aberdeen FC,Norwich,€600k,€230k,600000,230000
Kenny McLean,14/15,02/02/2015,St. Mirren,Aberdeen FC,€600k,€400k,600000,400000
Benno Schmitz,18/19,01/07/2018,Leipzig,1.FC Köln,€1.00m,€200k,1000000,200000
Benno Schmitz,16/17,01/07/2016,Salzburg,Leipzig,€900k,€800k,900000,800000
Joelinton,19/20,23/07/2019,Hoffenheim,Newcastle,€35.00m,€43.50m,35000000,43500000
Joelinton,15/16,01/07/2015,Sport Recife,Hoffenheim,€1.25m,€2.20m,1250000,2200000
Waldemar Anton,24/25,08/07/2024,Stuttgart,Dortmund,€20.00m,€22.50m,20000000,22500000
Waldemar Anton,20/21,28/07/2020,Hannover 96,Stuttgart,€5.50m,€4.00m,5500000,4000000
Faouzi Ghoulam,13/14,31/01/2014,Saint-Étienne,Napoli,€3.00m,€5.00m,3000000,5000000
Christophe Jallet,14/15,23/07/2014,PSG,Lyon,€5.00m,€1.50m,5000000,1500000
Christophe Jallet,09/10,06/07/2009,FC Lorient,PSG,€2.50m,€2.50m,2500000,2500000
Dominic Calvert-Lewin,16/17,31/08/2016,Sheff Utd,Everton,€100k,€1.80m,100000,1800000
Sebastian Langkamp,17/18,31/01/2018,Hertha BSC,Werder Bremen,€3.00m,€1.00m,3000000,1000000
Sebastian Langkamp,11/12,01/07/2011,Karlsruher SC,Augsburg,€1.00m,€100k,1000000,100000
Steven Davis,12/13,06/07/2012,Rangers,Southampton,€5.00m,€1.00m,5000000,1000000
Steven Davis,08/09,01/08/2008,Fulham,Rangers,€4.50m,€3.80m,4500000,3800000
Steven Davis,07/08,01/07/2007,Aston Villa,Fulham,€4.60m,€5.90m,4600000,5900000
David Abraham,15/16,02/07/2015,Hoffenheim,Frankfurt,€2.00m,€1.50m,2000000,1500000
David Abraham,12/13,22/01/2013,Getafe,Hoffenheim,€3.00m,€4.00m,3000000,4000000
David Abraham,08/09,08/07/2008,Independiente,Basel,€600k,€2.70m,600000,2700000
Nicolas Cozza,22/23,25/01/2023,Montpellier,Wolfsburg,€5.00m,€500k,5000000,500000
Dennis Appiah,19/20,01/07/2019,RSC Anderlecht,FC Nantes,€1.50m,€750k,1500000,750000
Dennis Appiah,16/17,01/07/2016,SM Caen,RSC Anderlecht,€2.50m,€3.00m,2500000,3000000
Víctor Ruiz,19/20,07/08/2019,Villarreal,Besiktas,€7.00m,€2.50m,7000000,2500000
Víctor Ruiz,15/16,01/07/2015,Valencia,Villarreal,€4.00m,€2.70m,4000000,2700000
Víctor Ruiz,11/12,01/08/2011,Napoli,Valencia,€8.00m,€8.00m,8000000,8000000
Víctor Ruiz,10/11,01/01/2011,Espanyol,Napoli,€4.00m,€8.50m,4000000,8500000
David Ferreiro,,,,,,,0,0
Charlie Taylor,,,,,,,0,0
Cristhian Stuani,17/18,21/07/2017,Middlesbrough,Girona,€3.50m,€2.50m,3500000,2500000
Cristhian Stuani,15/16,07/08/2015,Espanyol,Middlesbrough,€4.00m,€3.00m,4000000,3000000
Cristhian Stuani,12/13,28/08/2012,Reggina,Espanyol,€3.00m,€2.70m,3000000,2700000
Cristhian Stuani,07/08,03/01/2008,Danubio FC,Reggina,-,€1.38m,0,1380000
Admir Mehmedi,17/18,31/01/2018,Leverkusen,Wolfsburg,€3.50m,€8.00m,3500000,8000000
Admir Mehmedi,15/16,01/07/2015,Freiburg,Leverkusen,€6.00m,€8.00m,6000000,8000000
Admir Mehmedi,14/15,01/07/2014,Dynamo Kyiv,Freiburg,€5.50m,€6.00m,5500000,6000000
Admir Mehmedi,11/12,06/01/2012,FC Zürich,Dynamo Kyiv,€3.00m,€3.50m,3000000,3500000
Aleksandar Dragović,16/17,23/08/2016,Dynamo Kyiv,Leverkusen,€15.00m,€21.00m,15000000,21000000
Aleksandar Dragović,13/14,26/07/2013,Basel,Dynamo Kyiv,€7.00m,€10.00m,7000000,10000000
Aleksandar Dragović,10/11,31/01/2011,Austria Vienna,Basel,€3.00m,€1.00m,3000000,1000000
Mattia Bani,25/26,27/07/2025,Genoa,Palermo,€1.80m,€1.50m,1800000,1500000
Mattia Bani,20/21,05/10/2020,Bologna,Genoa,€3.20m,€5.00m,3200000,5000000
Mattia Bani,19/20,01/07/2019,Chievo Verona,Bologna,€2.50m,€2.70m,2500000,2700000
Mattia Bani,16/17,28/07/2016,Pro Vercelli,Chievo Verona,€500k,€6.15m,500000,6150000
Mattia Bani,13/14,03/07/2013,Reggiana,Pro Vercelli,€150k,€100k,150000,100000
Mattia Bani,12/13,09/07/2012,Genoa U19,Reggiana,€75k,€500,75000,500
Mattia Bani,10/11,01/01/2011,Fortis Juventus,Genoa U19,-,€93k,0,93000
Kyle Walker-Peters,20/21,11/08/2020,Tottenham,Southampton,€8.00m,€13.30m,8000000,13300000
Gabriel Dos Santos,20/21,01/09/2020,Lille,Arsenal,€20.00m,€26.00m,20000000,26000000
Gabriel Dos Santos,16/17,31/01/2017,Avaí FC,Lille,€350k,€3.00m,350000,3000000
Bryan,25/26,21/07/2025,Brentford,Man Utd,€55.00m,€75.00m,55000000,75000000
Bryan,19/20,05/08/2019,Troyes,Brentford,€3.50m,€6.50m,3500000,6500000
Mohamed Simakan,25/26,01/07/2025,Leipzig,Al-Nassr,€23.00m,€35.00m,23000000,35000000
Mohamed Simakan,21/22,01/07/2021,R. Strasbourg,Leipzig,€18.00m,€15.00m,18000000,15000000
Mariano,25/26,08/08/2025,Udinese,Lens,€5.00m,€6.00m,5000000,6000000
Mariano,17/18,01/07/2017,Newcastle,Marseille,€18.00m,€11.00m,18000000,11000000
Mariano,15/16,19/08/2015,Marseille,Newcastle,€12.00m,€18.35m,12000000,18350000
Mariano,13/14,02/09/2013,Lille,Marseille,€6.00m,€12.00m,6000000,12000000
Mariano,12/13,30/01/2013,SC Bastia,Lille,€3.00m,€3.50m,3000000,3500000
Ohis Felix Uduokhai,25/26,01/07/2025,Augsburg,Besiktas,€7.00m,€5.00m,7000000,5000000
Ohis Felix Uduokhai,20/21,01/07/2020,Wolfsburg,Augsburg,€6.80m,€7.00m,6800000,7000000
Ohis Felix Uduokhai,17/18,01/07/2017,1860 Munich,Wolfsburg,€800k,€1.00m,800000,1000000
Aïssa Mandi,16/17,01/07/2016,Stade Reims,Real Betis,€4.50m,€2.80m,4500000,2800000
Franco Vázquez,16/17,16/07/2016,US Palermo,Sevilla FC,€15.00m,€16.80m,15000000,16800000
Franco Vázquez,11/12,03/01/2012,Belgrano,US Palermo,€2.40m,€4.50m,2400000,4500000
Tom Davies,,,,,,,0,0
Raffaele Maiello,17/18,11/07/2017,Napoli,Frosinone,€1.20m,€1.20m,1200000,1200000
Raffaele Maiello,15/16,09/08/2015,Crotone,Napoli,€1.50m,€1.50m,1500000,1500000
Raffaele Maiello,15/16,01/07/2015,Napoli,Crotone,€1.50m,€60k,1500000,60000
Guillermo Maripán,24/25,29/08/2024,Monaco,Torino,€10.00m,€4.60m,10000000,4600000
Guillermo Maripán,19/20,24/08/2019,Alavés,Monaco,€15.00m,€18.00m,15000000,18000000
Guillermo Maripán,17/18,07/07/2017,U. Católica,Alavés,€550k,€2.50m,550000,2500000
Fikayo Tomori,21/22,01/07/2021,Chelsea,AC Milan,€28.00m,€35.30m,28000000,35300000
Eric García,17/18,01/07/2017,Barça U16,Man City U18,-,€1.70m,0,1700000
Clinton N'Jie,19/20,25/07/2019,Marseille,Dinamo Moscow,€3.50m,€6.00m,3500000,6000000
Clinton N'Jie,17/18,01/07/2017,Tottenham,Marseille,€7.00m,€7.00m,7000000,7000000
Clinton N'Jie,15/16,15/08/2015,Lyon,Tottenham,€5.00m,€14.10m,5000000,14100000
Chris Basham,10/11,13/08/2010,Bolton,Blackpool,€1.00m,€1.40m,1000000,1400000
Fayçal Fajr,19/20,01/08/2019,SM Caen,Getafe,€4.50m,€1.50m,4500000,1500000
Fayçal Fajr,18/19,03/08/2018,Getafe,SM Caen,€2.50m,€1.50m,2500000,1500000
Nacho,,,,,,,0,0
Marcus Thuram,19/20,22/07/2019,Guingamp,Mönchengladbach,€9.00m,€9.00m,9000000,9000000
Marcus Thuram,17/18,05/07/2017,FC Sochaux,Guingamp,€600k,€600k,600000,600000
Robert Snodgrass,20/21,08/01/2021,West Ham,West Brom,€4.00m,€110k,4000000,110000
Robert Snodgrass,16/17,27/01/2017,Hull City,West Ham,€5.00m,€12.00m,5000000,12000000
Robert Snodgrass,14/15,01/07/2014,Norwich,Hull City,€5.50m,€7.50m,5500000,7500000
Robert Snodgrass,12/13,26/07/2012,Leeds,Norwich,€3.00m,€3.20m,3000000,3200000
Robert Snodgrass,08/09,25/07/2008,Livingston FC,Leeds,€50k,€300k,50000,300000
Álex Gálvez,,,,,,,0,0
Antonee Robinson,20/21,20/08/2020,Wigan,Fulham,€3.50m,€2.10m,3500000,2100000
Antonee Robinson,19/20,15/07/2019,Everton U23,Wigan,€1.00m,€2.20m,1000000,2200000
Sofyan Amrabat,25/26,01/07/2025,Fiorentina,Fenerbahçe,€17.00m,€12.00m,17000000,12000000
Sofyan Amrabat,19/20,31/01/2020,Hellas Verona,Fiorentina,€10.00m,€19.50m,10000000,19500000
Sofyan Amrabat,19/20,28/01/2020,Club Brugge,Hellas Verona,€10.00m,€3.65m,10000000,3650000
Sofyan Amrabat,18/19,24/08/2018,Feyenoord,Club Brugge,€4.50m,€2.50m,4500000,2500000
Sofyan Amrabat,17/18,01/07/2017,Utrecht,Feyenoord,€3.00m,€4.00m,3000000,4000000
David Zurutuza,,,,,,,0,0
Ben White,21/22,30/07/2021,Brighton,Arsenal,€28.00m,€58.50m,28000000,58500000
Rubén Pardo,,,,,,,0,0
Almamy Touré,18/19,31/01/2019,Monaco,Frankfurt,€8.00m,€750k,8000000,750000
Pape Abou Cissé,23/24,15/09/2023,Olympiacos,Adana Demirspor,€4.00m,€600k,4000000,600000
Pape Abou Cissé,17/18,01/07/2017,AC Ajaccio,Olympiacos,€600k,€700k,600000,700000
Ola Aina,19/20,01/07/2019,Chelsea,Torino,€10.00m,€9.80m,10000000,9800000
Alfreð Finnbogason,23/24,18/08/2023,Lyngby BK,KAS Eupen,€350k,€200k,350000,200000
Alfreð Finnbogason,16/17,01/07/2016,Real Sociedad,Augsburg,€5.00m,€4.00m,5000000,4000000
Alfreð Finnbogason,14/15,02/07/2014,Heerenveen,Real Sociedad,€9.00m,€8.00m,9000000,8000000
Alfreð Finnbogason,12/13,16/08/2012,KSC Lokeren,Heerenveen,€600k,€500k,600000,500000
Matheus Cunha,25/26,01/07/2025,Wolves,Man Utd,€60.00m,€74.20m,60000000,74200000
Matheus Cunha,23/24,01/07/2023,Atlético,Wolves,€25.00m,€50.00m,25000000,50000000
Matheus Cunha,21/22,25/08/2021,Hertha BSC,Atlético,€30.00m,€35.00m,30000000,35000000
Matheus Cunha,19/20,31/01/2020,Leipzig,Hertha BSC,€13.00m,€18.00m,13000000,18000000
Matheus Cunha,18/19,01/07/2018,FC Sion,Leipzig,€1.50m,€15.00m,1500000,15000000
Dan Gosling,07/08,03/01/2008,Plymouth,Everton,€300k,€1.50m,300000,1500000
Rúben Vezo,19/20,01/07/2019,Valencia,Levante,€6.00m,€5.00m,6000000,5000000
Rúben Vezo,13/14,01/01/2014,Vitória Setúbal,Valencia,€700k,€2.05m,700000,2049999
Paolo Faragò,17/18,01/07/2017,Novara,Cagliari,€2.50m,€2.30m,2500000,2300000
Harvey Barnes,23/24,23/07/2023,Leicester,Newcastle,€35.00m,€44.00m,35000000,44000000
Thomas Monconduit,22/23,30/08/2022,FC Lorient,Saint-Étienne,€1.50m,€500k,1500000,500000
Thomas Monconduit,20/21,26/08/2020,Amiens SC,FC Lorient,€2.00m,€2.00m,2000000,2000000
Dídac Vilà,17/18,30/08/2017,AEK Athens,Espanyol,€1.00m,€250k,1000000,250000
Dídac Vilà,10/11,28/01/2011,Espanyol,AC Milan,€800k,€4.00m,800000,4000000
Sergi Darder,23/24,11/08/2023,Espanyol,RCD Mallorca,€16.00m,€8.00m,16000000,8000000
Sergi Darder,18/19,01/07/2018,Lyon,Espanyol,€11.00m,€8.00m,11000000,8000000
Sergi Darder,15/16,29/08/2015,Málaga CF,Lyon,€7.50m,€13.10m,7500000,13100000
Thiago Motta,11/12,31/01/2012,Inter,PSG,€15.00m,€11.50m,15000000,11500000
Thiago Motta,09/10,01/07/2009,Genoa,Inter,€7.00m,€10.20m,7000000,10200000
Thiago Motta,07/08,24/08/2007,Barcelona,Atlético,€7.50m,€2.00m,7500000,2000000
Jérémy Morel,11/12,01/07/2011,FC Lorient,Marseille,€3.30m,€2.50m,3300000,2500000
Miloš Veljković,15/16,01/02/2016,Tottenham U21,Werder Bremen,€250k,€330k,250000,330000
Juan Foyth,21/22,01/07/2021,Tottenham,Villarreal,€12.00m,€15.00m,12000000,15000000
Juan Foyth,17/18,30/08/2017,Estudiantes LP,Tottenham,€5.00m,€10.50m,5000000,10500000
Ștefan Radu,08/09,01/07/2008,FC Dinamo,Lazio,€1.40m,€4.75m,1400000,4750000
Aaron Cresswell,14/15,03/07/2014,Ipswich,West Ham,€1.50m,€4.75m,1500000,4750000
Aaron Cresswell,11/12,01/07/2011,Tranmere,Ipswich,€50k,€275k,50000,275000
Ante Budimir,21/22,01/07/2021,RCD Mallorca,CA Osasuna,€9.00m,€8.00m,9000000,8000000
Ante Budimir,19/20,01/07/2019,Crotone,RCD Mallorca,€1.40m,€2.20m,1400000,2200000
Ante Budimir,18/19,01/07/2018,Sampdoria,Crotone,€1.50m,€1.70m,1500000,1700000
Ante Budimir,16/17,05/07/2016,Crotone,Sampdoria,€3.00m,€1.80m,3000000,1800000
Ante Budimir,16/17,01/07/2016,St. Pauli,Crotone,€3.00m,€1.00m,3000000,1000000
Ante Budimir,14/15,04/08/2014,NK Lokomotiva,St. Pauli,€950k,€1.00m,950000,1000000
Ante Budimir,10/11,28/01/2011,HNK Gorica,Inter Zapresic,€50k,€20k,50000,20000
Max Kilman,24/25,06/07/2024,Wolves,West Ham,€32.00m,€47.50m,32000000,47500000
Max Kilman,18/19,09/08/2018,Maidenhead Utd.,Wolves,-,€4.75m,0,4750000
Antonio Barragán,18/19,01/07/2018,Middlesbrough,Real Betis,€2.50m,€1.00m,2500000,1000000
Antonio Barragán,16/17,15/07/2016,Valencia,Middlesbrough,€4.00m,€2.70m,4000000,2700000
Antonio Barragán,11/12,01/08/2011,Real Valladolid,Valencia,€600k,€1.50m,600000,1500000
Antonio Barragán,06/07,01/07/2006,Liverpool,Dep. La Coruña,€250k,€2.50m,250000,2500000
Norbert Gyömbér,20/21,12/09/2020,Perugia,Salernitana,€500k,€700k,500000,700000
Norbert Gyömbér,18/19,14/08/2018,Roma,Perugia,€1.00m,€500k,1000000,500000
Norbert Gyömbér,16/17,01/07/2016,Catania,Roma,€700k,€1.50m,700000,1500000
Norbert Gyömbér,13/14,01/07/2013,Banska Bystrica,Catania,€500k,€350k,500000,350000
Mathías Olivera,22/23,01/07/2022,Getafe,Napoli,€15.00m,€16.50m,15000000,16500000
Mathías Olivera,17/18,14/08/2017,Nacional,Getafe,€300k,€850k,300000,850000
Lucas Alario,23/24,11/01/2024,Frankfurt,Internacional,€1.50m,€500k,1500000,500000
Lucas Alario,22/23,01/07/2022,Leverkusen,Frankfurt,€8.00m,€6.00m,8000000,6000000
Lucas Alario,17/18,31/08/2017,River Plate,Leverkusen,€12.00m,€19.00m,12000000,19000000
Lucas Alario,15/16,01/07/2015,Colon,River Plate,€50k,€2.00m,50000,2000000
Edu Expósito,22/23,08/08/2022,SD Eibar,Espanyol,€4.00m,€4.50m,4000000,4500000
Edu Expósito,19/20,13/07/2019,Dep. La Coruña,SD Eibar,€4.00m,€4.00m,4000000,4000000
Mohamed Diamé,16/17,03/08/2016,Hull City,Newcastle,€6.00m,€5.40m,6000000,5400000
Mohamed Diamé,14/15,01/09/2014,West Ham,Hull City,€7.00m,€4.40m,7000000,4400000
Mohamed Diamé,09/10,22/08/2009,Rayo Vallecano,Wigan,€2.00m,€3.00m,2000000,3000000
Karol Linetty,20/21,01/09/2020,Sampdoria,Torino,€10.00m,€7.50m,10000000,7500000
Karol Linetty,16/17,29/07/2016,Lech Poznan,Sampdoria,€3.20m,€3.10m,3200000,3100000
Mario Suárez,15/16,30/01/2016,Fiorentina,Watford,€8.00m,€5.30m,8000000,5300000
Mario Suárez,15/16,24/07/2015,Atlético,Fiorentina,€10.00m,€5.00m,10000000,5000000
Mario Suárez,10/11,01/07/2010,RCD Mallorca,Atlético,€4.00m,€1.80m,4000000,1800000
Mario Suárez,08/09,03/07/2008,Atlético,RCD Mallorca,€900k,€800k,900000,800000
Billy Gilmour,24/25,30/08/2024,Brighton,Napoli,€18.00m,€14.75m,18000000,14750000
Billy Gilmour,22/23,01/09/2022,Chelsea,Brighton,€12.00m,€8.30m,12000000,8300000
Billy Gilmour,17/18,01/07/2017,Rangers FC U17,Chelsea U18,-,€1.70m,0,1700000
Florian Lejeune,23/24,28/07/2023,Alavés,Rayo Vallecano,€4.00m,€2.50m,4000000,2500000
Florian Lejeune,17/18,04/07/2017,SD Eibar,Newcastle,€5.00m,€10.00m,5000000,10000000
Florian Lejeune,16/17,01/07/2016,Man City,SD Eibar,€800k,€1.50m,800000,1500000
Florian Lejeune,15/16,28/08/2015,Girona,Man City,€800k,€300k,800000,300000
Florian Lejeune,11/12,07/07/2011,FC Istres,Villarreal,€1.00m,€1.00m,1000000,1000000
Haitam Aleesami,24/25,18/03/2025,KFUM Oslo,Bodø/Glimt,€300k,€260k,300000,260000
Haitam Aleesami,16/17,05/08/2016,IFK Göteborg,US Palermo,€900k,€1.38m,900000,1380000
Haitam Aleesami,14/15,01/01/2015,Fredrikstad FK,IFK Göteborg,€400k,€120k,400000,120000
Suat Serdar,24/25,01/07/2024,Hertha BSC,Hellas Verona,€5.00m,€5.75m,5000000,5750000
Suat Serdar,21/22,01/07/2021,FC Schalke 04,Hertha BSC,€9.00m,€8.00m,9000000,8000000
Suat Serdar,18/19,01/07/2018,Mainz,FC Schalke 04,€7.50m,€11.00m,7500000,11000000
Rúben Dias,20/21,29/09/2020,Benfica,Man City,€35.00m,€71.60m,35000000,71600000
Rob Holding,23/24,01/09/2023,Arsenal,Crystal Palace,€8.00m,€1.20m,8000000,1200000
Rob Holding,16/17,22/07/2016,Bolton,Arsenal,€250k,€3.00m,250000,3000000
Moussa Sissoko,22/23,01/07/2022,Watford,FC Nantes,€4.50m,€2.00m,4500000,2000000
Moussa Sissoko,21/22,27/08/2021,Tottenham,Watford,€10.00m,€3.50m,10000000,3500000
Moussa Sissoko,16/17,31/08/2016,Newcastle,Tottenham,€13.00m,€35.00m,13000000,35000000
Moussa Sissoko,12/13,21/01/2013,Toulouse,Newcastle,€10.00m,€2.00m,10000000,2000000
Alex Telles,23/24,23/07/2023,Man Utd,Al-Nassr,€7.50m,€4.60m,7500000,4600000
Alex Telles,20/21,05/10/2020,Porto,Man Utd,€40.00m,€15.00m,40000000,15000000
Alex Telles,16/17,12/07/2016,Galatasaray,Porto,€8.50m,€7.35m,8500000,7350000
Alex Telles,13/14,23/01/2014,Grêmio,Galatasaray,€1.50m,€6.15m,1500000,6150000
Dimitris Siovas,20/21,17/09/2020,CD Leganés,SD Huesca,€4.80m,€1.00m,4800000,1000000
Dimitris Siovas,17/18,01/07/2017,Olympiacos,CD Leganés,€2.00m,€3.00m,2000000,3000000
Dimitris Siovas,12/13,01/07/2012,Panionios,Olympiacos,€1.75m,€300k,1750000,300000
Tom Cleverley,17/18,01/07/2017,Everton,Watford,€8.00m,€9.30m,8000000,9300000
James Tarkowski,15/16,01/02/2016,Brentford,Burnley,€350k,€4.00m,350000,4000000
Rominigue Kouamé,23/24,01/09/2023,Troyes,Cádiz CF,€4.50m,€2.50m,4500000,2500000
Rominigue Kouamé,21/22,01/07/2021,Lille,Troyes,€2.00m,€2.50m,2000000,2500000
Max Christiansen,19/20,26/07/2019,Arm. Bielefeld,W. Mannheim,€450k,€80k,450000,80000
Max Christiansen,14/15,09/01/2015,Hansa Rostock,FC Ingolstadt,€350k,€500k,350000,500000
André Gomes,19/20,01/07/2019,Barcelona,Everton,€28.00m,€25.00m,28000000,25000000
André Gomes,16/17,21/07/2016,Valencia,Barcelona,€30.00m,€37.00m,30000000,37000000
André Gomes,15/16,01/07/2015,Benfica,Valencia,€20.00m,€20.00m,20000000,20000000
Andrés Guardado,17/18,07/07/2017,PSV,Real Betis,€6.00m,€2.50m,6000000,2500000
Andrés Guardado,15/16,01/07/2015,Valencia,PSV,€7.50m,€2.80m,7500000,2800000
Andrés Guardado,07/08,01/07/2007,Atlas,Dep. La Coruña,€600k,€7.00m,600000,7000000
Federico Bernardeschi,17/18,24/07/2017,Fiorentina,Juventus,€30.00m,€40.00m,30000000,40000000
Adil Rami,17/18,13/07/2017,Sevilla FC,Marseille,€5.00m,€6.00m,5000000,6000000
Adil Rami,15/16,01/07/2015,AC Milan,Sevilla FC,€4.00m,€2.50m,4000000,2500000
Adil Rami,14/15,12/07/2014,Valencia,AC Milan,€8.00m,€4.25m,8000000,4250000
Adil Rami,11/12,01/07/2011,Lille,Valencia,€12.00m,€6.00m,12000000,6000000
Cheikhou Kouyaté,18/19,02/08/2018,West Ham,Crystal Palace,€12.00m,€10.70m,12000000,10700000
Cheikhou Kouyaté,14/15,01/07/2014,RSC Anderlecht,West Ham,€7.00m,€7.50m,7000000,7500000
Steven Defour,16/17,16/08/2016,RSC Anderlecht,Burnley,€6.00m,€8.60m,6000000,8600000
Steven Defour,14/15,13/08/2014,Porto,RSC Anderlecht,€6.00m,€6.00m,6000000,6000000
Steven Defour,11/12,01/08/2011,Standard Liège,Porto,€12.00m,€6.00m,12000000,6000000
Steven Defour,06/07,01/07/2006,Genk,Standard Liège,€3.00m,€1.50m,3000000,1500000
Leonardo Bonucci,18/19,02/08/2018,AC Milan,Juventus,€35.00m,€35.00m,35000000,35000000
Leonardo Bonucci,17/18,21/07/2017,Juventus,AC Milan,€45.00m,€42.00m,45000000,42000000
Leonardo Bonucci,10/11,01/07/2010,Bari,Juventus,€8.00m,€15.50m,8000000,15500000
Leonardo Bonucci,09/10,01/08/2009,Genoa,Bari,€400k,€10.50m,400000,10500000
Leonardo Bonucci,09/10,01/07/2009,Inter,Genoa,€400k,€4.00m,400000,4000000
Leonardo Bonucci,05/06,01/07/2005,Viterbese Yth.,Inter U19,-,€40k,0,40000
Ryad Boudebouz,19/20,27/07/2019,Real Betis,Saint-Étienne,€6.00m,€3.50m,6000000,3500000
Ryad Boudebouz,17/18,09/08/2017,Montpellier,Real Betis,€10.00m,€7.00m,10000000,7000000
Ryad Boudebouz,15/16,07/07/2015,SC Bastia,Montpellier,€3.00m,€1.70m,3000000,1700000
Ryad Boudebouz,13/14,02/09/2013,FC Sochaux,SC Bastia,€4.50m,€1.00m,4500000,1000000
Keita Baldé,17/18,29/08/2017,Lazio,Monaco,€25.00m,€30.00m,25000000,30000000
Keita Baldé,11/12,01/07/2011,Barça U16,Lazio U19,-,€300k,0,300000
Karim Bellarabi,,,,,,,0,0
Santiago Arias,18/19,31/07/2018,PSV,Atlético,€18.00m,€11.00m,18000000,11000000
Santiago Arias,13/14,13/07/2013,Sporting,PSV,€1.50m,€1.93m,1500000,1930000
Santiago Arias,11/12,01/07/2011,Inter Bogotá,Sporting,€300k,€920k,300000,920000
Victor Osimhen,25/26,31/07/2025,Napoli,Galatasaray,€70.00m,€75.00m,70000000,75000000
Victor Osimhen,20/21,01/09/2020,Lille,Napoli,€40.00m,€78.90m,40000000,78900000
Victor Osimhen,19/20,01/08/2019,R Charleroi SC,Lille,€13.00m,€22.40m,13000000,22400000
Victor Osimhen,19/20,01/07/2019,Wolfsburg,R Charleroi SC,€13.00m,€3.50m,13000000,3500000
Victor Osimhen,16/17,01/01/2017,Ult. Strikers,Wolfsburg,-,€3.50m,0,3500000
Christopher Jullien,22/23,23/08/2022,Celtic,Montpellier,€4.50m,€1.00m,4500000,1000000
Christopher Jullien,19/20,01/07/2019,Toulouse,Celtic,€6.00m,€8.00m,6000000,8000000
Christopher Jullien,16/17,01/07/2016,Freiburg,Toulouse,€1.00m,€2.80m,1000000,2800000
Papakouli Diop,12/13,13/07/2012,Crystal Palace,Birmingham,€1.50m,€320k,1500000,320000
Papakouli Diop,05/06,08/07/2005,Newcastle,Charlton,€1.75m,€1.60m,1750000,1600000
Papakouli Diop,02/03,25/03/2003,Ipswich,Newcastle,-,€1.50m,0,1500000
Roberto Soriano,19/20,01/07/2019,Villarreal,Bologna,€7.00m,€8.00m,7000000,8000000
Roberto Soriano,16/17,02/08/2016,Sampdoria,Villarreal,€14.00m,€13.75m,14000000,13750000
Roberto Soriano,08/09,02/02/2009,FC Bayern U19,Sampdoria U19,-,€500k,0,500000
Carlos Clerc,,,,,,,0,0
Steven Fortes,19/20,01/07/2019,Toulouse,Lens,€1.00m,€1.00m,1000000,1000000
Felipe Caicedo,21/22,31/08/2021,Lazio,Genoa,€4.00m,€2.00m,4000000,2000000
Felipe Caicedo,17/18,02/08/2017,Espanyol,Lazio,€3.00m,€2.50m,3000000,2500000
Felipe Caicedo,13/14,16/01/2014,Loko Moskau,Al-Jazira,€8.00m,€4.70m,8000000,4700000
Felipe Caicedo,11/12,15/07/2011,Levante,Loko Moskau,€5.00m,€7.50m,5000000,7500000
Felipe Caicedo,11/12,01/07/2011,Man City,Levante,€5.00m,€1.00m,5000000,1000000
Felipe Caicedo,07/08,31/01/2008,Basel,Man City,€5.00m,€7.00m,5000000,7000000
Felipe Caicedo,06/07,31/08/2006,Rocafuerte FC,Basel,€400k,€330k,400000,330000
Castello Lukeba,23/24,11/08/2023,Lyon,Leipzig,€25.00m,€30.00m,25000000,30000000
Grzegorz Krychowiak,21/22,02/08/2021,Loko Moscow,Krasnodar,€15.00m,€4.00m,15000000,4000000
Grzegorz Krychowiak,19/20,03/07/2019,PSG,Loko Moscow,€18.00m,€12.00m,18000000,12000000
Grzegorz Krychowiak,16/17,03/07/2016,Sevilla FC,PSG,€30.00m,€27.50m,30000000,27500000
Grzegorz Krychowiak,14/15,23/07/2014,Stade Reims,Sevilla FC,€5.00m,€5.50m,5000000,5500000
Grzegorz Krychowiak,12/13,01/07/2012,G. Bordeaux,Stade Reims,€1.00m,€800k,1000000,800000
Grzegorz Krychowiak,06/07,01/01/2007,Arka Gdynia U19,Bordeaux U19,-,€270k,0,270000
Dušan Vlahović,21/22,28/01/2022,Fiorentina,Juventus,€70.00m,€85.40m,70000000,85400000
Dušan Vlahović,18/19,01/07/2018,Partizan,Fiorentina,€1.00m,€3.20m,1000000,3200000
Batista Mendy,23/24,07/09/2023,Angers SCO,Trabzonspor,€3.00m,€4.40m,3000000,4400000
Patrick Bamford,18/19,31/07/2018,Middlesbrough,Leeds,€4.00m,€7.90m,4000000,7900000
Patrick Bamford,16/17,18/01/2017,Chelsea,Middlesbrough,€5.00m,€6.90m,5000000,6900000
Patrick Bamford,11/12,31/01/2012,Nott'm Forest,Chelsea,-,€1.80m,0,1800000
Layvin Kurzawa,15/16,27/08/2015,Monaco,PSG,€10.00m,€25.00m,10000000,25000000
Saïd Benrahma,25/26,03/07/2025,Lyon,NEOM SC,€10.00m,€12.00m,10000000,12000000
Saïd Benrahma,24/25,01/07/2024,West Ham,Lyon,€20.00m,€14.40m,20000000,14400000
Saïd Benrahma,20/21,29/01/2021,Brentford,West Ham,€22.00m,€23.10m,22000000,23100000
Saïd Benrahma,18/19,06/07/2018,Nice,Brentford,€1.00m,€1.70m,1000000,1700000
Isaac Hayden,16/17,11/07/2016,Arsenal U23,Newcastle,€500k,€2.90m,500000,2900000
Jimmy Cabot,22/23,01/07/2022,Angers SCO,Lens,€5.00m,€2.00m,5000000,2000000
Jimmy Cabot,15/16,30/01/2016,Troyes,FC Lorient,€500k,€1.80m,500000,1800000
László Bénes,24/25,01/07/2024,Hamburg,Union Berlin,€5.00m,€3.00m,5000000,3000000
László Bénes,22/23,01/07/2022,Mönchengladbach,Hamburg,€3.00m,€1.50m,3000000,1500000
László Bénes,16/17,01/07/2016,MSK Zilina,Mönchengladbach,€500k,€5.00m,500000,5000000
Adama Traoré,25/26,28/01/2026,Fulham,West Ham,€8.00m,€2.30m,8000000,2300000
Adama Traoré,18/19,08/08/2018,Middlesbrough,Wolves,€8.00m,€20.00m,8000000,20000000
Adama Traoré,16/17,31/08/2016,Aston Villa,Middlesbrough,€8.00m,€8.25m,8000000,8250000
Adama Traoré,15/16,14/08/2015,Barcelona B,Aston Villa,€5.00m,€10.00m,5000000,10000000
Andrés Cubas,21/22,28/04/2022,Nîmes Olympique,Vancouver,€2.50m,€2.73m,2500000,2730000
Andrés Cubas,20/21,17/07/2020,CA Talleres,Nîmes Olympique,€3.20m,€2.90m,3200000,2900000
David García,24/25,01/08/2024,CA Osasuna,Al-Rayyan,€10.00m,€8.75m,10000000,8750000
Pedro Mosquera,,,,,,,0,0
Giacomo Bonaventura,14/15,01/09/2014,Atalanta,AC Milan,€10.00m,€5.30m,10000000,5300000
Marc Guéhi,25/26,19/01/2026,Crystal Palace,Man City,€55.00m,€23.00m,55000000,23000000
Marc Guéhi,21/22,18/07/2021,Chelsea,Crystal Palace,€10.00m,€23.34m,10000000,23340000
Mario Balotelli,22/23,31/08/2022,Adana Demirspor,FC Sion,€2.80m,€2.62m,2800000,2620000
Mario Balotelli,14/15,25/08/2014,AC Milan,Liverpool,€27.00m,€20.00m,27000000,20000000
Mario Balotelli,12/13,31/01/2013,Man City,AC Milan,€24.00m,€20.00m,24000000,20000000
Mario Balotelli,10/11,12/08/2010,Inter,Man City,€26.00m,€29.50m,26000000,29500000
Mario Balotelli,06/07,31/08/2006,Lumezzane,Inter U19,-,€360k,0,360000
Alexis Mac Allister,23/24,01/07/2023,Brighton,Liverpool,€65.00m,€42.00m,65000000,42000000
Alexis Mac Allister,18/19,24/01/2019,Argentinos Jrs.,Brighton,€5.00m,€8.00m,5000000,8000000
Juanpe,,,,,,,0,0
Karl Toko Ekambi,23/24,24/08/2023,Lyon,Abha,€8.00m,€1.50m,8000000,1500000
Karl Toko Ekambi,20/21,01/07/2020,Villarreal,Lyon,€14.00m,€11.50m,14000000,11500000
Karl Toko Ekambi,18/19,01/07/2018,Angers SCO,Villarreal,€18.00m,€18.00m,18000000,18000000
Karl Toko Ekambi,16/17,01/07/2016,FC Sochaux,Angers SCO,€1.25m,€1.00m,1250000,1000000
Karl Toko Ekambi,14/15,01/07/2014,Paris FC,FC Sochaux,-,€400k,0,400000
Aaron Hunt,15/16,31/08/2015,Wolfsburg,Hamburg,€3.50m,€3.00m,3500000,3000000
Daniele Verde,21/22,01/07/2021,AEK Athens,Spezia Calcio,€1.50m,€600k,1500000,600000
Daniele Verde,19/20,17/07/2019,Roma,AEK Athens,€2.50m,€700k,2500000,700000
Victor Lindelöf,17/18,01/07/2017,Benfica,Man Utd,€22.00m,€35.00m,22000000,35000000
Victor Lindelöf,12/13,01/07/2012,Västerås SK,Benfica B,-,€3.06m,0,3060000
Celso Borges,18/19,15/08/2018,Dep. La Coruña,Göztepe,€4.00m,€1.50m,4000000,1500000
Celso Borges,08/09,01/04/2009,Saprissa,Fredrikstad FK,-,€125k,0,125000
Stefan de Vrij,14/15,30/07/2014,Feyenoord,Lazio,€6.00m,€7.00m,6000000,7000000
Paul Seguin,25/26,01/07/2025,FC Schalke 04,Hertha BSC,€900k,€400k,900000,400000
Paul Seguin,23/24,01/07/2023,Union Berlin,FC Schalke 04,€2.50m,€750k,2500000,750000
Paul Seguin,19/20,01/07/2019,Wolfsburg,Greuther Fürth,€1.00m,€300k,1000000,300000
Federico Ricca,19/20,14/08/2019,Málaga CF,Club Brugge,€2.50m,€3.00m,2500000,3000000
Federico Ricca,15/16,01/02/2016,Danubio FC,Málaga CF,€1.20m,€2.50m,1200000,2500000
Davy Klaassen,20/21,05/10/2020,Werder Bremen,Ajax,€12.00m,€11.70m,12000000,11700000
Davy Klaassen,18/19,27/07/2018,Everton,Werder Bremen,€15.00m,€13.50m,15000000,13500000
Davy Klaassen,17/18,01/07/2017,Ajax,Everton,€18.00m,€27.00m,18000000,27000000
Steve Cook,11/12,03/01/2012,Brighton,Bournemouth,€50k,€167k,50000,167000
Abdoul Kader Bamba,,,,,,,0,0
Sofiane Alakouch,,,,,,,0,0
Niko Gießelmann,,,,,,,0,0
Juan Jesus,17/18,01/07/2017,Inter,Roma,€7.50m,€8.00m,7500000,8000000
Juan Jesus,11/12,30/01/2012,Internacional,Inter,€3.00m,€3.80m,3000000,3800000
Bertrand Traoré,25/26,01/09/2025,Ajax,Sunderland,€8.00m,€2.90m,8000000,2900000
Bertrand Traoré,20/21,19/09/2020,Lyon,Aston Villa,€9.50m,€18.40m,9500000,18400000
Bertrand Traoré,17/18,01/07/2017,Chelsea,Lyon,€8.00m,€10.00m,8000000,10000000
Gaetano Letizia,17/18,07/07/2017,Carpi,Benevento,€2.30m,€1.75m,2300000,1750000
Mamadou Sakho,17/18,31/08/2017,Liverpool,Crystal Palace,€15.00m,€28.20m,15000000,28200000
Mamadou Sakho,13/14,02/09/2013,PSG,Liverpool,€15.00m,€19.00m,15000000,19000000
Trevoh Chalobah,,,,,,,0,0
Cristian Ansaldi,19/20,01/07/2019,Inter,Torino,€5.00m,€2.50m,5000000,2500000
Cristian Ansaldi,16/17,30/07/2016,Genoa,Inter,€6.00m,€10.50m,6000000,10500000
Cristian Ansaldi,16/17,29/07/2016,Zenit S-Pb,Genoa,€6.00m,€4.00m,6000000,4000000
Cristian Ansaldi,13/14,05/08/2013,Rubin Kazan,Zenit S-Pb,€10.00m,€8.00m,10000000,8000000
Cristian Ansaldi,07/08,06/01/2008,Newell's,Rubin Kazan,€1.20m,€3.60m,1200000,3600000
Adam Lallana,14/15,01/07/2014,Southampton,Liverpool,€7.50m,€31.00m,7500000,31000000
Azzedine Ounahi,25/26,30/08/2025,Marseille,Girona,€10.00m,€6.00m,10000000,6000000
Azzedine Ounahi,22/23,29/01/2023,Angers SCO,Marseille,€15.00m,€8.00m,15000000,8000000
Azzedine Ounahi,21/22,14/07/2021,US Avranches,Angers SCO,€350k,€70k,350000,70000
Jean-Eudes Aholou,22/23,01/07/2022,Monaco,R. Strasbourg,€3.00m,€3.00m,3000000,3000000
Jean-Eudes Aholou,18/19,24/07/2018,R. Strasbourg,Monaco,€3.00m,€14.00m,3000000,14000000
Jean-Eudes Aholou,16/17,16/01/2017,US Orléans,R. Strasbourg,€400k,€500k,400000,500000
Martinelli,19/20,02/07/2019,Ituano,Arsenal,-,€7.10m,0,7100000
Manuel Lanzini,16/17,01/07/2016,Al-Jazira,West Ham,€9.00m,€12.00m,9000000,12000000
Manuel Lanzini,14/15,09/08/2014,River Plate,Al-Jazira,€6.00m,€7.50m,6000000,7500000
Adam Forshaw,17/18,18/01/2018,Middlesbrough,Leeds,€3.00m,€5.10m,3000000,5100000
Adam Forshaw,14/15,28/01/2015,Wigan,Middlesbrough,€2.00m,€2.67m,2000000,2670000
Adam Forshaw,14/15,01/09/2014,Brentford,Wigan,€2.00m,€3.80m,2000000,3800000
Ander Capa,18/19,01/07/2018,SD Eibar,Athletic Club,€3.00m,€3.00m,3000000,3000000
Mitchel Bakker,23/24,07/07/2023,Leverkusen,Atalanta,€9.00m,€8.80m,9000000,8800000
Mitchel Bakker,21/22,12/07/2021,PSG,Leverkusen,€10.00m,€7.00m,10000000,7000000
Ángel Montoro,,,,,,,0,0
Imran Louza,21/22,01/07/2021,FC Nantes,Watford,€12.00m,€10.00m,12000000,10000000
Kwadwo Asamoah,12/13,02/07/2012,Udinese,Juventus,€15.00m,€18.00m,15000000,18000000
Kwadwo Asamoah,09/10,01/07/2009,AC Bellinzona,Udinese,€1.00m,€1.00m,1000000,1000000
Álex Fernández,13/14,29/08/2013,RM Castilla,Espanyol,€2.50m,€500k,2500000,500000
Álex Gallar,19/20,21/08/2019,SD Huesca,Girona,€1.40m,€1.90m,1400000,1900000
Álex Gallar,17/18,10/07/2017,CyD Leonesa,SD Huesca,€500k,€400k,500000,400000
Marco Meyerhöfer,,,,,,,0,0
Daniel Podence,24/25,02/09/2024,Wolves,Al-Shabab,€13.00m,€5.00m,13000000,5000000
Daniel Podence,19/20,30/01/2020,Olympiacos,Wolves,€6.00m,€19.60m,6000000,19600000
Daniel Podence,18/19,09/07/2018,Sporting,Olympiacos,€4.50m,€7.00m,4500000,7000000
Pablo Martinez,,,,,,,0,0
Thierry Correia,19/20,02/09/2019,Sporting,Valencia,€400k,€12.00m,400000,12000000
Matija Nastasić,21/22,21/08/2021,FC Schalke 04,Fiorentina,€5.00m,€500k,5000000,500000
Matija Nastasić,15/16,01/07/2015,Man City,FC Schalke 04,€14.00m,€9.50m,14000000,9500000
Matija Nastasić,12/13,31/08/2012,Fiorentina,Man City,€5.50m,€15.20m,5500000,15200000
Matija Nastasić,11/12,11/07/2011,Partizan,Fiorentina,€1.00m,€2.50m,1000000,2500000
Olivier Boscagli,19/20,17/07/2019,Nice,PSV,€3.00m,€2.00m,3000000,2000000
Marvin Friedrich,21/22,11/01/2022,Union Berlin,Mönchengladbach,€10.00m,€5.50m,10000000,5500000
Marvin Friedrich,19/20,05/07/2019,Augsburg,Union Berlin,€3.00m,€2.50m,3000000,2500000
Marvin Friedrich,19/20,01/07/2019,Union Berlin,Augsburg,€3.00m,€1.00m,3000000,1000000
Marvin Friedrich,17/18,27/01/2018,Augsburg,Union Berlin,€500k,€300k,500000,300000
Marvin Friedrich,16/17,01/07/2016,FC Schalke 04,Augsburg,€750k,€1.00m,750000,1000000
Djené,17/18,24/07/2017,Sint-Truiden,Getafe,€800k,€2.50m,800000,2500000
Maxime Poundjé,,,,,,,0,0
Ricardo Rodríguez,20/21,01/09/2020,AC Milan,Torino,€3.50m,€1.95m,3500000,1950000
Ricardo Rodríguez,17/18,01/07/2017,Wolfsburg,AC Milan,€17.00m,€15.00m,17000000,15000000
Ricardo Rodríguez,11/12,13/01/2012,FC Zürich,Wolfsburg,€7.50m,€8.50m,7500000,8500000
Fabio Pisacane,15/16,14/07/2015,Avellino,Cagliari,€700k,€150k,700000,150000
Ben Mee,,,,,,,0,0
Iddrisu Baba,,,,,,,0,0
Curtis Jones,,,,,,,0,0
Lassana Coulibaly,24/25,14/08/2024,Salernitana,Lecce,€3.50m,€1.80m,3500000,1800000
Lassana Coulibaly,17/18,05/07/2017,SC Bastia,Angers SCO,€1.25m,€2.00m,1250000,2000000
Solly March,11/12,01/11/2011,Lewes U18,Brighton U18,-,€5k,0,5000
Gōtoku Sakai,19/20,14/08/2019,Hamburg,Vissel Kobe,€1.25m,€500k,1250000,500000
Gōtoku Sakai,15/16,06/07/2015,Stuttgart,Hamburg,€2.00m,€700k,2000000,700000
Gōtoku Sakai,13/14,01/07/2013,Albirex Niigata,Stuttgart,€4.00m,€1.20m,4000000,1200000
Birger Meling,23/24,14/08/2023,Stade Rennais,Copenhagen,€5.00m,€2.00m,5000000,2000000
Birger Meling,21/22,20/07/2021,Nîmes Olympique,Stade Rennais,€3.50m,€3.00m,3500000,3000000
Birger Meling,20/21,06/07/2020,Rosenborg BK,Nîmes Olympique,€1.20m,€1.00m,1200000,1000000
Birger Meling,16/17,08/02/2017,Stabæk,Rosenborg BK,€1.00m,€500k,1000000,500000
Moses Simon,25/26,01/07/2025,FC Nantes,Paris FC,€12.00m,€7.00m,12000000,7000000
Moses Simon,20/21,01/07/2020,Levante,FC Nantes,€6.50m,€5.00m,6500000,5000000
Moses Simon,18/19,06/08/2018,KAA Gent,Levante,€6.00m,€3.50m,6000000,3500000
Moses Simon,14/15,07/01/2015,AS Trencin,KAA Gent,€600k,€800k,600000,800000
Adama Soumaoro,21/22,01/07/2021,Lille,Bologna,€4.00m,€2.10m,4000000,2100000
Duje Ćaleta-Car,24/25,08/07/2024,Southampton,Lyon,€7.00m,€3.59m,7000000,3590000
Duje Ćaleta-Car,22/23,01/09/2022,Marseille,Southampton,€16.00m,€8.00m,16000000,8000000
Duje Ćaleta-Car,18/19,20/07/2018,Salzburg,Marseille,€10.00m,€19.00m,10000000,19000000
Duje Ćaleta-Car,13/14,05/07/2013,HNK Sibenik,Salzburg,-,€50k,0,50000
Gaël Kakuta,21/22,01/07/2021,Amiens SC,Lens,€8.00m,€5.00m,8000000,5000000
Gaël Kakuta,19/20,09/08/2019,Rayo Vallecano,Amiens SC,€2.00m,€3.00m,2000000,3000000
Gaël Kakuta,18/19,13/07/2018,HB CFFC,Rayo Vallecano,€6.00m,€2.00m,6000000,2000000
Gaël Kakuta,15/16,05/02/2016,Sevilla FC,HB CFFC,€6.00m,€5.00m,6000000,5000000
Gaël Kakuta,15/16,01/07/2015,Chelsea,Sevilla FC,€3.50m,€6.00m,3500000,6000000
Gaël Kakuta,07/08,01/07/2007,RC Lens U19,Chelsea U18,-,€115k,0,115000
Ermin Bičakčić,14/15,01/07/2014,E. Braunschweig,Hoffenheim,€2.50m,€400k,2500000,400000
Ermin Bičakčić,11/12,01/01/2012,Stuttgart,E. Braunschweig,€250k,€100k,250000,100000
Romain Hamouma,12/13,19/07/2012,SM Caen,Saint-Étienne,€4.50m,€4.00m,4500000,4000000
Romain Hamouma,10/11,01/07/2010,Stade Lavallois,SM Caen,€1.00m,€1.20m,1000000,1200000
Sebastian Vasiliadis,,,,,,,0,0
Borja Mayoral,22/23,01/08/2022,Real Madrid,Getafe,€9.00m,€10.00m,9000000,10000000
Shane Duffy,16/17,26/08/2016,Blackburn,Brighton,€1.50m,€5.25m,1500000,5250000
Shane Duffy,14/15,01/09/2014,Everton,Blackburn,€1.50m,€1.90m,1500000,1900000
Khéphren Thuram-Ulie,24/25,10/07/2024,Nice,Juventus,€35.00m,€20.60m,35000000,20600000
Iván Ramis,12/13,02/08/2012,RCD Mallorca,Wigan,€6.00m,€6.00m,6000000,6000000
Timothée Kolodziejczak,20/21,01/07/2020,Tigres UANL,Saint-Étienne,€4.80m,€4.50m,4800000,4500000
Timothée Kolodziejczak,17/18,05/09/2017,Mönchengladbach,Tigres UANL,€6.00m,€5.00m,6000000,5000000
Timothée Kolodziejczak,16/17,04/01/2017,Sevilla FC,Mönchengladbach,€7.00m,€7.50m,7000000,7500000
Timothée Kolodziejczak,14/15,29/08/2014,Nice,Sevilla FC,€4.50m,€3.00m,4500000,3000000
Timothée Kolodziejczak,09/10,01/07/2009,Lens,Lyon,€600k,€2.50m,600000,2500000
Thomas Foket,18/19,31/08/2018,KAA Gent,Stade Reims,€3.50m,€3.50m,3500000,3500000
Terem Moffi,23/24,01/07/2023,FC Lorient,Nice,€20.00m,€22.50m,20000000,22500000
Terem Moffi,20/21,01/10/2020,KV Kortrijk,FC Lorient,€3.00m,€8.00m,3000000,8000000
Terem Moffi,19/20,08/01/2020,Riteriai,KV Kortrijk,€350k,€1.35m,350000,1350000
Amine Harit,23/24,01/07/2023,FC Schalke 04,Marseille,€12.00m,€5.00m,12000000,5000000
Amine Harit,17/18,10/07/2017,FC Nantes,FC Schalke 04,€2.00m,€8.00m,2000000,8000000
Daniel Didavi,,,,,,,0,0
Damián Musto,19/20,01/07/2019,Club Tijuana,SD Huesca,€1.20m,€500k,1200000,500000
Damián Musto,17/18,05/07/2017,Rosario Central,Club Tijuana,€700k,€1.75m,700000,1750000
Leander Dendoncker,22/23,01/09/2022,Wolves,Aston Villa,€28.00m,€15.00m,28000000,15000000
Leander Dendoncker,19/20,01/07/2019,RSC Anderlecht,Wolves,€18.00m,€13.80m,18000000,13800000
Jeffrey Gouweleeuw,15/16,09/01/2016,AZ Alkmaar,Augsburg,€3.00m,€3.00m,3000000,3000000
Jeffrey Gouweleeuw,13/14,01/07/2013,Heerenveen,AZ Alkmaar,€2.50m,€1.50m,2500000,1500000
Stevan Jovetić,17/18,29/08/2017,Inter,Monaco,€10.00m,€10.50m,10000000,10500000
Stevan Jovetić,16/17,03/01/2017,Man City,Inter,€10.00m,€13.50m,10000000,13500000
Stevan Jovetić,13/14,19/07/2013,Fiorentina,Man City,€28.00m,€26.00m,28000000,26000000
Stevan Jovetić,08/09,01/07/2008,Partizan,Fiorentina,€7.00m,€8.00m,7000000,8000000
Nicolas Pallois,17/18,27/07/2017,G. Bordeaux,FC Nantes,€3.50m,€2.00m,3500000,2000000
Nicolas Pallois,14/15,01/07/2014,Chamois Niort,G. Bordeaux,€300k,€500k,300000,500000
Pablo Fornals,23/24,01/02/2024,West Ham,Real Betis,€17.00m,€8.00m,17000000,8000000
Pablo Fornals,19/20,01/07/2019,Villarreal,West Ham,€25.00m,€28.00m,25000000,28000000
Pablo Fornals,17/18,24/07/2017,Málaga CF,Villarreal,€10.00m,€12.00m,10000000,12000000
Miranda,,,,,,,0,0
Felipe,21/22,16/07/2021,West Ham,Lazio,€10.00m,€3.00m,10000000,3000000
Felipe,18/19,15/07/2018,Lazio,West Ham,€30.00m,€38.00m,30000000,38000000
Felipe,13/14,09/07/2013,Santos,Lazio,€6.00m,€7.50m,6000000,7500000
Marlon,21/22,01/07/2021,Sassuolo,Shakhtar D.,€6.50m,€12.00m,6500000,12000000
Marlon,18/19,16/08/2018,Barcelona,Sassuolo,€10.00m,€12.00m,10000000,12000000
Marlon,17/18,01/07/2017,Fluminense,Barcelona,€5.00m,€5.00m,5000000,5000000
Vladimír Coufal,20/21,02/10/2020,Slavia Praha,West Ham,€2.00m,€6.00m,2000000,6000000
Vladimír Coufal,18/19,01/07/2018,Slovan Liberec,Slavia Praha,€900k,€700k,900000,700000
Esteban Granero,14/15,27/07/2014,QPR,Real Sociedad,€5.00m,€4.00m,5000000,4000000
Esteban Granero,12/13,30/08/2012,Real Madrid,QPR,€7.00m,€8.00m,7000000,8000000
Esteban Granero,09/10,21/07/2009,Getafe,Real Madrid,€5.00m,€4.00m,5000000,4000000
Esteban Granero,08/09,13/07/2008,Real Madrid,Getafe,€4.00m,€3.00m,4000000,3000000
Szymon Żurkowski,23/24,01/07/2023,Fiorentina,Spezia Calcio,€3.50m,€3.38m,3500000,3380000
Szymon Żurkowski,18/19,28/01/2019,Górnik Zabrze,Fiorentina,€4.00m,€4.50m,4000000,4500000
Fouad Chafik,,,,,,,0,0
Javi Galán,25/26,01/01/2026,Atlético,CA Osasuna,€3.50m,€500k,3500000,500000
Javi Galán,23/24,03/07/2023,Celta de Vigo,Atlético,€12.00m,€5.00m,12000000,5000000
Javi Galán,21/22,31/07/2021,SD Huesca,Celta de Vigo,€6.00m,€4.00m,6000000,4000000
Javi Galán,18/19,29/01/2019,Córdoba CF,SD Huesca,€400k,€1.00m,400000,1000000
Mauricio Lemos,20/21,26/08/2020,UD Las Palmas,Fenerbahçe,€1.60m,€1.50m,1600000,1500000
Mauricio Lemos,16/17,01/07/2016,Rubin Kazan,UD Las Palmas,€800k,€2.00m,800000,2000000
Mauricio Lemos,15/16,27/01/2016,Defensor SC,Rubin Kazan,€750k,€400k,750000,400000
Mikel San José,10/11,01/07/2010,Liverpool Res.,Athletic Club,€3.40m,€2.70m,3400000,2700000
Mikel San José,07/08,01/08/2007,Bilbao U19,Liverpool U18,-,€450k,0,450000
Marcos Llorente,19/20,01/07/2019,Real Madrid,Atlético,€20.00m,€30.00m,20000000,30000000
Diego Llorente,24/25,09/07/2024,Leeds,Real Betis,€7.00m,€3.25m,7000000,3250000
Diego Llorente,20/21,24/09/2020,Real Sociedad,Leeds,€20.00m,€20.00m,20000000,20000000
Diego Llorente,17/18,01/07/2017,Real Madrid,Real Sociedad,€7.50m,€11.00m,7500000,11000000
Bas Dost,20/21,04/01/2021,Frankfurt,Club Brugge,€5.50m,€4.00m,5500000,4000000
Bas Dost,19/20,26/08/2019,Sporting,Frankfurt,€17.00m,€7.00m,17000000,7000000
Bas Dost,16/17,28/08/2016,Wolfsburg,Sporting,€7.50m,€11.85m,7500000,11850000
Bas Dost,12/13,01/07/2012,Heerenveen,Wolfsburg,€8.00m,€7.00m,8000000,7000000
Bas Dost,10/11,01/07/2010,Heracles Almelo,Heerenveen,€1.50m,€2.75m,1500000,2750000
Bas Dost,08/09,01/07/2008,FC Emmen,Heracles Almelo,-,€300k,0,300000
Rolando Mandragora,22/23,04/07/2022,Juventus,Fiorentina,€10.00m,€8.20m,10000000,8199999
Rolando Mandragora,20/21,03/10/2020,Udinese,Juventus,€12.00m,€15.00m,12000000,15000000
Rolando Mandragora,18/19,26/07/2018,Juventus,Udinese,€10.00m,€20.00m,10000000,20000000
Rolando Mandragora,15/16,19/01/2016,Genoa,Juventus,€2.00m,€9.00m,2000000,9000000
Ivan Ilić,23/24,01/07/2023,Hellas Verona,Torino,€19.00m,€16.50m,19000000,16500000
Ivan Ilić,21/22,12/08/2021,Man City U23,Hellas Verona,€8.00m,€7.50m,8000000,7500000
Ivan Ilić,17/18,10/07/2017,Red Star U17,Man City U18,€50k,€2.50m,50000,2500000
Jonathan Gradit,19/20,20/08/2019,SM Caen,Lens,€2.00m,€400k,2000000,400000
Borja García,20/21,15/09/2020,Girona,SD Huesca,€3.20m,€1.50m,3200000,1500000
Borja García,12/13,31/07/2012,Córdoba CF,RM Castilla,€1.00m,€1.00m,1000000,1000000
Jean-Ricner Bellegarde,23/24,01/09/2023,R. Strasbourg,Wolves,€10.00m,€15.00m,10000000,15000000
Jean-Ricner Bellegarde,19/20,02/07/2019,Lens,R. Strasbourg,€1.50m,€2.00m,1500000,2000000
Stefan Lainer,19/20,01/07/2019,Salzburg,Mönchengladbach,€12.50m,€12.50m,12500000,12500000
Stefan Lainer,15/16,01/07/2015,SV Ried,Salzburg,€650k,€200k,650000,200000
Maximilian Philipp,24/25,01/07/2024,Wolfsburg,Freiburg,€2.00m,€1.00m,2000000,1000000
Maximilian Philipp,21/22,01/07/2021,Dynamo Moscow,Wolfsburg,€7.00m,€7.50m,7000000,7500000
Maximilian Philipp,19/20,09/08/2019,Dortmund,Dinamo Moscow,€13.00m,€20.00m,13000000,20000000
Maximilian Philipp,17/18,01/07/2017,Freiburg,Dortmund,€15.00m,€20.00m,15000000,20000000
Aymen Barkok,,,,,,,0,0
Gabriele Angella,10/11,01/08/2010,FC Empoli,Udinese,€800k,€2.00m,800000,2000000
Theodor Gebre Selassie,12/13,01/07/2012,Slovan Liberec,Werder Bremen,€1.50m,€1.80m,1500000,1800000
Theodor Gebre Selassie,08/09,16/09/2008,Slavia Praha,Slovan Liberec,€500k,€500k,500000,500000
Theodor Gebre Selassie,07/08,25/09/2007,Jihlava,Slavia Praha,-,€200k,0,200000
André Hoffmann,17/18,01/07/2017,Hannover 96,F. Düsseldorf,€500k,€250k,500000,250000
André Hoffmann,12/13,03/01/2013,MSV Duisburg,Hannover 96,€800k,€800k,800000,800000
Anthony Losilla,,,,,,,0,0
Jean-Paul Boëtius,18/19,27/08/2018,Feyenoord,Mainz,€2.00m,€3.50m,2000000,3500000
Jean-Paul Boëtius,17/18,01/07/2017,Basel,Feyenoord,€2.20m,€1.50m,2200000,1500000
Jean-Paul Boëtius,15/16,03/08/2015,Feyenoord,Basel,€4.50m,€2.00m,4500000,2000000
Gonzalo Castro,18/19,01/07/2018,Dortmund,Stuttgart,€8.00m,€5.00m,8000000,5000000
Gonzalo Castro,15/16,01/07/2015,Leverkusen,Dortmund,€14.00m,€11.00m,14000000,11000000
Sandro,17/18,31/08/2017,Atalanta,Inter,€1.50m,€40.70m,1500000,40700000
Rachid Ghezzal,21/22,12/08/2021,Leicester,Besiktas,€12.00m,€3.00m,12000000,3000000
Rachid Ghezzal,18/19,05/08/2018,Monaco,Leicester,€4.00m,€14.00m,4000000,14000000
Rani Khedira,14/15,01/07/2014,Stuttgart,Leipzig,€750k,€500k,750000,500000
Ferland Mendy,19/20,01/07/2019,Lyon,Real Madrid,€30.00m,€48.00m,30000000,48000000
Ferland Mendy,17/18,01/07/2017,Le Havre AC,Lyon,€1.25m,€5.00m,1250000,5000000
Santiago Cáseres,21/22,19/02/2022,Villarreal,Vélez Sarsfield,€5.00m,€2.50m,5000000,2500000
Santiago Cáseres,18/19,16/07/2018,Vélez Sarsfield,Villarreal,€6.00m,€10.00m,6000000,10000000
Álex Berenguer,20/21,02/10/2020,Torino,Athletic Club,€6.00m,€11.13m,6000000,11130000
Álex Berenguer,17/18,17/07/2017,CA Osasuna,Torino,€6.00m,€7.00m,6000000,7000000
Vedad Ibišević,11/12,25/01/2012,Hoffenheim,Stuttgart,€6.00m,€4.50m,6000000,4500000
Vedad Ibišević,07/08,12/07/2007,Alem. Aachen,Hoffenheim,€1.00m,€1.00m,1000000,1000000
James Tomkins,16/17,05/07/2016,West Ham,Crystal Palace,€6.00m,€11.70m,6000000,11700000
Jonathan Panzo,21/22,31/01/2022,Dijon,Nott'm Forest,€2.50m,€1.70m,2500000,1700000
Jonathan Panzo,20/21,26/08/2020,Monaco B,Dijon,€2.70m,€3.40m,2700000,3400000
Jonathan Panzo,18/19,06/07/2018,Chelsea U18,Monaco B,-,€3.00m,0,3000000
Joris Chotard,25/26,23/08/2025,Montpellier,Stade Brestois,€6.00m,€2.40m,6000000,2400000
Christian Günter,,,,,,,0,0
Tobias Strobl,,,,,,,0,0
Jesper Lindstrøm,23/24,29/08/2023,Frankfurt,Napoli,€28.00m,€30.00m,28000000,30000000
Jesper Lindstrøm,21/22,11/07/2021,Bröndby IF,Frankfurt,€7.00m,€7.00m,7000000,7000000
Rade Krunić,24/25,01/07/2024,AC Milan,Fenerbahçe,€6.00m,€3.50m,6000000,3500000
Rade Krunić,19/20,08/07/2019,FC Empoli,AC Milan,€8.00m,€8.60m,8000000,8600000
Gelson Fernandes,17/18,01/07/2017,Stade Rennais,Frankfurt,€2.50m,€350k,2500000,350000
Gelson Fernandes,14/15,04/08/2014,Freiburg,Stade Rennais,€3.00m,€1.60m,3000000,1600000
Gelson Fernandes,13/14,01/07/2013,Sporting,Freiburg,€3.00m,€400k,3000000,400000
Gelson Fernandes,09/10,09/07/2009,Man City,Saint-Étienne,€5.50m,€3.50m,5500000,3500000
Gelson Fernandes,07/08,14/07/2007,FC Sion,Man City,€1.00m,€5.50m,1000000,5500000
Coke,18/19,02/07/2018,FC Schalke 04,Levante,€2.00m,€1.50m,2000000,1500000
Coke,16/17,03/08/2016,Sevilla FC,FC Schalke 04,€4.00m,€4.00m,4000000,4000000
Coke,11/12,01/07/2011,Rayo Vallecano,Sevilla FC,€2.50m,€1.80m,2500000,1800000
Cristian Rivera,,,,,,,0,0
Édgar Barreto,11/12,31/08/2011,Atalanta,US Palermo,€3.50m,€5.30m,3500000,5300000
Édgar Barreto,09/10,11/07/2009,Reggina,Atalanta,€2.50m,€4.50m,2500000,4500000
Édgar Barreto,07/08,19/07/2007,NEC Nijmegen,Reggina,€2.60m,€2.00m,2600000,2000000
Édgar Barreto,03/04,01/01/2004,Cerro Porteño,NEC Nijmegen,-,€800k,0,800000
Thilo Kehrer,24/25,01/07/2024,West Ham,Monaco,€10.00m,€11.00m,10000000,11000000
Thilo Kehrer,22/23,17/08/2022,PSG,West Ham,€22.00m,€12.00m,22000000,12000000
Thilo Kehrer,18/19,16/08/2018,FC Schalke 04,PSG,€18.00m,€37.00m,18000000,37000000
Bruno Alves,13/14,01/07/2013,Zenit S-Pb,Fenerbahçe,€6.50m,€5.50m,6500000,5500000
Bruno Alves,10/11,03/08/2010,Porto,Zenit S-Pb,€18.00m,€22.00m,18000000,22000000
Keven Schlotterbeck,24/25,01/07/2024,Freiburg,Augsburg,€6.00m,€2.50m,6000000,2500000
Jorge Molina,10/11,01/07/2010,Elche CF,Real Betis,€1.20m,€1.60m,1200000,1600000
Grant Hanley,17/18,30/08/2017,Newcastle,Norwich,€4.50m,€3.80m,4500000,3800000
Grant Hanley,16/17,21/07/2016,Blackburn,Newcastle,€2.50m,€6.60m,2500000,6600000
Grant Hanley,08/09,01/07/2008,Rangers FC U17,Blackburn U18,-,€50k,0,50000
Salvador Ferrer,19/20,09/08/2019,Gimnàstic,Spezia Calcio,€200k,€380k,200000,380000
Simone Zaza,19/20,01/07/2019,Valencia,Torino,€10.00m,€12.00m,10000000,12000000
Simone Zaza,17/18,01/07/2017,Juventus,Valencia,€15.00m,€16.00m,15000000,16000000
Simone Zaza,15/16,07/07/2015,Sassuolo,Juventus,€11.00m,€18.00m,11000000,18000000
Simone Zaza,13/14,09/07/2013,Juventus,Sassuolo,€4.50m,€10.00m,4500000,10000000
Simone Zaza,13/14,09/07/2013,Sampdoria,Juventus,€4.50m,€3.50m,4500000,3500000
Manuel Prietl,,,,,,,0,0
Rayan Aït Nouri,,,,,,,0,0
Gabriel,19/20,02/07/2019,Ituano,Arsenal,-,€7.10m,0,7100000
Maximilian Eggestein,21/22,18/08/2021,Werder Bremen,Freiburg,€7.50m,€5.00m,7500000,5000000
Bruno Zuculini,17/18,29/01/2018,Hellas Verona,River Plate,€1.70m,€3.25m,1700000,3250000
Bruno Zuculini,17/18,11/07/2017,Man City,Hellas Verona,€1.20m,€1.25m,1200000,1250000
Bruno Zuculini,14/15,01/07/2014,Racing Club,Man City,€4.00m,€2.50m,4000000,2500000
Tommaso Pobega,26/27,01/07/2026,AC Milan,Bologna,€9.00m,€7.00m,9000000,7000000
Camillo Ciano,22/23,27/08/2022,Frosinone,Benevento,€500k,€500k,500000,500000
Camillo Ciano,17/18,10/07/2017,Cesena,Frosinone,€2.30m,€1.30m,2300000,1300000
Camillo Ciano,15/16,10/08/2015,Crotone,Cesena,€1.80m,€300k,1800000,300000
Roque Mesa,18/19,01/07/2018,Swansea,Sevilla FC,€7.00m,€6.00m,7000000,6000000
Roque Mesa,17/18,06/07/2017,UD Las Palmas,Swansea,€12.00m,€12.50m,12000000,12500000
Roberto Insigne,23/24,12/07/2023,Frosinone,Palermo,€1.80m,€1.00m,1800000,1000000
Roberto Insigne,22/23,27/08/2022,Benevento,Frosinone,€1.50m,€900k,1500000,900000
Roberto Insigne,19/20,01/07/2019,Napoli,Benevento,€1.60m,€1.50m,1600000,1500000
Rafa Soares,18/19,01/07/2018,Portimonense,Porto,€1.50m,€1.50m,1500000,1500000
Matías Viña,23/24,25/01/2024,Roma,Flamengo,€8.00m,€8.10m,8000000,8100000
Matías Viña,21/22,08/08/2021,Palmeiras,Roma,€5.00m,€13.00m,5000000,13000000
Matías Viña,19/20,31/01/2020,Nacional,Palmeiras,€2.50m,€8.36m,2500000,8359999
Jon Moncayola,,,,,,,0,0
Claudio Terzi,13/14,19/07/2013,AC Siena,US Palermo,€500k,€500k,500000,500000
Claudio Terzi,09/10,19/08/2009,Bologna,AC Siena,€1.30m,€2.50m,1300000,2500000
Étienne Didot,08/09,01/07/2008,Stade Rennais,Toulouse,€3.50m,€3.00m,3500000,3000000
Ervin Zukanović,18/19,01/07/2018,Roma,Genoa,€2.00m,€1.50m,2000000,1500000
Ervin Zukanović,16/17,01/07/2016,Sampdoria,Roma,€4.00m,€2.80m,4000000,2800000
Ervin Zukanović,15/16,16/07/2015,Chievo Verona,Sampdoria,€3.50m,€3.28m,3500000,3280000
Ervin Zukanović,15/16,01/07/2015,KAA Gent,Chievo Verona,€3.50m,€1.00m,3500000,1000000
Ervin Zukanović,12/13,01/01/2013,KV Kortrijk,KAA Gent,€1.30m,€625k,1300000,625000
Ervin Zukanović,11/12,11/07/2011,KAS Eupen,KV Kortrijk,€700k,€200k,700000,200000
Ervin Zukanović,10/11,12/07/2010,FCV Dender EH,KAS Eupen,€300k,€80k,300000,80000
Fran Gámez,,,,,,,0,0
Georginio Wijnaldum,23/24,02/09/2023,PSG,Al-Ettifaq,€8.00m,€8.00m,8000000,8000000
Georginio Wijnaldum,16/17,22/07/2016,Newcastle,Liverpool,€20.00m,€27.50m,20000000,27500000
Georginio Wijnaldum,15/16,11/07/2015,PSV,Newcastle,€15.00m,€20.00m,15000000,20000000
Georginio Wijnaldum,11/12,01/07/2011,Feyenoord,PSV,€6.50m,€8.00m,6500000,8000000
Léo Sena,21/22,01/07/2021,Atlético-MG,Spezia Calcio,€2.00m,€1.25m,2000000,1250000
Léo Sena,19/20,18/06/2020,Goiás,Atlético-MG,€1.00m,€680k,1000000,680000
Maya Yoshida,12/13,30/08/2012,VVV-Venlo,Southampton,€1.25m,€2.80m,1250000,2800000
Vladimír Darida,15/16,18/07/2015,Freiburg,Hertha BSC,€5.50m,€3.80m,5500000,3800000
Vladimír Darida,13/14,28/08/2013,Viktoria Plzeň,Freiburg,€7.50m,€4.00m,7500000,4000000
Ragnar Klavan,18/19,17/08/2018,Liverpool,Cagliari,€3.50m,€1.52m,3500000,1520000
Ragnar Klavan,16/17,20/07/2016,Augsburg,Liverpool,€3.50m,€5.00m,3500000,5000000
Ragnar Klavan,12/13,02/07/2012,AZ Alkmaar,Augsburg,€1.50m,€250k,1500000,250000
Ragnar Klavan,09/10,01/07/2009,Heracles Almelo,AZ Alkmaar,€1.50m,€500k,1500000,500000
Ragnar Klavan,05/06,04/08/2005,FC Flora,Heracles Almelo,€125k,€200k,125000,200000
Lucas Perrin,22/23,01/07/2022,Marseille,R. Strasbourg,€5.00m,€1.50m,5000000,1500000
Nahuel Molina,22/23,28/07/2022,Udinese,Atlético,€20.00m,€20.00m,20000000,20000000
Arne Maier,22/23,01/07/2022,Hertha BSC,Augsburg,€5.50m,€5.00m,5500000,5000000
Nicolas Nkoulou,18/19,01/07/2018,Lyon,Torino,€10.00m,€3.50m,10000000,3500000
Nicolas Nkoulou,11/12,01/07/2011,Monaco,Marseille,€5.00m,€3.50m,5000000,3500000
Mateusz Klich,17/18,01/07/2017,FC Twente,Leeds,€2.25m,€1.70m,2250000,1700000
Mateusz Klich,16/17,26/08/2016,1.FC K'lautern,FC Twente,€500k,€50k,500000,50000
Mateusz Klich,14/15,06/01/2015,Wolfsburg,1.FC K'lautern,€1.50m,€250k,1500000,250000
Mateusz Klich,14/15,01/07/2014,PEC Zwolle,Wolfsburg,€2.00m,€750k,2000000,750000
Mateusz Klich,13/14,01/07/2013,Wolfsburg,PEC Zwolle,€750k,€200k,750000,200000
Mateusz Klich,11/12,01/07/2011,Cracovia,Wolfsburg,€1.50m,€1.50m,1500000,1500000
Ramiro Funes Mori,22/23,04/08/2022,Al-Nassr,CD Cruz Azul,€1.50m,€1.50m,1500000,1500000
Ramiro Funes Mori,21/22,22/07/2021,Villarreal,Al-Nassr,€2.00m,€2.50m,2000000,2500000
Ramiro Funes Mori,18/19,01/07/2018,Everton,Villarreal,€10.00m,€9.00m,10000000,9000000
Ramiro Funes Mori,15/16,01/09/2015,River Plate,Everton,€6.00m,€12.20m,6000000,12200000
Vitaly Janelt,20/21,03/10/2020,VfL Bochum,Brentford,€675k,€600k,675000,600000
Vitaly Janelt,18/19,01/07/2018,Leipzig,VfL Bochum,€600k,€150k,600000,150000
Vitaly Janelt,14/15,01/07/2014,Hamburg U17,RB Leipzig U17,-,€100k,0,100000
Georg Margreitter,12/13,24/08/2012,Austria Vienna,Wolves,€1.10m,€2.50m,1100000,2500000
Tino Kadewere,19/20,22/01/2020,Le Havre AC,Lyon,€4.00m,€12.00m,4000000,12000000
Tino Kadewere,18/19,27/07/2018,Djurgården,Le Havre AC,€800k,€2.00m,800000,2000000
Wout Faes,22/23,01/09/2022,Stade Reims,Leicester,€10.00m,€17.00m,10000000,17000000
Wout Faes,19/20,30/01/2020,KV Oostende,Stade Reims,€3.00m,€3.00m,3000000,3000000
Wout Faes,18/19,01/07/2018,RSC Anderlecht,KV Oostende,€800k,€300k,800000,300000
Chris Löwe,19/20,01/07/2019,Huddersfield,Dynamo Dresden,€2.00m,€900k,2000000,900000
Chris Löwe,12/13,12/01/2013,Dortmund,1.FC K'lautern,€500k,€500k,500000,500000
Chris Löwe,11/12,01/07/2011,Chemnitzer FC,Dortmund,€200k,€225k,200000,225000
Pedro Alcalá,15/16,30/08/2015,UE Llagostera,Girona,€400k,€100k,400000,100000
Marco Fossati,18/19,05/01/2019,Hellas Verona,Monza,€700k,€150k,700000,150000
Marco Fossati,17/18,01/07/2017,Cagliari,Hellas Verona,€2.50m,€300k,2500000,300000
Marco Fossati,10/11,16/07/2010,Inter Youth,Milan U19,€300k,€4.00m,300000,4000000
Lucas Pérez,22/23,01/01/2023,Cádiz CF,Dep. La Coruña,€2.00m,€1.00m,2000000,1000000
Lucas Pérez,21/22,31/01/2022,Elche CF,Cádiz CF,€2.50m,€200k,2500000,200000
Lucas Pérez,19/20,01/07/2019,West Ham,Alavés,€4.00m,€2.30m,4000000,2300000
Lucas Pérez,18/19,09/08/2018,Arsenal,West Ham,€7.50m,€4.40m,7500000,4400000
Lucas Pérez,16/17,30/08/2016,Dep. La Coruña,Arsenal,€12.00m,€20.00m,12000000,20000000
Lucas Pérez,15/16,12/08/2015,PAOK,Dep. La Coruña,€3.00m,€1.50m,3000000,1500000
Lucas Pérez,13/14,05/07/2013,Karpaty Lviv,PAOK,€2.50m,€800k,2500000,800000
Steven Alzate,25/26,04/08/2025,Hull City,Atlanta,€3.50m,€1.70m,3500000,1700000
Steven Alzate,17/18,31/07/2017,Leyton Orient,Brighton U23,-,€110k,0,110000
Leandro Cabrera,19/20,20/01/2020,Getafe,Espanyol,€10.00m,€9.00m,10000000,9000000
Leandro Cabrera,18/19,05/07/2018,Crotone,Getafe,€600k,€600k,600000,600000
Leandro Cabrera,09/10,16/07/2009,Defensor SC,Atlético,-,€1.50m,0,1500000
Luca Kilian,22/23,01/07/2022,Mainz,1.FC Köln,€4.50m,€2.00m,4500000,2000000
Luca Kilian,20/21,10/08/2020,SC Paderborn,Mainz,€1.30m,€2.00m,1300000,2000000
Antonio Sánchez,,,,,,,0,0
Javairô Dilrosun,23/24,02/02/2024,Feyenoord,América,€4.00m,€4.60m,4000000,4600000
Javairô Dilrosun,22/23,11/07/2022,Hertha BSC,Feyenoord,€6.00m,€4.00m,6000000,4000000
Javairô Dilrosun,14/15,01/07/2014,Ajax U17,Man City U18,-,€230k,0,230000
Wallace,72/73,01/10/1972,Crystal Palace,Dumbarton,-,€15k,0,15000
Wallace,71/72,01/10/1971,Celtic,Crystal Palace,-,€23k,0,23000
Wallace,66/67,01/12/1966,Heart of Midl.,Celtic,-,€44k,0,44000
Wallace,60/61,01/04/1961,Raith Rovers,Heart of Midl.,-,€23k,0,23000
Antonio Vacca,,,,,,,0,0
Simon Falette,17/18,16/08/2017,FC Metz,Frankfurt,€3.00m,€2.70m,3000000,2700000
Iñigo Ruiz de Galarreta,18/19,07/08/2018,Barcelona B,UD Las Palmas,€800k,€500k,800000,500000
Iñigo Ruiz de Galarreta,17/18,17/07/2017,CD Numancia,Barcelona B,€800k,€700k,800000,700000
Lucas Gourna-Douath,22/23,13/07/2022,Saint-Étienne,Salzburg,€10.00m,€13.00m,10000000,13000000
Emerson Palmieri,25/26,01/09/2025,West Ham,Marseille,€10.00m,€700k,10000000,700000
Emerson Palmieri,22/23,23/08/2022,Chelsea,West Ham,€14.00m,€15.40m,14000000,15400000
Emerson Palmieri,17/18,30/01/2018,Roma,Chelsea,€14.00m,€20.00m,14000000,20000000
Emerson Palmieri,16/17,03/01/2017,Santos,Roma,€3.00m,€2.00m,3000000,2000000
Valentino Livramento,23/24,08/08/2023,Southampton,Newcastle,€25.00m,€37.20m,25000000,37200000
Valentino Livramento,21/22,02/08/2021,Chelsea U23,Southampton,-,€26.20m,0,26200000
Valon Berisha,20/21,09/07/2020,Lazio,Stade Reims,€4.00m,€4.50m,4000000,4500000
Valon Berisha,18/19,03/07/2018,Salzburg,Lazio,€10.00m,€7.60m,10000000,7600000
Valon Berisha,12/13,26/07/2012,Viking FK,Salzburg,€1.00m,€2.80m,1000000,2800000
Zaydou Youssouf,24/25,31/01/2025,Famalicão,Al-Fateh,€7.00m,€6.00m,7000000,6000000
Zaydou Youssouf,22/23,04/08/2022,Saint-Étienne,Famalicão,€4.00m,€1.00m,4000000,1000000
Zaydou Youssouf,19/20,05/07/2019,G. Bordeaux,Saint-Étienne,€4.00m,€2.00m,4000000,2000000
Pau Torres,23/24,12/07/2023,Villarreal,Aston Villa,€45.00m,€33.00m,45000000,33000000
Ibrahima Konaté,21/22,01/07/2021,Leipzig,Liverpool,€35.00m,€40.00m,35000000,40000000
Ademola Lookman,25/26,02/02/2026,Atalanta,Atlético,€35.00m,€35.00m,35000000,35000000
Ademola Lookman,22/23,04/08/2022,Leipzig,Atalanta,€10.00m,€16.10m,10000000,16100000
Ademola Lookman,19/20,25/07/2019,Everton,Leipzig,€20.00m,€18.00m,20000000,18000000
Ademola Lookman,16/17,05/01/2017,Charlton,Everton,€1.50m,€8.80m,1500000,8800000
Blaise Matuidi,17/18,18/08/2017,PSG,Juventus,€30.00m,€25.00m,30000000,25000000
Blaise Matuidi,11/12,25/07/2011,Saint-Étienne,PSG,€8.00m,€8.00m,8000000,8000000
Blaise Matuidi,07/08,09/07/2007,Troyes,Saint-Étienne,€1.85m,€5.00m,1850000,5000000
Anthony Briançon,,,,,,,0,0
Edgar Ié,17/18,05/07/2017,Belenenses,Lille,€500k,€3.50m,500000,3500000
Edgar Ié,12/13,18/07/2012,Sporting U19,Barcelona B,-,€1.75m,0,1750000
Carlos Akapo,14/15,06/08/2014,CD Numancia,Valencia B,€400k,€200k,400000,200000
Stefan Posch,25/26,21/01/2026,Bologna,Como,€5.50m,€5.50m,5500000,5500000
Stefan Posch,23/24,01/07/2023,Hoffenheim,Bologna,€14.00m,€5.00m,14000000,5000000
Stefan Posch,15/16,06/08/2015,Admira Wacker,Hoffenheim U19,-,€200k,0,200000
Paul Baysse,17/18,10/01/2018,Málaga CF,G. Bordeaux,€2.50m,€1.00m,2500000,1000000
Paul Baysse,16/17,01/07/2016,Saint-Étienne,Nice,€1.50m,€500k,1500000,500000
Paul Baysse,13/14,10/07/2013,Stade Brestois,Saint-Étienne,€2.50m,€1.00m,2500000,1000000
Paul Baysse,10/11,30/08/2010,CS Sedan,Stade Brestois,€900k,€1.00m,900000,1000000
Tommaso Augello,23/24,18/07/2023,Sampdoria,Cagliari,€2.00m,€2.40m,2000000,2400000
Tommaso Augello,20/21,01/09/2020,Spezia Calcio,Sampdoria,€1.20m,€1.50m,1200000,1500000
Tommaso Augello,17/18,24/07/2017,Giana Erminio,Spezia Calcio,€275k,€80k,275000,80000
Goran Pandev,21/22,31/01/2022,Genoa,Parma,€500k,€130k,500000,130000
Goran Pandev,12/13,02/07/2012,Inter,Napoli,€11.00m,€7.50m,11000000,7500000
Goran Pandev,04/05,01/07/2004,Inter,Lazio,-,€8.00m,0,8000000
Goran Pandev,01/02,01/07/2001,Belasica,Inter U19,-,€25k,0,25000
Axel Disasi,23/24,04/08/2023,Monaco,Chelsea,€30.00m,€45.00m,30000000,45000000
Axel Disasi,20/21,07/08/2020,Stade Reims,Monaco,€13.50m,€13.00m,13500000,13000000
Yeray Álvarez,,,,,,,0,0
Mikel Vesga,,,,,,,0,0
Óscar Duarte,15/16,26/01/2016,Club Brugge,Espanyol,€4.00m,€1.15m,4000000,1150000
Óscar Duarte,12/13,15/01/2013,Saprissa,Club Brugge,€225k,€150k,225000,150000
Ruben Loftus-Cheek,23/24,01/07/2023,Chelsea,AC Milan,€25.00m,€18.90m,25000000,18900000
Ryan Fredericks,15/16,31/08/2015,Bristol City,Fulham,€250k,€250k,250000,250000
Ryan Fredericks,15/16,06/08/2015,Tottenham,Bristol City,€250k,€250k,250000,250000
Aarón Martín,19/20,01/07/2019,Espanyol,Mainz,€20.00m,€8.00m,20000000,8000000
Gonzalo Higuaín,16/17,26/07/2016,Napoli,Juventus,€65.00m,€90.00m,65000000,90000000
Gonzalo Higuaín,13/14,27/07/2013,Real Madrid,Napoli,€30.00m,€39.00m,30000000,39000000
Gonzalo Higuaín,06/07,01/01/2007,River Plate,Real Madrid,€12.00m,€12.00m,12000000,12000000
Dušan Tadić,18/19,03/07/2018,Southampton,Ajax,€15.00m,€13.70m,15000000,13700000
Dušan Tadić,14/15,08/07/2014,FC Twente,Southampton,€10.00m,€14.00m,10000000,14000000
Dušan Tadić,12/13,01/07/2012,FC Groningen,FC Twente,€7.50m,€5.50m,7500000,5500000
Dušan Tadić,10/11,01/07/2010,Vojvodina,FC Groningen,€2.75m,€1.10m,2750000,1100000
Mason Holgate,15/16,13/08/2015,Barnsley,Everton,€75k,€1.40m,75000,1400000
Sead Kolašinac,,,,,,,0,0
Arnaud Kalimuendo,25/26,18/08/2025,Stade Rennais,Nott'm Forest,€22.00m,€30.00m,22000000,30000000
Arnaud Kalimuendo,22/23,11/08/2022,PSG,Stade Rennais,€18.00m,€20.00m,18000000,20000000
Marko Arnautović,24/25,01/07/2024,Bologna,Inter,€4.00m,€10.90m,4000000,10900000
Marko Arnautović,21/22,01/08/2021,SH Port,Bologna,€10.00m,€6.00m,10000000,6000000
Marko Arnautović,19/20,08/07/2019,West Ham,SH SIPG,€35.00m,€25.00m,35000000,25000000
Marko Arnautović,17/18,22/07/2017,Stoke City,West Ham,€15.00m,€22.30m,15000000,22300000
Marko Arnautović,13/14,02/09/2013,Werder Bremen,Stoke City,€7.00m,€2.80m,7000000,2800000
Marko Arnautović,10/11,01/07/2010,FC Twente,Werder Bremen,€6.50m,€6.20m,6500000,6200000
Tyrone Mings,19/20,08/07/2019,Bournemouth,Aston Villa,€5.00m,€22.30m,5000000,22300000
Tyrone Mings,15/16,01/07/2015,Ipswich,Bournemouth,€6.00m,€11.30m,6000000,11300000
Nils Petersen,15/16,01/07/2015,Werder Bremen,Freiburg,€3.00m,€2.80m,3000000,2800000
Nils Petersen,13/14,01/07/2013,Bayern Munich,Werder Bremen,€5.00m,€3.00m,5000000,3000000
Nils Petersen,11/12,01/07/2011,Energie Cottbus,Bayern Munich,€4.00m,€2.80m,4000000,2800000
Nils Petersen,08/09,06/01/2009,Carl Zeiss Jena,Energie Cottbus,€250k,€300k,250000,300000
Anton Stach,25/26,22/07/2025,Hoffenheim,Leeds,€14.00m,€20.00m,14000000,20000000
Anton Stach,23/24,01/09/2023,Mainz,Hoffenheim,€15.00m,€12.00m,15000000,12000000
Anton Stach,21/22,31/07/2021,Greuther Fürth,Mainz,€2.50m,€4.50m,2500000,4500000
Nampalys Mendy,16/17,03/07/2016,Nice,Leicester,€7.50m,€15.50m,7500000,15500000
Pablo Zabaleta,08/09,31/08/2008,Espanyol,Man City,€8.00m,€8.70m,8000000,8700000
Pablo Zabaleta,05/06,20/08/2005,San Lorenzo,Espanyol,-,€3.50m,0,3500000
Tony Jantschke,,,,,,,0,0
Matteo Pessina,23/24,01/07/2023,Atalanta,Monza,€15.00m,€12.00m,15000000,12000000
Matteo Pessina,17/18,07/07/2017,AC Milan,Atalanta,€600k,€7.00m,600000,7000000
Matteo Pessina,15/16,01/07/2015,Monza,AC Milan,€250k,€30k,250000,30000
Andrea Rispoli,10/11,01/07/2010,Brescia,Parma,€1.50m,€7.00m,1500000,7000000
Hugo Guillamón,,,,,,,0,0
Mamadou Fofana,24/25,31/01/2025,Amiens SC,New England,€1.80m,€1.70m,1800000,1700000
Mamadou Fofana,21/22,12/08/2021,FC Metz,Amiens SC,€2.80m,€2.00m,2800000,2000000
Mamadou Fofana,18/19,26/07/2018,Alanyaspor,FC Metz,€500k,€500k,500000,500000
Mamadou Fofana,15/16,22/01/2016,S. Malien U20,Alanyaspor,-,€150k,0,150000
Romaine Sawyers,19/20,27/07/2019,Brentford,West Brom,€3.00m,€3.20m,3000000,3200000
Olivier Giroud,21/22,17/07/2021,Chelsea,AC Milan,€4.00m,€4.80m,4000000,4800000
Olivier Giroud,17/18,31/01/2018,Arsenal,Chelsea,€20.00m,€17.00m,20000000,17000000
Olivier Giroud,12/13,01/07/2012,Montpellier,Arsenal,€13.00m,€12.00m,13000000,12000000
Olivier Giroud,10/11,01/07/2010,Tours FC,Montpellier,€3.00m,€2.00m,3000000,2000000
Olivier Giroud,08/09,01/09/2008,Grenoble,Tours FC,€50k,€150k,50000,150000
Sinaly Diomande,19/20,02/09/2019,Guidars FC,Olymp. Lyon B,-,€550k,0,550000
Danny Latza,,,,,,,0,0
Timo Baumgartl,19/20,26/07/2019,Stuttgart,PSV,€9.00m,€12.00m,9000000,12000000
Niklas Stark,15/16,24/08/2015,1.FC Nuremberg,Hertha BSC,€2.00m,€3.00m,2000000,3000000
Luiz Felipe,23/24,07/09/2023,Real Betis,Al-Ittihad,€15.00m,€22.00m,15000000,22000000
Luiz Felipe,16/17,30/08/2016,Ituano,Lazio,€50k,€750k,50000,750000
Tim Leibold,19/20,01/07/2019,1.FC Nuremberg,Hamburg,€3.50m,€1.80m,3500000,1800000
José Luis Morales,,,,,,,0,0
Luis Milla,90/91,01/07/1990,Barcelona,Real Madrid,-,€1.86m,0,1860000
Aleix Vidal,18/19,04/08/2018,Barcelona,Sevilla FC,€7.50m,€9.30m,7500000,9300000
Aleix Vidal,15/16,01/07/2015,Sevilla FC,Barcelona,€10.00m,€17.00m,10000000,17000000
Aleix Vidal,14/15,01/07/2014,UD Almería,Sevilla FC,€2.50m,€3.00m,2500000,3000000
Mario Mandžukić,15/16,01/07/2015,Atlético,Juventus,€20.00m,€19.00m,20000000,19000000
Mario Mandžukić,14/15,10/07/2014,Bayern Munich,Atlético,€30.00m,€22.00m,30000000,22000000
Mario Mandžukić,12/13,01/07/2012,Wolfsburg,Bayern Munich,€14.00m,€13.00m,14000000,13000000
Mario Mandžukić,10/11,16/07/2010,Dinamo Zagreb,Wolfsburg,€7.50m,€7.00m,7500000,7000000
Mario Mandžukić,07/08,01/07/2007,NK Zagreb,Dinamo Zagreb,€600k,€1.50m,600000,1500000
Shinji Kagawa,19/20,09/08/2019,Dortmund,Real Zaragoza,€6.00m,€3.00m,6000000,3000000
Shinji Kagawa,14/15,31/08/2014,Man Utd,Dortmund,€15.00m,€8.00m,15000000,8000000
Shinji Kagawa,12/13,01/07/2012,Dortmund,Man Utd,€22.00m,€16.00m,22000000,16000000
Adam Marušić,17/18,01/07/2017,KV Oostende,Lazio,€2.50m,€5.50m,2500000,5500000
Adam Marušić,16/17,01/07/2016,KV Kortrijk,KV Oostende,€900k,€2.00m,900000,2000000
Adam Marušić,14/15,01/07/2014,Vozdovac,KV Kortrijk,€450k,€450k,450000,450000
Adama Mbengue,,,,,,,0,0
Ihlas Bebou,19/20,01/07/2019,Hannover 96,Hoffenheim,€12.00m,€9.00m,12000000,9000000
Ihlas Bebou,17/18,31/08/2017,F. Düsseldorf,Hannover 96,€1.50m,€5.88m,1500000,5880000
Lukas Klostermann,14/15,22/08/2014,VfL Bochum,Leipzig,€350k,€1.00m,350000,1000000
Kyriakos Papadopoulos,17/18,01/07/2017,Leverkusen,Hamburg,€7.00m,€6.50m,7000000,6500000
Kyriakos Papadopoulos,15/16,01/07/2015,FC Schalke 04,Leverkusen,€7.50m,€6.50m,7500000,6500000
Kyriakos Papadopoulos,10/11,01/07/2010,Olympiacos,FC Schalke 04,€1.50m,€2.00m,1500000,2000000
Davide Santon,18/19,01/07/2018,Inter,Roma,€3.00m,€9.50m,3000000,9500000
Davide Santon,15/16,01/07/2015,Newcastle,Inter,€7.00m,€3.70m,7000000,3700000
Davide Santon,11/12,30/08/2011,Inter,Newcastle,€7.50m,€5.65m,7500000,5650000
Kevin Möhwald,21/22,30/08/2021,Werder Bremen,Union Berlin,€3.00m,€1.00m,3000000,1000000
Daniel Wass,22/23,12/08/2022,Atlético,Bröndby IF,€6.00m,€1.75m,6000000,1750000
Daniel Wass,21/22,27/01/2022,Valencia,Atlético,€6.00m,€2.70m,6000000,2700000
Daniel Wass,18/19,10/07/2018,Celta de Vigo,Valencia,€15.00m,€6.00m,15000000,6000000
Daniel Wass,15/16,01/07/2015,Évian,Celta de Vigo,€5.00m,€3.00m,5000000,3000000
Daniel Wass,12/13,01/07/2012,Benfica,Évian,€3.00m,€1.20m,3000000,1200000
Albert Sambi Lokonga,25/26,01/09/2025,Arsenal,Hamburg,€8.00m,€300k,8000000,300000
Albert Sambi Lokonga,21/22,19/07/2021,RSC Anderlecht,Arsenal,€12.00m,€17.50m,12000000,17500000
Daniel Congré,12/13,01/07/2012,Toulouse,Montpellier,€4.50m,€5.00m,4500000,5000000
Morten Thorsby,25/26,02/02/2026,Genoa,Cremonese,€3.00m,€2.20m,3000000,2200000
Morten Thorsby,24/25,01/07/2024,Union Berlin,Genoa,€3.00m,€3.10m,3000000,3100000
Morten Thorsby,22/23,19/07/2022,Sampdoria,Union Berlin,€7.00m,€3.00m,7000000,3000000
Morten Thorsby,14/15,01/07/2014,Stabæk,Heerenveen,€50k,€600k,50000,600000
Valentino Lazaro,23/24,23/08/2023,Inter,Torino,€5.00m,€3.40m,5000000,3400000
Valentino Lazaro,19/20,01/07/2019,Hertha BSC,Inter,€17.00m,€22.40m,17000000,22400000
Valentino Lazaro,18/19,01/07/2018,Salzburg,Hertha BSC,€9.00m,€10.50m,9000000,10500000
Valentino Lazaro,10/11,01/01/2011,GAK Youth,AKA Salzb. U15,-,€6k,0,6000
Enric Saborit,,,,,,,0,0
Joaquín Fernández,20/21,21/07/2020,AC Milan,Sevilla FC,€17.50m,€21.70m,17500000,21700000
Joaquín Fernández,14/15,17/01/2015,Liverpool,AC Milan,€6.00m,€1.30m,6000000,1300000
Joaquín Fernández,10/11,01/07/2010,Cádiz U19,Liverpool Res.,-,€60k,0,60000
Charlie Daniels,11/12,01/01/2012,Leyton Orient,Bournemouth,€50k,€225k,50000,225000
Charles,24/25,01/07/2024,AC Milan,Atalanta,€34.00m,€23.70m,34000000,23700000
Charles,22/23,02/08/2022,Club Brugge,AC Milan,€30.00m,€37.50m,30000000,37500000
Jacob Ramsey,25/26,17/08/2025,Aston Villa,Newcastle,€32.00m,€45.15m,32000000,45150000
Denis Cheryshev,19/20,01/07/2019,Villarreal,Valencia,€6.00m,€6.00m,6000000,6000000
Denis Cheryshev,16/17,01/07/2016,Real Madrid,Villarreal,€10.00m,€7.00m,10000000,7000000
Carlos Gruezo,22/23,31/01/2023,Augsburg,SJ Earthquakes,€4.00m,€2.70m,4000000,2700000
Carlos Gruezo,19/20,02/07/2019,Dallas,Augsburg,€2.00m,€5.50m,2000000,5500000
Carlos Gruezo,15/16,23/01/2016,Stuttgart,Dallas,€2.00m,€1.50m,2000000,1500000
Carlos Gruezo,13/14,30/01/2014,Barcelona SC,Stuttgart,€1.00m,€1.00m,1000000,1000000
Seko Fofana,24/25,01/01/2025,Al-Nassr,Stade Rennais,€12.00m,€20.00m,12000000,20000000
Seko Fofana,23/24,18/07/2023,Lens,Al-Nassr,€32.00m,€25.00m,32000000,25000000
Seko Fofana,20/21,18/08/2020,Udinese,Lens,€9.50m,€8.50m,9500000,8500000
Seko Fofana,16/17,01/07/2016,Man City U23,Udinese,€1.50m,€3.50m,1500000,3500000
Fallou Diagne,16/17,08/07/2016,Stade Rennais,Werder Bremen,€2.00m,€1.50m,2000000,1500000
Fallou Diagne,14/15,26/08/2014,Freiburg,Stade Rennais,€2.50m,€1.50m,2500000,1500000
Fallou Diagne,11/12,06/01/2012,FC Metz,Freiburg,€500k,€500k,500000,500000
Rony Lopes,19/20,14/08/2019,Monaco,Sevilla FC,€25.00m,€25.00m,25000000,25000000
Rony Lopes,15/16,28/08/2015,Man City,Monaco,€4.50m,€12.00m,4500000,12000000
Rony Lopes,11/12,01/01/2012,Benfica U17,Man City U18,-,€1.00m,0,1000000
Niclas Füllkrug,24/25,05/08/2024,Dortmund,West Ham,€15.00m,€27.00m,15000000,27000000
Niclas Füllkrug,23/24,31/08/2023,Werder Bremen,Dortmund,€13.00m,€17.25m,13000000,17250000
Niclas Füllkrug,19/20,01/07/2019,Hannover 96,Werder Bremen,€8.00m,€6.50m,8000000,6500000
Niclas Füllkrug,16/17,18/07/2016,1.FC Nuremberg,Hannover 96,€1.30m,€2.20m,1300000,2200000
Niclas Füllkrug,14/15,01/07/2014,Werder Bremen,1.FC Nuremberg,€700k,€300k,700000,300000
Robert Berić,19/20,18/01/2020,Saint-Étienne,Chicago,€4.00m,€2.00m,4000000,2000000
Robert Berić,15/16,31/08/2015,Rapid Vienna,Saint-Étienne,€3.00m,€7.50m,3000000,7500000
Robert Berić,14/15,03/07/2014,Sturm Graz,Rapid Vienna,€1.00m,€750k,1000000,750000
Robert Berić,13/14,03/07/2013,NK Maribor,Sturm Graz,€1.20m,€1.00m,1200000,1000000
Franck Tabanou,15/16,01/07/2015,Saint-Étienne,Swansea,€6.00m,€4.90m,6000000,4900000
Franck Tabanou,13/14,29/07/2013,Toulouse,Saint-Étienne,€6.00m,€5.00m,6000000,5000000
Jérémy Toulalan,13/14,06/07/2013,Málaga CF,Monaco,€15.00m,€5.00m,15000000,5000000
Jérémy Toulalan,11/12,01/07/2011,Lyon,Málaga CF,€18.00m,€11.00m,18000000,11000000
Jérémy Toulalan,06/07,01/07/2006,FC Nantes,Lyon,€7.00m,€7.00m,7000000,7000000
Jemerson,24/25,10/07/2024,Atlético-MG,Grêmio,€1.70m,€700k,1700000,700000
Jemerson,20/21,06/11/2020,Monaco,Corinthians,€4.00m,€680k,4000000,680000
Jemerson,15/16,31/01/2016,Atlético-MG,Monaco,€5.00m,€11.00m,5000000,11000000
Julien Féret,11/12,01/07/2011,AS Nancy,Stade Rennais,€5.00m,€4.00m,5000000,4000000
Julien Féret,08/09,01/07/2008,Stade Reims,AS Nancy,€1.50m,€1.60m,1500000,1600000
Julien Féret,05/06,01/07/2005,Chamois Niort,Stade Reims,-,€40k,0,40000
David Costas,,,,,,,0,0
Angelo Fulgini,23/24,01/07/2023,Mainz,Lens,€9.00m,€7.20m,9000000,7200000
Angelo Fulgini,22/23,12/07/2022,Angers SCO,Mainz,€12.00m,€6.00m,12000000,6000000
Angelo Fulgini,17/18,06/07/2017,Valenciennes FC,Angers SCO,€1.25m,€1.40m,1250000,1400000
Breel Embolo,25/26,01/09/2025,Monaco,Stade Rennais,€12.00m,€13.00m,12000000,13000000
Breel Embolo,22/23,15/07/2022,Mönchengladbach,Monaco,€15.00m,€12.50m,15000000,12500000
Breel Embolo,19/20,01/07/2019,FC Schalke 04,Mönchengladbach,€14.00m,€11.00m,14000000,11000000
Breel Embolo,16/17,01/07/2016,Basel,FC Schalke 04,€20.00m,€26.50m,20000000,26500000
John Egan,18/19,19/07/2018,Brentford,Sheff Utd,€1.50m,€4.50m,1500000,4500000
Juan Bernat,18/19,31/08/2018,Bayern Munich,PSG,€12.00m,€5.00m,12000000,5000000
Juan Bernat,14/15,07/07/2014,Valencia,Bayern Munich,€4.00m,€10.00m,4000000,10000000
Marcel Tisserand,22/23,21/08/2022,Fenerbahçe,Al-Ettifaq,€2.80m,€3.00m,2800000,3000000
Marcel Tisserand,20/21,15/09/2020,Wolfsburg,Fenerbahçe,€6.00m,€4.00m,6000000,4000000
Marcel Tisserand,18/19,01/07/2018,FC Ingolstadt,Wolfsburg,€7.50m,€7.00m,7500000,7000000
Marcel Tisserand,16/17,31/08/2016,Monaco,FC Ingolstadt,€2.00m,€3.50m,2000000,3500000
Alfie Mawson,18/19,02/08/2018,Swansea,Fulham,€15.00m,€16.85m,15000000,16850000
Alfie Mawson,16/17,30/08/2016,Barnsley,Swansea,€300k,€5.90m,300000,5900000
Andrea Barzagli,10/11,01/01/2011,Wolfsburg,Juventus,€8.50m,€300k,8500000,300000
Andrea Barzagli,08/09,01/07/2008,US Palermo,Wolfsburg,€11.00m,€14.00m,11000000,14000000
Andrea Barzagli,04/05,01/07/2004,Chievo Verona,US Palermo,-,€5.50m,0,5500000
Andrea Barzagli,01/02,01/01/2002,Rondinella,Ascoli,-,€100k,0,100000
Óscar de Marcos,09/10,01/07/2009,Alavés,Athletic Club,€500k,€300k,500000,300000
Héctor Bellerín,22/23,31/01/2023,Barcelona,Sporting,€15.00m,€1.00m,15000000,1000000
Héctor Bellerín,11/12,01/07/2011,Barça U16,Arsenal U18,-,€500k,0,500000
Adam Ounas,22/23,01/09/2022,Napoli,Lille,€7.00m,€2.50m,7000000,2500000
Adam Ounas,17/18,04/07/2017,G. Bordeaux,Napoli,€4.00m,€12.00m,4000000,12000000
Victorien Angban,21/22,03/07/2021,FC Metz,FK Sochi,€3.50m,€4.10m,3500000,4099999
Victorien Angban,19/20,01/07/2019,Chelsea U23,FC Metz,€1.25m,€6.00m,1250000,6000000
Patrick Wimmer,22/23,01/07/2022,Arm. Bielefeld,Wolfsburg,€8.00m,€5.00m,8000000,5000000
Patrick Wimmer,21/22,10/08/2021,Austria Vienna,Arm. Bielefeld,€1.50m,€700k,1500000,700000
Patrick Herrmann,,,,,,,0,0
Chris Wood,23/24,01/07/2023,Newcastle,Nott'm Forest,€8.00m,€17.00m,8000000,17000000
Chris Wood,21/22,13/01/2022,Burnley,Newcastle,€6.00m,€30.00m,6000000,30000000
Chris Wood,17/18,21/08/2017,Leeds,Burnley,€6.00m,€16.40m,6000000,16399999
Chris Wood,15/16,01/07/2015,Leicester,Leeds,€1.00m,€3.60m,1000000,3600000
Chris Wood,12/13,01/01/2013,West Brom,Leicester,€1.00m,€1.23m,1000000,1230000
Giacomo Raspadori,25/26,15/01/2026,Atlético,Atalanta,€22.00m,€22.00m,22000000,22000000
Giacomo Raspadori,25/26,11/08/2025,Napoli,Atlético,€25.00m,€22.00m,25000000,22000000
Giacomo Raspadori,23/24,01/07/2023,Sassuolo,Napoli,€35.00m,€28.00m,35000000,28000000
Néstor Araujo,22/23,01/07/2022,Celta de Vigo,América,€4.00m,€3.00m,4000000,3000000
Néstor Araujo,18/19,01/07/2018,Santos Laguna,Celta de Vigo,€2.80m,€7.00m,2800000,7000000
Maxi Gómez,25/26,01/07/2025,Defensor SC,Nacional,€1.50m,€430k,1500000,430000
Maxi Gómez,22/23,01/09/2022,Valencia,Trabzonspor,€12.00m,€3.00m,12000000,3000000
Maxi Gómez,19/20,14/07/2019,Celta de Vigo,Valencia,€40.00m,€14.50m,40000000,14500000
Maxi Gómez,17/18,01/07/2017,Defensor SC,Celta de Vigo,€1.10m,€4.30m,1100000,4300000
Tuta,25/26,04/08/2025,Frankfurt,Al-Duhail SC,€15.00m,€15.00m,15000000,15000000
Tuta,18/19,31/01/2019,São Paulo U20,Frankfurt,-,€3.80m,0,3800000
Ayoze Pérez,24/25,13/08/2024,Real Betis,Villarreal,€7.00m,€4.00m,7000000,4000000
Ayoze Pérez,19/20,04/07/2019,Newcastle,Leicester,€20.00m,€33.40m,20000000,33400000
Ayoze Pérez,14/15,01/07/2014,CD Tenerife,Newcastle,€1.00m,€2.00m,1000000,2000000
Joakim Nilsson,19/20,11/07/2019,Elfsborg,Arm. Bielefeld,€800k,€400k,800000,400000
Manu García,24/25,03/02/2025,Aris Saloniki,Kansas City,€3.00m,€3.60m,3000000,3600000
Manu García,22/23,24/07/2022,Sporting Gijón,Aris Saloniki,€3.00m,€3.20m,3000000,3200000
Manu García,19/20,19/07/2019,Man City,Sporting Gijón,€5.00m,€4.00m,5000000,4000000
Manu García,13/14,01/07/2013,Sporting Yth.,Man City U18,-,€250k,0,250000
Boubacar Traoré,23/24,01/07/2023,FC Metz,Wolves,€5.00m,€11.00m,5000000,11000000
Boubacar Traoré,19/20,22/08/2019,AS Bamako,FC Metz,€100k,€350k,100000,350000
Emanuel Vignato,23/24,01/09/2023,Bologna,Pisa,€2.00m,€400k,2000000,400000
Emanuel Vignato,19/20,20/01/2020,Chievo Verona,Bologna,€4.20m,€1.10m,4200000,1100000
Kiernan Dewsbury-Hall,25/26,06/08/2025,Chelsea,Everton,€20.00m,€28.65m,20000000,28650000
Kiernan Dewsbury-Hall,24/25,02/07/2024,Leicester,Chelsea,€30.00m,€35.40m,30000000,35400000
Martin Erlic,25/26,04/08/2025,Bologna,Midtjylland,€4.00m,€5.00m,4000000,5000000
Martin Erlic,24/25,02/08/2024,Sassuolo,Bologna,€3.00m,€7.70m,3000000,7700000
Martin Erlic,21/22,31/08/2021,Spezia Calcio,Sassuolo,€3.00m,€3.00m,3000000,3000000
Martin Erlic,19/20,15/07/2019,Sassuolo,Spezia Calcio,€150k,€1k,150000,1000
Hatem Ben Arfa,10/11,01/01/2011,Marseille,Newcastle,€7.00m,€6.00m,7000000,6000000
Hatem Ben Arfa,08/09,01/07/2008,Lyon,Marseille,€10.00m,€12.00m,10000000,12000000
Alberto Moreno,14/15,13/08/2014,Sevilla FC,Liverpool,€15.00m,€18.00m,15000000,18000000
Jeffrey Schlupp,16/17,13/01/2017,Leicester,Crystal Palace,€8.00m,€13.80m,8000000,13800000
Oliver Skipp,24/25,19/08/2024,Tottenham,Leicester,€15.00m,€23.50m,15000000,23500000
Andreas Pereira,25/26,29/08/2025,Fulham,Palmeiras,€18.00m,€10.00m,18000000,10000000
Andreas Pereira,22/23,11/07/2022,Man Utd,Fulham,€7.50m,€9.50m,7500000,9500000
Andreas Pereira,11/12,01/01/2012,PSV U17,Man Utd U18,-,€150k,0,150000
Matteo Scozzarella,16/17,08/01/2017,Trapani,Parma,€400k,€280k,400000,280000
Alberto de la Bella,,,,,,,0,0
Abdou Diallo,23/24,15/08/2023,PSG,Al-Arabi SC,€10.00m,€15.00m,10000000,15000000
Abdou Diallo,19/20,16/07/2019,Dortmund,PSG,€35.00m,€32.00m,35000000,32000000
Abdou Diallo,18/19,01/07/2018,Mainz,Dortmund,€12.00m,€28.00m,12000000,28000000
Abdou Diallo,17/18,14/07/2017,Monaco,Mainz,€1.00m,€5.00m,1000000,5000000
Panagiotis Retsos,17/18,31/08/2017,Olympiacos,Leverkusen,€5.00m,€17.50m,5000000,17500000
Jawad El Yamiq,23/24,15/08/2023,Real Valladolid,Al-Wehda,€2.00m,€1.20m,2000000,1200000
Jawad El Yamiq,20/21,24/09/2020,Genoa,Real Valladolid,€800k,€250k,800000,250000
Jawad El Yamiq,17/18,31/01/2018,Raja Casablanca,Genoa,€900k,€650k,900000,650000
Jawad El Yamiq,16/17,01/08/2016,O. Khouribga,Raja Casablanca,€50k,€323k,50000,323000
Oscar Hiljemark,17/18,01/07/2017,US Palermo,Genoa,€3.50m,€2.50m,3500000,2500000
Oscar Hiljemark,15/16,13/07/2015,PSV,US Palermo,€2.25m,€2.50m,2250000,2500000
Oscar Hiljemark,12/13,04/01/2013,Elfsborg,PSV,€1.75m,€2.20m,1750000,2200000
Burak Yılmaz,18/19,04/01/2019,Trabzonspor,Besiktas,€2.00m,€1.36m,2000000,1360000
Burak Yılmaz,17/18,02/08/2017,BJ Guoan,Trabzonspor,€5.20m,€4.00m,5200000,4000000
Burak Yılmaz,15/16,22/02/2016,Galatasaray,BJ Guoan,€7.00m,€8.00m,7000000,8000000
Burak Yılmaz,12/13,19/07/2012,Trabzonspor,Galatasaray,€12.00m,€7.00m,12000000,7000000
Burak Yılmaz,06/07,01/07/2006,Antalyaspor,Besiktas,€50k,€1.00m,50000,1000000
Renato Steffen,22/23,30/08/2022,Wolfsburg,FC Lugano,€2.00m,€300k,2000000,300000
Renato Steffen,17/18,10/01/2018,Basel,Wolfsburg,€3.50m,€1.75m,3500000,1750000
Renato Steffen,15/16,12/01/2016,Young Boys,Basel,€3.25m,€1.20m,3250000,1200000
Renato Steffen,13/14,01/07/2013,FC Thun,Young Boys,€600k,€500k,600000,500000
Mauro Arambarri,18/19,01/07/2018,Boston River,Getafe,€3.00m,€2.15m,3000000,2150000
Mauro Arambarri,17/18,08/08/2017,G. Bordeaux,Boston River,€1.25m,€1.00m,1250000,1000000
Mauro Arambarri,15/16,31/01/2016,Defensor SC,G. Bordeaux,€1.25m,€3.00m,1250000,3000000
Yannick Gerhardt,16/17,01/07/2016,1.FC Köln,Wolfsburg,€4.50m,€13.00m,4500000,13000000
João Mário,25/26,01/07/2025,Benfica,Besiktas,€2.10m,€2.00m,2100000,2000000
João Mário,16/17,28/08/2016,Sporting,Inter,€30.00m,€44.78m,30000000,44780000
Érik Lamela,13/14,30/08/2013,Roma,Tottenham,€23.00m,€30.00m,23000000,30000000
Érik Lamela,11/12,06/08/2011,River Plate,Roma,€5.00m,€17.00m,5000000,17000000
Maxime Busi,22/23,01/07/2022,Parma,Stade Reims,€3.50m,€2.00m,3500000,2000000
Maxime Busi,20/21,05/10/2020,R Charleroi SC,Parma,€2.50m,€6.90m,2500000,6900000
Adam Smith,,,,,,,0,0
Jack O'Connell,,,,,,,0,0
Ben Godfrey,24/25,01/07/2024,Everton,Atalanta,€10.00m,€12.50m,10000000,12500000
Ben Godfrey,20/21,05/10/2020,Norwich,Everton,€16.00m,€27.50m,16000000,27500000
Ben Godfrey,15/16,15/01/2016,York City,Norwich,-,€2.95m,0,2950000
Danny da Costa,17/18,01/07/2017,Leverkusen,Frankfurt,€1.00m,€1.00m,1000000,1000000
Danny da Costa,16/17,01/07/2016,FC Ingolstadt,Leverkusen,€1.00m,€500k,1000000,500000
Davie Selke,17/18,01/07/2017,Leipzig,Hertha BSC,€6.00m,€8.00m,6000000,8000000
Davie Selke,15/16,01/07/2015,Werder Bremen,Leipzig,€5.00m,€8.00m,5000000,8000000
Davie Selke,12/13,31/01/2013,Hoffenheim U19,W. Bremen U19,€100k,€50k,100000,50000
Juraj Kucka,18/19,15/01/2019,Trabzonspor,Parma,€2.50m,€6.40m,2500000,6400000
Juraj Kucka,17/18,07/07/2017,AC Milan,Trabzonspor,€9.00m,€5.00m,9000000,5000000
Juraj Kucka,15/16,28/08/2015,Genoa,AC Milan,€6.00m,€4.00m,6000000,4000000
Juraj Kucka,10/11,01/01/2011,Sparta Prague,Genoa,€2.30m,€4.00m,2300000,4000000
Sebastiaan Bornauw,25/26,01/07/2025,Wolfsburg,Leeds,€6.00m,€6.00m,6000000,6000000
Sebastiaan Bornauw,21/22,16/07/2021,1.FC Köln,Wolfsburg,€12.00m,€14.10m,12000000,14100000
Sebastiaan Bornauw,19/20,06/08/2019,RSC Anderlecht,1.FC Köln,€4.00m,€8.25m,4000000,8250000
Dennis Geiger,,,,,,,0,0
Kingsley Ehizibue,22/23,29/08/2022,1.FC Köln,Udinese,€1.30m,€1.50m,1300000,1500000
Kingsley Ehizibue,19/20,01/07/2019,PEC Zwolle,1.FC Köln,€2.00m,€2.00m,2000000,2000000
Mike van der Hoorn,22/23,01/07/2022,Arm. Bielefeld,Utrecht,€1.60m,€150k,1600000,150000
Mike van der Hoorn,16/17,06/07/2016,Ajax,Swansea,€2.00m,€2.50m,2000000,2500000
Mike van der Hoorn,13/14,01/07/2013,Utrecht,Ajax,€3.00m,€3.80m,3000000,3800000
Romain Perraud,25/26,08/08/2025,Real Betis,Lille,€5.00m,€3.00m,5000000,3000000
Romain Perraud,24/25,01/07/2024,Southampton,Real Betis,€5.00m,€3.50m,5000000,3500000
Romain Perraud,21/22,02/07/2021,Stade Brestois,Southampton,€8.00m,€12.00m,8000000,12000000
Romain Perraud,19/20,16/07/2019,Nice,Stade Brestois,€1.50m,€2.00m,1500000,2000000
Aritz Elustondo,,,,,,,0,0
Nicolas de Préville,17/18,31/08/2017,Lille,G. Bordeaux,€5.50m,€8.00m,5500000,8000000
Nicolas de Préville,17/18,01/07/2017,KV Oostende,Lille,€5.50m,€4.50m,5500000,4500000
Nicolas de Préville,16/17,10/08/2016,Stade Reims,KV Oostende,€2.50m,€4.50m,2500000,4500000
Nicolas de Préville,12/13,23/01/2013,FC Istres,Stade Reims,€900k,€1.10m,900000,1100000
Michael Gregoritsch,25/26,20/08/2025,Freiburg,Bröndby IF,€3.00m,€1.50m,3000000,1500000
Michael Gregoritsch,22/23,08/07/2022,Augsburg,Freiburg,€4.50m,€150k,4500000,150000
Michael Gregoritsch,17/18,04/07/2017,Hamburg,Augsburg,€3.50m,€5.50m,3500000,5500000
Michael Gregoritsch,15/16,23/07/2015,VfL Bochum,Hamburg,€1.50m,€3.00m,1500000,3000000
Michael Gregoritsch,15/16,01/07/2015,Hoffenheim,VfL Bochum,€1.50m,€500k,1500000,500000
Michael Gregoritsch,11/12,01/07/2011,SV Kapfenberg,Hoffenheim,€250k,€200k,250000,200000
Daley Sinkgraven,19/20,01/07/2019,Ajax,Leverkusen,€3.00m,€5.00m,3000000,5000000
Daley Sinkgraven,14/15,31/01/2015,Heerenveen,Ajax,€1.50m,€7.00m,1500000,7000000
Nicolas Benezet,21/22,05/08/2021,Colorado,Seattle,€700k,€45k,700000,45000
Nicolas Benezet,19/20,14/01/2020,Guingamp,Colorado,€1.00m,€500k,1000000,500000
Nicolas Benezet,15/16,03/07/2015,Évian,Guingamp,€1.50m,€1.20m,1500000,1200000
Nicolas Benezet,13/14,01/07/2013,Nîmes Olympique,Évian,€1.00m,€1.50m,1000000,1500000
José María Giménez,13/14,25/04/2013,Danubio FC,Atlético,€100k,€995k,100000,995000
Bernardo Espinosa,17/18,07/07/2017,Middlesbrough,Girona,€2.50m,€4.50m,2500000,4500000
Jérémy Gélin,,,,,,,0,0
Manuel Gulde,16/17,01/07/2016,Karlsruher SC,Freiburg,€1.00m,€1.20m,1000000,1200000
Dimitris Giannoulis,21/22,01/07/2021,PAOK,Norwich,€7.00m,€7.50m,7000000,7500000
Dimitris Giannoulis,14/15,01/07/2014,Vataniakos,PAOK,-,€20k,0,20000
Christian Benteke,22/23,04/08/2022,Crystal Palace,D.C. United,€6.00m,€5.46m,6000000,5460000
Christian Benteke,16/17,20/08/2016,Liverpool,Crystal Palace,€27.00m,€31.20m,27000000,31200000
Christian Benteke,15/16,22/07/2015,Aston Villa,Liverpool,€20.00m,€46.50m,20000000,46500000
Christian Benteke,12/13,31/08/2012,Genk,Aston Villa,€3.00m,€8.80m,3000000,8800000
Christian Benteke,11/12,31/08/2011,Standard Liège,Genk,€1.20m,€1.00m,1200000,1000000
Christian Benteke,08/09,01/01/2009,Genk,Standard Liège,€250k,€150k,250000,150000
Conor Hourihane,16/17,26/01/2017,Barnsley,Aston Villa,€500k,€3.50m,500000,3500000
Conor Hourihane,14/15,01/07/2014,Plymouth,Barnsley,€100k,€250k,100000,250000
Manuel Iturra,,,,,,,0,0
Souleyman Doumbia,20/21,08/07/2020,Stade Rennais,Angers SCO,€1.60m,€3.00m,1600000,3000000
Souleyman Doumbia,18/19,15/01/2019,Grasshoppers,Stade Rennais,€500k,€3.00m,500000,3000000
Souleyman Doumbia,18/19,01/07/2018,Bari,Grasshoppers,€500k,€300k,500000,300000
Riccardo Gagliolo,23/24,24/01/2024,AEK Larnaca,Ascoli,€400k,€100k,400000,100000
Riccardo Gagliolo,22/23,24/07/2022,Salernitana,Reggina,€800k,€1.20m,800000,1200000
Riccardo Gagliolo,21/22,31/08/2021,Parma,Salernitana,€2.00m,€2.00m,2000000,2000000
Riccardo Gagliolo,18/19,01/07/2018,Carpi,Parma,€1.20m,€1.15m,1200000,1150000
Antonio Valencia,09/10,01/07/2009,Wigan,Man Utd,€11.00m,€18.80m,11000000,18800000
Antonio Valencia,07/08,18/01/2008,Villarreal,Wigan,€2.50m,€2.00m,2500000,2000000
Antonio Valencia,05/06,01/07/2005,CD El Nacional,Villarreal,-,€2.00m,0,2000000
Leonardo Pavoletti,17/18,30/08/2017,Napoli,Cagliari,€11.00m,€9.80m,11000000,9800000
Leonardo Pavoletti,16/17,03/01/2017,Genoa,Napoli,€13.00m,€18.00m,13000000,18000000
Leonardo Pavoletti,15/16,01/07/2015,Sassuolo,Genoa,€3.50m,€3.00m,3500000,3000000
Rogério,,,,,,,0,0
Omar Alderete,25/26,12/08/2025,Getafe,Sunderland,€8.00m,€11.60m,8000000,11600000
Omar Alderete,23/24,01/07/2023,Hertha BSC,Getafe,€4.00m,€4.00m,4000000,4000000
Omar Alderete,20/21,05/10/2020,Basel,Hertha BSC,€3.00m,€4.00m,3000000,4000000
Omar Alderete,19/20,01/07/2019,Huracán,Basel,€900k,€1.70m,900000,1700000
Omar Alderete,18/19,20/07/2018,Cerro Porteño,Huracán,€900k,€1.38m,900000,1380000
Lisandro Magallán,23/24,01/07/2023,Elche CF,UNAM Pumas,€1.80m,€200k,1800000,200000
Lisandro Magallán,18/19,01/01/2019,Boca Juniors,Ajax,€6.00m,€9.00m,6000000,9000000
Lisandro Magallán,12/13,25/07/2012,Gimnasia,Boca Juniors,€200k,€1.14m,200000,1140000
Joel Obi,18/19,11/08/2018,Torino,Chievo Verona,€5.00m,€2.00m,5000000,2000000
Joel Obi,15/16,02/07/2015,Inter,Torino,€2.00m,€2.20m,2000000,2200000
Joel Obi,05/06,01/07/2005,FC Castello,Inter U19,-,€100k,0,100000
Bruno Peres,17/18,01/07/2017,Torino,Roma,€11.00m,€12.50m,11000000,12500000
Bruno Peres,14/15,01/09/2014,Santos,Torino,€600k,€2.00m,600000,2000000
Neven Subotić,08/09,01/07/2008,Mainz,Dortmund,€2.50m,€4.50m,2500000,4500000
Youcef Atal,18/19,17/07/2018,KV Kortrijk,Nice,€800k,€3.00m,800000,3000000
Youcef Atal,18/19,01/07/2018,Paradou AC,KV Kortrijk,€800k,€550k,800000,550000
Jacob Rasmussen,25/26,30/01/2026,Salzburg,1.FC K'lautern,€1.80m,€1.00m,1800000,1000000
Jacob Rasmussen,25/26,09/06/2025,Bröndby IF,Salzburg,€3.50m,€1.60m,3500000,1600000
Jacob Rasmussen,23/24,14/07/2023,Fiorentina,Bröndby IF,€3.00m,€1.30m,3000000,1300000
Jacob Rasmussen,18/19,30/01/2019,FC Empoli,Fiorentina,€900k,€7.00m,900000,7000000
Jacob Rasmussen,18/19,05/07/2018,Rosenborg BK,FC Empoli,€1.00m,€1.00m,1000000,1000000
Andoni Gorosabel,23/24,11/08/2023,Real Sociedad,Alavés,€9.00m,€1.50m,9000000,1500000
Bernard,23/24,09/07/2023,Bayern Munich,PSG,€45.00m,€45.00m,45000000,45000000
Bernard,19/20,01/07/2019,Atlético,Bayern Munich,€70.00m,€80.00m,70000000,80000000
Kortney Hause,19/20,01/07/2019,Wolves,Aston Villa,€1.00m,€3.40m,1000000,3400000
Nemanja Gudelj,17/18,28/01/2018,TJ Teda,GZ Evergrande,€5.00m,€4.30m,5000000,4300000
Nemanja Gudelj,16/17,25/01/2017,Ajax,TJ Teda,€6.50m,€5.50m,6500000,5500000
Nemanja Gudelj,15/16,01/07/2015,AZ Alkmaar,Ajax,€6.00m,€6.00m,6000000,6000000
Nemanja Gudelj,13/14,01/07/2013,NAC Breda,AZ Alkmaar,€3.00m,€3.00m,3000000,3000000
Nicolò Zaniolo,22/23,08/02/2023,Roma,Galatasaray,€30.00m,€15.00m,30000000,15000000
Nicolò Zaniolo,18/19,02/07/2018,Inter,Roma,€1.00m,€6.75m,1000000,6750000
Nicolò Zaniolo,17/18,05/07/2017,Entella U19,Inter U19,€500k,€1.80m,500000,1800000
Issa Diop,22/23,10/08/2022,West Ham,Fulham,€10.00m,€17.80m,10000000,17800000
Issa Diop,18/19,01/07/2018,Toulouse,West Ham,€22.00m,€25.00m,22000000,25000000
Jeremy Doku,23/24,24/08/2023,Stade Rennais,Man City,€28.00m,€60.00m,28000000,60000000
Jeremy Doku,20/21,05/10/2020,RSC Anderlecht,Stade Rennais,€9.00m,€26.00m,9000000,26000000
Hugo Magnetti,,,,,,,0,0
Alexander Sørloth,24/25,03/08/2024,Villarreal,Atlético,€25.00m,€32.00m,25000000,32000000
Alexander Sørloth,23/24,25/07/2023,Leipzig,Villarreal,€12.00m,€10.00m,12000000,10000000
Alexander Sørloth,20/21,22/09/2020,Crystal Palace,Leipzig,€20.00m,€20.00m,20000000,20000000
Alexander Sørloth,17/18,31/01/2018,Midtjylland,Crystal Palace,€2.00m,€16.00m,2000000,16000000
Alexander Sørloth,17/18,01/07/2017,FC Groningen,Midtjylland,€850k,€450k,850000,450000
Alexander Sørloth,15/16,01/01/2016,Rosenborg BK,FC Groningen,€700k,€550k,700000,550000
Merih Demiral,23/24,19/08/2023,Atalanta,Al-Ahli,€20.00m,€17.00m,20000000,17000000
Merih Demiral,22/23,01/07/2022,Juventus,Atalanta,€25.00m,€21.00m,25000000,21000000
Merih Demiral,19/20,05/07/2019,Sassuolo,Juventus,€15.00m,€19.50m,15000000,19500000
Merih Demiral,19/20,01/07/2019,Alanyaspor,Sassuolo,€15.00m,€8.00m,15000000,8000000
Merih Demiral,18/19,29/01/2019,Sporting,Alanyaspor,€1.50m,€3.50m,1500000,3500000
Merih Demiral,17/18,01/07/2017,Alcanenense,Sporting B,€50k,€200k,50000,200000
Cengiz Ünder,23/24,13/08/2023,Marseille,Fenerbahçe,€20.00m,€15.00m,20000000,15000000
Cengiz Ünder,22/23,01/07/2022,Roma,Marseille,€22.00m,€11.40m,22000000,11400000
Cengiz Ünder,17/18,16/07/2017,Basaksehir,Roma,€5.00m,€14.25m,5000000,14250000
Cengiz Ünder,16/17,01/07/2016,Altinordu,Basaksehir,€1.50m,€4.80m,1500000,4800000
Javi García,17/18,14/08/2017,Zenit S-Pb,Real Betis,€7.00m,€1.50m,7000000,1500000
Javi García,14/15,14/08/2014,Man City,Zenit S-Pb,€12.00m,€16.80m,12000000,16800000
Javi García,12/13,31/08/2012,Benfica,Man City,€15.00m,€20.20m,15000000,20200000
Javi García,09/10,21/07/2009,Real Madrid,Benfica,€4.00m,€7.00m,4000000,7000000
Javi García,08/09,01/07/2008,CA Osasuna,Real Madrid,€5.00m,€4.00m,5000000,4000000
Javi García,07/08,31/08/2007,RM Castilla,CA Osasuna,€2.00m,€2.50m,2000000,2500000
Adri Embarba,,,,,,,0,0
Liam Henderson,21/22,11/08/2021,Lecce,FC Empoli,€2.20m,€1.50m,2200000,1500000
Liam Henderson,20/21,11/09/2020,Hellas Verona,Lecce,€1.50m,€600k,1500000,600000
Liam Henderson,17/18,17/01/2018,Celtic,Bari,€450k,€120k,450000,120000
Marash Kumbulla,21/22,01/07/2021,Hellas Verona,Roma,€25.00m,€26.50m,25000000,26500000
Fabrizio Cacciatore,19/20,01/07/2019,Chievo Verona,Cagliari,€800k,€800k,800000,800000
Fabrizio Cacciatore,16/17,01/07/2016,Sampdoria,Chievo Verona,€1.30m,€522k,1300000,522000
Fabrizio Cacciatore,14/15,01/07/2014,Hellas Verona,Sampdoria,€1.40m,€400k,1400000,400000
Fabrizio Cacciatore,13/14,01/07/2013,Sampdoria,Hellas Verona,€1.00m,€500k,1000000,500000
Joe Bryan,18/19,09/08/2018,Bristol City,Fulham,€5.00m,€6.70m,5000000,6700000
Zlatko Junuzović,11/12,27/01/2012,Austria Vienna,Werder Bremen,€2.50m,€800k,2500000,800000
Žan Majer,17/18,01/07/2017,NK Domzale,Rostov,€400k,€250k,400000,250000
Gaëtan Laborde,25/26,21/07/2025,Nice,Al-Diraiyah FC,€6.00m,€4.00m,6000000,4000000
Gaëtan Laborde,22/23,01/09/2022,Stade Rennais,Nice,€18.00m,€15.00m,18000000,15000000
Gaëtan Laborde,21/22,31/08/2021,Montpellier,Stade Rennais,€15.00m,€15.00m,15000000,15000000
Gaëtan Laborde,18/19,16/08/2018,G. Bordeaux,Montpellier,€4.00m,€3.00m,4000000,3000000
Jamal Lewis,20/21,08/09/2020,Norwich,Newcastle,€11.00m,€16.50m,11000000,16500000
Ludovic Ajorque,25/26,01/07/2025,Mainz,Stade Brestois,€4.00m,€2.00m,4000000,2000000
Ludovic Ajorque,22/23,24/01/2023,R. Strasbourg,Mainz,€11.00m,€6.00m,11000000,6000000
Ludovic Ajorque,18/19,01/07/2018,Clermont Foot,R. Strasbourg,€900k,€2.00m,900000,2000000
Pablo Maffeo,22/23,01/07/2022,Stuttgart,RCD Mallorca,€5.00m,€3.00m,5000000,3000000
Pablo Maffeo,18/19,01/07/2018,Man City,Stuttgart,€10.00m,€9.00m,10000000,9000000
Pablo Maffeo,13/14,02/07/2013,Espanyol U18,Man City U18,-,€100k,0,100000
Allan Saint-Maximin,25/26,12/08/2025,Al-Ahli,América,€13.00m,€10.30m,13000000,10300000
Allan Saint-Maximin,23/24,30/07/2023,Newcastle,Al-Ahli,€32.00m,€27.20m,32000000,27200000
Allan Saint-Maximin,19/20,02/08/2019,Nice,Newcastle,€25.00m,€18.00m,25000000,18000000
Allan Saint-Maximin,17/18,07/08/2017,Monaco,Nice,€3.00m,€10.00m,3000000,10000000
Allan Saint-Maximin,15/16,30/07/2015,Saint-Étienne,Monaco,€1.00m,€5.00m,1000000,5000000
Matt Ritchie,16/17,01/07/2016,Bournemouth,Newcastle,€6.00m,€12.00m,6000000,12000000
Matt Ritchie,12/13,30/01/2013,Swindon Town,Bournemouth,€200k,€470k,200000,470000
Matt Ritchie,10/11,07/01/2011,Portsmouth,Swindon Town,€50k,€300k,50000,300000
Francisco Garcia,19/20,30/01/2020,Dortmund,Villarreal,€42.00m,€25.00m,42000000,25000000
Francisco Garcia,19/20,01/07/2019,Barcelona,Dortmund,€37.00m,€21.00m,37000000,21000000
Francisco Garcia,16/17,30/08/2016,Valencia,Barcelona,€25.00m,€30.00m,25000000,30000000
Hamza Mendyl,18/19,17/08/2018,Lille,FC Schalke 04,€600k,€6.00m,600000,6000000
Alexis Flips,23/24,12/08/2023,Stade Reims,RSC Anderlecht,€6.00m,€3.50m,6000000,3500000
Fidel,,,,,,,0,0
Jack Stephens,10/11,05/04/2011,Plymouth,Southampton Res.,€50k,€170k,50000,170000
Amadou Onana,24/25,22/07/2024,Everton,Aston Villa,€50.00m,€59.35m,50000000,59350000
Amadou Onana,22/23,09/08/2022,Lille,Everton,€10.00m,€39.87m,10000000,39870000
Amadou Onana,21/22,05/08/2021,Hamburg,Lille,€3.00m,€13.57m,3000000,13570000
Kevin Bonifazi,21/22,02/07/2021,SPAL,Bologna,€7.00m,€5.85m,7000000,5850000
Kevin Bonifazi,20/21,01/09/2020,Torino,SPAL,€4.00m,€11.00m,4000000,11000000
Holger Badstuber,,,,,,,0,0
Borja Iglesias,25/26,12/08/2025,Real Betis,Celta de Vigo,€3.00m,€2.00m,3000000,2000000
Borja Iglesias,19/20,14/08/2019,Espanyol,Real Betis,€28.00m,€28.00m,28000000,28000000
Borja Iglesias,18/19,09/07/2018,Celta de Vigo,Espanyol,€1.00m,€10.00m,1000000,10000000
Jorge de Frutos,23/24,17/08/2023,Levante,Rayo Vallecano,€8.00m,€8.00m,8000000,8000000
Jorge de Frutos,20/21,04/08/2020,Real Madrid,Levante,€2.00m,€6.00m,2000000,6000000
Jorge de Frutos,18/19,01/07/2018,R. Majadahonda,RM Castilla,€300k,€100k,300000,100000
Gonzalo Escalante,23/24,01/07/2023,Lazio,Cádiz CF,€2.00m,€2.50m,2000000,2500000
Gonzalo Escalante,15/16,11/01/2016,Catania,SD Eibar,€500k,€1.00m,500000,1000000
Gonzalo Escalante,14/15,29/01/2015,Boca Juniors,Catania,€400k,€500k,400000,500000
Ollie Watkins,20/21,09/09/2020,Brentford,Aston Villa,€12.00m,€34.00m,12000000,34000000
Ollie Watkins,17/18,18/07/2017,Exeter City,Brentford,€150k,€7.22m,150000,7220000
Amin Younes,15/16,16/07/2015,Mönchengladbach,Ajax,€1.00m,€2.50m,1000000,2500000
Amin Younes,00/01,01/07/2000,Unterrath Yth.,M'gladbach Yth.,-,€10k,0,10000
Andrea Carboni,22/23,01/07/2022,Cagliari,Monza,€5.00m,€4.00m,5000000,4000000
Soualiho Meïté,25/26,01/07/2025,Benfica,PAOK,€2.00m,€1.00m,2000000,1000000
Soualiho Meïté,21/22,23/07/2021,Torino,Benfica,€5.00m,€6.00m,5000000,6000000
Soualiho Meïté,18/19,10/07/2018,Monaco,Torino,€8.00m,€11.50m,8000000,11500000
Soualiho Meïté,17/18,02/07/2017,Zulte Waregem,Monaco,€7.00m,€8.00m,7000000,8000000
Soualiho Meïté,17/18,01/07/2017,Lille,Zulte Waregem,€7.00m,€5.10m,7000000,5100000
Soualiho Meïté,12/13,28/01/2013,AJ Auxerre,Lille,€400k,€2.70m,400000,2700000
Lorenzo Tonelli,21/22,27/08/2021,Sampdoria,FC Empoli,€2.00m,€2.40m,2000000,2400000
Lorenzo Tonelli,20/21,01/09/2020,Napoli,Sampdoria,€2.40m,€2.00m,2400000,2000000
Lorenzo Tonelli,16/17,01/07/2016,FC Empoli,Napoli,€5.50m,€10.00m,5500000,10000000
Kasim Nuhu,18/19,25/07/2018,Young Boys,Hoffenheim,€8.50m,€8.00m,8500000,8000000
Kasim Nuhu,17/18,01/07/2017,RCD Mallorca,Young Boys,€800k,€4.50m,800000,4500000
Kasim Nuhu,13/14,30/01/2014,Leganés U19,RCD Mallorca B ,-,€4.00m,0,4000000
Alessandro Schöpf,15/16,07/01/2016,1.FC Nuremberg,FC Schalke 04,€1.50m,€5.00m,1500000,5000000
Alessandro Schöpf,14/15,01/07/2014,Bayern Munich,1.FC Nuremberg,€400k,€400k,400000,400000
Iván Balliu,,,,,,,0,0
Ewerton,,,,,,,0,0
Wakaso,19/20,18/01/2020,Alavés,JS Suning,€2.50m,€4.00m,2500000,4000000
Wakaso,13/14,28/08/2013,Espanyol,Rubin Kazan,€5.00m,€6.00m,5000000,6000000
Wakaso,12/13,11/07/2012,Villarreal,Espanyol,€2.00m,€300k,2000000,300000
Daniel Opare,08/09,01/07/2008,CS Sfaxien,Real Madrid C,-,€400k,0,400000
Krzysztof Piątek,25/26,01/07/2025,Basaksehir,Al-Duhail SC,€8.50m,€10.00m,8500000,10000000
Krzysztof Piątek,23/24,18/07/2023,Hertha BSC,Basaksehir,€7.00m,€2.00m,7000000,2000000
Krzysztof Piątek,19/20,30/01/2020,AC Milan,Hertha BSC,€32.00m,€24.00m,32000000,24000000
Krzysztof Piątek,18/19,23/01/2019,Genoa,AC Milan,€15.00m,€35.00m,15000000,35000000
Krzysztof Piątek,18/19,01/07/2018,Cracovia,Genoa,€900k,€4.50m,900000,4500000
Krzysztof Piątek,16/17,28/08/2016,Zaglebie Lubin,Cracovia,€500k,€700k,500000,700000
Krzysztof Piątek,12/13,20/02/2013,L. Dzierzoniow,Lubin II,-,€12k,0,12000
Vital N'Simba,,,,,,,0,0
Álvaro Tejero,,,,,,,0,0
Kostas Tsimikas,20/21,10/08/2020,Olympiacos,Liverpool,€9.00m,€13.00m,9000000,13000000
Kostas Tsimikas,14/15,01/07/2014,Panserraik. U19,Olympiacos U20,-,€35k,0,35000
Yohann Magnin,,,,,,,0,0
Ángel Rodríguez,,,,,,,0,0
Peter Pekarík,08/09,01/01/2009,MSK Zilina,Wolfsburg,-,€850k,0,850000
Jorge Meré,21/22,18/01/2022,1.FC Köln,América,€2.50m,€900k,2500000,900000
Jorge Meré,17/18,20/07/2017,Sporting Gijón,1.FC Köln,€6.00m,€7.00m,6000000,7000000
Bram Nuytinck,17/18,29/07/2017,RSC Anderlecht,Udinese,€2.00m,€3.00m,2000000,3000000
Bram Nuytinck,12/13,31/08/2012,NEC Nijmegen,RSC Anderlecht,€2.50m,€1.75m,2500000,1750000
Mathias Autret,,,,,,,0,0
Rolando,,,,,,,0,0
Hugo Ekitike,25/26,23/07/2025,Frankfurt,Liverpool,€75.00m,€95.00m,75000000,95000000
Hugo Ekitike,24/25,01/07/2024,PSG,Frankfurt,€20.00m,€31.50m,20000000,31500000
Hugo Ekitike,23/24,01/07/2023,Stade Reims,PSG,€20.00m,€28.50m,20000000,28500000
Kamaldeen Sulemana,25/26,02/07/2025,Southampton,Atalanta,€13.00m,€17.50m,13000000,17500000
Kamaldeen Sulemana,22/23,31/01/2023,Stade Rennais,Southampton,€18.00m,€25.00m,18000000,25000000
Kamaldeen Sulemana,21/22,16/07/2021,Nordsjaelland,Stade Rennais,€9.00m,€17.00m,9000000,17000000
Frederik Sørensen,15/16,11/07/2015,Juventus,1.FC Köln,€2.00m,€1.78m,2000000,1780000
Frederik Sørensen,14/15,01/07/2014,Bologna,Juventus,€4.50m,€800k,4500000,800000
Frederik Sørensen,11/12,17/01/2012,Juventus,Bologna,€3.00m,€2.50m,3000000,2500000
Frederik Sørensen,11/12,01/07/2011,Lyngby BK,Juventus,€3.00m,€500k,3000000,500000
Kostas Stafylidis,,,,,,,0,0
Sergio Álvarez,,,,,,,0,0
Tom Carroll,16/17,17/01/2017,Tottenham,Swansea,€5.00m,€5.20m,5000000,5200000
Adel Taarabt,10/11,05/08/2010,Tottenham,QPR,€2.20m,€1.20m,2200000,1200000
Adel Taarabt,07/08,01/07/2007,Lens,Tottenham,€50k,€4.00m,50000,4000000
Nathan Redmond,16/17,01/07/2016,Norwich,Southampton,€7.50m,€13.50m,7500000,13500000
Nathan Redmond,13/14,04/07/2013,Birmingham,Norwich,€2.50m,€2.30m,2500000,2300000
Mohamed Elneny,15/16,14/01/2016,Basel,Arsenal,€4.00m,€12.50m,4000000,12500000
Mohamed Elneny,13/14,01/07/2013,El Mokawloon,Basel,€2.00m,€640k,2000000,640000
Fodé Ballo-Touré,21/22,18/07/2021,Monaco,AC Milan,€6.50m,€5.40m,6500000,5400000
Fodé Ballo-Touré,18/19,10/01/2019,Lille,Monaco,€7.00m,€11.00m,7000000,11000000
Sidy Sarr,19/20,06/08/2019,LB Châteauroux,Nîmes Olympique,€600k,€2.00m,600000,2000000
Danny Rose,07/08,25/07/2007,Leeds U18,Tottenham,-,€1.00m,0,1000000
Ádám Nagy,24/25,01/07/2024,Pisa,Spezia Calcio,€900k,€1.00m,900000,1000000
Ádám Nagy,19/20,08/08/2019,Bologna,Bristol City,€2.00m,€2.00m,2000000,2000000
Ádám Nagy,16/17,14/07/2016,Ferencváros,Bologna,€1.50m,€1.80m,1500000,1800000
Blerim Džemaili,16/17,17/08/2016,Galatasaray,Bologna,€3.50m,€1.30m,3500000,1300000
Blerim Džemaili,14/15,31/08/2014,Napoli,Galatasaray,€9.50m,€2.35m,9500000,2350000
Blerim Džemaili,11/12,01/07/2011,Parma,Napoli,€5.00m,€9.00m,5000000,9000000
Blerim Džemaili,10/11,01/07/2010,Torino,Parma,€5.00m,€7.00m,5000000,7000000
Blerim Džemaili,09/10,01/07/2009,Bolton,Torino,€2.20m,€2.00m,2200000,2000000
Sol Bamba,12/13,01/07/2012,Leicester,Trabzonspor,€1.00m,€900k,1000000,900000
Sol Bamba,10/11,02/01/2011,Hibernian FC,Leicester,€2.50m,€290k,2500000,290000
Sol Bamba,08/09,01/09/2008,Dunfermline A.,Hibernian FC,€200k,€90k,200000,90000
Isaac Carcelen,18/19,21/07/2018,CyD Leonesa,R. Majadahonda,€600k,€70k,600000,70000
Patrick Cutrone,22/23,29/08/2022,Wolves,Como,€3.50m,€2.00m,3500000,2000000
Patrick Cutrone,19/20,30/07/2019,AC Milan,Wolves,€28.00m,€18.00m,28000000,18000000
Zinedine Ferhat,,,,,,,0,0
Rick Karsdorp,17/18,01/07/2017,Feyenoord,Roma,€9.00m,€16.00m,9000000,16000000
Ignatius Ganago,22/23,01/09/2022,Lens,FC Nantes,€5.00m,€4.40m,5000000,4400000
Ignatius Ganago,20/21,10/07/2020,Nice,Lens,€3.60m,€6.00m,3600000,6000000
Manolo Gabbiadini,18/19,11/01/2019,Southampton,Sampdoria,€10.00m,€11.90m,10000000,11900000
Manolo Gabbiadini,16/17,31/01/2017,Napoli,Southampton,€15.00m,€17.00m,15000000,17000000
Manolo Gabbiadini,14/15,05/01/2015,Sampdoria,Napoli,€12.00m,€12.50m,12000000,12500000
Manolo Gabbiadini,13/14,09/07/2013,Juventus,Sampdoria,€7.00m,€11.50m,7000000,11500000
Manolo Gabbiadini,12/13,24/08/2012,Atalanta,Juventus,€4.50m,€11.00m,4500000,11000000
Manolo Gabbiadini,11/12,01/07/2011,Cittadella,Atalanta,€800k,€1.00m,800000,1000000
Valon Behrami,17/18,16/08/2017,Watford,Udinese,€2.50m,€2.00m,2500000,2000000
Valon Behrami,15/16,11/07/2015,Hamburg,Watford,€3.50m,€3.50m,3500000,3500000
Valon Behrami,14/15,03/08/2014,Napoli,Hamburg,€12.00m,€6.00m,12000000,6000000
Valon Behrami,12/13,16/07/2012,Fiorentina,Napoli,€8.00m,€8.00m,8000000,8000000
Valon Behrami,10/11,26/01/2011,West Ham,Fiorentina,€8.00m,€2.00m,8000000,2000000
Valon Behrami,08/09,23/07/2008,Lazio,West Ham,€8.00m,€6.30m,8000000,6300000
Valon Behrami,05/06,25/07/2005,Genoa,Lazio,€500k,€6.00m,500000,6000000
Giorgos Kyriakopoulos,25/26,01/07/2025,Monza,Panathinaikos,€2.50m,€2.00m,2500000,2000000
Giorgos Kyriakopoulos,24/25,01/07/2024,Sassuolo,Monza,€3.50m,€3.68m,3500000,3680000
Giorgos Kyriakopoulos,20/21,01/09/2020,Asteras Tripoli,Sassuolo,€3.00m,€500k,3000000,500000
Nathan Aké,20/21,05/08/2020,Bournemouth,Man City,€28.00m,€45.30m,28000000,45300000
Nathan Aké,17/18,01/07/2017,Chelsea,Bournemouth,€8.00m,€22.80m,8000000,22800000
Nathan Aké,11/12,01/07/2011,Feyenoord U17,Chelsea U18,-,€800k,0,800000
Jasmin Kurtić,20/21,01/09/2020,SPAL,Parma,€3.50m,€4.90m,3500000,4900000
Jasmin Kurtić,18/19,01/07/2018,Atalanta,SPAL,€5.00m,€5.30m,5000000,5300000
Jasmin Kurtić,15/16,01/07/2015,Sassuolo,Atalanta,€3.50m,€3.20m,3500000,3200000
Jasmin Kurtić,13/14,01/07/2013,US Palermo,Sassuolo,€2.00m,€4.00m,2000000,4000000
Jasmin Kurtić,10/11,03/01/2011,ND Gorica,US Palermo,€400k,€800k,400000,800000
Oghenekaro Etebo,18/19,01/07/2018,Feirense,Stoke City,€1.50m,€7.20m,1500000,7200000
Álvaro González,20/21,01/07/2020,Villarreal,Marseille,€6.50m,€4.00m,6500000,4000000
Álvaro González,16/17,31/08/2016,Espanyol,Villarreal,€4.00m,€4.00m,4000000,4000000
Álvaro González,14/15,28/07/2014,Real Zaragoza,Espanyol,€2.50m,€1.10m,2500000,1100000
Abdoulaye Bamba,,,,,,,0,0
Dwight McNeil,22/23,28/07/2022,Burnley,Everton,€18.00m,€17.00m,18000000,17000000
Stephen Ward,14/15,15/08/2014,Wolves,Burnley,€2.00m,€630k,2000000,630000
Stephen Ward,06/07,01/01/2007,Bohemians,Wolves,-,€10k,0,10000
Helibelton Palacios,,,,,,,0,0
Moise Kean,24/25,09/07/2024,Juventus,Fiorentina,€14.00m,€14.50m,14000000,14500000
Moise Kean,23/24,01/07/2023,Everton,Juventus,€18.00m,€30.00m,18000000,30000000
Moise Kean,19/20,04/08/2019,Juventus,Everton,€40.00m,€27.50m,40000000,27500000
Kevin Lasagna,21/22,01/07/2021,Udinese,Hellas Verona,€6.00m,€6.50m,6000000,6500000
Kevin Lasagna,16/17,14/01/2017,Carpi,Udinese,€2.80m,€5.00m,2800000,5000000
Kevin Lasagna,14/15,11/07/2014,Cerea,Carpi,€75k,€25k,75000,25000
Vitorino Antunes,18/19,01/07/2018,Dynamo Kyiv,Getafe,€3.50m,€2.50m,3500000,2500000
Vitorino Antunes,14/15,01/02/2015,Málaga CF,Dynamo Kyiv,€3.00m,€6.00m,3000000,6000000
Vitorino Antunes,13/14,01/07/2013,Paços Ferreira,Málaga CF,€3.00m,€1.25m,3000000,1250000
Vitorino Antunes,08/09,01/07/2008,Paços Ferreira,Roma,€1.00m,€1.20m,1000000,1200000
Stefan Savić,15/16,20/07/2015,Fiorentina,Atlético,€15.00m,€12.00m,15000000,12000000
Stefan Savić,11/12,06/07/2011,Partizan,Man City,€6.00m,€12.00m,6000000,12000000
Stefan Savić,10/11,30/08/2010,BSK Borca,Partizan,€450k,€300k,450000,300000
Vincent Laurini,19/20,08/07/2019,Fiorentina,Parma,€1.50m,€440k,1500000,440000
Vincent Laurini,18/19,01/07/2018,FC Empoli,Fiorentina,€2.00m,€1.60m,2000000,1600000
Jesse Lingard,,,,,,,0,0
Reece Oxford,19/20,02/08/2019,West Ham,Augsburg,€4.00m,€2.00m,4000000,2000000
Matthias Ostrzolek,14/15,12/08/2014,Augsburg,Hamburg,€4.50m,€2.75m,4500000,2750000
Matthias Ostrzolek,11/12,01/01/2012,VfL Bochum,Augsburg,€1.00m,€500k,1000000,500000
Jordan Lukaku,16/17,22/07/2016,KV Oostende,Lazio,€4.00m,€4.00m,4000000,4000000
Paul Jaeckel,25/26,15/07/2025,Union Berlin,Pr. Münster,€1.00m,€300k,1000000,300000
Paul Jaeckel,18/19,30/08/2018,Wolfsburg,Greuther Fürth,€500k,€200k,500000,200000
Răzvan Marin,25/26,23/07/2025,Cagliari,AEK Athens,€3.50m,€1.70m,3500000,1700000
Răzvan Marin,21/22,01/07/2021,Ajax,Cagliari,€15.00m,€6.90m,15000000,6900000
Răzvan Marin,19/20,01/07/2019,Standard Liège,Ajax,€13.50m,€12.50m,13500000,12500000
Răzvan Marin,16/17,20/01/2017,FC Viitorul,Standard Liège,€2.00m,€4.80m,2000000,4800000
Jack Wilshere,,,,,,,0,0
Sebastian Griesbeck,21/22,31/08/2021,Union Berlin,Greuther Fürth,€1.00m,€250k,1000000,250000
Mounir Chouiar,25/26,25/08/2025,Ludogorets,RS Berkane,€3.00m,€1.40m,3000000,1400000
Mounir Chouiar,23/24,05/09/2023,Basaksehir,Ludogorets,€3.20m,€1.10m,3200000,1100000
Mounir Chouiar,22/23,08/07/2022,Dijon,Basaksehir,€2.50m,€1.50m,2500000,1500000
Mounir Chouiar,19/20,02/09/2019,Lens,Dijon,€1.00m,€3.50m,1000000,3500000
Pere Pons,19/20,04/07/2019,Girona,Alavés,€4.00m,€2.00m,4000000,2000000
Mattia Valoti,22/23,01/07/2022,SPAL,Monza,€2.00m,€2.75m,2000000,2750000
Mattia Valoti,19/20,01/07/2019,Hellas Verona,SPAL,€1.00m,€3.00m,1000000,3000000
Markel Susaeta,,,,,,,0,0
Moi Gómez,22/23,28/07/2022,Villarreal,CA Osasuna,€8.00m,€1.80m,8000000,1800000
Moi Gómez,19/20,18/07/2019,Sporting Gijón,Villarreal,€5.00m,€1.30m,5000000,1300000
Xabi Prieto,,,,,,,0,0
Andros Townsend,16/17,01/07/2016,Newcastle,Crystal Palace,€9.00m,€15.60m,9000000,15600000
Andros Townsend,15/16,27/01/2016,Tottenham,Newcastle,€8.00m,€15.70m,8000000,15700000
Sean Longstaff,25/26,18/07/2025,Newcastle,Leeds,€20.00m,€13.80m,20000000,13800000
Akim Zedadka,,,,,,,0,0
Manuel Lazzari,19/20,12/07/2019,SPAL,Lazio,€18.00m,€15.00m,18000000,15000000
Sergi Palencia,19/20,05/07/2019,Barcelona,Saint-Étienne,€6.00m,€2.00m,6000000,2000000
Yann Karamoh,22/23,01/09/2022,Parma,Torino,€4.00m,€1.00m,4000000,1000000
Yann Karamoh,20/21,01/09/2020,Inter,Parma,€7.50m,€8.00m,7500000,8000000
Yann Karamoh,18/19,01/07/2018,SM Caen,Inter,€7.00m,€6.50m,7000000,6500000
Felipe dal Belo,05/06,01/01/2006,Ajax,Sevilla FC,€3.00m,€1.90m,3000000,1900000
Jimmy Durmaz,16/17,20/08/2016,Olympiacos,Toulouse,€3.75m,€2.00m,3750000,2000000
Jimmy Durmaz,14/15,25/08/2014,Genclerbirligi,Olympiacos,€4.50m,€2.00m,4500000,2000000
Jimmy Durmaz,12/13,14/08/2012,Malmö,Genclerbirligi,€1.50m,€580k,1500000,580000
Tom Cairney,15/16,01/07/2015,Blackburn,Fulham,€3.00m,€4.20m,3000000,4200000
Dénys Bain,,,,,,,0,0
Lamine Fomba,22/23,28/01/2023,Nîmes Olympique,Saint-Étienne,€2.50m,€500k,2500000,500000
Lamine Fomba,19/20,20/08/2019,AJ Auxerre,Nîmes Olympique,€2.50m,€4.00m,2500000,4000000
Andrea Belotti,24/25,01/07/2024,Roma,Como,€5.00m,€4.10m,5000000,4099999
Andrea Belotti,15/16,18/08/2015,US Palermo,Torino,€5.00m,€8.40m,5000000,8400000
Andrea Belotti,14/15,01/07/2014,UC AlbinoLeffe,US Palermo,€2.50m,€5.50m,2500000,5500000
M'Baye Niang,23/24,31/01/2024,Adana Demirspor,FC Empoli,€2.70m,€250k,2700000,250000
M'Baye Niang,19/20,01/07/2019,Torino,Stade Rennais,€12.00m,€15.00m,12000000,15000000
M'Baye Niang,18/19,01/07/2018,AC Milan,Torino,€10.00m,€12.00m,10000000,12000000
M'Baye Niang,12/13,28/08/2012,SM Caen,AC Milan,€1.75m,€3.30m,1750000,3300000
Dimitri Bisoli,17/18,01/07/2017,Andria,Brescia,€2.00m,€250k,2000000,250000
Paweł Jaroszyński,23/24,01/07/2023,Salernitana,Cracovia,€450k,€450k,450000,450000
Paweł Jaroszyński,22/23,01/07/2022,Genoa,Salernitana,€600k,€1.45m,600000,1450000
Paweł Jaroszyński,19/20,01/07/2019,Chievo Verona,Genoa,€400k,€4.00m,400000,4000000
Paweł Jaroszyński,17/18,18/07/2017,Cracovia,Chievo Verona,€400k,€400k,400000,400000
Jonathan de Guzmán,17/18,10/07/2017,Napoli,Frankfurt,€2.00m,€1.00m,2000000,1000000
Jonathan de Guzmán,14/15,20/08/2014,Villarreal,Napoli,€10.00m,€6.00m,10000000,6000000
Jonathan de Guzmán,11/12,31/08/2011,RCD Mallorca,Villarreal,€5.00m,€8.00m,5000000,8000000
Salomón Rondón,19/20,19/07/2019,West Brom,DL Pro,€15.00m,€18.27m,15000000,18270000
Salomón Rondón,15/16,10/08/2015,Zenit S-Pb,West Brom,€15.00m,€17.00m,15000000,17000000
Salomón Rondón,13/14,31/01/2014,Rubin Kazan,Zenit S-Pb,€11.00m,€18.00m,11000000,18000000
Salomón Rondón,12/13,05/08/2012,Málaga CF,Rubin Kazan,€9.00m,€9.00m,9000000,9000000
Salomón Rondón,10/11,19/07/2010,UD Las Palmas,Málaga CF,€1.00m,€3.50m,1000000,3500000
Mustapha Diallo,06/07,01/07/2006,ASC Jaraaf,Club Brugge,€50k,€125k,50000,125000
Faitout Maouassa,21/22,31/08/2021,Stade Rennais,Club Brugge,€12.00m,€4.00m,12000000,4000000
Faitout Maouassa,17/18,01/07/2017,AS Nancy,Stade Rennais,€800k,€7.00m,800000,7000000
Mickael Nade,,,,,,,0,0
Philipp Förster,22/23,01/07/2022,Stuttgart,VfL Bochum,€2.50m,€500k,2500000,500000
Philipp Förster,19/20,02/09/2019,SV Sandhausen,Stuttgart,€1.50m,€3.00m,1500000,3000000
Philipp Förster,16/17,31/01/2017,W. Mannheim,1.FC Nuremberg,€250k,€90k,250000,90000
Ondřej Petrák,13/14,07/01/2014,Slavia Praha,1.FC Nuremberg,€600k,€1.00m,600000,1000000
Brahim Díaz,18/19,06/01/2019,Man City,Real Madrid,€5.00m,€17.00m,5000000,17000000
Brahim Díaz,13/14,01/01/2014,Málaga CF Youth,Man City Youth,-,€350k,0,350000
Oihan Sancet,15/16,01/07/2015,CA Osasuna Yout,Bilbao Youth,-,€300k,0,300000
Gavi,15/16,01/07/2015,Real Betis Yth.,Barça Youth,-,€10k,0,10000
Marcel Büchel,16/17,01/07/2016,Juventus,FC Empoli,€1.50m,€1.50m,1500000,1500000
Marcel Büchel,13/14,01/07/2013,AC Siena,Juventus,€300k,€1.50m,300000,1500000
Emiliano Sala,18/19,19/01/2019,FC Nantes,Cardiff,€16.00m,€17.00m,16000000,17000000
Emiliano Sala,15/16,20/07/2015,G. Bordeaux,FC Nantes,€1.50m,€1.00m,1500000,1000000
Jonathan David,20/21,11/08/2020,KAA Gent,Lille,€25.00m,€27.00m,25000000,27000000
Stefano Okaka,21/22,08/09/2021,Udinese,Basaksehir,€2.00m,€1.50m,2000000,1500000
Stefano Okaka,19/20,02/09/2019,Watford,Udinese,€5.00m,€4.00m,5000000,4000000
Stefano Okaka,16/17,29/08/2016,RSC Anderlecht,Watford,€6.50m,€6.00m,6500000,6000000
Stefano Okaka,15/16,27/07/2015,Sampdoria,RSC Anderlecht,€6.00m,€3.30m,6000000,3300000
Stefano Okaka,13/14,31/01/2014,Parma,Sampdoria,€1.20m,€3.00m,1200000,3000000
Kévin Rodrigues,,,,,,,0,0
Paulinho,18/19,01/01/2019,Barcelona,GZ Evergrande,€38.00m,€42.00m,38000000,42000000
Paulinho,17/18,14/08/2017,GZ Evergrande,Barcelona,€15.00m,€40.00m,15000000,40000000
Paulinho,15/16,01/07/2015,Tottenham,GZ Evergrande,€9.00m,€14.00m,9000000,14000000
Paulinho,13/14,01/07/2013,Corinthians,Tottenham,€12.00m,€19.75m,12000000,19750000
Paulinho,12/13,02/10/2012,Coimbra,Corinthians,€7.50m,€5.00m,7500000,5000000
Paulinho,09/10,30/04/2010,GO Audax,Coimbra,€400k,€650k,400000,650000
Karim Rekik,23/24,30/07/2023,Sevilla FC,Al-Jazira,€4.00m,€2.00m,4000000,2000000
Karim Rekik,20/21,05/10/2020,Hertha BSC,Sevilla FC,€8.50m,€2.00m,8500000,2000000
Karim Rekik,17/18,01/07/2017,Marseille,Hertha BSC,€2.50m,€2.50m,2500000,2500000
Karim Rekik,15/16,01/07/2015,Man City,Marseille,€4.00m,€5.00m,4000000,5000000
Karim Rekik,11/12,01/07/2011,Feyenoord U17,Man City U18,-,€450k,0,450000
Jozabed,17/18,04/07/2017,Fulham,Celta de Vigo,€3.50m,€3.50m,3500000,3500000
Jozabed,16/17,12/08/2016,Rayo Vallecano,Fulham,€5.00m,€4.00m,5000000,4000000
Koo Ja-cheol,,,,,,,0,0
Emiliano Moretti,13/14,11/07/2013,Genoa,Torino,€1.20m,€700k,1200000,700000
Emiliano Moretti,09/10,01/07/2009,Valencia,Genoa,€8.00m,€3.70m,8000000,3700000
Emiliano Moretti,03/04,01/07/2003,Juventus,AC Parma,-,€1.80m,0,1800000
Conor Gallagher,25/26,14/01/2026,Atlético,Tottenham,€35.00m,€40.00m,35000000,40000000
Conor Gallagher,24/25,21/08/2024,Chelsea,Atlético,€50.00m,€42.00m,50000000,42000000
Conor Coady,25/26,01/08/2025,Leicester,Wrexham,€2.20m,€2.30m,2200000,2300000
Conor Coady,23/24,01/07/2023,Wolves,Leicester,€12.00m,€8.70m,12000000,8700000
Conor Coady,15/16,03/07/2015,Huddersfield,Wolves,€750k,€2.80m,750000,2800000
Conor Coady,14/15,06/08/2014,Liverpool U21,Huddersfield,€300k,€470k,300000,470000
Todd Cantwell,24/25,30/08/2024,Rangers,Blackburn,€8.50m,€590k,8500000,590000
Todd Cantwell,22/23,23/01/2023,Norwich,Rangers,€8.00m,€1.71m,8000000,1710000
Raúl Guti,20/21,20/09/2020,Real Zaragoza,Elche CF,€800k,€5.00m,800000,5000000
Kamil Glik,20/21,01/09/2020,Monaco,Benevento,€3.50m,€3.00m,3500000,3000000
Kamil Glik,16/17,04/07/2016,Torino,Monaco,€10.00m,€11.00m,10000000,11000000
Kamil Glik,11/12,01/07/2011,US Palermo,Torino,€1.20m,€2.35m,1200000,2350000
Kamil Glik,10/11,01/07/2010,Piast Gliwice,US Palermo,€500k,€1.00m,500000,1000000
Jonathan Ikone,25/26,01/09/2025,Fiorentina,Paris FC,€7.00m,€2.00m,7000000,2000000
Jonathan Ikone,21/22,03/01/2022,Lille,Fiorentina,€22.00m,€15.40m,22000000,15400000
Jonathan Ikone,18/19,02/07/2018,PSG,Lille,€700k,€5.00m,700000,5000000
Florent Ogier,,,,,,,0,0
Gonzalo Melero,25/26,13/08/2025,UD Almería,CD Leganés,€1.00m,€650k,1000000,650000
Gonzalo Melero,22/23,01/09/2022,Levante,UD Almería,€4.00m,€1.90m,4000000,1900000
Gonzalo Melero,19/20,03/07/2019,SD Huesca,Levante,€4.00m,€3.60m,4000000,3600000
Julien Faussurier,13/14,01/07/2013,Troyes,FC Sochaux,€1.50m,€400k,1500000,400000
Mason Greenwood,24/25,18/07/2024,Man Utd,Marseille,€25.00m,€26.00m,25000000,26000000
Ilan Kebbal,23/24,10/07/2023,Stade Reims,Paris FC,€2.00m,€2.00m,2000000,2000000
Joseph Aidoo,19/20,11/07/2019,Genk,Celta de Vigo,€4.00m,€8.00m,4000000,8000000
Joseph Aidoo,17/18,24/07/2017,Hammarby,Genk,€500k,€1.25m,500000,1250000
Erik Thommy,17/18,18/01/2018,Augsburg,Stuttgart,€750k,€500k,750000,500000
Gio Reyna,25/26,23/08/2025,Dortmund,Mönchengladbach,€7.00m,€4.00m,7000000,4000000
Ashley Barnes,13/14,10/01/2014,Brighton,Burnley,€1.20m,€545k,1200000,545000
Ashley Barnes,10/11,08/07/2010,Plymouth,Brighton,€100k,€470k,100000,470000
Aurélien Chedjou,19/20,01/09/2019,Basaksehir,Amiens SC,€400k,€200k,400000,200000
Aurélien Chedjou,13/14,19/07/2013,Lille,Galatasaray,€12.00m,€6.30m,12000000,6300000
Benjamin Mendy,17/18,24/07/2017,Monaco,Man City,€13.00m,€57.50m,13000000,57500000
Benjamin Mendy,16/17,01/07/2016,Marseille,Monaco,€6.50m,€13.00m,6500000,13000000
Benjamin Mendy,13/14,09/07/2013,Le Havre AC,Marseille,€2.00m,€4.00m,2000000,4000000
Carlos Salcedo,23/24,01/07/2023,FC Juárez,CD Cruz Azul,€4.00m,€3.72m,4000000,3720000
Carlos Salcedo,18/19,22/01/2019,Frankfurt,Tigres UANL,€10.00m,€8.80m,10000000,8800000
Carlos Salcedo,18/19,01/07/2018,Chivas,Frankfurt,€7.00m,€5.00m,7000000,5000000
Carlos Salcedo,14/15,06/01/2015,Salt Lake,Chivas,-,€2.50m,0,2500000
Facundo Píriz,18/19,01/07/2018,Akhmat Grozny,Montpellier,€1.50m,€1.00m,1500000,1000000
Facundo Píriz,12/13,20/01/2013,Nacional,Terek Grozny,€2.80m,€2.80m,2800000,2800000
Emmanuel Boateng,24/25,13/01/2025,Al-Orobah,Gaziantep FK,€1.20m,€1.50m,1200000,1500000
Emmanuel Boateng,18/19,20/02/2019,Levante,DL Yifang,€3.00m,€11.00m,3000000,11000000
Emmanuel Boateng,17/18,16/08/2017,Moreirense ,Levante,€1.50m,€2.90m,1500000,2900000
Enda Stevens,11/12,01/01/2012,Shamrock Rovers,Aston Villa,€50k,€285k,50000,285000
Assane Dioussé,23/24,10/08/2023,OFI Crete,AJ Auxerre,€900k,€500k,900000,500000
Assane Dioussé,17/18,01/08/2017,FC Empoli,Saint-Étienne,€4.00m,€5.00m,4000000,5000000
Phil Jagielka,07/08,04/07/2007,Sheff Utd,Everton,€2.75m,€6.00m,2750000,6000000
Dominic Maroh,,,,,,,0,0
Pedro Mendes,09/10,30/01/2010,Rangers,Sporting,€6.25m,€1.70m,6250000,1700000
Pedro Mendes,08/09,11/08/2008,Portsmouth,Rangers,€3.50m,€3.75m,3500000,3750000
Pedro Mendes,04/05,01/07/2004,Porto,Tottenham,-,€3.00m,0,3000000
Gianluca Lapadula,24/25,31/01/2025,Cagliari,Spezia Calcio,€1.00m,€300k,1000000,300000
Gianluca Lapadula,22/23,25/07/2022,Benevento,Cagliari,€2.50m,€1.60m,2500000,1600000
Gianluca Lapadula,20/21,02/09/2020,Genoa,Benevento,€5.00m,€4.00m,5000000,4000000
Gianluca Lapadula,18/19,17/08/2018,AC Milan,Genoa,€7.00m,€11.00m,7000000,11000000
Gianluca Lapadula,16/17,01/07/2016,Pescara,AC Milan,€6.50m,€9.50m,6500000,9500000
Gianluca Lapadula,12/13,01/07/2012,Parma,Cesena,€50k,€1.40m,50000,1400000
Giulio Maggiore,22/23,16/08/2022,Spezia Calcio,Salernitana,€8.50m,€3.50m,8500000,3500000
Adam Bodzek,10/11,01/01/2011,MSV Duisburg,F. Düsseldorf,€800k,€250k,800000,250000
Ibrahima Mbaye,15/16,01/07/2015,Inter,Bologna,€4.00m,€3.50m,4000000,3500000
Fabio Depaoli,19/20,01/07/2019,Chievo Verona,Sampdoria,€5.00m,€4.50m,5000000,4500000
Cédric Soares,15/16,01/07/2015,Sporting,Southampton,€9.50m,€7.00m,9500000,7000000
Franco Cervi,21/22,05/07/2021,Benfica,Celta de Vigo,€5.00m,€5.00m,5000000,5000000
Franco Cervi,16/17,01/07/2016,Rosario Central,Benfica,€5.50m,€5.70m,5500000,5700000
Matías Aguirregaray,13/14,27/07/2013,Peñarol,Estudiantes LP,€1.30m,€375k,1300000,375000
Matías Aguirregaray,12/13,02/09/2012,Wanderers,CFR Cluj,€800k,€800k,800000,800000
Marshall Munetsi,24/25,03/02/2025,Stade Reims,Wolves,€10.00m,€18.00m,10000000,18000000
Orel Mangala,24/25,02/07/2024,Nott'm Forest,Lyon,€20.00m,€23.40m,20000000,23400000
Orel Mangala,22/23,31/07/2022,Stuttgart,Nott'm Forest,€15.00m,€13.00m,15000000,13000000
Orel Mangala,17/18,01/07/2017,Anderlecht U21,Stuttgart,-,€1.80m,0,1800000
Federico Fernández,18/19,09/08/2018,Swansea,Newcastle,€8.00m,€6.70m,8000000,6700000
Federico Fernández,14/15,20/08/2014,Napoli,Swansea,€5.00m,€10.00m,5000000,10000000
Federico Fernández,11/12,01/07/2011,Estudiantes LP,Napoli,€2.50m,€3.30m,2500000,3300000
Max Aarons,23/24,10/08/2023,Norwich,Bournemouth,€16.00m,€8.10m,16000000,8100000
Junior Sambia,18/19,01/07/2018,Chamois Niort,Montpellier,€2.50m,€2.00m,2500000,2000000
Andrew Surman,14/15,01/09/2014,Norwich,Bournemouth,€900k,€630k,900000,630000
Andrew Surman,10/11,01/07/2010,Wolves,Norwich,€1.50m,€1.68m,1500000,1680000
Andrew Surman,09/10,01/07/2009,Southampton,Wolves,€1.25m,€1.40m,1250000,1400000
Dani Rodríguez,,,,,,,0,0
Emiliano Insúa,12/13,25/01/2013,Sporting,Atlético,€10.00m,€3.50m,10000000,3500000
Emiliano Insúa,11/12,27/08/2011,Liverpool,Sporting,€4.80m,€1.50m,4800000,1500000
Emiliano Insúa,08/09,01/07/2008,Boca Juniors,Liverpool,€400k,€2.00m,400000,2000000
Marvin Zeegelaar,19/20,24/01/2020,Watford,Udinese,€1.50m,€2.00m,1500000,2000000
Marvin Zeegelaar,17/18,31/08/2017,Sporting,Watford,€3.50m,€3.00m,3500000,3000000
Marvin Zeegelaar,15/16,01/01/2016,Rio Ave,Sporting,€1.00m,€300k,1000000,300000
Manuel Pasqual,05/06,01/07/2005,Arezzo,Fiorentina,€1.70m,€6.00m,1700000,6000000
Vincent Le Goff,,,,,,,0,0
Mattia Caldara,18/19,02/08/2018,Juventus,AC Milan,€25.00m,€37.74m,25000000,37740000
Mattia Caldara,16/17,12/01/2017,Atalanta,Juventus,€8.00m,€19.00m,8000000,19000000
Simeon Nwankwo,,,,,,,0,0
Iñigo Lekue,,,,,,,0,0
Allan Nyom,19/20,24/07/2019,West Brom,Getafe,€3.00m,€3.00m,3000000,3000000
Allan Nyom,16/17,31/08/2016,Watford,West Brom,€4.00m,€4.70m,4000000,4700000
Harold Moukoudi,,,,,,,0,0
Kelvin Amian,23/24,25/01/2024,Spezia Calcio,FC Nantes,€2.20m,€3.00m,2200000,3000000
Kelvin Amian,21/22,22/07/2021,Toulouse,Spezia Calcio,€3.50m,€3.90m,3500000,3900000
Grégoire Defrel,20/21,01/09/2020,Roma,Sassuolo,€8.00m,€11.00m,8000000,11000000
Grégoire Defrel,18/19,01/07/2018,Sassuolo,Roma,€10.00m,€15.00m,10000000,15000000
Grégoire Defrel,15/16,05/08/2015,Cesena,Sassuolo,€6.00m,€7.00m,6000000,7000000
Grégoire Defrel,12/13,01/07/2012,Parma,Cesena,€125k,€1.20m,125000,1200000
Ximo Navarro,18/19,06/07/2018,UD Las Palmas,Alavés,€2.00m,€1.50m,2000000,1500000
Eddy Gnahoré,19/20,01/07/2019,Palermo,Amiens SC,€4.00m,€2.50m,4000000,2500000
Eddy Gnahoré,17/18,18/07/2017,Napoli,US Palermo,€500k,€1.50m,500000,1500000
Eddy Gnahoré,15/16,25/01/2016,Carrarese,Napoli,€300k,€150k,300000,150000
Enis Bardhi,22/23,11/08/2022,Levante,Trabzonspor,€8.00m,€3.00m,8000000,3000000
Enis Bardhi,17/18,17/07/2017,Újpest FC,Levante,€700k,€1.50m,700000,1500000
Ahmad Benali,18/19,01/07/2018,Pescara,Crotone,€2.50m,€1.50m,2500000,1500000
Ahmad Benali,16/17,01/07/2016,US Palermo,Pescara,€1.20m,€1.00m,1200000,1000000
Tin Jedvaj,24/25,01/07/2024,Loko Moscow,Panathinaikos,€2.50m,€500k,2500000,500000
Tin Jedvaj,21/22,24/07/2021,Leverkusen,Loko Moscow,€3.00m,€4.00m,3000000,4000000
Tin Jedvaj,14/15,20/01/2015,Roma,Leverkusen,€6.50m,€7.00m,6500000,7000000
Tin Jedvaj,13/14,12/07/2013,Dinamo Zagreb,Roma,€750k,€5.00m,750000,5000000
Aron Gunnarsson,08/09,01/07/2008,AZ Alkmaar U21,Coventry,€100k,€250k,100000,250000
Miloš Jojić,18/19,10/07/2018,1.FC Köln,Basaksehir,€2.50m,€2.00m,2500000,2000000
Miloš Jojić,15/16,05/07/2015,Dortmund,1.FC Köln,€2.50m,€3.00m,2500000,3000000
Miloš Jojić,13/14,31/01/2014,Partizan,Dortmund,€1.50m,€2.20m,1500000,2200000
Mehdi Lacen,08/09,15/08/2008,Alavés,Racing,€800k,€650k,800000,650000
Ismaila Sarr,24/25,01/08/2024,Marseille,Crystal Palace,€18.00m,€15.00m,18000000,15000000
Ismaila Sarr,23/24,24/07/2023,Watford,Marseille,€20.00m,€13.00m,20000000,13000000
Ismaila Sarr,19/20,08/08/2019,Stade Rennais,Watford,€30.00m,€30.00m,30000000,30000000
Ismaila Sarr,17/18,26/07/2017,FC Metz,Stade Rennais,€2.50m,€17.00m,2500000,17000000
Gianluca Scamacca,23/24,07/08/2023,West Ham,Atalanta,€22.00m,€28.00m,22000000,28000000
Gianluca Scamacca,22/23,26/07/2022,Sassuolo,West Ham,€30.00m,€38.60m,30000000,38600000
Gianluca Scamacca,16/17,31/01/2017,PSV U19,Sassuolo U20,€100k,€4.10m,100000,4099999
Gianluca Scamacca,14/15,09/01/2015,AS Rom Youth,PSV U17,-,€270k,0,270000
Jonathan Bamba,24/25,31/01/2025,Celta de Vigo,Chicago,€4.00m,€3.50m,4000000,3500000
Cristiano Piccini,18/19,23/07/2018,Sporting,Valencia,€7.50m,€8.00m,7500000,8000000
Cristiano Piccini,17/18,01/07/2017,Real Betis,Sporting,€3.00m,€2.87m,3000000,2870000
Cristiano Piccini,15/16,09/07/2015,Fiorentina,Real Betis,€700k,€1.50m,700000,1500000
Bastos,13/14,01/07/2013,Braga,Sevilla FC,€4.00m,€2.00m,4000000,2000000
Bastos,09/10,01/07/2009,Leixões,Porto,€3.50m,€400k,3500000,400000
Dario Dainelli,09/10,01/01/2010,Fiorentina,Genoa,€4.00m,€2.50m,4000000,2500000
Dario Dainelli,04/05,01/07/2004,Brescia,Fiorentina,-,€5.50m,0,5500000
Dario Dainelli,01/02,02/07/2001,FC Empoli,Brescia,-,€4.65m,0,4650000
Dario Dainelli,01/02,01/07/2001,Lecce,FC Empoli,-,€2.32m,0,2320000
Samir Santos,25/26,13/08/2025,Tigres UANL,Al-Najma,€1.80m,€5.10m,1800000,5100000
Samir Santos,22/23,13/08/2022,Watford,Tigres UANL,€5.00m,€6.50m,5000000,6500000
Samir Santos,21/22,06/01/2022,Udinese,Watford,€5.00m,€5.00m,5000000,5000000
Samir Santos,15/16,13/01/2016,Flamengo,Udinese,€4.50m,€4.00m,4500000,4000000
Samir Santos,12/13,08/08/2012,Audax-RJ U20,Flamengo U20,-,€59k,0,59000
Mathias Jensen,19/20,10/07/2019,Celta de Vigo,Brentford,€2.50m,€3.80m,2500000,3800000
Mathias Jensen,18/19,08/08/2018,Nordsjaelland,Celta de Vigo,€1.50m,€5.00m,1500000,5000000
Lucas Olaza,23/24,06/08/2023,Real Valladolid,Krasnodar,€2.50m,€2.50m,2500000,2500000
Lucas Olaza,21/22,01/07/2021,Boca Juniors,Real Valladolid,€6.00m,€2.00m,6000000,2000000
Lucas Olaza,18/19,30/01/2019,CA Talleres,Boca Juniors,€3.50m,€3.20m,3500000,3200000
Lucas Olaza,17/18,27/07/2017,Danubio FC,CA Talleres,€450k,€640k,450000,640000
Davide Zappacosta,21/22,24/08/2021,Chelsea,Atalanta,€8.00m,€9.00m,8000000,9000000
Davide Zappacosta,17/18,31/08/2017,Torino,Chelsea,€8.50m,€25.00m,8500000,25000000
Davide Zappacosta,15/16,10/07/2015,Atalanta,Torino,€5.50m,€4.30m,5500000,4300000
Davide Zappacosta,14/15,02/07/2014,AS Avellino,Atalanta,€1.30m,€900k,1300000,900000
Davide Zappacosta,12/13,12/07/2012,Atalanta,AS Avellino,€225k,€40k,225000,40000
Davide Zappacosta,10/11,01/01/2011,Isola Liri,Atalanta U19,-,€60k,0,60000
Daniel Amartey,15/16,22/01/2016,Copenhagen,Leicester,€3.00m,€6.60m,3000000,6600000
Daniel Amartey,14/15,01/07/2014,Djurgården,Copenhagen,€500k,€1.80m,500000,1800000
Mathias Jørgensen,19/20,10/08/2019,Huddersfield,Fenerbahçe,€5.00m,€2.00m,5000000,2000000
Mathias Jørgensen,17/18,07/07/2017,Copenhagen,Huddersfield,€2.50m,€2.70m,2500000,2700000
Mathias Jørgensen,14/15,07/07/2014,PSV,Copenhagen,€1.50m,€700k,1500000,700000
Mathias Jørgensen,07/08,01/07/2007,B.93,Copenhagen,-,€500k,0,500000
Unai Vencedor Paris,,,,,,,0,0
Jan Thielmann,,,,,,,0,0
Mario Gómez,17/18,01/01/2018,Wolfsburg,Stuttgart,€6.00m,€3.00m,6000000,3000000
Mario Gómez,16/17,17/08/2016,Fiorentina,Wolfsburg,€12.00m,€1.05m,12000000,1050000
Mario Gómez,13/14,16/07/2013,Bayern Munich,Fiorentina,€28.00m,€15.50m,28000000,15500000
Mario Gómez,09/10,01/07/2009,Stuttgart,Bayern Munich,€30.00m,€30.00m,30000000,30000000
Marcin Kamiński,,,,,,,0,0
Dennis Aogo,14/15,01/07/2014,Hamburg,FC Schalke 04,€6.50m,€1.90m,6500000,1900000
Dennis Aogo,08/09,01/07/2008,Freiburg,Hamburg,€1.50m,€1.30m,1500000,1300000
Alfred Duncan,20/21,01/09/2020,Sassuolo,Fiorentina,€15.00m,€15.00m,15000000,15000000
Alfred Duncan,16/17,01/07/2016,Sampdoria,Sassuolo,€5.50m,€6.00m,5500000,6000000
Alfred Duncan,15/16,01/07/2015,Inter,Sampdoria,€5.00m,€2.60m,5000000,2600000
Quentin Boisgard,20/21,02/07/2020,Toulouse,FC Lorient,€1.60m,€2.00m,1600000,2000000
Luis Hernández,16/17,24/01/2017,Leicester,Málaga CF,€3.00m,€2.00m,3000000,2000000
Jordan Lotomba,24/25,02/09/2024,Nice,Feyenoord,€8.00m,€2.20m,8000000,2200000
Jordan Lotomba,20/21,03/08/2020,Young Boys,Nice,€4.00m,€7.00m,4000000,7000000
Mërgim Mavraj,19/20,01/07/2019,FC Ingolstadt,Greuther Fürth,€350k,€100k,350000,100000
Mërgim Mavraj,18/19,03/01/2019,Aris Saloniki,FC Ingolstadt,€500k,€70k,500000,70000
Mërgim Mavraj,16/17,01/01/2017,1.FC Köln,Hamburg,€1.75m,€1.80m,1750000,1800000
Mërgim Mavraj,10/11,19/01/2011,VfL Bochum,Greuther Fürth,€1.50m,€200k,1500000,200000
Mërgim Mavraj,07/08,01/07/2007,Darmstadt 98,VfL Bochum,€250k,€350k,250000,350000
Gonçalo Paciência,22/23,06/08/2022,Frankfurt,Celta de Vigo,€3.00m,€790k,3000000,790000
Gonçalo Paciência,18/19,12/07/2018,Porto,Frankfurt,€3.00m,€3.00m,3000000,3000000
Šime Vrsaljko,16/17,05/07/2016,Sassuolo,Atlético,€13.00m,€14.00m,13000000,14000000
Šime Vrsaljko,14/15,22/07/2014,Genoa,Sassuolo,€7.50m,€5.50m,7500000,5500000
Šime Vrsaljko,13/14,11/07/2013,Dinamo Zagreb,Genoa,€5.00m,€4.88m,5000000,4880000
Paulo Oliveira,17/18,17/07/2017,Sporting,SD Eibar,€4.00m,€4.00m,4000000,4000000
Paulo Oliveira,14/15,01/07/2014,Vit. Guimarães,Sporting,€3.00m,€1.80m,3000000,1800000
Stuart Armstrong,24/25,31/01/2025,Vancouver,Sheff Wed,€1.50m,€580k,1500000,580000
Stuart Armstrong,18/19,01/07/2018,Celtic,Southampton,€2.00m,€7.95m,2000000,7950000
Stuart Armstrong,14/15,02/02/2015,Dundee United,Celtic,€600k,€2.32m,600000,2320000
Adrien Hunou,22/23,01/07/2022,Minnesota,Angers SCO,€3.50m,€1.50m,3500000,1500000
Adrien Hunou,20/21,23/04/2021,Stade Rennais,Minnesota,€6.00m,€3.27m,6000000,3270000
Caio Henrique Oliveira Silva,20/21,27/08/2020,Atlético,Monaco,€1.20m,€8.00m,1200000,8000000
Caio Henrique Oliveira Silva,15/16,02/02/2016,Santos B,Atl. Madrid U19,-,€300k,0,300000
Clément Michelin,23/24,03/07/2023,AEK Athens,G. Bordeaux,€1.20m,€1.00m,1200000,1000000
Clément Michelin,21/22,05/08/2021,Lens,AEK Athens,€2.50m,€1.00m,2500000,1000000
Danilo Larangeira,19/20,01/07/2019,Udinese,Bologna,€800k,€415k,800000,415000
Danilo Larangeira,11/12,01/07/2011,Desp. Brasil,Udinese,€3.50m,€2.00m,3500000,2000000
Danilo Larangeira,09/10,01/01/2010,Atlético-PR,Desp. Brasil,€4.00m,€1.00m,4000000,1000000
David Lombán,13/14,08/07/2013,Barcelona B,Elche CF,€1.00m,€50k,1000000,50000
Noah Katterbach,,,,,,,0,0
Leonardo Bittencourt,20/21,15/07/2020,Hoffenheim,Werder Bremen,€4.80m,€7.00m,4800000,7000000
Leonardo Bittencourt,18/19,01/07/2018,1.FC Köln,Hoffenheim,€6.00m,€6.00m,6000000,6000000
Leonardo Bittencourt,15/16,14/07/2015,Hannover 96,1.FC Köln,€4.00m,€2.50m,4000000,2500000
Leonardo Bittencourt,13/14,01/07/2013,Dortmund,Hannover 96,€2.75m,€2.80m,2750000,2800000
Leonardo Bittencourt,12/13,01/07/2012,Energie Cottbus,Dortmund,€2.50m,€2.70m,2500000,2700000
Domenico Maietta,14/15,22/07/2014,Hellas Verona,Bologna,€900k,€100k,900000,100000
Mihailo Ristić,23/24,01/09/2023,Benfica,Celta de Vigo,€3.00m,€1.50m,3000000,1500000
Mihailo Ristić,18/19,12/01/2019,Krasnodar,Montpellier,€800k,€600k,800000,600000
Mihailo Ristić,17/18,01/07/2017,Red Star,Krasnodar,€1.75m,€2.00m,1750000,2000000
Richarlison,22/23,01/07/2022,Everton,Tottenham,€48.00m,€58.00m,48000000,58000000
Richarlison,18/19,24/07/2018,Watford,Everton,€25.00m,€39.20m,25000000,39200000
Richarlison,17/18,08/08/2017,Fluminense,Watford,€2.00m,€12.40m,2000000,12400000
Richarlison,15/16,01/01/2016,América-MG,Fluminense,€700k,€2.38m,700000,2380000
Kenedy,22/23,01/09/2022,Chelsea,Real Valladolid,€7.00m,€500k,7000000,500000
Kenedy,15/16,22/08/2015,Fluminense,Chelsea,€6.00m,€8.00m,6000000,8000000
Nicola Rigoni,19/20,24/07/2019,Chievo Verona,Monza,€800k,€300k,800000,300000
Nicola Rigoni,12/13,05/09/2012,Vicenza,Chievo Verona,€550k,€800k,550000,800000
Nicola Rigoni,11/12,01/07/2011,US Palermo,Vicenza,€500k,€200k,500000,200000
Nicola Rigoni,10/11,01/07/2010,Vicenza,US Palermo,€600k,€990k,600000,990000
Cyrus Christie,17/18,31/01/2018,Middlesbrough,Fulham,€2.00m,€3.40m,2000000,3400000
Cyrus Christie,17/18,07/07/2017,Derby,Middlesbrough,€1.00m,€2.80m,1000000,2800000
Cyrus Christie,14/15,10/07/2014,Coventry,Derby,€500k,€111k,500000,111000
Darwin Machís,22/23,01/07/2022,Granada CF,FC Juárez,€6.00m,€3.50m,6000000,3500000
Darwin Machís,19/20,28/07/2019,Udinese,Granada CF,€3.00m,€5.00m,3000000,5000000
Bruno Martella,21/22,23/08/2021,Brescia,Ternana,€1.00m,€800k,1000000,800000
Bruno Martella,19/20,01/07/2019,Crotone,Brescia,€1.80m,€800k,1800000,800000
Bruno Martella,11/12,01/12/2011,Pescara,Sampdoria,€75k,€500k,75000,500000
John Fleck,,,,,,,0,0
Jérôme Roussillon,18/19,06/08/2018,Montpellier,Wolfsburg,€8.00m,€5.00m,8000000,5000000
Fabián Balbuena,18/19,14/07/2018,Corinthians,West Ham,€5.00m,€4.00m,5000000,4000000
Fabián Balbuena,15/16,08/02/2016,Libertad,Corinthians,-,€1.40m,0,1400000
Nicolás González,24/25,03/02/2025,Porto,Man City,€18.00m,€60.00m,18000000,60000000
Nicolás González,23/24,29/07/2023,Barcelona,Porto,€10.00m,€21.20m,10000000,21200000
Jordan Ikoko,,,,,,,0,0
Renan Lodi,23/24,17/01/2024,Marseille,Al-Hilal,€20.00m,€23.00m,20000000,23000000
Renan Lodi,23/24,14/07/2023,Atlético,Marseille,€20.00m,€20.60m,20000000,20600000
Renan Lodi,19/20,07/07/2019,Athletico-PR,Atlético,€4.00m,€21.75m,4000000,21750000
Alessandro Murgia,19/20,12/07/2019,Lazio,SPAL,€5.00m,€4.00m,5000000,4000000
Iván Marcano,19/20,11/07/2019,Roma,Porto,€4.00m,€3.08m,4000000,3080000
Iván Marcano,14/15,11/08/2014,Rubin Kazan,Porto,€4.00m,€2.65m,4000000,2650000
Iván Marcano,12/13,01/07/2012,Villarreal,Rubin Kazan,€3.75m,€5.00m,3750000,5000000
Iván Marcano,09/10,03/07/2009,Racing,Villarreal,€3.00m,€6.00m,3000000,6000000
Grigoris Kastanos,25/26,01/07/2025,Salernitana,Hellas Verona,€1.50m,€1.20m,1500000,1200000
Grigoris Kastanos,22/23,02/08/2022,Juve Next Gen,Salernitana,€1.50m,€300k,1500000,300000
Grigoris Kastanos,13/14,30/01/2014,Paralimni U21,Juventus U17,-,€60k,0,60000
Alin Toșca,16/17,23/01/2017,Steaua Bucharest,Real Betis,€1.80m,€1.00m,1800000,1000000
Alin Toșca,14/15,01/07/2014,FC Viitorul,Steaua Bucharest,€600k,€400k,600000,400000
Ryan Babel,18/19,15/01/2019,Besiktas,Fulham,€5.00m,€2.00m,5000000,2000000
Ryan Babel,15/16,01/07/2015,Kasimpasa,Al-Ain,€5.00m,€2.50m,5000000,2500000
Ryan Babel,10/11,25/01/2011,Liverpool,Hoffenheim,€6.50m,€7.00m,6500000,7000000
Ryan Babel,07/08,01/07/2007,Ajax,Liverpool,€5.00m,€17.25m,5000000,17250000
Marin Pongračić,24/25,19/07/2024,Lecce,Fiorentina,€7.00m,€15.00m,7000000,15000000
Marin Pongračić,23/24,01/07/2023,Wolfsburg,Lecce,€4.00m,€1.60m,4000000,1600000
Marin Pongračić,19/20,15/01/2020,Salzburg,Wolfsburg,€6.00m,€9.00m,6000000,9000000
Marin Pongračić,17/18,01/07/2017,1860 Munich,Salzburg,€250k,€1.00m,250000,1000000
Michy Batshuayi,24/25,03/02/2025,Galatasaray,Frankfurt,€7.00m,€3.00m,7000000,3000000
Michy Batshuayi,22/23,02/09/2022,Chelsea,Fenerbahçe,€10.00m,€3.50m,10000000,3500000
Michy Batshuayi,16/17,03/07/2016,Marseille,Chelsea,€15.00m,€39.00m,15000000,39000000
Michy Batshuayi,14/15,01/07/2014,Standard Liège,Marseille,€8.00m,€6.00m,8000000,6000000
Roger Martí,22/23,26/01/2023,Elche CF,Cádiz CF,€2.50m,€2.00m,2500000,2000000
Roger Martí,22/23,04/08/2022,Levante,Elche CF,€5.00m,€3.00m,5000000,3000000
Antoñito,,,,,,,0,0
Jean-Charles Castelletto,25/26,23/07/2025,FC Nantes,Al-Duhail SC,€3.50m,€4.00m,3500000,4000000
Jean-Charles Castelletto,15/16,23/07/2015,AJ Auxerre,Club Brugge,€800k,€800k,800000,800000
David Brooks,18/19,01/07/2018,Sheff Utd,Bournemouth,€5.00m,€11.30m,5000000,11300000
Fabiano Parisi,23/24,14/07/2023,FC Empoli,Fiorentina,€10.00m,€10.00m,10000000,10000000
Fabiano Parisi,20/21,22/09/2020,Avellino,Empoli,€250k,€450k,250000,450000
Julian Palmieri,,,,,,,0,0
Sergio Postigo,16/17,16/07/2016,Spezia Calcio,Levante,€600k,€350k,600000,350000
Sergio Postigo,15/16,20/07/2015,CD Leganés,Spezia Calcio,€400k,€300k,400000,300000
Jean Lucas,23/24,11/01/2024,Santos,EC Bahia,€6.00m,€4.50m,6000000,4500000
Jean Lucas,23/24,16/07/2023,Monaco,Santos,€5.00m,€6.00m,5000000,6000000
Jean Lucas,21/22,02/08/2021,Lyon,Monaco,€4.50m,€11.00m,4500000,11000000
Jean Lucas,19/20,01/07/2019,Flamengo,Lyon,€1.00m,€8.00m,1000000,8000000
Júlio Tavares,20/21,13/09/2020,Dijon,Al-Faisaly,€2.20m,€1.00m,2200000,1000000
Matthieu Udol,25/26,15/07/2025,FC Metz,Lens,€3.50m,€3.50m,3500000,3500000
Emiliano Velázquez,14/15,27/08/2014,Danubio FC,Atlético,€1.50m,€1.00m,1500000,1000000
Christian Strohdiek,,,,,,,0,0
Jarrod Bowen,19/20,31/01/2020,Hull City,West Ham,€10.00m,€21.30m,10000000,21300000
Raúl Jiménez,23/24,25/07/2023,Wolves,Fulham,€6.00m,€6.40m,6000000,6400000
Raúl Jiménez,19/20,01/07/2019,Benfica,Wolves,€35.00m,€38.00m,35000000,38000000
Raúl Jiménez,15/16,13/08/2015,Atlético,Benfica,€5.00m,€22.00m,5000000,22000000
Raúl Jiménez,14/15,13/08/2014,América,Atlético,€10.00m,€10.50m,10000000,10500000
Domagoj Bradarić,25/26,03/08/2025,Salernitana,Hellas Verona,€4.00m,€750k,4000000,750000
Domagoj Bradarić,22/23,15/07/2022,Lille,Salernitana,€3.50m,€5.00m,3500000,5000000
Domagoj Bradarić,19/20,19/07/2019,Hajduk Split,Lille,€1.00m,€6.50m,1000000,6500000
Yeremi Pino,,,,,,,0,0
Christophe Kerbrat,,,,,,,0,0
Pedro Porro,23/24,01/07/2023,Sporting,Tottenham,€40.00m,€40.00m,40000000,40000000
Pedro Porro,22/23,01/07/2022,Man City,Sporting,€25.00m,€8.77m,25000000,8770000
Pedro Porro,19/20,08/08/2019,Girona,Man City,€10.00m,€12.00m,10000000,12000000
Pedro Porro,17/18,01/07/2017,Rayo U19,Girona U19,-,€100k,0,100000
Gerard Gumbau,19/20,14/08/2019,CD Leganés,Girona,€2.50m,€500k,2500000,500000
Gerard Gumbau,14/15,01/07/2014,Girona FC B,Barcelona B,-,€25k,0,25000
Johan Mojica,24/25,23/07/2024,Villarreal,RCD Mallorca,€2.20m,€1.50m,2200000,1500000
Johan Mojica,22/23,01/09/2022,Elche CF,Villarreal,€5.00m,€5.50m,5000000,5500000
Johan Mojica,21/22,08/08/2021,Girona,Elche CF,€2.00m,€1.20m,2000000,1200000
Johan Mojica,18/19,01/07/2018,Rayo Vallecano,Girona,€4.00m,€5.00m,4000000,5000000
Johan Mojica,14/15,28/07/2014,Deportivo Cali,Rayo Vallecano,€500k,€500k,500000,500000
Pedro Rebocho,21/22,23/08/2021,Guingamp,Lech Poznan,€1.50m,€150k,1500000,150000
Pedro Rebocho,17/18,02/07/2017,Benfica,Guingamp,€1.50m,€550k,1500000,550000
Pedro Rebocho,17/18,01/07/2017,Moreirense ,Benfica,€1.50m,€150k,1500000,150000
Uroš Račić,25/26,14/07/2025,Sassuolo,Aris Saloniki,€3.50m,€2.50m,3500000,2500000
Uroš Račić,23/24,16/08/2023,Valencia,Sassuolo,€6.50m,€2.50m,6500000,2500000
Uroš Račić,18/19,01/07/2018,Red Star,Valencia,€1.00m,€2.20m,1000000,2200000
Uroš Račić,15/16,13/03/2016,OFK Beograd U19,Red Star U19,-,€90k,0,90000
Hicham Boudaoui,19/20,02/09/2019,Paradou AC,Nice,€1.40m,€4.00m,1400000,4000000
Antonio Sanabria,25/26,21/08/2025,Torino,Cremonese,€2.80m,€2.50m,2800000,2500000
Antonio Sanabria,20/21,31/01/2021,Real Betis,Torino,€6.50m,€6.50m,6500000,6500000
Antonio Sanabria,16/17,15/07/2016,Roma,Real Betis,€7.50m,€7.50m,7500000,7500000
Antonio Sanabria,14/15,01/07/2014,Sassuolo,Roma,€4.50m,€6.20m,4500000,6200000
Antonio Sanabria,13/14,29/01/2014,Barcelona B,Sassuolo,€600k,€5.70m,600000,5700000
Rene Krhin,18/19,01/07/2018,Granada CF,FC Nantes,€1.50m,€300k,1500000,300000
Rene Krhin,15/16,23/07/2015,Inter,Granada CF,€3.00m,€1.30m,3000000,1300000
Rene Krhin,14/15,01/07/2014,Bologna,Inter,€3.30m,€1.20m,3300000,1200000
Rene Krhin,10/11,01/07/2010,Inter,Bologna,€1.50m,€2.50m,1500000,2500000
Rene Krhin,06/07,01/07/2006,NK Maribor U19,Inter U19,-,€200k,0,200000
Vincent Bessat,,,,,,,0,0
Gabriel Strefezza,25/26,31/07/2025,Como,Olympiacos,€6.00m,€8.00m,6000000,8000000
Gabriel Strefezza,24/25,01/07/2024,Lecce,Como,€6.00m,€4.78m,6000000,4780000
Gabriel Strefezza,21/22,12/08/2021,SPAL,Lecce,€3.20m,€550k,3200000,550000
Ezequiel Ávila,23/24,01/02/2024,CA Osasuna,Real Betis,€3.50m,€4.70m,3500000,4700000
Ezequiel Ávila,19/20,01/07/2019,San Lorenzo,CA Osasuna,€5.00m,€2.70m,5000000,2700000
Jamilu Collins,,,,,,,0,0
Nicolás Burdisso,10/11,28/08/2010,Inter,Roma,€7.50m,€8.00m,7500000,8000000
Nicolás Burdisso,04/05,07/07/2004,Boca Juniors,Inter,-,€3.50m,0,3500000
Mijat Gaćinović,22/23,01/07/2022,Hoffenheim,AEK Athens,€2.50m,€1.00m,2500000,1000000
Mijat Gaćinović,20/21,04/08/2020,Frankfurt,Hoffenheim,€7.00m,€3.00m,7000000,3000000
Mijat Gaćinović,15/16,12/08/2015,Apol. Limassol,Frankfurt,€1.75m,€1.25m,1750000,1250000
Mijat Gaćinović,15/16,03/08/2015,Vojvodina,Apol. Limassol,€1.75m,€1.25m,1750000,1250000
Roberto Pereyra,20/21,28/09/2020,Watford,Udinese,€9.00m,€1.50m,9000000,1500000
Roberto Pereyra,16/17,19/08/2016,Juventus,Watford,€16.00m,€13.50m,16000000,13500000
Roberto Pereyra,15/16,01/07/2015,Udinese,Juventus,€17.00m,€15.00m,17000000,15000000
Roberto Pereyra,11/12,31/08/2011,River Plate,Udinese,€1.20m,€2.00m,1200000,2000000
Jaime Mata,,,,,,,0,0
Dion Lopy,23/24,05/08/2023,Stade Reims,UD Almería,€4.00m,€6.50m,4000000,6500000
Dion Lopy,20/21,05/10/2020,Oslo FA Dakar ,Stade Reims B,€150k,€500k,150000,500000
Max Gradel,18/19,01/07/2018,Bournemouth,Toulouse,€7.00m,€2.00m,7000000,2000000
Max Gradel,15/16,04/08/2015,Saint-Étienne,Bournemouth,€6.50m,€10.00m,6500000,10000000
Max Gradel,11/12,31/08/2011,Leeds,Saint-Étienne,€750k,€2.00m,750000,2000000
Denis Odoi,21/22,31/01/2022,Fulham,Club Brugge,€500k,€700k,500000,700000
Denis Odoi,16/17,14/07/2016,KSC Lokeren,Fulham,€1.50m,€1.00m,1500000,1000000
Denis Odoi,11/12,01/07/2011,Sint-Truiden,RSC Anderlecht,€1.50m,€1.50m,1500000,1500000
Emile Smith Rowe,24/25,02/08/2024,Arsenal,Fulham,€22.00m,€31.80m,22000000,31800000
Dara O'Shea,24/25,25/08/2024,Burnley,Ipswich,€7.00m,€14.20m,7000000,14200000
Dara O'Shea,23/24,01/07/2023,West Brom,Burnley,€5.00m,€7.80m,5000000,7800000
Fabian Kunze,19/20,01/07/2019,SV Rödinghausen,Arm. Bielefeld,€150k,€150k,150000,150000
Denis Bouanga,22/23,04/08/2022,Saint-Étienne,LAFC,€8.00m,€4.55m,8000000,4550000
Denis Bouanga,19/20,09/07/2019,Nîmes Olympique,Saint-Étienne,€6.00m,€4.50m,6000000,4500000
Denis Bouanga,18/19,17/07/2018,FC Lorient,Nîmes Olympique,€1.75m,€3.00m,1750000,3000000
Oussama Haddadi,21/22,01/07/2021,Al-Ettifaq,Y. Malatyaspor,€2.50m,€384k,2500000,384000
Nahitan Nández,19/20,09/08/2019,Boca Juniors,Cagliari,€18.00m,€16.20m,18000000,16200000
Nahitan Nández,17/18,23/08/2017,Peñarol,Boca Juniors,€2.75m,€2.50m,2750000,2500000
Nahitan Nández,12/13,28/03/2013,CA Ituzaingó,CA Peñarol U19,-,€645k,0,645000
Jimmy Giraudon,,,,,,,0,0
Cristian Molinaro,10/11,01/07/2010,Juventus,Stuttgart,€5.00m,€3.90m,5000000,3900000
Cristian Molinaro,07/08,01/07/2007,AC Siena,Juventus,€2.00m,€2.50m,2000000,2500000
Gaëtan Paquiez,,,,,,,0,0
Pablo Piatti,17/18,01/07/2017,Valencia,Espanyol,€6.00m,€1.30m,6000000,1300000
Pablo Piatti,11/12,06/07/2011,UD Almería,Valencia,€9.00m,€7.50m,9000000,7500000
Pablo Piatti,08/09,01/07/2008,Estudiantes LP,UD Almería,€6.50m,€7.00m,6500000,7000000
José Holebas,15/16,02/07/2015,Roma,Watford,€2.00m,€2.50m,2000000,2500000
José Holebas,14/15,30/08/2014,Olympiacos,Roma,€2.50m,€1.00m,2500000,1000000
José Holebas,10/11,13/07/2010,1860 Munich,Olympiacos,€1.00m,€900k,1000000,900000
Georginio Rutter,24/25,19/08/2024,Leeds,Brighton,€18.00m,€46.70m,18000000,46700000
Georginio Rutter,22/23,14/01/2023,Hoffenheim,Leeds,€16.00m,€40.50m,16000000,40500000
Georginio Rutter,20/21,01/02/2021,Stade Rennais,Hoffenheim,€1.50m,€750k,1500000,750000
Pathé Ciss,21/22,28/07/2021,CF Fuenlabrada,Rayo Vallecano,€800k,€1.00m,800000,1000000
Amir Rrahmani,19/20,20/01/2020,Hellas Verona,Napoli,€6.00m,€15.30m,6000000,15300000
Amir Rrahmani,19/20,01/07/2019,Dinamo Zagreb,Hellas Verona,€1.50m,€3.52m,1500000,3520000
Amir Rrahmani,16/17,30/08/2016,RNK Split,Dinamo Zagreb,€1.75m,€1.60m,1750000,1600000
Matthias Lehmann,11/12,01/07/2011,St. Pauli,Frankfurt,€2.00m,€500k,2000000,500000
Matthias Lehmann,06/07,01/07/2006,1860 Munich,Alem. Aachen,€1.60m,€900k,1600000,900000
Matthias Lehmann,03/04,01/07/2003,Stuttgart II,1860 Munich,-,€25k,0,25000
Gian-Luca Itter,22/23,01/07/2022,Freiburg,Greuther Fürth,€1.50m,€300k,1500000,300000
Gian-Luca Itter,19/20,01/07/2019,Wolfsburg,Freiburg,€2.00m,€2.50m,2000000,2500000
Pontus Jansson,19/20,08/07/2019,Leeds,Brentford,€6.00m,€6.15m,6000000,6150000
Pontus Jansson,17/18,01/07/2017,Torino,Leeds,€2.50m,€4.00m,2500000,4000000
Yan Brice Eteki,19/20,18/07/2019,Sevilla FC,Granada CF,€1.00m,€1.00m,1000000,1000000
Yan Brice Eteki,19/20,17/07/2019,UD Almería,Sevilla FC,€1.00m,€500k,1000000,500000
Giovanni Simeone,26/27,01/07/2026,Napoli,Torino,€5.00m,€7.20m,5000000,7200000
Giovanni Simeone,23/24,01/07/2023,Hellas Verona,Napoli,€15.00m,€12.00m,15000000,12000000
Giovanni Simeone,22/23,01/07/2022,Cagliari,Hellas Verona,€17.00m,€10.50m,17000000,10500000
Giovanni Simeone,20/21,01/09/2020,Fiorentina,Cagliari,€15.00m,€13.00m,15000000,13000000
Giovanni Simeone,17/18,16/08/2017,Genoa,Fiorentina,€10.00m,€17.00m,10000000,17000000
Giovanni Simeone,16/17,18/08/2016,River Plate,Genoa,€8.00m,€5.10m,8000000,5100000
Gianluca Busio,21/22,09/08/2021,Kansas City,Venezia,€6.00m,€6.00m,6000000,6000000
Malick Thiaw,25/26,12/08/2025,AC Milan,Newcastle,€18.00m,€35.00m,18000000,35000000
Malick Thiaw,22/23,29/08/2022,FC Schalke 04,AC Milan,€6.00m,€12.80m,6000000,12800000
Luca Vignali,,,,,,,0,0
Gaetano Castrovilli,17/18,01/07/2017,Bari,Fiorentina,€700k,€1.90m,700000,1900000
Jamaal Lascelles,14/15,09/08/2014,Nott'm Forest,Newcastle,€600k,€5.00m,600000,5000000
Lucas Ocampos,24/25,03/09/2024,Sevilla FC,Monterrey,€9.00m,€7.25m,9000000,7250000
Lucas Ocampos,19/20,03/07/2019,Marseille,Sevilla FC,€15.00m,€15.00m,15000000,15000000
Lucas Ocampos,15/16,01/07/2015,Monaco,Marseille,€6.50m,€7.50m,6500000,7500000
Lucas Ocampos,12/13,16/08/2012,River Plate,Monaco,€9.00m,€13.00m,9000000,13000000
Manu Morlanes,23/24,01/07/2023,Villarreal,RCD Mallorca,€4.00m,€2.50m,4000000,2500000
Manu Morlanes,21/22,07/07/2021,UD Almería,Villarreal,€5.00m,€4.00m,5000000,4000000
Manu Morlanes,21/22,01/07/2021,Villarreal,UD Almería,€5.00m,€3.00m,5000000,3000000
Kevin Wimmer,17/18,29/08/2017,Tottenham,Stoke City,€7.00m,€19.40m,7000000,19400000
Kevin Wimmer,15/16,01/07/2015,1.FC Köln,Tottenham,€7.50m,€6.00m,7500000,6000000
Kevin Wimmer,12/13,01/07/2012,LASK,1.FC Köln,€300k,€250k,300000,250000
Mikel Rico,13/14,21/08/2013,Granada CF,Athletic Club,€4.00m,€2.90m,4000000,2900000
Mikel Rico,10/11,01/07/2010,SD Huesca,Granada CF,€500k,€600k,500000,600000
Carlos Soler,25/26,01/09/2025,PSG,Real Sociedad,€18.00m,€6.00m,18000000,6000000
Carlos Soler,22/23,01/09/2022,Valencia,PSG,€50.00m,€18.00m,50000000,18000000
Andrés Andrade Cedeño,,,,,,,0,0
Valerio Verre,16/17,30/01/2017,Pescara,Sampdoria,€4.00m,€4.10m,4000000,4099999
Valerio Verre,16/17,01/07/2016,Udinese,Pescara,€2.40m,€4.00m,2400000,4000000
Valerio Verre,14/15,12/07/2014,Roma,Udinese,€2.00m,€900k,2000000,900000
Valerio Verre,14/15,01/07/2014,Udinese,Roma,€2.00m,€1.50m,2000000,1500000
Valerio Verre,13/14,13/07/2013,Roma,Udinese,€1.20m,€2.50m,1200000,2500000
Valerio Verre,13/14,01/07/2013,Genoa,Roma,€1.20m,€2.50m,1200000,2500000
Valerio Verre,12/13,31/07/2012,Roma,Genoa,€1.00m,€1.50m,1000000,1500000
Hamza Choudhury,,,,,,,0,0
Giancarlo González,18/19,11/04/2019,Bologna,LA Galaxy,€1.20m,€931k,1200000,931000
Giancarlo González,17/18,01/07/2017,US Palermo,Bologna,€2.00m,€1.50m,2000000,1500000
Giancarlo González,14/15,26/08/2014,Columbus Crew,US Palermo,€600k,€3.80m,600000,3800000
Ondrej Duda,23/24,01/07/2023,1.FC Köln,Hellas Verona,€3.40m,€3.10m,3400000,3100000
Ondrej Duda,20/21,16/09/2020,Hertha BSC,1.FC Köln,€7.00m,€7.00m,7000000,7000000
Ondrej Duda,16/17,20/07/2016,Legia Warszawa,Hertha BSC,€3.20m,€4.20m,3200000,4200000
Ondrej Duda,13/14,28/02/2014,MFK Kosice,Legia Warszawa,€200k,€300k,200000,300000
Tariq Lamptey,25/26,01/09/2025,Brighton,Fiorentina,€11.00m,€3.00m,11000000,3000000
Tariq Lamptey,19/20,31/01/2020,Chelsea U23,Brighton,-,€1.20m,0,1200000
Jakub Jankto,23/24,15/07/2023,Getafe,Cagliari,€1.00m,€540k,1000000,540000
Jakub Jankto,21/22,20/08/2021,Sampdoria,Getafe,€11.00m,€5.16m,11000000,5160000
Jakub Jankto,19/20,01/07/2019,Udinese,Sampdoria,€12.00m,€14.50m,12000000,14500000
Jakub Jankto,14/15,16/07/2014,Slavia U19,Udinese U19,-,€700k,0,700000
Kévin Gameiro,18/19,12/08/2018,Atlético,Valencia,€20.00m,€16.00m,20000000,16000000
Kévin Gameiro,16/17,30/07/2016,Sevilla FC,Atlético,€20.00m,€32.00m,20000000,32000000
Kévin Gameiro,13/14,25/07/2013,PSG,Sevilla FC,€10.00m,€7.50m,10000000,7500000
Kévin Gameiro,11/12,01/07/2011,FC Lorient,PSG,€13.50m,€11.00m,13500000,11000000
Kévin Gameiro,08/09,01/07/2008,R. Strasbourg,FC Lorient,€1.80m,€3.00m,1800000,3000000
Ferrán Torres,21/22,01/01/2022,Man City,Barcelona,€45.00m,€55.00m,45000000,55000000
Ferrán Torres,20/21,04/08/2020,Valencia,Man City,€45.00m,€33.50m,45000000,33500000
Marcel Hartel,21/22,10/08/2021,Arm. Bielefeld,St. Pauli,€1.80m,€350k,1800000,350000
Marcel Hartel,19/20,27/07/2019,Union Berlin,Arm. Bielefeld,€1.25m,€250k,1250000,250000
Marcel Hartel,17/18,01/07/2017,1.FC Köln,Union Berlin,€300k,€250k,300000,250000
Cristian Tello,17/18,01/07/2017,Barcelona,Real Betis,€8.00m,€4.00m,8000000,4000000
Ismail Jakobs,25/26,01/07/2025,Monaco,Galatasaray,€7.00m,€8.00m,7000000,8000000
Ismail Jakobs,21/22,12/07/2021,1.FC Köln,Monaco,€7.00m,€7.30m,7000000,7300000
Iago,20/21,18/09/2020,Bayern Munich,Liverpool,€48.00m,€22.00m,48000000,22000000
Iago,13/14,14/07/2013,Barcelona,Bayern Munich,€22.00m,€25.00m,22000000,25000000
Federico Barba,23/24,01/08/2023,Pisa,Como,€1.10m,€800k,1100000,800000
Federico Barba,22/23,01/09/2022,Benevento,Pisa,€1.40m,€500k,1400000,500000
Federico Barba,18/19,14/08/2018,Sporting Gijón,Chievo Verona,€1.50m,€1.70m,1500000,1700000
Federico Barba,17/18,25/07/2017,FC Empoli,Sporting Gijón,€1.20m,€1.75m,1200000,1750000
Federico Barba,13/14,14/08/2013,Roma,FC Empoli,€500k,€1.15m,500000,1150000
Federico Barba,13/14,13/08/2013,Grosseto,Roma,€500k,€400k,500000,400000
Federico Barba,13/14,01/07/2013,Roma,Grosseto,€450k,€200k,450000,200000
Kristijan Jakić,24/25,01/07/2024,Frankfurt,Augsburg,€6.50m,€5.00m,6500000,5000000
Kristijan Jakić,22/23,01/07/2022,Dinamo Zagreb,Frankfurt,€9.00m,€3.50m,9000000,3500000
Kristijan Jakić,20/21,11/08/2020,NK Lokomotiva,Dinamo Zagreb,€1.20m,€1.20m,1200000,1200000
Kristijan Jakić,17/18,05/07/2017,RNK Split,NK Lokomotiva,€350k,€135k,350000,135000
Miguel Almirón,24/25,31/01/2025,Newcastle,Atlanta,€16.00m,€9.55m,16000000,9550000
Miguel Almirón,18/19,31/01/2019,Atlanta,Newcastle,€15.00m,€24.00m,15000000,24000000
Miguel Almirón,16/17,01/01/2017,Lanús,Atlanta,€5.50m,€7.50m,5500000,7500000
Miguel Almirón,15/16,14/08/2015,Cerro Porteño,Lanús,-,€800k,0,800000
Giangiacomo Magnani,24/25,28/01/2025,Hellas Verona,Palermo,€2.50m,€310k,2500000,310000
Giangiacomo Magnani,21/22,01/07/2021,Sassuolo,Hellas Verona,€5.00m,€4.00m,5000000,4000000
Giangiacomo Magnani,18/19,27/07/2018,Juventus,Sassuolo,€600k,€5.00m,600000,5000000
Giangiacomo Magnani,18/19,01/07/2018,Perugia,Juventus,€600k,€5.00m,600000,5000000
Giangiacomo Magnani,17/18,31/01/2018,Siracusa,Perugia,€125k,€500k,125000,500000
Kenneth Omeruo,23/24,28/07/2023,CD Leganés,Kasimpasa,€1.50m,€1.00m,1500000,1000000
Kenneth Omeruo,19/20,13/08/2019,Chelsea,CD Leganés,€5.00m,€7.00m,5000000,7000000
Luca Mazzitelli,25/26,01/07/2025,Frosinone,Como,€1.50m,€2.00m,1500000,2000000
Luca Mazzitelli,21/22,09/07/2021,Sassuolo,Monza,€2.80m,€300k,2800000,300000
Luca Mazzitelli,15/16,01/02/2016,Roma,Sassuolo,€1.00m,€3.50m,1000000,3500000
Jason Denayer,18/19,21/08/2018,Man City,Lyon,€3.00m,€10.00m,3000000,10000000
Jason Denayer,13/14,01/07/2013,JMG Lier,Man City U18,-,€275k,0,275000
Habib Diallo,23/24,13/08/2023,R. Strasbourg,Al-Shabab,€18.00m,€18.00m,18000000,18000000
Habib Diallo,20/21,05/10/2020,FC Metz,R. Strasbourg,€12.00m,€10.00m,12000000,10000000
Eduard Löwen,22/23,01/07/2022,Hertha BSC,St. Louis CITY,€2.00m,€1.00m,2000000,1000000
Eduard Löwen,19/20,01/07/2019,1.FC Nuremberg,Hertha BSC,€7.00m,€7.00m,7000000,7000000
Fabio Lucioni,,,,,,,0,0
Craig Dawson,22/23,22/01/2023,West Ham,Wolves,€2.50m,€3.75m,2500000,3750000
Craig Dawson,21/22,01/07/2021,Watford,West Ham,€3.00m,€2.30m,3000000,2300000
Craig Dawson,19/20,01/07/2019,West Brom,Watford,€6.00m,€6.00m,6000000,6000000
Craig Dawson,10/11,31/08/2010,Rochdale,West Brom,€200k,€300k,200000,300000
Craig Dawson,08/09,23/02/2009,Radcliffe,Rochdale,-,€10k,0,10000
Gonzalo Verdú,,,,,,,0,0
Nathaniel Chalobah,17/18,13/07/2017,Chelsea,Watford,€5.00m,€6.30m,5000000,6300000
Somália,18/19,19/08/2018,Toulouse,Al-Shabab,€2.00m,€1.50m,2000000,1500000
Somália,15/16,07/08/2015,Ferencváros,Toulouse,€800k,€2.40m,800000,2400000
Somália,12/13,01/07/2012,Bangu-RJ,Ferencváros,€200k,€300k,200000,300000
Ivan Toney,24/25,31/08/2024,Brentford,Al-Ahli,€50.00m,€42.00m,50000000,42000000
Ivan Toney,20/21,01/09/2020,Peterborough,Brentford,€400k,€5.60m,400000,5600000
Ivan Toney,18/19,09/08/2018,Newcastle,Peterborough,€500k,€390k,500000,390000
Ivan Toney,15/16,06/08/2015,Northampton,Newcastle,€150k,€360k,150000,360000
Julian Korb,17/18,01/07/2017,Mönchengladbach,Hannover 96,€3.00m,€3.00m,3000000,3000000
Jordon Ibe,16/17,14/07/2016,Liverpool,Bournemouth,€7.00m,€18.00m,7000000,18000000
Jordon Ibe,11/12,20/12/2011,Wycombe,Liverpool U18,€250k,€600k,250000,600000
Angelo Stiller,23/24,25/08/2023,Hoffenheim,Stuttgart,€5.00m,€5.50m,5000000,5500000
Takefusa Kubo,22/23,19/07/2022,Real Madrid,Real Sociedad,€7.50m,€6.50m,7500000,6500000
Amine Adli,25/26,21/08/2025,Leverkusen,Bournemouth,€18.00m,€21.00m,18000000,21000000
Amine Adli,21/22,26/08/2021,Toulouse,Leverkusen,€6.00m,€7.50m,6000000,7500000
Simone Iacoponi,16/17,31/01/2017,Virtus Entella,Parma,€400k,€70k,400000,70000
Aleix Febas,,,,,,,0,0
Jerry St. Juste,22/23,01/07/2022,Mainz,Sporting,€16.00m,€10.00m,16000000,10000000
Jerry St. Juste,19/20,07/08/2019,Feyenoord,Mainz,€7.50m,€8.00m,7500000,8000000
Jerry St. Juste,17/18,18/07/2017,Heerenveen,Feyenoord,€3.50m,€4.80m,3500000,4800000
Yannick Cahuzac,,,,,,,0,0
Davide Frattesi,24/25,01/07/2024,Sassuolo,Inter,€35.00m,€31.40m,35000000,31400000
Davide Frattesi,17/18,13/07/2017,Roma,Sassuolo,€200k,€14.60m,200000,14600000
Federico Cartabia,,,,,,,0,0
Andrea Barberis,,,,,,,0,0
Carlos Sánchez,18/19,24/07/2018,Monterrey,Santos,€1.50m,€850k,1500000,850000
Carlos Sánchez,11/12,23/07/2011,Godoy Cruz,River Plate,€2.00m,€1.45m,2000000,1450000
Munir El Haddadi,18/19,11/01/2019,Barcelona,Sevilla FC,€12.00m,€1.05m,12000000,1050000
Lamine Koné,19/20,01/07/2019,Sunderland,R. Strasbourg,€3.00m,€1.50m,3000000,1500000
Lamine Koné,15/16,27/01/2016,FC Lorient,Sunderland,€2.50m,€6.50m,2500000,6500000
Lamine Koné,10/11,02/08/2010,LB Châteauroux,FC Lorient,€900k,€1.00m,900000,1000000
Cédric Yamberé,17/18,01/07/2017,G. Bordeaux,Dijon,€2.00m,€500k,2000000,500000
Emanuele Giaccherini,16/17,16/07/2016,Sunderland,Napoli,€4.00m,€1.50m,4000000,1500000
Emanuele Giaccherini,13/14,16/07/2013,Juventus,Sunderland,€7.50m,€7.50m,7500000,7500000
Emanuele Giaccherini,11/12,25/08/2011,Cesena,Juventus,€5.00m,€7.25m,5000000,7250000
Son,18/19,19/07/2018,Roma,Liverpool,€60.00m,€72.50m,60000000,72500000
Son,16/17,06/07/2016,Internacional,Roma,€7.00m,€8.00m,7000000,8000000
Jason,18/19,21/08/2018,Man City,Lyon,€3.00m,€10.00m,3000000,10000000
Jason,13/14,01/07/2013,JMG Lier,Man City U18,-,€275k,0,275000
Angelo Ogbonna,15/16,10/07/2015,Juventus,West Ham,€9.00m,€11.00m,9000000,11000000
Angelo Ogbonna,13/14,11/07/2013,Torino,Juventus,€12.00m,€15.00m,12000000,15000000
DeAndre Yedlin,25/26,21/08/2025,Cincinnati,Salt Lake,€1.50m,€260k,1500000,260000
DeAndre Yedlin,23/24,04/03/2024,Miami,Cincinnati,€2.00m,€160k,2000000,160000
DeAndre Yedlin,16/17,24/08/2016,Tottenham,Newcastle,€3.00m,€5.90m,3000000,5900000
DeAndre Yedlin,14/15,13/08/2014,Seattle,Tottenham,€250k,€2.60m,250000,2600000
Claudio Yacob,,,,,,,0,0
Kevin Vázquez,,,,,,,0,0
Nahuel Tenaglia,23/24,20/08/2023,CA Talleres,Alavés,€3.00m,€1.00m,3000000,1000000
Jordan Lefort,20/21,13/08/2020,Amiens SC,Young Boys,€1.60m,€1.00m,1600000,1000000
Gelson Martins,23/24,02/01/2024,Monaco,Olympiacos,€2.50m,€3.00m,2500000,3000000
Gelson Martins,19/20,01/07/2019,Atlético,Monaco,€28.00m,€30.00m,28000000,30000000
Gelson Martins,18/19,25/07/2018,Sporting,Atlético,€35.00m,€22.00m,35000000,22000000
Claudio Marchisio,,,,,,,0,0
Marco Calderoni,18/19,18/07/2018,Novara,Lecce,€450k,€500k,450000,500000
Marco Calderoni,17/18,01/07/2017,Chievo Verona,Novara,€500k,€500k,500000,500000
Marco Calderoni,15/16,25/06/2015,Bari,Chievo Verona,€500k,€80k,500000,80000
Marco Calderoni,13/14,15/08/2013,Chievo Verona,Bari,€400k,€90k,400000,90000
Marco Calderoni,13/14,14/08/2013,Grosseto,Piacenza,€400k,€80k,400000,80000
Patric,06/07,02/08/2006,Juventus,Inter,€28.00m,€9.50m,28000000,9500000
Patric,05/06,15/07/2005,Arsenal,Juventus,€35.00m,€20.00m,35000000,20000000
Patric,96/97,14/08/1996,Milan,Arsenal,-,€5.35m,0,5350000
Patric,95/96,07/11/1995,Cannes,Milan,-,€3.60m,0,3600000
Steven Moreira,16/17,30/08/2016,Stade Rennais,FC Lorient,€1.50m,€1.20m,1500000,1200000
Anthony Knockaert,20/21,27/07/2020,Brighton,Fulham,€6.50m,€11.70m,6500000,11700000
Anthony Knockaert,15/16,07/01/2016,Standard Liège,Brighton,€3.50m,€3.50m,3500000,3500000
Anthony Knockaert,12/13,01/08/2012,Guingamp,Leicester,€1.50m,€900k,1500000,900000
Jean-Daniel Akpa-Akpro,,,,,,,0,0
Iñaki Williams,,,,,,,0,0
Mërgim Vojvoda,24/25,03/02/2025,Torino,Como,€3.00m,€2.00m,3000000,2000000
Mërgim Vojvoda,20/21,01/09/2020,Standard Liège,Torino,€4.00m,€5.20m,4000000,5200000
Mërgim Vojvoda,19/20,01/07/2019,Mouscron,Standard Liège,€1.00m,€1.20m,1000000,1200000
Thomas Vermaelen,14/15,09/08/2014,Arsenal,Barcelona,€15.00m,€19.00m,15000000,19000000
Thomas Vermaelen,09/10,01/07/2009,Ajax,Arsenal,€6.00m,€12.00m,6000000,12000000
Mamadou Loum,25/26,12/08/2025,Arouca,Sporting Gijón,€1.20m,€500k,1200000,500000
Mamadou Loum,19/20,01/07/2019,Braga,Porto,€5.00m,€7.50m,5000000,7500000
Mamadou Loum,15/16,15/07/2015,Ouakam,Braga B,-,€130k,0,130000
Dani Raba,,,,,,,0,0
Leonardo Balerdi,21/22,03/07/2021,Dortmund,Marseille,€8.00m,€11.00m,8000000,11000000
Leonardo Balerdi,18/19,14/01/2019,Boca Juniors,Dortmund,€2.50m,€15.50m,2500000,15500000
Luciano Vietto,20/21,25/10/2020,Sporting,Al-Hilal,€7.00m,€7.00m,7000000,7000000
Luciano Vietto,19/20,01/07/2019,Atlético,Sporting,€7.00m,€11.00m,7000000,11000000
Luciano Vietto,15/16,07/07/2015,Villarreal,Atlético,€20.00m,€20.00m,20000000,20000000
Luciano Vietto,14/15,04/08/2014,Racing Club,Villarreal,€8.50m,€5.50m,8500000,5500000
Nikola Kalinić,20/21,05/10/2020,Atlético,Hellas Verona,€5.50m,€1.80m,5500000,1800000
Nikola Kalinić,18/19,09/08/2018,AC Milan,Atlético,€14.00m,€14.50m,14000000,14500000
Nikola Kalinić,18/19,01/07/2018,Fiorentina,AC Milan,€14.00m,€22.50m,14000000,22500000
Nikola Kalinić,15/16,14/08/2015,Dnipro,Fiorentina,€7.00m,€5.50m,7000000,5500000
Nikola Kalinić,11/12,12/08/2011,Blackburn,Dnipro,€4.50m,€6.00m,4500000,6000000
Nikola Kalinić,09/10,03/08/2009,Hajduk Split,Blackburn,€6.00m,€7.00m,6000000,7000000
Christian Kabasele,23/24,25/07/2023,Watford,Udinese,€1.00m,€6.50m,1000000,6500000
Christian Kabasele,16/17,01/07/2016,Genk,Watford,€6.00m,€6.95m,6000000,6950000
Lumor Agbenyenu,17/18,31/01/2018,Portimonense,Sporting,€800k,€2.50m,800000,2500000
Óscar Plano,,,,,,,0,0
Paul Verhaegh,17/18,06/08/2017,Augsburg,Wolfsburg,€1.00m,€1.50m,1000000,1500000
Paul Verhaegh,10/11,01/07/2010,Vitesse,Augsburg,€1.50m,€300k,1500000,300000
Kostas Mitroglou,17/18,31/08/2017,Benfica,Marseille,€12.00m,€15.00m,12000000,15000000
Kostas Mitroglou,16/17,01/07/2016,Fulham,Benfica,€9.50m,€7.00m,9500000,7000000
Kostas Mitroglou,13/14,31/01/2014,Olympiacos,Fulham,€7.20m,€15.20m,7200000,15200000
Kostas Mitroglou,07/08,01/07/2007,M'gladbach II,Olympiacos,€100k,€200k,100000,200000
Gideon Mensah,,,,,,,0,0
Harry Arter,20/21,22/09/2020,Bournemouth,Nott'm Forest,€3.50m,€5.50m,3500000,5500000
Harry Arter,10/11,01/07/2010,Woking,Bournemouth,€50k,€140k,50000,140000
Bruma,24/25,03/02/2025,Braga,Benfica,€8.00m,€6.50m,8000000,6500000
Bruma,23/24,01/07/2023,Fenerbahçe,Braga,€6.00m,€6.55m,6000000,6550000
Bruma,22/23,20/01/2023,PSV,Fenerbahçe,€3.60m,€4.25m,3600000,4250000
Bruma,19/20,01/07/2019,Leipzig,PSV,€10.00m,€12.00m,10000000,12000000
Bruma,17/18,01/07/2017,Galatasaray,Leipzig,€11.00m,€15.00m,11000000,15000000
Bruma,13/14,03/09/2013,Sporting,Galatasaray,€2.50m,€13.00m,2500000,13000000
Ádám Szalai,14/15,04/07/2014,FC Schalke 04,Hoffenheim,€7.00m,€6.00m,7000000,6000000
Ádám Szalai,13/14,01/07/2013,Mainz,FC Schalke 04,€7.00m,€8.00m,7000000,8000000
Ádám Szalai,10/11,01/07/2010,RM Castilla,Mainz,€2.00m,€600k,2000000,600000
Ádám Szalai,07/08,11/08/2007,Stuttgart II,RM Castilla,€100k,€500k,100000,500000
Gerrit Holtmann,16/17,01/07/2016,E. Braunschweig,Mainz,€600k,€3.00m,600000,3000000
Quini,,,,,,,0,0
Daniel Bessa,16/17,03/01/2017,Inter,Hellas Verona,€2.20m,€1.20m,2200000,1200000
Youcef Belaïli,24/25,31/07/2024,MC Algiers,Esperance,€1.80m,€679k,1800000,679000
Youcef Belaïli,19/20,29/08/2019,Esperance,Al-Ahli,€1.50m,€3.00m,1500000,3000000
Silas Katompa,25/26,06/01/2026,Stuttgart,Mainz,€3.00m,€150k,3000000,150000
Silas Katompa,19/20,13/08/2019,Paris FC,Stuttgart,€3.00m,€8.00m,3000000,8000000
Isaac Success,21/22,26/08/2021,Watford,Udinese,€1.80m,€1.80m,1800000,1800000
Isaac Success,16/17,01/07/2016,Granada CF,Watford,€3.00m,€15.00m,3000000,15000000
Isaac Success,13/14,02/01/2014,BJ FA,Udinese U19,-,€400k,0,400000
Jaïro Riedewald,17/18,24/07/2017,Ajax,Crystal Palace,€5.00m,€9.00m,5000000,9000000
Pione Sisto,20/21,05/09/2020,Celta de Vigo,Midtjylland,€4.80m,€2.50m,4800000,2500000
Pione Sisto,16/17,31/07/2016,Midtjylland,Celta de Vigo,€3.50m,€6.00m,3500000,6000000
Bebé,97/98,07/01/1998,EC Vitória,Botafogo,-,€500k,0,500000
Bebé,96/97,21/01/1997,Sevilla FC,EC Vitória,-,€3.00m,0,3000000
Bebé,96/97,05/11/1996,Flamengo,Sevilla FC,-,€3.60m,0,3600000
Bebé,95/96,03/06/1996,Dep. La Coruña,Flamengo,-,€2.50m,0,2500000
Bebé,92/93,16/07/1992,Vasco da Gama,Dep. La Coruña,-,€1.50m,0,1500000
Alejandro Pozo Pozo,22/23,01/07/2022,Sevilla FC,UD Almería,€4.00m,€3.00m,4000000,3000000
Markus Suttner,17/18,13/07/2017,FC Ingolstadt,Brighton,€2.00m,€4.50m,2000000,4500000
Markus Suttner,15/16,01/07/2015,Austria Vienna,FC Ingolstadt,€1.00m,€700k,1000000,700000
Alfonso Pedraza,,,,,,,0,0
Marco Russ,13/14,01/07/2013,Wolfsburg,Frankfurt,€1.50m,€400k,1500000,400000
Marco Russ,11/12,16/07/2011,Frankfurt,Wolfsburg,€2.75m,€3.00m,2750000,3000000
Ludovic Blas,23/24,05/07/2023,FC Nantes,Stade Rennais,€20.00m,€15.00m,20000000,15000000
Ludovic Blas,19/20,02/09/2019,Guingamp,FC Nantes,€5.00m,€8.00m,5000000,8000000
Hans Hateboer,24/25,06/08/2024,Atalanta,Stade Rennais,€3.50m,€2.80m,3500000,2800000
Hans Hateboer,16/17,31/01/2017,FC Groningen,Atalanta,€1.00m,€1.04m,1000000,1040000
Théo Pellenard,,,,,,,0,0
Rober,22/23,19/07/2022,Bayern Munich,Barcelona,€45.00m,€45.00m,45000000,45000000
Rober,10/11,01/07/2010,Lech Poznan,Dortmund,€4.50m,€4.75m,4500000,4750000
Rober,08/09,01/07/2008,Znicz Pruszkow,Lech Poznan,€500k,€380k,500000,380000
Grischa Prömel,,,,,,,0,0
Michel,,,,,,,0,0
Martin Harnik,18/19,01/07/2018,Hannover 96,Werder Bremen,€3.00m,€2.25m,3000000,2250000
Martin Harnik,10/11,01/07/2010,Werder Bremen,Stuttgart,€1.60m,€300k,1600000,300000
Martin Harnik,05/06,01/01/2006,SC V.-M. U19,W. Bremen II,€150k,€12k,150000,12000
Kevin Akpoguma,13/14,01/07/2013,Karlsruher SC,Hoffenheim,€450k,€1.00m,450000,1000000
Yannis Salibur,19/20,22/08/2019,Guingamp,RCD Mallorca,€3.50m,€2.00m,3500000,2000000
Jack Cork,17/18,11/07/2017,Swansea,Burnley,€5.00m,€9.10m,5000000,9100000
Jack Cork,14/15,30/01/2015,Southampton,Swansea,€3.50m,€4.00m,3500000,4000000
Jack Cork,11/12,07/07/2011,Chelsea Res.,Southampton,€1.00m,€840k,1000000,840000
Junior Messias,23/24,13/01/2024,AC Milan,Genoa,€3.00m,€1.50m,3000000,1500000
Junior Messias,22/23,07/07/2022,Crotone,AC Milan,€6.00m,€6.20m,6000000,6200000
Junior Messias,18/19,30/01/2019,Gozzano,Crotone,€150k,€400k,150000,400000
Junior Messias,16/17,23/07/2016,Casale,Chieri,-,€120k,0,120000
Rodrygo,19/20,01/07/2019,Santos,Real Madrid,€40.00m,€45.00m,40000000,45000000
Dodi Lukebakio,25/26,01/09/2025,Sevilla FC,Benfica,€20.00m,€20.00m,20000000,20000000
Dodi Lukebakio,23/24,24/08/2023,Hertha BSC,Sevilla FC,€12.00m,€10.00m,12000000,10000000
Dodi Lukebakio,19/20,01/08/2019,Watford,Hertha BSC,€18.00m,€20.00m,18000000,20000000
Dodi Lukebakio,17/18,30/01/2018,R Charleroi SC,Watford,€3.00m,€5.00m,3000000,5000000
Dodi Lukebakio,17/18,29/01/2018,RSC Anderlecht,R Charleroi SC,€3.00m,€2.60m,3000000,2600000
Ciaran Clark,16/17,03/08/2016,Aston Villa,Newcastle,€4.50m,€6.00m,4500000,6000000
Florian Niederlechner,22/23,18/01/2023,Augsburg,Hertha BSC,€2.20m,€800k,2200000,800000
Florian Niederlechner,19/20,01/07/2019,Freiburg,Augsburg,€3.50m,€2.50m,3500000,2500000
Florian Niederlechner,17/18,01/07/2017,Mainz,Freiburg,€5.50m,€2.30m,5500000,2300000
Florian Niederlechner,15/16,01/07/2015,Heidenheim,Mainz,€2.00m,€2.00m,2000000,2000000
Florian Niederlechner,12/13,03/01/2013,Unterhaching,Heidenheim,€400k,€300k,400000,300000
Florian Niederlechner,11/12,05/07/2011,FC Ismaning,Unterhaching,€50k,€20k,50000,20000
Tana,25/26,02/09/2025,Man City,Fenerbahçe,€20.00m,€11.00m,20000000,11000000
Tana,17/18,01/07/2017,Benfica,Man City,€22.00m,€40.00m,22000000,40000000
Tana,15/16,01/07/2015,Rio Ave,Benfica,€1.20m,€500k,1200000,500000
Federico Mattiello,17/18,30/01/2018,Juventus,Atalanta,€1.00m,€5.00m,1000000,5000000
Giannelli Imbula,15/16,01/02/2016,Porto,Stoke City,€16.00m,€24.25m,16000000,24250000
Giannelli Imbula,15/16,01/07/2015,Marseille,Porto,€12.00m,€20.00m,12000000,20000000
Giannelli Imbula,13/14,19/07/2013,Guingamp,Marseille,€3.00m,€7.50m,3000000,7500000
Badou Ndiaye,17/18,31/01/2018,Galatasaray,Stoke City,€7.00m,€16.00m,7000000,16000000
Badou Ndiaye,17/18,03/08/2017,Osmanlispor FK,Galatasaray,€5.00m,€7.50m,5000000,7500000
Badou Ndiaye,15/16,02/08/2015,Bodø/Glimt,Osmanlispor FK,€1.20m,€350k,1200000,350000
Prince Oniangué,18/19,12/07/2018,Wolves,SM Caen,€1.50m,€500k,1500000,500000
Prince Oniangué,16/17,15/08/2016,Stade Reims,Wolves,€2.00m,€2.20m,2000000,2200000
Yevhen Shakhov,,,,,,,0,0
Khaled Adénon,,,,,,,0,0
Antonino Barillà,,,,,,,0,0
Ezequiel Garay,16/17,31/08/2016,Zenit S-Pb,Valencia,€20.00m,€24.00m,20000000,24000000
Ezequiel Garay,14/15,01/07/2014,Benfica,Zenit S-Pb,€20.00m,€6.00m,20000000,6000000
Ezequiel Garay,11/12,01/07/2011,Real Madrid,Benfica,€10.00m,€5.50m,10000000,5500000
Ezequiel Garay,08/09,01/07/2008,Racing,Real Madrid,€10.00m,€10.00m,10000000,10000000
Ezequiel Garay,05/06,01/01/2006,Newell's,Racing,€300k,€1.40m,300000,1400000
Younousse Sankharé,21/22,10/08/2021,Panathinaikos,Giresunspor,€2.00m,€350k,2000000,350000
Younousse Sankharé,20/21,31/01/2021,CSKA-Sofia,Panathinaikos,€2.00m,€300k,2000000,300000
Younousse Sankharé,16/17,30/01/2017,Lille,G. Bordeaux,€3.50m,€3.00m,3500000,3000000
Younousse Sankharé,13/14,18/07/2013,Dijon,Guingamp,€2.00m,€700k,2000000,700000
Younousse Sankharé,11/12,04/07/2011,PSG,Dijon,€1.00m,€500k,1000000,500000
Stephan Lichtsteiner,11/12,01/07/2011,Lazio,Juventus,€9.00m,€9.90m,9000000,9900000
Stephan Lichtsteiner,08/09,28/07/2008,Lille,Lazio,€5.00m,€1.20m,5000000,1200000
Stephan Lichtsteiner,05/06,01/07/2005,Grasshoppers,Lille,€1.40m,€650k,1400000,650000
Chris Richards,22/23,27/07/2022,Bayern Munich,Crystal Palace,€7.50m,€12.00m,7500000,12000000
Chris Richards,18/19,24/01/2019,Dallas,FC Bayern U19,€50k,€5.30m,50000,5300000
Claud Adjapong,,,,,,,0,0
Gideon Jung,14/15,01/07/2014,RW Oberhausen,Hamburg,€100k,€150k,100000,150000
Daniele Rugani,13/14,31/07/2013,FC Empoli,Juventus,€200k,€4.00m,200000,4000000
Luca Marrone,20/21,01/09/2020,Hellas Verona,Crotone,€750k,€1.00m,750000,1000000
Luca Marrone,19/20,01/07/2019,Juventus,Hellas Verona,€800k,€450k,800000,450000
Luca Marrone,14/15,03/07/2014,Sassuolo,Juventus,€4.50m,€5.00m,4500000,5000000
Luca Marrone,13/14,02/09/2013,Juventus,Sassuolo,€4.00m,€4.50m,4000000,4500000
Félix Eboa Eboa,,,,,,,0,0
Cucho,24/25,03/02/2025,Columbus,Real Betis,€18.00m,€13.00m,18000000,13000000
Cucho,22/23,07/07/2022,Watford,Columbus,€9.00m,€9.55m,9000000,9550000
Kristjan Asllani,23/24,01/07/2023,FC Empoli,Inter,€12.00m,€15.70m,12000000,15700000
Jesús Corona,23/24,01/09/2023,Sevilla FC,Monterrey,€8.00m,€3.50m,8000000,3500000
Jesús Corona,21/22,14/01/2022,Porto,Sevilla FC,€22.00m,€3.00m,22000000,3000000
Jesús Corona,15/16,31/08/2015,FC Twente,Porto,€6.50m,€10.50m,6500000,10500000
Jesús Corona,13/14,26/08/2013,Monterrey,FC Twente,€1.30m,€3.50m,1300000,3500000
Raffael,,,,,,,0,0
Pedro Bigas,19/20,01/07/2019,UD Las Palmas,SD Eibar,€3.00m,€3.00m,3000000,3000000
Andrea Petagna,23/24,01/07/2023,Napoli,Monza,€10.00m,€9.70m,10000000,9700000
Andrea Petagna,19/20,30/01/2020,SPAL,Napoli,€18.00m,€16.60m,18000000,16600000
Andrea Petagna,19/20,01/07/2019,Atalanta,SPAL,€20.00m,€12.00m,20000000,12000000
Andrea Petagna,15/16,25/01/2016,AC Milan,Atalanta,€600k,€1.00m,600000,1000000
John Boye,,,,,,,0,0
Willian José,24/25,01/07/2024,Real Betis,Spartak Moscow,€5.00m,€2.00m,5000000,2000000
Willian José,22/23,01/07/2022,Real Sociedad,Real Betis,€12.00m,€10.00m,12000000,10000000
Willian José,16/17,31/07/2016,CD Maldonado,Real Sociedad,€3.00m,€9.63m,3000000,9630000
Willian José,10/11,01/01/2011,Barueri,CD Maldonado,€400k,€1.00m,400000,1000000
Matías Silvestre,13/14,01/07/2013,US Palermo,Inter,€6.00m,€6.00m,6000000,6000000
Matías Silvestre,11/12,09/08/2011,Catania,US Palermo,€3.50m,€8.00m,3500000,8000000
Matías Silvestre,07/08,28/01/2008,Boca Juniors,Catania,€2.30m,€1.50m,2300000,1500000
Mateo Musacchio,17/18,01/07/2017,Villarreal,AC Milan,€18.00m,€18.00m,18000000,18000000
José Pozo,,,,,,,0,0
Ken Sema,18/19,05/07/2018,Östersund,Watford,€1.00m,€2.25m,1000000,2250000
Rodrigo Palacio,12/13,01/07/2012,Genoa,Inter,€12.00m,€10.50m,12000000,10500000
Rodrigo Palacio,09/10,15/07/2009,Boca Juniors,Genoa,€9.50m,€4.90m,9500000,4900000
Rodrigo Palacio,04/05,01/01/2005,Banfield,Boca Juniors,-,€3.00m,0,3000000
Rodrigo Palacio,03/04,01/01/2004,Huracan TA,Banfield,-,€250k,0,250000
Pietro Ceccaroni,20/21,01/09/2020,Spezia Calcio,Venezia,€600k,€200k,600000,200000
Mikkel Damsgaard,22/23,10/08/2022,Sampdoria,Brentford,€15.00m,€15.00m,15000000,15000000
Mikkel Damsgaard,20/21,01/09/2020,Nordsjaelland,Sampdoria,€6.50m,€6.75m,6500000,6750000
Emmanuel Dennis,22/23,13/08/2022,Watford,Nott'm Forest,€14.00m,€14.80m,14000000,14800000
Emmanuel Dennis,21/22,01/07/2021,Club Brugge,Watford,€5.00m,€4.00m,5000000,4000000
Emmanuel Dennis,17/18,01/07/2017,Zorya Lugansk,Club Brugge,€1.20m,€1.40m,1200000,1400000
Anel Ahmedhodzic,25/26,05/08/2025,Sheff Utd,Feyenoord,€18.00m,€6.90m,18000000,6900000
Anel Ahmedhodzic,22/23,06/07/2022,Malmö,Sheff Utd,€6.00m,€4.50m,6000000,4500000
Anthony Gonçalves,,,,,,,0,0
Enzo Roco,,,,,,,0,0
Taiwo Awoniyi,22/23,01/07/2022,Union Berlin,Nott'm Forest,€20.00m,€20.50m,20000000,20500000
Taiwo Awoniyi,21/22,20/07/2021,Liverpool,Union Berlin,€5.00m,€8.55m,5000000,8550000
Taiwo Awoniyi,15/16,31/08/2015,Imperial Acad.,Liverpool,-,€1.10m,0,1100000
Alessandro Deiola,,,,,,,0,0
Jóhann Berg Guðmundsson,16/17,19/07/2016,Charlton,Burnley,€2.00m,€3.00m,2000000,3000000
Leandro Barreiro Martins,,,,,,,0,0
Sebastiano Luperto,25/26,02/02/2026,Cagliari,Cremonese,€4.00m,€4.60m,4000000,4600000
Sebastiano Luperto,24/25,08/07/2024,FC Empoli,Cagliari,€3.50m,€3.50m,3500000,3500000
Sebastiano Luperto,23/24,01/07/2023,Napoli,FC Empoli,€3.00m,€2.50m,3000000,2500000
Sebastiano Luperto,14/15,01/07/2014,Lecce U19,Napoli U19,€100k,€490k,100000,490000
Joe Ralls,,,,,,,0,0
Ludwig Augustinsson,21/22,15/08/2021,Werder Bremen,Sevilla FC,€10.00m,€5.50m,10000000,5500000
Ludwig Augustinsson,17/18,01/07/2017,Copenhagen,Werder Bremen,€4.00m,€4.50m,4000000,4500000
Ludwig Augustinsson,14/15,01/01/2015,IFK Göteborg,Copenhagen,€700k,€1.30m,700000,1300000
Adrian Mariappa,13/14,02/09/2013,Reading,Crystal Palace,€2.50m,€3.50m,2500000,3500000
Adrian Mariappa,12/13,18/07/2012,Watford,Reading,€2.00m,€3.80m,2000000,3800000
Oscar Wendt,06/07,01/07/2006,IFK Göteborg,Copenhagen,€675k,€830k,675000,830000
Jonathan Schmid,19/20,01/07/2019,Augsburg,Freiburg,€5.00m,€4.00m,5000000,4000000
Jonathan Schmid,16/17,26/08/2016,Hoffenheim,Augsburg,€2.50m,€5.20m,2500000,5200000
Jonathan Schmid,15/16,01/07/2015,Freiburg,Hoffenheim,€4.50m,€3.50m,4500000,3500000
Yoann Salmier,19/20,01/07/2019,R. Strasbourg,Troyes,€1.50m,€500k,1500000,500000
Aday,,,,,,,0,0
Terence Kongolo,20/21,16/10/2020,Huddersfield,Fulham,€6.50m,€4.40m,6500000,4400000
Terence Kongolo,18/19,01/07/2018,Monaco,Huddersfield,€10.00m,€20.00m,10000000,20000000
Terence Kongolo,17/18,03/07/2017,Feyenoord,Monaco,€10.00m,€15.00m,10000000,15000000
Ansu Fati,,,,,,,0,0
Ledian Memushaj,18/19,10/07/2018,Benevento,Pescara,€800k,€500k,800000,500000
Ledian Memushaj,18/19,01/07/2018,Pescara,Benevento,€800k,€800k,800000,800000
Ledian Memushaj,15/16,01/07/2015,Lecce,Pescara,€1.40m,€200k,1400000,200000
Arber Zeneli,18/19,26/01/2019,Heerenveen,Stade Reims,€6.00m,€4.00m,6000000,4000000
Arber Zeneli,15/16,01/01/2016,Elfsborg,Heerenveen,€1.00m,€1.95m,1000000,1950000
Joakim Mæhle,,,,,,,0,0
Lee Jae-sung,,,,,,,0,0
Gerson,25/26,10/01/2026,Zenit S-Pb,Cruzeiro,€18.00m,€27.00m,18000000,27000000
Gerson,25/26,04/07/2025,Flamengo,Zenit S-Pb,€25.00m,€25.00m,25000000,25000000
Gerson,22/23,01/01/2023,Marseille,Flamengo,€18.00m,€15.00m,18000000,15000000
Gerson,21/22,01/07/2021,Flamengo,Marseille,€20.00m,€20.50m,20000000,20500000
Gerson,19/20,12/07/2019,Roma,Flamengo,€13.00m,€13.00m,13000000,13000000
Gerson,16/17,01/07/2016,Fluminense,Roma,€10.00m,€18.50m,10000000,18500000
Andrew Gravillon,23/24,21/07/2023,Stade Reims,Adana Demirspor,€4.00m,€2.50m,4000000,2500000
Andrew Gravillon,22/23,01/07/2022,Inter,Stade Reims,€6.50m,€3.00m,6500000,3000000
Andrew Gravillon,18/19,29/01/2019,Pescara,Inter,€5.00m,€6.10m,5000000,6100000
Andrew Gravillon,17/18,17/01/2018,Benevento,Pescara,€1.00m,€3.50m,1000000,3500000
Andrew Gravillon,17/18,01/07/2017,Inter,Benevento,€300k,€4.00m,300000,4000000
Federico Ceccherini,21/22,01/07/2021,Fiorentina,Hellas Verona,€3.50m,€3.00m,3500000,3000000
Federico Ceccherini,18/19,12/07/2018,Crotone,Fiorentina,€2.80m,€3.60m,2800000,3600000
Federico Ceccherini,16/17,06/07/2016,AS Livorno,Crotone,€700k,€900k,700000,900000
Alexis Saelemaekers,20/21,01/09/2020,RSC Anderlecht,AC Milan,€8.00m,€7.65m,8000000,7650000
Houboulang Mendes,,,,,,,0,0
Toma Bašić,21/22,25/08/2021,G. Bordeaux,Lazio,€9.00m,€7.10m,9000000,7100000
Toma Bašić,18/19,08/08/2018,Hajduk Split,G. Bordeaux,€1.35m,€3.80m,1350000,3800000
Florian Sotoca,19/20,01/07/2019,Grenoble,Lens,€1.25m,€1.10m,1250000,1100000
Kalifa Coulibaly,17/18,18/08/2017,KAA Gent,FC Nantes,€3.00m,€4.50m,3000000,4500000
Kalifa Coulibaly,15/16,01/07/2015,R Charleroi SC,KAA Gent,€1.00m,€500k,1000000,500000
Joe Willock,21/22,13/08/2021,Arsenal,Newcastle,€16.00m,€29.40m,16000000,29400000
Stefano Denswil,19/20,06/07/2019,Club Brugge,Bologna,€6.00m,€6.00m,6000000,6000000
Stefano Denswil,14/15,04/01/2015,Ajax,Club Brugge,€3.00m,€1.20m,3000000,1200000
Raúl de Tomás,22/23,13/09/2022,Espanyol,Rayo Vallecano,€25.00m,€11.00m,25000000,11000000
Raúl de Tomás,19/20,09/01/2020,Benfica,Espanyol,€15.00m,€22.50m,15000000,22500000
Raúl de Tomás,19/20,03/07/2019,Real Madrid,Benfica,€20.00m,€20.00m,20000000,20000000
Kike Pérez,24/25,29/01/2025,Real Valladolid,Venezia,€2.80m,€1.00m,2800000,1000000
Björn Engels,21/22,01/07/2021,Aston Villa,Royal Antwerp,€3.00m,€3.50m,3000000,3500000
Björn Engels,19/20,16/07/2019,Stade Reims,Aston Villa,€6.00m,€8.00m,6000000,8000000
Björn Engels,19/20,01/07/2019,Olympiacos,Stade Reims,€6.00m,€4.00m,6000000,4000000
Björn Engels,17/18,31/08/2017,Club Brugge,Olympiacos,€8.00m,€4.50m,8000000,4500000
Florent Balmont,08/09,01/07/2008,Nice,Lille,€6.00m,€3.00m,6000000,3000000
Florent Balmont,04/05,24/08/2004,Lyon,Nice,-,€1.50m,0,1500000
Javier Ontiveros,19/20,20/08/2019,Málaga CF,Villarreal,€6.00m,€7.50m,6000000,7500000
Ardian Ismajli,21/22,09/08/2021,Spezia Calcio,FC Empoli,€2.50m,€2.00m,2500000,2000000
Ardian Ismajli,20/21,14/09/2020,Hajduk Split,Spezia Calcio,€950k,€2.20m,950000,2200000
Przemysław Frankowski,25/26,01/07/2025,Lens,Galatasaray,€7.00m,€7.00m,7000000,7000000
Przemysław Frankowski,21/22,05/08/2021,Chicago,Lens,€2.00m,€2.30m,2000000,2300000
Przemysław Frankowski,18/19,22/01/2019,Jagiellonia,Chicago,€1.50m,€1.50m,1500000,1500000
Przemysław Frankowski,14/15,01/08/2014,Lechia Gdansk,Jagiellonia,€300k,€75k,300000,75000
Leroy Fer,16/17,05/07/2016,QPR,Swansea,€8.50m,€5.60m,8500000,5600000
Leroy Fer,14/15,20/08/2014,Norwich,QPR,€8.50m,€10.00m,8500000,10000000
Leroy Fer,13/14,13/07/2013,FC Twente,Norwich,€7.50m,€5.50m,7500000,5500000
Leroy Fer,11/12,31/08/2011,Feyenoord,FC Twente,€5.50m,€5.50m,5500000,5500000
Jake Livermore,16/17,20/01/2017,Hull City,West Brom,€4.50m,€11.50m,4500000,11500000
Jake Livermore,14/15,01/07/2014,Tottenham,Hull City,€2.50m,€7.00m,2500000,7000000
Giovanni Sio,17/18,18/07/2017,Stade Rennais,Montpellier,€4.50m,€2.20m,4500000,2200000
Giovanni Sio,15/16,01/07/2015,Basel,Stade Rennais,€2.00m,€2.00m,2000000,2000000
Giovanni Sio,13/14,16/08/2013,Wolfsburg,Basel,€2.00m,€2.00m,2000000,2000000
Giovanni Sio,11/12,04/01/2012,FC Sion,Wolfsburg,€4.50m,€5.80m,4500000,5800000
Charlie Austin,19/20,08/08/2019,Southampton,West Brom,€8.00m,€4.30m,8000000,4300000
Charlie Austin,15/16,16/01/2016,QPR,Southampton,€13.00m,€5.20m,13000000,5200000
Charlie Austin,13/14,01/08/2013,Burnley,QPR,€4.50m,€4.65m,4500000,4650000
Charlie Austin,10/11,28/01/2011,Swindon Town,Burnley,€100k,€1.40m,100000,1400000
Tristan Dingomé,18/19,01/07/2018,Troyes,Stade Reims,€1.00m,€1.00m,1000000,1000000
Federico Santander,18/19,01/07/2018,Copenhagen,Bologna,€2.00m,€6.50m,2000000,6500000
Federico Santander,15/16,22/07/2015,Guaraní,Copenhagen,€1.00m,€3.10m,1000000,3100000
Wilfried Singo,25/26,28/08/2025,Monaco,Galatasaray,€25.00m,€30.77m,25000000,30770000
Wilfried Singo,23/24,17/08/2023,Torino,Monaco,€12.00m,€9.10m,12000000,9100000
Wilfried Singo,18/19,30/01/2019,AS Denguélé,Torino U19,-,€200k,0,200000
Nikola Vukčević,18/19,09/08/2018,Braga,Levante,€7.50m,€8.50m,7500000,8500000
Nikola Vukčević,13/14,01/09/2013,B. Podgorica,Braga B,-,€125k,0,125000
Rômulo,25/26,15/08/2025,Göztepe,Leipzig,€11.00m,€20.00m,11000000,20000000
Rômulo,24/25,24/01/2025,Athletico-PR,Göztepe,€3.70m,€5.30m,3700000,5300000
Rômulo,19/20,12/07/2019,Maringá-PR U20,Athletico U20,-,€1.20m,0,1200000
Pol Lirola,21/22,23/08/2021,Fiorentina,Marseille,€9.00m,€13.00m,9000000,13000000
Pol Lirola,20/21,01/09/2020,Sassuolo,Fiorentina,€10.00m,€11.00m,10000000,11000000
Pol Lirola,17/18,31/01/2018,Juventus,Sassuolo,€5.00m,€7.00m,5000000,7000000
Pol Lirola,15/16,01/07/2015,Espanyol U19,Juventus U19,€200k,€500k,200000,500000
Steven Zuber,22/23,01/07/2022,Frankfurt,AEK Athens,€2.50m,€1.60m,2500000,1600000
Steven Zuber,20/21,04/08/2020,Hoffenheim,Frankfurt,€4.50m,€3.00m,4500000,3000000
Steven Zuber,14/15,14/08/2014,CSKA Moscow,Hoffenheim,€3.00m,€3.90m,3000000,3900000
Steven Zuber,13/14,05/07/2013,Grasshoppers,CSKA Moscow,€2.00m,€3.60m,2000000,3600000
Armel Bella Kotchap,25/26,02/02/2026,Southampton,Hellas Verona,€7.50m,€5.00m,7500000,5000000
Armel Bella Kotchap,22/23,01/07/2022,VfL Bochum,Southampton,€10.00m,€12.00m,10000000,12000000
Carlos Fernández,20/21,24/01/2021,Sevilla FC,Real Sociedad,€9.00m,€10.00m,9000000,10000000
Vincent Koziello,17/18,16/01/2018,Nice,1.FC Köln,€11.00m,€3.00m,11000000,3000000
Junior Stanislas,11/12,31/08/2011,West Ham,Burnley,€2.50m,€1.35m,2500000,1350000
Kristoffer Ajer,21/22,21/07/2021,Celtic,Brentford,€7.00m,€15.70m,7000000,15700000
Kristoffer Ajer,16/17,01/07/2016,IK Start,Celtic,€800k,€600k,800000,600000
Ignazio Abate,09/10,01/07/2009,Torino,AC Milan,€1.80m,€2.80m,1800000,2800000
Ignazio Abate,08/09,24/07/2008,AC Milan,Torino,€1.10m,€2.20m,1100000,2200000
Anwar El Ghazi,22/23,31/08/2022,Aston Villa,PSV,€9.00m,€2.50m,9000000,2500000
Anwar El Ghazi,19/20,01/07/2019,Lille,Aston Villa,€7.50m,€9.00m,7500000,9000000
Anwar El Ghazi,16/17,31/01/2017,Ajax,Lille,€6.50m,€7.00m,6500000,7000000
Anwar El Ghazi,13/14,01/07/2013,Sparta U19,Ajax U19,-,€5k,0,5000
Jérémy Sorbon,,,,,,,0,0
Joel Pohjanpalo,24/25,03/02/2025,Venezia,Palermo,€5.00m,€4.75m,5000000,4750000
Joel Pohjanpalo,22/23,19/08/2022,Leverkusen,Venezia,€2.50m,€3.20m,2500000,3200000
Joel Pohjanpalo,14/15,01/07/2014,HJK Helsinki,Leverkusen,€700k,€1.50m,700000,1500000
Robert Skov,19/20,29/07/2019,Copenhagen,Hoffenheim,€13.00m,€10.00m,13000000,10000000
Robert Skov,17/18,19/01/2018,Silkeborg IF,Copenhagen,€1.00m,€1.00m,1000000,1000000
Nemanja Maksimović,25/26,17/08/2025,Panathinaikos,Shabab Al-Ahli,€4.50m,€5.00m,4500000,5000000
Nemanja Maksimović,18/19,16/07/2018,Valencia,Getafe,€5.00m,€10.00m,5000000,10000000
Nemanja Maksimović,14/15,07/02/2015,NK Domzale,FC Astana,€500k,€2.00m,500000,2000000
Carles Aleñá,25/26,24/07/2025,Getafe,Alavés,€2.50m,€1.00m,2500000,1000000
Carles Aleñá,21/22,10/07/2021,Barcelona,Getafe,€15.00m,€5.00m,15000000,5000000
Roberto Torres,,,,,,,0,0
Robson Bambu,25/26,12/09/2025,Braga,San Luis,€3.00m,€400k,3000000,400000
Robson Bambu,24/25,01/07/2024,Nice,Braga,€3.00m,€1.20m,3000000,1200000
Robson Bambu,20/21,01/07/2020,Athletico-PR,Nice,€800k,€8.00m,800000,8000000
Robson Bambu,18/19,01/01/2019,Santos,Athletico-PR,€50k,€850k,50000,850000
Marvin Plattenhardt,14/15,01/07/2014,1.FC Nuremberg,Hertha BSC,€3.00m,€500k,3000000,500000
Loïc Rémy,18/19,13/07/2018,UD Las Palmas,Lille,€6.00m,€1.40m,6000000,1400000
Loïc Rémy,14/15,31/08/2014,QPR,Chelsea,€12.00m,€13.20m,12000000,13200000
Loïc Rémy,12/13,16/01/2013,Marseille,QPR,€15.00m,€10.50m,15000000,10500000
Loïc Rémy,10/11,19/08/2010,Nice,Marseille,€12.00m,€15.50m,12000000,15500000
Loïc Rémy,08/09,01/07/2008,Lyon,Nice,€6.00m,€8.00m,6000000,8000000
John Bostock,18/19,05/07/2018,Bursaspor,Toulouse,€750k,€700k,750000,700000
John Bostock,17/18,31/01/2018,Lens,Bursaspor,€2.00m,€175k,2000000,175000
John Bostock,16/17,05/07/2016,OH Leuven,Lens,€800k,€150k,800000,150000
John Bostock,08/09,01/07/2008,Crystal Palace,Tottenham,€300k,€2.00m,300000,2000000
Enrico Valentini,,,,,,,0,0
Samuel Moutoussamy,,,,,,,0,0
Giuseppe Pezzella,25/26,25/07/2025,FC Empoli,Cremonese,€2.50m,€2.00m,2500000,2000000
Giuseppe Pezzella,20/21,01/09/2020,Udinese,Parma,€3.50m,€5.75m,3500000,5750000
Giuseppe Pezzella,17/18,01/07/2017,US Palermo,Udinese,€1.00m,€4.50m,1000000,4500000
Giuseppe Pezzella,14/15,01/07/2014,Monteruscello,Palermo U19,-,€67k,0,67000
Kevin McDonald,16/17,22/07/2016,Wolves,Fulham,€1.75m,€1.50m,1750000,1500000
Kevin McDonald,13/14,14/08/2013,Sheff Utd,Wolves,€1.50m,€900k,1500000,900000
Kevin McDonald,08/09,01/07/2008,Dundee FC,Burnley,-,€630k,0,630000
Sada Thioub,19/20,23/07/2019,Nîmes Olympique,Angers SCO,€5.50m,€3.50m,5500000,3500000
Andrija Balić,20/21,07/08/2020,Udinese,Dunajska Streda,€900k,€350k,900000,350000
Andrija Balić,15/16,01/02/2016,Hajduk Split,Udinese,€3.50m,€3.00m,3500000,3000000
Toño,25/26,14/08/2025,River Plate,Real Madrid,€30.00m,€45.00m,30000000,45000000
Guido Burgstaller,22/23,01/07/2022,St. Pauli,Rapid Vienna,€900k,€500k,900000,500000
Guido Burgstaller,16/17,09/01/2017,1.FC Nuremberg,FC Schalke 04,€2.00m,€1.50m,2000000,1500000
Guido Burgstaller,14/15,01/07/2014,Rapid Vienna,Cardiff,€1.50m,€700k,1500000,700000
Artur Ioniță,25/26,08/01/2026,Triestina,Arezzo,€200k,€50k,200000,50000
Artur Ioniță,22/23,11/08/2022,Benevento,Pisa,€1.20m,€1.00m,1200000,1000000
Artur Ioniță,20/21,01/09/2020,Cagliari,Benevento,€2.50m,€1.50m,2500000,1500000
Artur Ioniță,16/17,01/07/2016,Hellas Verona,Cagliari,€1.80m,€4.50m,1800000,4500000
Artur Ioniță,09/10,01/07/2009,Iskra-Stali,FC Aarau,-,€200k,0,200000
Christoph Baumgartner,23/24,01/07/2023,Hoffenheim,Leipzig,€24.00m,€25.50m,24000000,25500000
Mattia Destro,15/16,20/08/2015,Roma,Bologna,€13.00m,€8.50m,13000000,8500000
Mattia Destro,13/14,01/07/2013,Genoa,Roma,€11.50m,€4.50m,11500000,4500000
Mattia Destro,12/13,19/07/2012,AC Siena,Genoa,€10.00m,€7.00m,10000000,7000000
Mattia Destro,12/13,01/07/2012,Genoa,AC Siena,€10.00m,€1.30m,10000000,1300000
Mattia Destro,10/11,01/01/2011,Inter,Genoa,€1.00m,€6.50m,1000000,6500000
Dalbert Henrique,17/18,09/08/2017,Nice,Inter,€5.00m,€21.00m,5000000,21000000
Dalbert Henrique,16/17,06/07/2016,Vit. Guimarães,Nice,€750k,€2.00m,750000,2000000
Dalbert Henrique,15/16,01/07/2015,Académico Viseu,Vit. Guimarães,€250k,€500k,250000,500000
Unai Bustinza,,,,,,,0,0
Theo Valls,,,,,,,0,0
Anthony Modeste,22/23,08/08/2022,1.FC Köln,Dortmund,€3.00m,€5.10m,3000000,5100000
Anthony Modeste,18/19,01/07/2018,1.FC Köln,TJ Tianhai,€16.00m,€29.00m,16000000,29000000
Anthony Modeste,15/16,01/07/2015,Hoffenheim,1.FC Köln,€4.50m,€4.50m,4500000,4500000
Anthony Modeste,13/14,09/07/2013,G. Bordeaux,Hoffenheim,€4.50m,€3.00m,4500000,3000000
Anthony Modeste,10/11,13/08/2010,Nice,G. Bordeaux,€2.30m,€3.50m,2300000,3500000
Oswaldo Vizcarrondo,13/14,06/07/2013,América,FC Nantes,€800k,€600k,800000,600000
Alfredo Morales,20/21,07/04/2021,F. Düsseldorf,New York City,€1.20m,€91k,1200000,91000
Keidi Bare,20/21,22/09/2020,Málaga CF,Espanyol,€1.80m,€2.00m,1800000,2000000
Giuseppe Cuomo,,,,,,,0,0
Francesco Vicari,22/23,09/07/2022,SPAL,Bari,€2.00m,€100k,2000000,100000
Francesco Vicari,16/17,11/08/2016,Novara,SPAL,€400k,€220k,400000,220000
Édgar González,23/24,06/07/2023,Real Betis,UD Almería,€9.00m,€4.50m,9000000,4500000
Stefano Sturaro,19/20,01/07/2019,Juventus,Genoa,€10.00m,€16.50m,10000000,16500000
Stefano Sturaro,14/15,01/07/2014,Genoa,Juventus,€3.50m,€10.60m,3500000,10600000
Ahmed Hegazi,21/22,01/07/2021,West Brom,Al-Ittihad,€4.00m,€2.50m,4000000,2500000
Ahmed Hegazi,17/18,01/01/2018,Al Ahly,West Brom,€3.00m,€5.00m,3000000,5000000
Ahmed Hegazi,12/13,01/07/2012,Ismaily,Fiorentina,€1.50m,€1.50m,1500000,1500000
Mario Sampirisi,,,,,,,0,0
Marco Capuano,18/19,17/08/2018,Cagliari,Frosinone,€1.00m,€500k,1000000,500000
Marco Capuano,14/15,01/02/2015,Pescara,Cagliari,€1.20m,€750k,1200000,750000
Mehdi Zeffane,15/16,12/08/2015,Lyon,Stade Rennais,€1.25m,€1.00m,1250000,1000000
Elvis Rexhbeçaj,22/23,27/07/2022,Wolfsburg,Augsburg,€4.00m,€1.70m,4000000,1700000
Wes Morgan,11/12,30/01/2012,Nott'm Forest,Leicester,€1.30m,€1.13m,1300000,1130000
Álvaro Odriozola,23/24,01/09/2023,Real Madrid,Real Sociedad,€5.00m,€3.00m,5000000,3000000
Álvaro Odriozola,18/19,05/07/2018,Real Sociedad,Real Madrid,€25.00m,€32.00m,25000000,32000000
Mohamed Dräger,23/24,25/08/2023,Nott'm Forest,Basel,€900k,€420k,900000,420000
Mohamed Dräger,21/22,31/08/2021,Olympiacos,Nott'm Forest,€1.00m,€1.00m,1000000,1000000
Mohamed Dräger,20/21,27/09/2020,Freiburg,Olympiacos,€1.60m,€1.00m,1600000,1000000
Antonín Barák,22/23,31/01/2023,Hellas Verona,Fiorentina,€12.00m,€7.86m,12000000,7860000
Antonín Barák,21/22,01/07/2021,Udinese,Hellas Verona,€14.00m,€6.00m,14000000,6000000
Antonín Barák,17/18,01/07/2017,Slavia Praha,Udinese,€2.50m,€3.00m,2500000,3000000
Antonín Barák,15/16,01/01/2016,Pribram,Slavia Praha,€250k,€400k,250000,400000
Francis Guerrero,,,,,,,0,0
Kevin Long,09/10,01/01/2010,Cork City,Burnley,-,€350k,0,350000
João Pedro,24/25,05/08/2024,Benfica,PSG,€55.00m,€65.92m,55000000,65920000
Mohamed Fares,20/21,01/10/2020,SPAL,Lazio,€7.00m,€8.00m,7000000,8000000
Mohamed Fares,19/20,01/07/2019,Hellas Verona,SPAL,€6.00m,€3.50m,6000000,3500000
Yevhen Konoplyanka,19/20,02/09/2019,FC Schalke 04,Shakhtar D.,€6.50m,€1.80m,6500000,1800000
Yevhen Konoplyanka,17/18,01/07/2017,Sevilla FC,FC Schalke 04,€10.00m,€12.50m,10000000,12500000
Ismaël Traoré,,,,,,,0,0
Marco Richter,23/24,22/08/2023,Hertha BSC,Mainz,€5.00m,€3.00m,5000000,3000000
Marco Richter,21/22,09/08/2021,Augsburg,Hertha BSC,€5.00m,€7.10m,5000000,7100000
Jérôme Gondorf,20/21,01/07/2020,Freiburg,Karlsruher SC,€600k,€500k,600000,500000
Jérôme Gondorf,18/19,01/07/2018,Werder Bremen,Freiburg,€1.50m,€1.30m,1500000,1300000
Jérôme Gondorf,17/18,01/07/2017,Darmstadt 98,Werder Bremen,€2.00m,€1.20m,2000000,1200000
Sehrou Guirassy,24/25,18/07/2024,Stuttgart,Dortmund,€40.00m,€18.00m,40000000,18000000
Sehrou Guirassy,23/24,01/07/2023,Stade Rennais,Stuttgart,€14.00m,€9.00m,14000000,9000000
Sehrou Guirassy,20/21,27/08/2020,Amiens SC,Stade Rennais,€8.00m,€15.00m,8000000,15000000
Sehrou Guirassy,19/20,01/07/2019,1.FC Köln,Amiens SC,€3.50m,€6.00m,3500000,6000000
Sehrou Guirassy,16/17,20/07/2016,Lille,1.FC Köln,€2.00m,€3.80m,2000000,3800000
Sehrou Guirassy,15/16,02/07/2015,Stade Lavallois,Lille,€400k,€500k,400000,500000
Adrián González,,,,,,,0,0
Stef Peeters,20/21,07/07/2020,Cercle Brugge,KAS Eupen,€1.40m,€700k,1400000,700000
Stef Peeters,19/20,15/07/2019,SM Caen,Cercle Brugge,€1.80m,€500k,1800000,500000
Stef Peeters,17/18,01/07/2017,Sint-Truiden,SM Caen,€1.50m,€1.35m,1500000,1350000
Jakub Kiwior,26/27,01/07/2026,Arsenal,Porto,€27.00m,€17.00m,27000000,17000000
Jakub Kiwior,22/23,23/01/2023,Spezia Calcio,Arsenal,€8.00m,€19.50m,8000000,19500000
Jakub Kiwior,21/22,31/08/2021,MSK Zilina,Spezia Calcio,€400k,€2.40m,400000,2400000
Jakub Kiwior,19/20,02/08/2019,Podbrezova,MSK Zilina,€200k,€250k,200000,250000
Jakub Kiwior,18/19,16/01/2019,Anderlecht U21,Podbrezova,-,€10k,0,10000
Jakub Kiwior,16/17,15/07/2016,GKS Tychy,Anderlecht U17,-,€13k,0,13000
Jacob Bruun Larsen,25/26,11/07/2025,Stuttgart,Burnley,€5.00m,€4.00m,5000000,4000000
Jacob Bruun Larsen,24/25,08/01/2025,Hoffenheim,Stuttgart,€6.00m,€1.70m,6000000,1700000
Jacob Bruun Larsen,19/20,31/01/2020,Dortmund,Hoffenheim,€12.00m,€9.00m,12000000,9000000
Glenn Murray,16/17,31/01/2017,Bournemouth,Brighton,€3.50m,€3.50m,3500000,3500000
Glenn Murray,15/16,01/09/2015,Crystal Palace,Bournemouth,€2.50m,€5.40m,2500000,5400000
Glenn Murray,07/08,29/01/2008,Rochdale,Brighton,-,€450k,0,450000
Glenn Murray,06/07,20/10/2006,Carlisle United,Rochdale,-,€100k,0,100000
Shinji Okazaki,15/16,01/07/2015,Mainz,Leicester,€8.00m,€11.00m,8000000,11000000
Shinji Okazaki,13/14,01/07/2013,Stuttgart,Mainz,€2.00m,€1.50m,2000000,1500000
Pedro López Muñoz,11/12,01/07/2011,Real Valladolid,Levante,€2.00m,€200k,2000000,200000
Pavel Kadeřábek,15/16,01/07/2015,Sparta Prague,Hoffenheim,€3.50m,€3.50m,3500000,3500000
Gabriel Silva,23/24,25/01/2024,Corinthians,PSG,€15.00m,€20.00m,15000000,20000000
Jessy Deminguet,,,,,,,0,0
Marco Andreolli,10/11,24/08/2010,Roma,Chievo Verona,€2.50m,€800k,2500000,800000
Marco Andreolli,07/08,01/07/2007,Inter,Roma,€950k,€5.50m,950000,5500000
Marco Andreolli,05/06,01/07/2005,Padova U19,Inter,-,€400k,0,400000
Óscar Rodríguez Arnaiz,20/21,29/08/2020,Real Madrid,Sevilla FC,€15.00m,€13.50m,15000000,13500000
Jérôme Hergault,,,,,,,0,0
Tommy Smith,,,,,,,0,0
Gervinho,15/16,26/01/2016,Roma,HB CFFC,€15.00m,€18.00m,15000000,18000000
Gervinho,13/14,08/08/2013,Arsenal,Roma,€10.00m,€8.00m,10000000,8000000
Gervinho,11/12,12/07/2011,Lille,Arsenal,€15.00m,€12.00m,15000000,12000000
Gervinho,09/10,21/07/2009,Le Mans UC 72,Lille,€6.00m,€6.50m,6000000,6500000
Gervinho,07/08,01/07/2007,KSK Beveren,Le Mans UC 72,€1.00m,€650k,1000000,650000
Oussama Idrissi,20/21,05/10/2020,AZ Alkmaar,Sevilla FC,€12.00m,€12.00m,12000000,12000000
Oussama Idrissi,17/18,17/01/2018,FC Groningen,AZ Alkmaar,€2.00m,€2.00m,2000000,2000000
Rodrigo Ely,23/24,02/08/2023,UD Almería,Grêmio,€3.00m,€1.50m,3000000,1500000
Rodrigo Ely,17/18,01/08/2017,AC Milan,Alavés,€2.00m,€2.80m,2000000,2800000
Darko Brašanac,23/24,01/02/2024,CA Osasuna,CD Leganés,€1.50m,€200k,1500000,200000
Darko Brašanac,19/20,22/07/2019,Real Betis,CA Osasuna,€2.00m,€1.00m,2000000,1000000
Darko Brašanac,16/17,24/08/2016,Partizan,Real Betis,€2.50m,€1.50m,2500000,1500000
José Mari,13/14,25/04/2013,Danubio FC,Atlético,€100k,€995k,100000,995000
Nehuén Paz,17/18,30/01/2018,Newell's,Bologna,€1.40m,€1.00m,1400000,1000000
Aridane Hernández,17/18,17/07/2017,Cádiz CF,CA Osasuna,€600k,€2.00m,600000,2000000
Elif Elmas,23/24,01/01/2024,Napoli,Leipzig,€24.00m,€24.00m,24000000,24000000
Elif Elmas,19/20,24/07/2019,Fenerbahçe,Napoli,€10.00m,€17.70m,10000000,17700000
Elif Elmas,17/18,28/07/2017,Rabotnicki,Fenerbahçe,€500k,€180k,500000,180000
Yoane Wissa,25/26,01/09/2025,Brentford,Newcastle,€32.00m,€57.70m,32000000,57700000
Yoane Wissa,21/22,10/08/2021,FC Lorient,Brentford,€10.00m,€10.00m,10000000,10000000
Yoane Wissa,17/18,22/01/2018,Angers SCO,FC Lorient,€300k,€2.00m,300000,2000000
Charalambos Lykogiannis,,,,,,,0,0
Filip Helander,19/20,13/07/2019,Bologna,Rangers,€2.00m,€3.35m,2000000,3350000
Filip Helander,17/18,01/07/2017,Hellas Verona,Bologna,€1.50m,€2.00m,1500000,2000000
Filip Helander,15/16,22/07/2015,Malmö,Hellas Verona,€1.50m,€1.00m,1500000,1000000
Sebastien De Maio,19/20,01/07/2019,Bologna,Udinese,€1.00m,€1.50m,1000000,1500000
Sebastien De Maio,17/18,01/07/2017,RSC Anderlecht,Bologna,€1.50m,€2.00m,1500000,2000000
Sebastien De Maio,16/17,06/07/2016,Genoa,RSC Anderlecht,€3.00m,€3.30m,3000000,3300000
Chris Mepham,25/26,28/08/2025,Bournemouth,West Brom,€6.00m,€1.15m,6000000,1150000
Chris Mepham,18/19,22/01/2019,Brentford,Bournemouth,€8.00m,€13.60m,8000000,13600000
Danny Welbeck,14/15,01/09/2014,Man Utd,Arsenal,€17.00m,€20.00m,17000000,20000000
François Bellugou,18/19,01/07/2018,Troyes,AJ Auxerre,€1.50m,€200k,1500000,200000
Juanmi,25/26,01/07/2025,Real Betis,Getafe,€2.00m,€1.20m,2000000,1200000
Juanmi,19/20,01/07/2019,Real Sociedad,Real Betis,€8.00m,€8.00m,8000000,8000000
Juanmi,16/17,01/07/2016,Southampton,Real Sociedad,€7.00m,€5.00m,7000000,5000000
Juanmi,15/16,01/07/2015,Málaga CF,Southampton,€7.00m,€7.00m,7000000,7000000
Troy Deeney,10/11,06/08/2010,Walsall,Watford,€300k,€725k,300000,725000
Theo Walcott,17/18,17/01/2018,Arsenal,Everton,€20.00m,€22.50m,20000000,22500000
Theo Walcott,05/06,20/01/2006,Southampton,Arsenal,€2.50m,€10.50m,2500000,10500000
Samuel Kalu,21/22,26/01/2022,G. Bordeaux,Watford,€5.50m,€3.00m,5500000,3000000
Samuel Kalu,18/19,06/08/2018,KAA Gent,G. Bordeaux,€5.00m,€8.50m,5000000,8500000
Samuel Kalu,16/17,04/01/2017,AS Trencin,KAA Gent,€200k,€1.00m,200000,1000000
Mattias Svanberg,22/23,16/07/2022,Bologna,Wolfsburg,€15.00m,€9.50m,15000000,9500000
Mattias Svanberg,18/19,05/07/2018,Malmö,Bologna,€750k,€4.50m,750000,4500000
Lewis Holtby,15/16,01/07/2015,Tottenham,Hamburg,€4.00m,€6.50m,4000000,6500000
Lewis Holtby,12/13,28/01/2013,FC Schalke 04,Tottenham,€11.00m,€1.75m,11000000,1750000
Lewis Holtby,09/10,07/07/2009,Alem. Aachen,FC Schalke 04,€3.00m,€3.00m,3000000,3000000
Gerzino Nyamsi,23/24,01/02/2024,R. Strasbourg,Loko Moscow,€5.00m,€3.50m,5000000,3500000
Gerzino Nyamsi,21/22,30/08/2021,Stade Rennais,R. Strasbourg,€3.50m,€1.50m,3500000,1500000
Miloš Pantović,25/26,31/08/2025,FK TSC,Panathinaikos,€3.50m,€1.50m,3500000,1500000
Miloš Pantović,23/24,01/07/2023,Vozdovac,FK TSC,€2.20m,€300k,2200000,300000
Florent Hadergjonaj,18/19,01/07/2018,FC Ingolstadt,Huddersfield,€5.00m,€5.00m,5000000,5000000
Florent Hadergjonaj,16/17,08/08/2016,Young Boys,FC Ingolstadt,€3.00m,€2.00m,3000000,2000000
Kiko Olivas,,,,,,,0,0
Eberechi Eze,25/26,23/08/2025,Crystal Palace,Arsenal,€55.00m,€69.30m,55000000,69300000
Eberechi Eze,20/21,28/08/2020,QPR,Crystal Palace,€9.00m,€17.80m,9000000,17800000
Ki Sung-yueng,,,,,,,0,0
Ashley Williams,16/17,10/08/2016,Swansea,Everton,€8.00m,€14.00m,8000000,14000000
Ashley Williams,08/09,01/07/2008,Stockport,Swansea,€600k,€500k,600000,500000
Ashley Williams,03/04,10/12/2003,Hednesford,Stockport,-,€40k,0,40000
Eldor Shomurodov,26/27,01/07/2026,Roma,Basaksehir,€7.00m,€2.80m,7000000,2800000
Eldor Shomurodov,21/22,02/08/2021,Genoa,Roma,€7.00m,€19.78m,7000000,19780000
Eldor Shomurodov,20/21,01/10/2020,Rostov,Genoa,€6.50m,€9.50m,6500000,9500000
Eldor Shomurodov,17/18,15/07/2017,Bunyodkor,Rostov,€750k,€300k,750000,300000
Robert Gumny,20/21,02/09/2020,Lech Poznan,Augsburg,€3.50m,€2.00m,3500000,2000000
Chris Philipps,17/18,02/02/2018,FC Metz,Legia Warszawa,€1.25m,€250k,1250000,250000
Mexer,,,,,,,0,0
Iñigo Córdoba,,,,,,,0,0
Leo Štulac,23/24,01/07/2023,FC Empoli,Palermo,€1.00m,€1.00m,1000000,1000000
Leo Štulac,19/20,26/07/2019,Parma,FC Empoli,€2.30m,€2.50m,2300000,2500000
Leo Štulac,18/19,01/07/2018,Venezia,Parma,€1.40m,€1.55m,1400000,1550000
Leo Štulac,16/17,15/07/2016,FC Koper,Venezia,€300k,€50k,300000,50000
André Carrillo,19/20,23/07/2019,Benfica,Al-Hilal,€7.00m,€9.50m,7000000,9500000
André Carrillo,11/12,01/07/2011,Alianza Lima,Sporting,€400k,€1.00m,400000,1000000
Fabian Frei,17/18,01/01/2018,Mainz,Basel,€2.25m,€1.50m,2250000,1500000
Fabian Frei,15/16,01/07/2015,Basel,Mainz,€5.00m,€3.60m,5000000,3600000
Maximilian Bauer,,,,,,,0,0
Ben Gibson,21/22,01/07/2021,Burnley,Norwich,€7.00m,€9.30m,7000000,9300000
Ben Gibson,18/19,05/08/2018,Middlesbrough,Burnley,€10.00m,€16.90m,10000000,16900000
Adrien Truffert,25/26,01/07/2025,Stade Rennais,Bournemouth,€15.00m,€13.50m,15000000,13500000
Sergiño Dest,20/21,01/10/2020,Ajax,Barcelona,€18.00m,€21.00m,18000000,21000000
Rober Correa,,,,,,,0,0
Demarai Gray,23/24,07/09/2023,Everton,Al-Ettifaq,€20.00m,€9.30m,20000000,9300000
Demarai Gray,21/22,22/07/2021,Leverkusen,Everton,€8.00m,€2.00m,8000000,2000000
Demarai Gray,20/21,31/01/2021,Leicester,Leverkusen,€12.00m,€2.00m,12000000,2000000
Demarai Gray,15/16,04/01/2016,Birmingham,Leicester,€4.00m,€5.10m,4000000,5100000
Yoann Court,,,,,,,0,0
Joselu,24/25,02/07/2024,Real Madrid,Al-Gharafa,€5.00m,€1.50m,5000000,1500000
Joselu,24/25,01/07/2024,Espanyol,Real Madrid,€5.00m,€1.50m,5000000,1500000
Joselu,19/20,15/07/2019,Newcastle,Alavés,€4.00m,€2.24m,4000000,2240000
Joselu,17/18,16/08/2017,Stoke City,Newcastle,€3.50m,€5.50m,3500000,5500000
Joselu,15/16,01/07/2015,Hannover 96,Stoke City,€6.00m,€8.00m,6000000,8000000
Joselu,14/15,01/07/2014,Hoffenheim,Hannover 96,€3.00m,€5.00m,3000000,5000000
Joselu,12/13,08/08/2012,RM Castilla,Hoffenheim,-,€6.00m,0,6000000
Joselu,09/10,30/08/2009,Celta de Vigo,RM Castilla,€800k,€1.50m,800000,1500000
Héctor Moreno,17/18,31/01/2018,Roma,Real Sociedad,€5.00m,€6.00m,5000000,6000000
Héctor Moreno,17/18,01/07/2017,PSV,Roma,€8.00m,€5.70m,8000000,5700000
Héctor Moreno,15/16,15/08/2015,Espanyol,PSV,€6.50m,€3.50m,6500000,3500000
Héctor Moreno,11/12,01/07/2011,AZ Alkmaar,Espanyol,€4.50m,€2.50m,4500000,2500000
Héctor Moreno,07/08,01/01/2008,UNAM Pumas,AZ Alkmaar,€2.00m,€4.00m,2000000,4000000
Ronny Rodelin,16/17,26/07/2016,Lille,SM Caen,€2.50m,€1.00m,2500000,1000000
Ronny Rodelin,11/12,01/07/2011,FC Nantes,Lille,€1.50m,€1.50m,1500000,1500000
Ignacio Pussetto,24/25,19/07/2024,Huracán,UNAM Pumas,€2.70m,€1.38m,2700000,1380000
Ignacio Pussetto,19/20,14/01/2020,Udinese,Watford,€8.00m,€8.50m,8000000,8500000
Ignacio Pussetto,18/19,17/07/2018,Huracán,Udinese,€7.00m,€8.00m,7000000,8000000
Ignacio Pussetto,16/17,18/07/2016,Atl. Rafaela,Huracán,€750k,€1.25m,750000,1250000
Khouma Babacar,18/19,01/07/2018,Fiorentina,Sassuolo,€8.00m,€7.00m,8000000,7000000
Nuno Mendes,22/23,01/07/2022,Sporting,PSG,€40.00m,€38.00m,40000000,38000000
Gabriel Gudmundsson,25/26,08/07/2025,Lille,Leeds,€7.00m,€11.60m,7000000,11600000
Gabriel Gudmundsson,21/22,31/08/2021,FC Groningen,Lille,€1.80m,€6.00m,1800000,6000000
Sergio García,15/16,01/07/2015,Espanyol,Al-Rayyan,€6.00m,€1.50m,6000000,1500000
Sergio García,10/11,01/08/2010,Real Betis,Espanyol,€7.00m,€1.80m,7000000,1800000
Sergio García,08/09,01/09/2008,Real Zaragoza,Real Betis,€7.00m,€10.00m,7000000,10000000
Sergio García,05/06,01/07/2005,Barcelona,Real Zaragoza,€2.50m,€1.50m,2500000,1500000
Jaime Seoane,23/24,04/08/2023,Getafe,Pachuca,€2.50m,€2.50m,2500000,2500000
Alex Ferrari,19/20,01/07/2019,Bologna,Sampdoria,€1.50m,€3.60m,1500000,3600000
Lorenzo Venuti,,,,,,,0,0
Enes Ünal,24/25,01/07/2024,Getafe,Bournemouth,€18.00m,€16.50m,18000000,16500000
Enes Ünal,20/21,12/08/2020,Villarreal,Getafe,€8.00m,€9.00m,8000000,9000000
Enes Ünal,17/18,01/07/2017,Man City,Villarreal,€10.00m,€14.00m,10000000,14000000
Enes Ünal,15/16,06/07/2015,Bursaspor,Man City,€3.20m,€4.40m,3200000,4400000
Luca Waldschmidt,21/22,22/08/2021,Benfica,Wolfsburg,€15.00m,€12.00m,15000000,12000000
Luca Waldschmidt,20/21,14/08/2020,Freiburg,Benfica,€16.00m,€15.00m,16000000,15000000
Luca Waldschmidt,18/19,01/07/2018,Hamburg,Freiburg,€2.50m,€5.00m,2500000,5000000
Luca Waldschmidt,16/17,01/07/2016,Frankfurt,Hamburg,€1.00m,€1.30m,1000000,1300000
Pablo Insua,20/21,01/08/2020,FC Schalke 04,SD Huesca,€950k,€1.00m,950000,1000000
Pablo Insua,17/18,01/07/2017,Dep. La Coruña,FC Schalke 04,€3.00m,€3.50m,3000000,3500000
Mouctar Diakhaby,18/19,01/07/2018,Lyon,Valencia,€10.00m,€15.00m,10000000,15000000
Fede San Emeterio,18/19,15/08/2018,Sevilla Atl.,Real Valladolid,€1.00m,€500k,1000000,500000
Fede San Emeterio,16/17,16/08/2016,Racing,Sevilla Atl.,€300k,€400k,300000,400000
Ridgeciano Haps,21/22,31/08/2021,Feyenoord,Venezia,€4.50m,€500k,4500000,500000
Ridgeciano Haps,17/18,18/07/2017,AZ Alkmaar,Feyenoord,€5.00m,€6.00m,5000000,6000000
Kieran Tierney,19/20,08/08/2019,Celtic,Arsenal,€12.50m,€27.00m,12500000,27000000
Arkadiusz Reca,22/23,01/07/2022,Atalanta,Spezia Calcio,€3.00m,€3.90m,3000000,3900000
Arkadiusz Reca,18/19,01/07/2018,Wisla Plock,Atalanta,€250k,€3.70m,250000,3700000
Diego Farias,15/16,01/07/2015,Chievo Verona,Cagliari,€1.80m,€1.20m,1800000,1200000
Andre Gray,17/18,09/08/2017,Burnley,Watford,€10.00m,€20.40m,10000000,20400000
Andre Gray,15/16,21/08/2015,Brentford,Burnley,€1.00m,€12.40m,1000000,12400000
Andre Gray,14/15,01/07/2014,Luton,Brentford,€25k,€620k,25000,620000
Andre Gray,12/13,01/07/2012,Hinckley United,Luton,€25k,€40k,25000,40000
Roland Sallai,24/25,13/09/2024,Freiburg,Galatasaray,€15.00m,€6.00m,15000000,6000000
Roland Sallai,18/19,31/08/2018,APOEL Nicosia,Freiburg,€2.00m,€4.50m,2000000,4500000
Roland Sallai,17/18,29/08/2017,Puskás AFC,APOEL Nicosia,€1.00m,€2.00m,1000000,2000000
Bryan Dabo,20/21,15/09/2020,Fiorentina,Benevento,€2.00m,€500k,2000000,500000
Bryan Dabo,17/18,30/01/2018,Saint-Étienne,Fiorentina,€4.00m,€3.00m,4000000,3000000
Bryan Dabo,16/17,01/07/2016,Montpellier,Saint-Étienne,€2.50m,€4.00m,2500000,4000000
Sander Berge,24/25,22/08/2024,Burnley,Fulham,€20.00m,€23.55m,20000000,23550000
Sander Berge,23/24,09/08/2023,Sheff Utd,Burnley,€20.00m,€13.90m,20000000,13900000
Sander Berge,19/20,30/01/2020,Genk,Sheff Utd,€22.00m,€25.00m,22000000,25000000
Sander Berge,16/17,02/01/2017,Vålerenga,Genk,€800k,€2.00m,800000,2000000
Christoph Zimmermann,14/15,01/07/2014,M'gladbach II,B. Dortmund II,€100k,€25k,100000,25000
Lee Kangin,,,,,,,0,0
Jorge Cuenca,24/25,03/08/2024,Villarreal,Fulham,€6.00m,€6.70m,6000000,6700000
Jorge Cuenca,20/21,21/09/2020,Barcelona B,Villarreal,€2.30m,€3.84m,2300000,3840000
Jorge Cuenca,17/18,18/07/2017,AD Alcorcón B,Barcelona B,-,€400k,0,400000
Filippo Romagna,20/21,17/09/2020,Cagliari,Sassuolo,€4.50m,€4.00m,4500000,4000000
Filippo Romagna,17/18,28/07/2017,Juventus,Cagliari,€1.00m,€7.40m,1000000,7400000
Kévin Théophile-Catherine,15/16,01/07/2015,Cardiff,Saint-Étienne,€4.00m,€2.00m,4000000,2000000
Kévin Théophile-Catherine,13/14,31/08/2013,Stade Rennais,Cardiff,€5.00m,€2.50m,5000000,2500000
Mattia Aramu,23/24,01/07/2023,Venezia,Genoa,€2.20m,€2.50m,2200000,2500000
Cédric Bakambu,23/24,01/02/2024,Galatasaray,Real Betis,€2.80m,€5.00m,2800000,5000000
Cédric Bakambu,23/24,23/07/2023,Al-Nasr,Galatasaray,€5.00m,€700k,5000000,700000
Cédric Bakambu,17/18,17/01/2018,Villarreal,BJ Guoan,€25.00m,€40.00m,25000000,40000000
Cédric Bakambu,15/16,19/08/2015,Bursaspor,Villarreal,€5.50m,€7.50m,5500000,7500000
Cédric Bakambu,14/15,01/09/2014,FC Sochaux,Bursaspor,€3.00m,€1.80m,3000000,1800000
Darren Fletcher,,,,,,,0,0
Jeremy Toljan,21/22,01/07/2021,Dortmund,Sassuolo,€5.00m,€3.50m,5000000,3500000
Jeremy Toljan,17/18,30/08/2017,Hoffenheim,Dortmund,€3.50m,€7.00m,3500000,7000000
Jeremy Toljan,11/12,01/07/2011,Stuttgart U17,Hoffenheim U19,-,€500k,0,500000
Bacary Sagna,07/08,12/07/2007,AJ Auxerre,Arsenal,€6.00m,€9.00m,6000000,9000000
Mikel Balenziaga,13/14,01/07/2013,Real Valladolid,Athletic Club,€2.50m,€500k,2500000,500000
Mikel Balenziaga,08/09,01/08/2008,Real Sociedad B,Bilbao Athletic,-,€1.00m,0,1000000
Martin Valjent,19/20,01/07/2019,Chievo Verona,RCD Mallorca,€1.50m,€1.50m,1500000,1500000
Martin Valjent,17/18,30/08/2017,Ternana U.,Chievo Verona,€1.20m,€500k,1200000,500000
Joan Sastre Vanrell,22/23,01/07/2022,RCD Mallorca,PAOK,€1.80m,€400k,1800000,400000
Miiko Albornoz,14/15,01/07/2014,Malmö,Hannover 96,€1.00m,€1.50m,1000000,1500000
Sergio León,11/12,28/07/2011,Atlético,Man City,€36.00m,€40.00m,36000000,40000000
Sergio León,06/07,01/07/2006,Independiente,Atlético,€5.00m,€23.00m,5000000,23000000
Kwon Chang-hoon,,,,,,,0,0
Tiago Djaló,25/26,27/08/2025,Juventus,Besiktas,€8.00m,€3.50m,8000000,3500000
Tiago Djaló,23/24,22/01/2024,Lille,Juventus,€15.00m,€5.10m,15000000,5100000
Tiago Djaló,19/20,01/08/2019,Milan U19,Lille,€175k,€4.00m,175000,4000000
Tiago Djaló,18/19,30/01/2019,Sporting CP U23,Milan U19,€200k,€1.00m,200000,1000000
Luca Rossettini,19/20,12/07/2019,Genoa,Lecce,€500k,€500k,500000,500000
Luca Rossettini,17/18,18/08/2017,Torino,Genoa,€2.50m,€2.00m,2500000,2000000
Luca Rossettini,16/17,16/08/2016,Bologna,Torino,€2.00m,€1.98m,2000000,1980000
Luca Rossettini,15/16,01/07/2015,Cagliari,Bologna,€2.00m,€2.50m,2000000,2500000
Luca Rossettini,12/13,01/07/2012,AC Siena,Cagliari,€1.00m,€1.50m,1000000,1500000
Rouwen Hennings,15/16,14/08/2015,Karlsruher SC,Burnley,€1.50m,€2.50m,1500000,2500000
Rouwen Hennings,12/13,01/07/2012,St. Pauli,Karlsruher SC,€500k,€50k,500000,50000
Rouwen Hennings,09/10,01/07/2009,Hamburg,St. Pauli,€500k,€200k,500000,200000
Justin Kluivert,23/24,01/07/2023,Roma,Bournemouth,€14.00m,€10.80m,14000000,10800000
Justin Kluivert,18/19,01/07/2018,Ajax,Roma,€15.00m,€17.25m,15000000,17250000
Iñigo Pérez,18/19,02/07/2018,CD Numancia,CA Osasuna,€800k,€750k,800000,750000
Martin Agirregabiria,,,,,,,0,0
Mohamed Lamine Bayo,22/23,13/07/2022,Clermont Foot,Lille,€12.00m,€14.00m,12000000,14000000
Yunus Mallı,16/17,05/01/2017,Mainz,Wolfsburg,€10.00m,€12.50m,10000000,12500000
Sebastian Andersson,20/21,15/09/2020,Union Berlin,1.FC Köln,€7.00m,€6.50m,7000000,6500000
Sebastian Andersson,17/18,31/08/2017,Norrköping,1.FC K'lautern,€700k,€650k,700000,650000
Miguel Layún,18/19,30/01/2019,Villarreal,Monterrey,€3.00m,€4.00m,3000000,4000000
Miguel Layún,18/19,11/07/2018,Porto,Villarreal,€5.00m,€4.00m,5000000,4000000
Miguel Layún,16/17,01/07/2016,Watford,Porto,€7.00m,€6.00m,7000000,6000000
Miguel Layún,09/10,01/07/2009,Tiburones Rojos,Atalanta,€625k,€900k,625000,900000
M'Bala Nzola,23/24,10/08/2023,Spezia Calcio,Fiorentina,€8.00m,€12.60m,8000000,12600000
M'Bala Nzola,19/20,01/07/2019,Carpi,Trapani,€375k,€350k,375000,350000
M'Bala Nzola,17/18,07/08/2017,V. Francavilla,Carpi,€350k,€400k,350000,400000
Winston Reid,10/11,05/08/2010,Midtjylland,West Ham,€1.50m,€4.20m,1500000,4200000
David Timor,18/19,31/08/2018,Girona,UD Las Palmas,€2.00m,€1.50m,2000000,1500000
Romain Del Castillo,21/22,31/08/2021,Stade Rennais,Stade Brestois,€4.50m,€1.50m,4500000,1500000
Romain Del Castillo,18/19,01/07/2018,Lyon,Stade Rennais,€1.50m,€2.00m,1500000,2000000
Senou Coulibaly,,,,,,,0,0
Joris Gnagnon,18/19,25/07/2018,Stade Rennais,Sevilla FC,€15.00m,€13.50m,15000000,13500000
Emil Krafth,19/20,08/08/2019,Amiens SC,Newcastle,€2.50m,€5.40m,2500000,5400000
Emil Krafth,19/20,01/07/2019,Bologna,Amiens SC,€2.50m,€2.00m,2500000,2000000
Emil Krafth,15/16,21/08/2015,Helsingborgs IF,Bologna,€900k,€500k,900000,500000
Maxim Leitsch,22/23,01/07/2022,VfL Bochum,Mainz,€5.00m,€3.50m,5000000,3500000
Salvatore Molina,21/22,05/01/2022,Crotone,Monza,€1.00m,€450k,1000000,450000
Florian Miguel,,,,,,,0,0
Esteban Rolón,21/22,01/07/2021,Huracán,Boca Juniors,€1.00m,€412k,1000000,412000
Esteban Rolón,17/18,25/08/2017,Argentinos Jrs.,Málaga CF,€75k,€3.20m,75000,3200000
Marcel Risse,13/14,01/07/2013,Mainz,1.FC Köln,€1.20m,€700k,1200000,700000
Marcel Risse,11/12,01/07/2011,Leverkusen,Mainz,€1.75m,€800k,1750000,800000
Rúben Semedo,22/23,01/08/2022,Olympiacos,Al-Duhail SC,€5.00m,€3.50m,5000000,3500000
Rúben Semedo,19/20,01/07/2019,Villarreal,Olympiacos,€2.00m,€4.50m,2000000,4500000
Rúben Semedo,17/18,01/07/2017,Sporting,Villarreal,€9.00m,€14.00m,9000000,14000000
Saidy Janko,23/24,01/07/2023,Real Valladolid,Young Boys,€1.00m,€500k,1000000,500000
Saidy Janko,20/21,01/10/2020,Porto,Real Valladolid,€2.00m,€1.90m,2000000,1900000
Saidy Janko,18/19,01/07/2018,Saint-Étienne,Porto,€3.00m,€2.20m,3000000,2200000
Saidy Janko,15/16,01/07/2015,Man Utd U21,Celtic,€250k,€280k,250000,280000
Saidy Janko,13/14,02/09/2013,FC Zürich U18,Man Utd U21,-,€830k,0,830000
Abdelhamid Sabiri,22/23,30/01/2023,Sampdoria,Fiorentina,€4.00m,€2.50m,4000000,2500000
Abdelhamid Sabiri,22/23,01/07/2022,Ascoli,Sampdoria,€3.00m,€1.00m,3000000,1000000
Abdelhamid Sabiri,17/18,23/08/2017,1.FC Nuremberg,Huddersfield,€400k,€1.50m,400000,1500000
Marius Wolf,18/19,02/07/2018,Frankfurt,Dortmund,€10.00m,€5.00m,10000000,5000000
Marius Wolf,18/19,01/07/2018,Hannover 96,Frankfurt,€10.00m,€500k,10000000,500000
Marius Wolf,15/16,08/01/2016,1860 Munich,Hannover 96,€800k,€1.50m,800000,1500000
Paul Dummett,,,,,,,0,0
Adrián López,14/15,12/07/2014,Atlético,Porto,€8.00m,€11.00m,8000000,11000000
Adrián López,06/07,01/07/2006,Real Oviedo,Dep. La Coruña,-,€330k,0,330000
Lukas Mühl,,,,,,,0,0
Jeffrey Bruma,16/17,01/07/2016,PSV,Wolfsburg,€7.75m,€11.50m,7750000,11500000
Jeffrey Bruma,13/14,13/07/2013,Chelsea,PSV,€2.25m,€3.50m,2250000,3500000
Jeffrey Bruma,07/08,01/07/2007,Feyenoord Youth,Chelsea U18,-,€120k,0,120000
Kévin Monnet-Paquet,11/12,01/07/2011,Lens,FC Lorient,€2.50m,€3.00m,2500000,3000000
Diego González,25/26,04/01/2026,Lazio,Atlas,€4.00m,€1.20m,4000000,1200000
Diego González,23/24,01/07/2023,Celaya,Lazio,€750k,€1.28m,750000,1280000
Pedrosa,,,,,,,0,0
Kieran Gibbs,17/18,30/08/2017,Arsenal,West Brom,€10.00m,€7.50m,10000000,7500000
Andrea Beghetto,21/22,01/07/2021,Frosinone,Pisa,€1.00m,€500k,1000000,500000
Andrea Beghetto,18/19,01/07/2018,Genoa,Frosinone,€900k,€1.50m,900000,1500000
Andrea Beghetto,16/17,05/01/2017,SPAL,Genoa,€600k,€350k,600000,350000
Jonas Wind,21/22,31/01/2022,Copenhagen,Wolfsburg,€7.00m,€12.00m,7000000,12000000
Darío Benedetto,21/22,21/01/2022,Marseille,Boca Juniors,€3.50m,€3.00m,3500000,3000000
Darío Benedetto,19/20,05/08/2019,Boca Juniors,Marseille,€15.00m,€14.00m,15000000,14000000
Darío Benedetto,16/17,01/07/2016,América,Boca Juniors,€2.80m,€4.40m,2800000,4400000
Darío Benedetto,14/15,01/01/2015,Club Tijuana,América,€1.80m,€6.60m,1800000,6600000
Darío Benedetto,13/14,01/07/2013,Arsenal Sarandí,Club Tijuana,€500k,€1.50m,500000,1500000
Federico Peluso,14/15,03/07/2014,Juventus,Sassuolo,€3.80m,€4.50m,3800000,4500000
Federico Peluso,13/14,01/07/2013,Atalanta,Juventus,€5.00m,€4.80m,5000000,4800000
Federico Peluso,08/09,01/01/2009,UC AlbinoLeffe,Atalanta,€1.50m,€1.00m,1500000,1000000
Ben Osborn,19/20,26/07/2019,Nott'm Forest,Sheff Utd,€3.00m,€3.90m,3000000,3900000
Karim Azamoum,,,,,,,0,0
Jorge Pulido,13/14,16/07/2013,Atlético,RM Castilla,€1.00m,€600k,1000000,600000
Ignacio Camacho,17/18,08/07/2017,Málaga CF,Wolfsburg,€10.00m,€14.00m,10000000,14000000
Ignacio Camacho,10/11,01/01/2011,Atlético,Málaga CF,€1.50m,€1.50m,1500000,1500000
Dejan Ljubicic,25/26,27/01/2026,Dinamo Zagreb,FC Schalke 04,€3.00m,€750k,3000000,750000
Salomon Kalou,14/15,31/08/2014,Lille,Hertha BSC,€8.00m,€1.80m,8000000,1800000
Salomon Kalou,06/07,01/07/2006,Feyenoord,Chelsea,€8.50m,€4.00m,8500000,4000000
Jeremie Boga,23/24,25/07/2023,Atalanta,Nice,€14.00m,€17.50m,14000000,17500000
Jeremie Boga,22/23,01/07/2022,Sassuolo,Atalanta,€19.00m,€22.00m,19000000,22000000
Jeremie Boga,18/19,21/07/2018,Chelsea U23,Sassuolo,€2.50m,€10.00m,2500000,10000000
Alessandro Tuia,11/12,01/07/2011,Lazio,Foligno,€100k,€200k,100000,200000
Raman Chibsah,19/20,08/08/2019,Frosinone,Gaziantep FK,€1.50m,€500k,1500000,500000
Raman Chibsah,18/19,01/07/2018,Benevento,Frosinone,€1.50m,€1.00m,1500000,1000000
Raman Chibsah,17/18,01/07/2017,Sassuolo,Benevento,€2.00m,€1.00m,2000000,1000000
Raman Chibsah,13/14,22/08/2013,Parma,Sassuolo,€1.50m,€5.00m,1500000,5000000
Raman Chibsah,12/13,17/08/2012,Juventus U19,Parma,€150k,€1.75m,150000,1750000
Davide Biraschi,16/17,31/08/2016,Avellino,Genoa,€400k,€1.60m,400000,1600000
Eric Bailly,16/17,01/07/2016,Villarreal,Man Utd,€8.00m,€38.00m,8000000,38000000
Eric Bailly,14/15,29/01/2015,Espanyol,Villarreal,€1.00m,€5.70m,1000000,5700000
Oliver Sorg,15/16,01/07/2015,Freiburg,Hannover 96,€3.50m,€3.50m,3500000,3500000
Javier Hernández,19/20,21/01/2020,Sevilla FC,LA Galaxy,€9.00m,€8.50m,9000000,8500000
Javier Hernández,19/20,02/09/2019,West Ham,Sevilla FC,€12.00m,€7.75m,12000000,7750000
Javier Hernández,17/18,24/07/2017,Leverkusen,West Ham,€18.00m,€17.80m,18000000,17800000
Javier Hernández,15/16,31/08/2015,Man Utd,Leverkusen,€10.00m,€12.00m,10000000,12000000
Javier Hernández,10/11,01/07/2010,Chivas,Man Utd,€6.00m,€7.50m,6000000,7500000
Valère Germain,17/18,01/07/2017,Monaco,Marseille,€10.00m,€8.00m,10000000,8000000
Álvaro García,18/19,23/08/2018,Cádiz CF,Rayo Vallecano,€5.00m,€4.50m,5000000,4500000
Rémi Walter,15/16,16/01/2016,AS Nancy,Nice,€2.00m,€1.00m,2000000,1000000
Dylan Bronn,22/23,12/08/2022,FC Metz,Salernitana,€4.00m,€1.56m,4000000,1560000
Dylan Bronn,19/20,03/01/2020,KAA Gent,FC Metz,€5.00m,€4.00m,5000000,4000000
Dylan Bronn,17/18,31/07/2017,Chamois Niort,KAA Gent,€800k,€1.00m,800000,1000000
Mathias Normann,23/24,20/08/2023,Rostov,Al-Raed,€6.00m,€3.00m,6000000,3000000
Mathias Normann,18/19,28/01/2019,Brighton,Rostov,€400k,€1.70m,400000,1700000
Mathias Normann,17/18,20/07/2017,Bodø/Glimt,Brighton,€400k,€1.40m,400000,1400000
Vladimir Golemić,18/19,07/08/2018,FC Lugano,Crotone,€1.00m,€760k,1000000,760000
Vladimir Golemić,16/17,01/07/2016,FC Chiasso,FC Lugano,€400k,€150k,400000,150000
Vladimir Golemić,15/16,08/02/2016,Mladost,FC Chiasso,€400k,€100k,400000,100000
Vladimir Golemić,10/11,01/07/2010,Sampion Celje,E. Cottbus II,-,€25k,0,25000
Georges Mandjeck,17/18,18/07/2017,FC Metz,Sparta Prague,€1.25m,€1.30m,1250000,1300000
Georges Mandjeck,13/14,01/07/2013,AJ Auxerre,K. Erciyesspor,€1.50m,€1.00m,1500000,1000000
Georges Mandjeck,11/12,31/01/2012,Stade Rennais,AJ Auxerre,€2.00m,€1.00m,2000000,1000000
Georges Mandjeck,10/11,01/07/2010,Stuttgart,Stade Rennais,€2.00m,€1.20m,2000000,1200000
Georges Mandjeck,07/08,01/07/2007,Kadji SA,Stuttgart,-,€200k,0,200000
Kasper Dolberg,25/26,02/09/2025,RSC Anderlecht,Ajax,€13.00m,€10.00m,13000000,10000000
Kasper Dolberg,23/24,07/07/2023,Nice,RSC Anderlecht,€7.00m,€5.00m,7000000,5000000
Kasper Dolberg,19/20,29/08/2019,Ajax,Nice,€18.00m,€20.50m,18000000,20500000
Kasper Dolberg,15/16,01/07/2015,Silkeborg U19,Ajax U19,-,€270k,0,270000
Chory Castro,07/08,07/08/2007,Nacional,RCD Mallorca,€2.50m,€2.50m,2500000,2500000
Saidou Sow,23/24,09/08/2023,Saint-Étienne,R. Strasbourg,€3.50m,€3.00m,3500000,3000000
Odilon Kossonou,,,,,,,0,0
Kai Pröger,18/19,14/01/2019,RW Essen,SC Paderborn,€175k,€50k,175000,50000
Víctor Camarasa,17/18,01/07/2017,Levante,Real Betis,€5.00m,€7.00m,5000000,7000000
Kader Mangane,12/13,18/07/2012,Stade Rennais,Al-Hilal,€5.50m,€3.00m,5500000,3000000
Kader Mangane,08/09,10/08/2008,Lens,Stade Rennais,€2.00m,€2.00m,2000000,2000000
Kader Mangane,07/08,28/08/2007,Young Boys,Lens,€3.00m,€3.30m,3000000,3300000
Kader Mangane,07/08,01/07/2007,Neuchâtel Xamax,Young Boys,€900k,€200k,900000,200000
Simone Padoin,16/17,04/07/2016,Juventus,Cagliari,€1.50m,€590k,1500000,590000
Simone Padoin,11/12,31/01/2012,Atalanta,Juventus,€3.70m,€5.00m,3700000,5000000
Simone Padoin,07/08,01/07/2007,Vicenza,Atalanta,-,€3.45m,0,3450000
James Lea Siliki,,,,,,,0,0
Joe Scally,20/21,01/01/2021,New York City,Mönchengladbach,€2.00m,€1.80m,2000000,1800000
Chris Führich,21/22,19/07/2021,SC Paderborn,Stuttgart,€2.50m,€2.50m,2500000,2500000
Chris Führich,21/22,01/07/2021,B. Dortmund II,SC Paderborn,€2.50m,€700k,2500000,700000
Jhon Chancellor,19/20,21/07/2019,Al-Ahli SC,Brescia,€700k,€1.60m,700000,1600000
Jacob Murphy,17/18,19/07/2017,Norwich,Newcastle,€1.00m,€11.30m,1000000,11300000
Joshua Brenet,18/19,01/07/2018,PSV,Hoffenheim,€5.00m,€3.50m,5000000,3500000
Marco Benassi,17/18,09/08/2017,Torino,Fiorentina,€9.50m,€12.00m,9500000,12000000
Marco Benassi,14/15,01/07/2014,Inter,Torino,€4.00m,€4.80m,4000000,4800000
Marco Benassi,11/12,01/07/2011,Modena U19,Inter U19,-,€1.25m,0,1250000
Trézéguet,00/01,01/07/2000,Monaco,Juventus,-,€23.24m,0,23240000
Sofian Kiyine,22/23,02/09/2022,Lazio,OH Leuven,€2.10m,€1.70m,2100000,1700000
Sofian Kiyine,19/20,16/07/2019,Chievo Verona,Lazio,€1.50m,€1.00m,1500000,1000000
Dimitris Nikolaou,24/25,14/07/2024,Spezia Calcio,Palermo,€2.00m,€1.60m,2000000,1600000
Dimitris Nikolaou,21/22,09/08/2021,FC Empoli,Spezia Calcio,€2.30m,€3.50m,2300000,3500000
Dimitris Nikolaou,19/20,01/07/2019,Olympiacos,FC Empoli,€2.50m,€4.00m,2500000,4000000
Prince-Désir Gouano,17/18,01/07/2017,Atalanta,Amiens SC,€1.25m,€130k,1250000,130000
Prince-Désir Gouano,13/14,01/09/2013,Juventus,Atalanta,€200k,€1.45m,200000,1450000
Prince-Désir Gouano,11/12,20/08/2011,Le Havre B,Juventus U19,€100k,€1.50m,100000,1500000
Valentín Vada,19/20,23/08/2019,G. Bordeaux,UD Almería,€4.00m,€750k,4000000,750000
Geoff Cameron,12/13,08/08/2012,Houston,Stoke City,€1.50m,€2.15m,1500000,2150000
Lukas Rupp,19/20,13/01/2020,Hoffenheim,Norwich,€3.00m,€500k,3000000,500000
Lukas Rupp,16/17,01/07/2016,Stuttgart,Hoffenheim,€4.00m,€5.00m,4000000,5000000
Lukas Rupp,11/12,01/07/2011,Karlsruher SC,Mönchengladbach,€750k,€600k,750000,600000
Javi Fuego,17/18,30/01/2018,Espanyol,Villarreal,€1.00m,€1.50m,1000000,1500000
Javi Fuego,16/17,13/08/2016,Valencia,Espanyol,€4.00m,€1.00m,4000000,1000000
Javi Fuego,08/09,01/07/2008,Levante,Recr. Huelva,€800k,€140k,800000,140000
Javi Fuego,07/08,01/07/2007,Sporting Gijón,Levante,-,€550k,0,550000
Jeremy Ngakia,,,,,,,0,0
Stian Rode Gregersen,23/24,31/01/2024,G. Bordeaux,Atlanta,€1.80m,€2.00m,1800000,2000000
Stian Rode Gregersen,21/22,31/08/2021,Molde FK,G. Bordeaux,€1.00m,€2.00m,1000000,2000000
Pedro León,13/14,11/07/2013,Real Madrid,Getafe,€3.00m,€6.00m,3000000,6000000
Pedro León,10/11,12/07/2010,Getafe,Real Madrid,€8.00m,€10.00m,8000000,10000000
Pedro León,09/10,25/08/2009,Real Valladolid,Getafe,€6.00m,€4.00m,6000000,4000000
Pedro León,08/09,01/09/2008,Levante,Real Valladolid,€3.60m,€300k,3600000,300000
Pedro León,07/08,14/07/2007,Real Murcia,Levante,-,€2.20m,0,2200000
Keagan Dolly,16/17,27/01/2017,Sundowns,Montpellier,€800k,€1.70m,800000,1700000
Keagan Dolly,14/15,01/07/2014,Ajax Cape Town,Sundowns,€225k,€598k,225000,598000
Ryan Bertrand,14/15,02/02/2015,Chelsea,Southampton,€6.00m,€13.30m,6000000,13300000
Ryan Bertrand,05/06,01/07/2005,Gillingham U18,Chelsea U18,-,€180k,0,180000
Portu,23/24,01/09/2023,Getafe,Girona,€3.50m,€1.50m,3500000,1500000
Portu,23/24,01/07/2023,Real Sociedad,Getafe,€3.50m,€3.50m,3500000,3500000
Portu,19/20,01/07/2019,Girona,Real Sociedad,€10.00m,€10.00m,10000000,10000000
Vicente Gómez,18/19,17/08/2018,UD Las Palmas,Dep. La Coruña,€2.50m,€600k,2500000,600000
Nathaniel Mendez-Laing,12/13,06/07/2012,Wolves U21,Peterborough,€150k,€315k,150000,315000
Patson Daka,21/22,01/07/2021,Salzburg,Leicester,€22.00m,€30.00m,22000000,30000000
Patson Daka,17/18,01/07/2017,Kafue Celtic FC,Salzburg,€250k,€250k,250000,250000
Yuya Osako,21/22,08/08/2021,Werder Bremen,Vissel Kobe,€1.00m,€800k,1000000,800000
Yuya Osako,18/19,01/07/2018,1.FC Köln,Werder Bremen,€4.50m,€4.50m,4500000,4500000
Yuya Osako,14/15,01/07/2014,1860 Munich,1.FC Köln,€2.00m,€1.60m,2000000,1600000
Yuya Osako,13/14,06/01/2014,Kashima Antlers,1860 Munich,€1.25m,€500k,1250000,500000
Remi Oudin,23/24,28/08/2023,G. Bordeaux,Lecce,€4.00m,€1.00m,4000000,1000000
Remi Oudin,19/20,09/01/2020,Stade Reims,G. Bordeaux,€11.00m,€10.00m,11000000,10000000
Marcus Coco,19/20,16/07/2019,Guingamp,FC Nantes,€3.00m,€3.00m,3000000,3000000
Dimitri Foulquier,21/22,30/08/2021,Granada CF,Valencia,€3.50m,€2.50m,3500000,2500000
Dimitri Foulquier,20/21,04/08/2020,Watford,Granada CF,€2.00m,€2.00m,2000000,2000000
Dimitri Foulquier,17/18,25/08/2017,Granada CF,Watford,€2.00m,€2.00m,2000000,2000000
Dimitri Foulquier,14/15,01/07/2014,Stade Rennais,Granada CF,€1.50m,€2.50m,1500000,2500000
Arnaut Danjuma,21/22,19/08/2021,Bournemouth,Villarreal,€15.00m,€23.50m,15000000,23500000
Arnaut Danjuma,19/20,01/08/2019,Club Brugge,Bournemouth,€12.00m,€16.46m,12000000,16460000
Arnaut Danjuma,18/19,01/07/2018,NEC Nijmegen,Club Brugge,€1.50m,€2.80m,1500000,2800000
Josema,13/14,25/04/2013,Danubio FC,Atlético,€100k,€995k,100000,995000
Stefan Mitrović,23/24,01/02/2024,Red Star,Hellas Verona,€3.00m,€1.30m,3000000,1300000
Stefan Mitrović,22/23,19/07/2022,Radnicki Nis,Red Star,€800k,€500k,800000,500000
Jakub Moder,24/25,20/01/2025,Brighton,Feyenoord,€10.00m,€1.50m,10000000,1500000
Jakub Moder,20/21,04/10/2020,Lech Poznan,Brighton,€3.00m,€11.00m,3000000,11000000
Victor Moses,21/22,01/07/2021,Chelsea,Spartak Moscow,€6.50m,€5.00m,6500000,5000000
Victor Moses,12/13,24/08/2012,Wigan,Chelsea,€6.50m,€11.50m,6500000,11500000
Victor Moses,09/10,31/01/2010,Crystal Palace,Wigan,€1.25m,€3.00m,1250000,3000000
Martín Cáceres,17/18,08/01/2018,Hellas Verona,Lazio,€3.00m,€600k,3000000,600000
Martín Cáceres,12/13,01/07/2012,Sevilla FC,Juventus,€9.50m,€8.00m,9500000,8000000
Martín Cáceres,11/12,01/07/2011,Barcelona,Sevilla FC,€7.00m,€3.00m,7000000,3000000
Martín Cáceres,08/09,01/07/2008,Villarreal,Barcelona,€6.00m,€16.50m,6000000,16500000
Martín Cáceres,07/08,01/07/2007,Defensor SC,Villarreal,-,€900k,0,900000
Nicolás Spolli,19/20,01/07/2019,Genoa,Crotone,€250k,€400k,250000,400000
Nicolás Spolli,09/10,01/07/2009,Newell's,Catania,€1.40m,€1.00m,1400000,1000000
Cala,,,,,,,0,0
Sergio Mora,,,,,,,0,0
Yvann Macon,19/20,31/01/2020,USL Dunkerque,Saint-Étienne,€50k,€450k,50000,450000
Márton Dárdai,,,,,,,0,0
Daniel Ginczek,18/19,01/07/2018,Stuttgart,Wolfsburg,€3.50m,€10.00m,3500000,10000000
Daniel Ginczek,14/15,01/07/2014,1.FC Nuremberg,Stuttgart,€2.50m,€2.50m,2500000,2500000
Daniel Ginczek,13/14,01/07/2013,Dortmund,1.FC Nuremberg,€2.00m,€1.50m,2000000,1500000
Andreu Fontàs,13/14,01/07/2013,Barcelona,Celta de Vigo,€1.50m,€1.00m,1500000,1000000
Ismaël Diomandé,16/17,01/07/2016,Saint-Étienne,SM Caen,€2.00m,€750k,2000000,750000
Ramadan Sobhi,20/21,07/09/2020,Huddersfield,Pyramids FC,€3.20m,€5.00m,3200000,5000000
Ramadan Sobhi,18/19,01/07/2018,Stoke City,Huddersfield,€7.00m,€6.50m,7000000,6500000
Ramadan Sobhi,16/17,25/07/2016,Al Ahly,Stoke City,€1.50m,€5.00m,1500000,5000000
Nenad Tomović,18/19,01/07/2018,Fiorentina,Chievo Verona,€1.50m,€1.30m,1500000,1300000
Nenad Tomović,12/13,31/08/2012,Genoa,Fiorentina,€1.30m,€4.20m,1300000,4200000
Nenad Tomović,09/10,01/07/2009,Red Star,Genoa,€1.75m,€2.20m,1750000,2200000
Nenad Tomović,05/06,03/01/2006,Rad,Red Star,-,€55k,0,55000
Jens Jønsson,16/17,26/08/2016,Aarhus GF,Konyaspor,€500k,€335k,500000,335000
Håvard Nordtveit,17/18,01/07/2017,West Ham,Hoffenheim,€5.00m,€8.00m,5000000,8000000
Moanes Dabbur,23/24,12/07/2023,Hoffenheim,Shabab Al-Ahli,€3.00m,€1.50m,3000000,1500000
Moanes Dabbur,19/20,07/01/2020,Sevilla FC,Hoffenheim,€10.00m,€12.00m,10000000,12000000
Moanes Dabbur,19/20,01/07/2019,Salzburg,Sevilla FC,€15.00m,€17.00m,15000000,17000000
Moanes Dabbur,16/17,01/07/2016,Grasshoppers,Salzburg,€7.00m,€5.00m,7000000,5000000
Moanes Dabbur,13/14,06/02/2014,M. Tel Aviv,Grasshoppers,€350k,€400k,350000,400000
Mattia Zaccagni,22/23,01/07/2022,Hellas Verona,Lazio,€18.00m,€7.10m,18000000,7100000
Mattia Zaccagni,13/14,07/01/2014,Bellaria IM,Verona U19,€75k,€10k,75000,10000
Gareth Barry,17/18,15/08/2017,Everton,West Brom,€1.50m,€1.10m,1500000,1100000
Gareth Barry,09/10,01/07/2009,Aston Villa,Man City,€18.50m,€13.90m,18500000,13900000
Aleksandar Mitrović,23/24,19/08/2023,Fulham,Al-Hilal,€28.00m,€52.60m,28000000,52600000
Aleksandar Mitrović,18/19,30/07/2018,Newcastle,Fulham,€15.00m,€24.70m,15000000,24700000
Aleksandar Mitrović,15/16,21/07/2015,RSC Anderlecht,Newcastle,€11.00m,€18.50m,11000000,18500000
Aleksandar Mitrović,13/14,30/08/2013,Partizan,RSC Anderlecht,€3.00m,€5.00m,3000000,5000000
Lorenzo De Silvestri,16/17,18/08/2016,Sampdoria,Torino,€5.00m,€3.50m,5000000,3500000
Lorenzo De Silvestri,14/15,01/07/2014,Fiorentina,Sampdoria,€4.00m,€2.35m,4000000,2350000
Lorenzo De Silvestri,09/10,26/08/2009,Lazio,Fiorentina,€3.20m,€5.50m,3200000,5500000
Gabriel Mercado,16/17,01/08/2016,River Plate,Sevilla FC,€4.50m,€2.50m,4500000,2500000
Gabriel Mercado,12/13,16/07/2012,Estudiantes LP,River Plate,€2.20m,€695k,2200000,695000
Gabriel Mercado,10/11,01/07/2010,Racing Club,Estudiantes LP,€1.30m,€640k,1300000,640000
Silvan Hefti,25/26,29/01/2026,Hamburg,D.C. United,€700k,€150k,700000,150000
Silvan Hefti,24/25,04/08/2024,Genoa,Hamburg,€2.50m,€1.65m,2500000,1650000
Silvan Hefti,21/22,03/01/2022,Young Boys,Genoa,€3.50m,€5.00m,3500000,5000000
Silvan Hefti,20/21,01/09/2020,FC St. Gallen,Young Boys,€3.50m,€1.25m,3500000,1250000
Osman Bukari,25/26,26/01/2026,Austin,Widzew Lodz,€4.50m,€5.50m,4500000,5500000
Osman Bukari,24/25,18/07/2024,Red Star,Austin,€7.00m,€7.00m,7000000,7000000
Osman Bukari,22/23,01/07/2022,KAA Gent,Red Star,€3.00m,€3.00m,3000000,3000000
Osman Bukari,20/21,04/09/2020,AS Trencin,KAA Gent,€1.10m,€1.00m,1100000,1000000
Osman Bukari,18/19,09/07/2018,Accra Lions,AS Trencin,-,€60k,0,60000
Loren Morón,,,,,,,0,0
Leon Balogun,,,,,,,0,0
Sebastian Prödl,08/09,01/07/2008,Sturm Graz,Werder Bremen,€2.50m,€2.50m,2500000,2500000
Kevin-Prince Boateng,19/20,31/07/2019,Sassuolo,Fiorentina,€7.00m,€1.50m,7000000,1500000
Kevin-Prince Boateng,13/14,30/08/2013,AC Milan,FC Schalke 04,€15.00m,€10.00m,15000000,10000000
Kevin-Prince Boateng,11/12,01/07/2011,Genoa,AC Milan,€15.00m,€10.50m,15000000,10500000
Kevin-Prince Boateng,10/11,14/08/2010,Portsmouth,Genoa,€6.00m,€5.70m,6000000,5700000
Kevin-Prince Boateng,09/10,28/08/2009,Tottenham,Portsmouth,€3.00m,€4.50m,3000000,4500000
Kevin-Prince Boateng,07/08,31/07/2007,Hertha BSC,Tottenham,€7.50m,€7.90m,7500000,7900000
Luiz Araújo,23/24,01/07/2023,Atlanta,Flamengo,€6.00m,€9.00m,6000000,9000000
Luiz Araújo,21/22,06/08/2021,Lille,Atlanta,€10.00m,€11.50m,10000000,11500000
Luiz Araújo,17/18,01/07/2017,São Paulo,Lille,€500k,€10.50m,500000,10500000
Colin Dagba,,,,,,,0,0
Daniel Vivian,,,,,,,0,0
Raúl García,15/16,30/08/2015,Atlético,Athletic Club,€12.00m,€10.00m,12000000,10000000
Raúl García,07/08,01/07/2007,CA Osasuna,Atlético,€12.00m,€13.00m,12000000,13000000
Baissama Sankoh,17/18,03/07/2017,Guingamp,SM Caen,€800k,€500k,800000,500000
Borja Fernández,,,,,,,0,0
Javier Manquillo,17/18,21/07/2017,Atlético,Newcastle,€4.00m,€5.00m,4000000,5000000
Donyell Malen,26/27,01/07/2026,Aston Villa,Roma,€35.00m,€25.00m,35000000,25000000
Donyell Malen,24/25,14/01/2025,Dortmund,Aston Villa,€28.00m,€25.00m,28000000,25000000
Donyell Malen,21/22,27/07/2021,PSV,Dortmund,€30.00m,€30.00m,30000000,30000000
Donyell Malen,17/18,31/08/2017,Arsenal U23,PSV U21,€200k,€600k,200000,600000
Jérémy Grimm,,,,,,,0,0
Lukas Nmecha,21/22,16/07/2021,Man City,Wolfsburg,€12.00m,€8.00m,12000000,8000000
Danny Williams,13/14,01/07/2013,Hoffenheim,Reading,€2.50m,€2.00m,2500000,2000000
Danny Williams,11/12,31/08/2011,Freiburg,Hoffenheim,€500k,€200k,500000,200000
Yaya Sanogo,,,,,,,0,0
Daniel Torres,25/26,26/01/2026,Palmeiras,Austin,€13.00m,€8.00m,13000000,8000000
Daniel Torres,24/25,03/01/2025,Orlando,Palmeiras,€14.00m,€13.10m,14000000,13100000
Daniel Torres,21/22,24/01/2022,Peñarol,Orlando,€6.00m,€9.70m,6000000,9700000
Vitolo,17/18,12/07/2017,Sevilla FC,Atlético,€25.00m,€35.60m,25000000,35600000
Vitolo,13/14,01/07/2013,UD Las Palmas,Sevilla FC,€3.00m,€3.20m,3000000,3200000
Gastón Pereiro,19/20,31/01/2020,PSV,Cagliari,€10.00m,€4.60m,10000000,4600000
Gastón Pereiro,15/16,15/07/2015,Nacional,PSV,€7.00m,€7.00m,7000000,7000000
Mickaël Cuisance,24/25,01/07/2024,Venezia,Hertha BSC,€1.80m,€300k,1800000,300000
Mickaël Cuisance,21/22,03/01/2022,Bayern Munich,Venezia,€5.00m,€2.30m,5000000,2300000
Mickaël Cuisance,19/20,18/08/2019,Mönchengladbach,Bayern Munich,€5.00m,€8.00m,5000000,8000000
Mickaël Cuisance,17/18,01/07/2017,AS Nancy U19,Mönchengladbach,-,€250k,0,250000
Andrea Cistana,,,,,,,0,0
Danilo Avelar,19/20,01/07/2019,Torino,Corinthians,€1.50m,€2.00m,1500000,2000000
Danilo Avelar,15/16,01/07/2015,Cagliari,Torino,€2.50m,€2.00m,2500000,2000000
Danilo Avelar,13/14,01/07/2013,Karpaty Lviv,Cagliari,€1.20m,€1.00m,1200000,1000000
Onel Hernández,17/18,25/01/2018,E. Braunschweig,Norwich,€800k,€3.10m,800000,3100000
Joshua King,12/13,02/01/2013,Man Utd U21,Blackburn,-,€1.23m,0,1230000
Jeong Woo-yeong,,,,,,,0,0
Aleš Matějů,19/20,01/07/2019,Brighton,Brescia,€1.70m,€1.80m,1700000,1800000
Aleš Matějů,17/18,04/08/2017,Viktoria Plzeň,Brighton,€1.25m,€2.50m,1250000,2500000
Ajdin Hrustic,22/23,01/09/2022,Frankfurt,Hellas Verona,€3.00m,€500k,3000000,500000
Ajdin Hrustic,20/21,28/09/2020,FC Groningen,Frankfurt,€650k,€1.00m,650000,1000000
Jordan Ayew,24/25,23/08/2024,Crystal Palace,Leicester,€4.00m,€5.90m,4000000,5900000
Jordan Ayew,19/20,25/07/2019,Swansea,Crystal Palace,€8.00m,€2.80m,8000000,2800000
Jordan Ayew,16/17,31/01/2017,Aston Villa,Swansea,€7.50m,€5.80m,7500000,5800000
Jordan Ayew,15/16,27/07/2015,FC Lorient,Aston Villa,€6.00m,€12.00m,6000000,12000000
Jordan Ayew,14/15,28/07/2014,Marseille,FC Lorient,€3.00m,€4.00m,3000000,4000000
Alexis Claude-Maurice,19/20,29/08/2019,FC Lorient,Nice,€7.50m,€13.00m,7500000,13000000
Erik Durm,,,,,,,0,0
Sébastien Corchia,17/18,13/07/2017,Lille,Sevilla FC,€7.50m,€5.00m,7500000,5000000
Sébastien Corchia,14/15,01/07/2014,FC Sochaux,Lille,€4.00m,€1.80m,4000000,1800000
Sébastien Corchia,11/12,01/07/2011,Le Mans FC,FC Sochaux,€2.50m,€2.00m,2500000,2000000
Ben Johnson,,,,,,,0,0
Mateo Pavlović,12/13,01/01/2013,NK Zagreb,Werder Bremen,€650k,€1.28m,650000,1280000
Fernando Navarro,08/09,01/07/2008,RCD Mallorca,Sevilla FC,€6.00m,€4.70m,6000000,4700000
Fernando Navarro,06/07,01/07/2006,Barcelona,RCD Mallorca,€2.50m,€6.00m,2500000,6000000
Mathias Pereira Lage,19/20,30/07/2019,Clermont Foot,Angers SCO,€1.50m,€1.50m,1500000,1500000
Ezequiel Schelotto,17/18,31/08/2017,Sporting,Brighton,€4.50m,€3.00m,4500000,3000000
Ezequiel Schelotto,12/13,31/01/2013,Atalanta,Inter,€6.50m,€5.30m,6500000,5300000
Ezequiel Schelotto,10/11,01/07/2010,Cesena,Atalanta,€3.00m,€2.75m,3000000,2750000
Neal Maupay,25/26,01/07/2025,Everton,Marseille,€8.00m,€4.00m,8000000,4000000
Neal Maupay,22/23,26/08/2022,Brighton,Everton,€18.00m,€11.80m,18000000,11800000
Neal Maupay,19/20,05/08/2019,Brentford,Brighton,€12.00m,€15.56m,12000000,15560000
Neal Maupay,17/18,14/07/2017,Saint-Étienne,Brentford,€2.00m,€2.00m,2000000,2000000
Neal Maupay,15/16,10/08/2015,Nice,Saint-Étienne,€2.00m,€600k,2000000,600000
Anthony Limbombe,18/19,23/08/2018,Club Brugge,FC Nantes,€8.00m,€8.25m,8000000,8250000
Anthony Limbombe,16/17,23/07/2016,NEC Nijmegen,Club Brugge,€2.50m,€2.30m,2500000,2300000
Anthony Limbombe,14/15,30/08/2014,Genk,NEC Nijmegen,€800k,€100k,800000,100000
Marcel Sobottka,15/16,16/07/2015,FC Schalke 04,F. Düsseldorf,€250k,€200k,250000,200000
Moussa Konaté,20/21,20/10/2020,Amiens SC,Dijon,€4.00m,€2.40m,4000000,2400000
Moussa Konaté,17/18,13/08/2017,FC Sion,Amiens SC,€4.00m,€3.50m,4000000,3500000
Moussa Konaté,14/15,01/09/2014,Krasnodar,FC Sion,€1.80m,€350k,1800000,350000
Moussa Konaté,12/13,23/08/2012,M. Tel Aviv,Krasnodar,€400k,€2.00m,400000,2000000
Moussa Konaté,11/12,01/07/2011,Touré Kunda,M. Tel Aviv,-,€60k,0,60000
Nemanja Radonjić,24/25,03/09/2024,Torino,Red Star,€2.80m,€200k,2800000,200000
Nemanja Radonjić,23/24,01/07/2023,Marseille,Torino,€4.00m,€1.70m,4000000,1700000
Nemanja Radonjić,18/19,30/08/2018,Red Star,Marseille,€6.00m,€12.00m,6000000,12000000
Nemanja Radonjić,17/18,21/07/2017,Roma,Red Star,€300k,€3.00m,300000,3000000
Nemanja Radonjić,15/16,01/07/2015,Empoli U19,Roma,€50k,€4.00m,50000,4000000
Nuno da Costa,19/20,29/01/2020,R. Strasbourg,Nott'm Forest,€3.50m,€2.00m,3500000,2000000
Nuno da Costa,17/18,01/07/2017,Valenciennes FC,R. Strasbourg,€600k,€1.50m,600000,1500000
Alex Pritchard,23/24,01/02/2024,Sunderland,Birmingham,€1.50m,€115k,1500000,115000
Alex Pritchard,17/18,12/01/2018,Norwich,Huddersfield,€5.00m,€12.35m,5000000,12350000
Alex Pritchard,16/17,04/08/2016,Tottenham,Norwich,€3.00m,€9.40m,3000000,9400000
Randal Kolo Muani,23/24,01/09/2023,Frankfurt,PSG,€80.00m,€95.00m,80000000,95000000
Luca Rigoni,15/16,04/01/2016,US Palermo,Genoa,€4.00m,€500k,4000000,500000
Luca Rigoni,14/15,25/07/2014,Chievo Verona,US Palermo,€4.50m,€1.40m,4500000,1400000
Luca Rigoni,07/08,01/01/2008,Vicenza,Chievo Verona,€500k,€2.00m,500000,2000000
Luca Rigoni,06/07,30/06/2006,Reggina,Vicenza,€500k,€1.00m,500000,1000000
Luca Rigoni,05/06,01/07/2005,Vicenza,Reggina,€500k,€1.60m,500000,1600000
Iyenoma Udogie,,,,,,,0,0
Junior Dina Ebimbe,23/24,01/07/2023,PSG,Frankfurt,€10.00m,€6.50m,10000000,6500000
Kalidou Sidibé,23/24,21/08/2023,QRM,Guingamp,€1.00m,€700k,1000000,700000
Omar Marmoush,24/25,23/01/2025,Frankfurt,Man City,€60.00m,€75.00m,60000000,75000000
Dennis Diekmeier,10/11,16/07/2010,1.FC Nuremberg,Hamburg,€3.50m,€2.20m,3500000,2200000
Dennis Diekmeier,08/09,09/01/2009,W. Bremen II,1.FC Nuremberg,€200k,€200k,200000,200000
Massimo Gobbi,06/07,03/07/2006,Treviso,Fiorentina,€2.20m,€3.80m,2200000,3800000
Massimo Gobbi,05/06,22/06/2006,Cagliari,Treviso,€2.20m,€2.00m,2200000,2000000
Massimo Gobbi,04/05,10/07/2004,Treviso,Cagliari,-,€700k,0,700000
Vanderson,21/22,01/01/2022,Grêmio,Monaco,€8.50m,€11.00m,8500000,11000000
Levin Öztunalı,16/17,25/08/2016,Leverkusen,Mainz,€3.00m,€5.00m,3000000,5000000
Flavius Daniliuc,25/26,01/09/2025,Salernitana,Basel,€2.70m,€500k,2700000,500000
Flavius Daniliuc,22/23,29/08/2022,Nice,Salernitana,€8.00m,€5.80m,8000000,5800000
Mitchell Dijks,,,,,,,0,0
Timothy Weah,26/27,01/07/2026,Juventus,Marseille,€20.00m,€14.40m,20000000,14400000
Timothy Weah,23/24,01/07/2023,Lille,Juventus,€14.00m,€12.50m,14000000,12500000
Timothy Weah,19/20,01/07/2019,PSG,Lille,€6.00m,€10.00m,6000000,10000000
Mehdi Zerkane,,,,,,,0,0
Genki Haraguchi,22/23,30/01/2023,Union Berlin,Stuttgart,€2.00m,€1.00m,2000000,1000000
Genki Haraguchi,18/19,01/07/2018,Hertha BSC,Hannover 96,€3.50m,€4.50m,3500000,4500000
Genki Haraguchi,14/15,01/07/2014,Urawa Reds,Hertha BSC,€1.50m,€500k,1500000,500000
Samuel Grandsir,18/19,01/07/2018,Troyes,Monaco,€5.00m,€3.00m,5000000,3000000
Wayne Rooney,04/05,31/08/2004,Everton,Man Utd,-,€37.00m,0,37000000
Luca Paganini,,,,,,,0,0
Kevin Mirallas,12/13,19/08/2012,Olympiacos,Everton,€8.00m,€7.65m,8000000,7650000
Kevin Mirallas,11/12,01/07/2011,Saint-Étienne,Olympiacos,€4.50m,€2.50m,4500000,2500000
Kevin Mirallas,08/09,01/09/2008,Lille,Saint-Étienne,€3.00m,€3.50m,3000000,3500000
Lucas Höler,17/18,01/01/2018,SV Sandhausen,Freiburg,€900k,€2.00m,900000,2000000
Kyle Bartley,18/19,16/07/2018,Swansea,West Brom,€3.50m,€4.50m,3500000,4500000
Kyle Bartley,12/13,17/08/2012,Arsenal U21,Swansea,€500k,€1.30m,500000,1300000
Dawid Kownacki,19/20,01/01/2020,Sampdoria,F. Düsseldorf,€7.50m,€6.75m,7500000,6750000
Dawid Kownacki,17/18,11/07/2017,Lech Poznan,Sampdoria,€3.50m,€4.00m,3500000,4000000
Éderson,25/26,02/09/2025,Man City,Fenerbahçe,€20.00m,€11.00m,20000000,11000000
Éderson,17/18,01/07/2017,Benfica,Man City,€22.00m,€40.00m,22000000,40000000
Éderson,15/16,01/07/2015,Rio Ave,Benfica,€1.20m,€500k,1200000,500000
Andrea Costa,17/18,12/07/2017,FC Empoli,Benevento,€1.00m,€1.50m,1000000,1500000
Andrea Costa,14/15,27/08/2014,Sampdoria,Parma,€1.40m,€2.00m,1400000,2000000
Andrea Costa,12/13,03/07/2012,Reggina,Sampdoria,€300k,€1.10m,300000,1100000
Andrea Costa,08/09,01/07/2008,Bologna,Reggina,€600k,€2.75m,600000,2750000
Rodrigo Battaglia,24/25,21/01/2025,Atlético-MG,Boca Juniors,€1.00m,€1.55m,1000000,1550000
Rodrigo Battaglia,22/23,01/04/2023,RCD Mallorca,Atlético-MG,€1.50m,€800k,1500000,800000
Rodrigo Battaglia,17/18,01/07/2017,Braga,Sporting,€3.00m,€4.50m,3000000,4500000
Rodrigo Battaglia,13/14,01/01/2014,Racing Club,Braga,€1.60m,€80k,1600000,80000
Nick Viergever,21/22,31/08/2021,PSV,Greuther Fürth,€2.00m,€300k,2000000,300000
Nick Viergever,14/15,01/07/2014,AZ Alkmaar,Ajax,€4.00m,€2.00m,4000000,2000000
Nick Viergever,10/11,01/07/2010,Sparta R.,AZ Alkmaar,€300k,€1.25m,300000,1250000
Kike,,,,,,,0,0
Pape Cheikh Diop,17/18,29/08/2017,Celta de Vigo,Lyon,€800k,€10.00m,800000,10000000
Thomas Henry,22/23,16/07/2022,Venezia,Hellas Verona,€5.00m,€5.23m,5000000,5230000
Thomas Henry,21/22,24/08/2021,OH Leuven,Venezia,€5.00m,€5.50m,5000000,5500000
Thomas Henry,18/19,17/01/2019,AFC Tubize,OH Leuven,€400k,€500k,400000,500000
Fernando Calero,19/20,09/08/2019,Real Valladolid,Espanyol,€10.00m,€8.00m,10000000,8000000
Robin Quaison,16/17,31/01/2017,US Palermo,Mainz,€2.00m,€2.50m,2000000,2500000
Robin Quaison,14/15,18/07/2014,AIK,US Palermo,€700k,€2.00m,700000,2000000
Edoardo Goldaniga,23/24,28/01/2024,Cagliari,Como,€900k,€1.43m,900000,1430000
Edoardo Goldaniga,21/22,12/01/2022,Sassuolo,Cagliari,€1.50m,€1.10m,1500000,1100000
Edoardo Goldaniga,17/18,29/07/2017,US Palermo,Sassuolo,€1.50m,€4.00m,1500000,4000000
Edoardo Goldaniga,15/16,01/07/2015,Juventus,US Palermo,€800k,€1.50m,800000,1500000
Edoardo Goldaniga,14/15,01/07/2014,US Palermo,Juventus,€250k,€1.50m,250000,1500000
Edoardo Goldaniga,12/13,18/07/2012,AS Pizzighettone,Palermo U19,-,€120k,0,120000
Timothy Chandler,14/15,01/07/2014,1.FC Nuremberg,Frankfurt,€2.50m,€1.00m,2500000,1000000
Cheick Doukouré,17/18,04/08/2017,FC Metz,Levante,€1.25m,€1.60m,1250000,1600000
Andreas Beck,17/18,31/08/2017,Besiktas,Stuttgart,€3.00m,€2.50m,3000000,2500000
Andreas Beck,15/16,04/07/2015,Hoffenheim,Besiktas,€3.50m,€1.75m,3500000,1750000
Andreas Beck,08/09,04/07/2008,Stuttgart,Hoffenheim,€1.50m,€3.20m,1500000,3200000
Erik Palmer-Brown,23/24,02/08/2023,Troyes,Panathinaikos,€2.50m,€1.50m,2500000,1500000
Enzo Ebosse,22/23,29/07/2022,Angers SCO,Udinese,€2.00m,€4.00m,2000000,4000000
Enzo Ebosse,20/21,16/07/2020,Le Mans FC,Angers SCO,€450k,€500k,450000,500000
Amir Abrashi,11/12,01/07/2011,FC Winterthur,Grasshoppers,€600k,€150k,600000,150000
Sam Clucas,18/19,09/08/2018,Swansea,Stoke City,€8.00m,€6.70m,8000000,6700000
Sam Clucas,17/18,23/08/2017,Hull City,Swansea,€2.50m,€16.30m,2500000,16300000
Sam Clucas,15/16,27/07/2015,Chesterfield,Hull City,€175k,€1.80m,175000,1800000
Sam Clucas,14/15,01/09/2014,Mansfield Town,Chesterfield,€25k,€125k,25000,125000
Daniel Carriço,19/20,20/02/2020,Sevilla FC,WH Zall,€2.50m,€2.00m,2500000,2000000
Daniel Carriço,14/15,01/07/2014,Reading,Sevilla FC,€3.00m,€1.80m,3000000,1800000
Daniel Carriço,12/13,01/01/2013,Sporting,Reading,€7.00m,€750k,7000000,750000
Jere Uronen,23/24,02/08/2023,Stade Brestois,Charlotte,€1.00m,€600k,1000000,600000
Jere Uronen,21/22,20/07/2021,Genk,Stade Brestois,€2.50m,€1.00m,2500000,1000000
Jere Uronen,11/12,01/01/2012,TPS,Helsingborgs IF,-,€700k,0,700000
Víctor Laguardia,,,,,,,0,0
Ernesto Torregrossa,22/23,31/01/2023,Sampdoria,Pisa,€2.40m,€1.80m,2400000,1800000
Ernesto Torregrossa,21/22,01/07/2021,Brescia,Sampdoria,€5.50m,€5.50m,5500000,5500000
Ernesto Torregrossa,17/18,31/01/2018,Hellas Verona,Brescia,€500k,€900k,500000,900000
Óscar Melendo,24/25,30/08/2024,Granada CF,Cádiz CF,€2.00m,€1.00m,2000000,1000000
Gaëtan Charbonnier,22/23,16/12/2022,AJ Auxerre,Saint-Étienne,€800k,€500k,800000,500000
Gaëtan Charbonnier,13/14,05/08/2013,Montpellier,Stade Reims,€2.00m,€1.00m,2000000,1000000
Gaëtan Charbonnier,12/13,01/07/2012,Angers SCO,Montpellier,€1.50m,€1.50m,1500000,1500000
Christopher Wooh,22/23,01/09/2022,Lens,Stade Rennais,€3.00m,€9.00m,3000000,9000000
Jayden Bogle,24/25,20/07/2024,Sheff Utd,Leeds,€3.80m,€5.95m,3800000,5950000
Jayden Bogle,20/21,07/09/2020,Derby,Sheff Utd,€6.30m,€3.85m,6300000,3850000
Anastasios Donis,20/21,01/07/2020,Stuttgart,Stade Reims,€2.00m,€4.00m,2000000,4000000
Anastasios Donis,17/18,01/07/2017,Juventus,Stuttgart,€1.25m,€4.00m,1250000,4000000
Anastasios Donis,12/13,18/01/2013,PAO U17,Juventus U17,-,€300k,0,300000
Konstantin Rausch,17/18,19/01/2018,1.FC Köln,Dinamo Moscow,€2.00m,€1.50m,2000000,1500000
Jean-Victor Makengo,22/23,30/01/2023,Udinese,FC Lorient,€7.50m,€11.00m,7500000,11000000
Jean-Victor Makengo,20/21,05/10/2020,Nice,Udinese,€3.60m,€3.50m,3600000,3500000
Jean-Victor Makengo,17/18,01/07/2017,SM Caen,Nice,€900k,€6.00m,900000,6000000
Calvin Stengs,23/24,26/07/2023,Nice,Feyenoord,€10.00m,€6.00m,10000000,6000000
Calvin Stengs,21/22,14/07/2021,AZ Alkmaar,Nice,€14.00m,€15.00m,14000000,15000000
Lys Mousset,19/20,21/07/2019,Bournemouth,Sheff Utd,€3.50m,€11.10m,3500000,11100000
Lys Mousset,16/17,01/07/2016,Le Havre AC,Bournemouth,€400k,€6.50m,400000,6500000
Iván Alejo,20/21,04/08/2020,Getafe,Cádiz CF,€950k,€2.00m,950000,2000000
Iván Alejo,18/19,26/07/2018,SD Eibar,Getafe,€4.00m,€4.00m,4000000,4000000
Iván Alejo,17/18,01/07/2017,AD Alcorcón,SD Eibar,€300k,€300k,300000,300000
Tomás Alarcón,21/22,01/07/2021,O'Higgins,Cádiz CF,€1.50m,€2.00m,1500000,2000000
Paweł Dawidowicz,19/20,01/07/2019,Benfica,Hellas Verona,€2.00m,€3.50m,2000000,3500000
Paweł Dawidowicz,14/15,01/07/2014,Lechia Gdansk,Benfica B,€1.20m,€2.50m,1200000,2500000
Louis Beyer,,,,,,,0,0
Simone Romagnoli,25/26,01/07/2025,Frosinone,Sampdoria,€300k,€100k,300000,100000
Simone Romagnoli,23/24,25/07/2023,Lecce,Frosinone,€750k,€100k,750000,100000
Simone Romagnoli,17/18,30/01/2018,Carpi,FC Empoli,€1.40m,€1.00m,1400000,1000000
Ibai Gómez,18/19,10/01/2019,Alavés,Athletic Club,€5.00m,€4.00m,5000000,4000000
Sérgio Oliveira,22/23,09/07/2022,Porto,Galatasaray,€12.00m,€3.00m,12000000,3000000
Sérgio Oliveira,15/16,01/07/2015,Paços Ferreira,Porto,€2.50m,€1.00m,2500000,1000000
Craig Cathcart,10/11,11/08/2010,Man Utd Res.,Blackpool,€1.00m,€625k,1000000,625000
Bruno,19/20,29/01/2020,Sporting,Man Utd,€60.00m,€65.00m,60000000,65000000
Bruno,17/18,02/07/2017,Sampdoria,Sporting,€7.50m,€9.70m,7500000,9700000
Bruno,17/18,01/07/2017,Udinese,Sampdoria,€7.50m,€6.00m,7500000,6000000
Bruno,13/14,01/07/2013,Novara,Udinese,€3.50m,€2.50m,3500000,2500000
Bruno,12/13,27/08/2012,Boavista Y19,Novara,-,€40k,0,40000
Alan Empereur,16/17,25/07/2016,Salernitana,Foggia,€250k,€300k,250000,300000
Enzo Loiodice,,,,,,,0,0
Cédric Hountondji,22/23,18/07/2022,Clermont Foot,Angers SCO,€3.00m,€2.00m,3000000,2000000
Sami Khedira,10/11,30/07/2010,Stuttgart,Real Madrid,€18.00m,€14.00m,18000000,14000000
Julian Schuster,08/09,01/07/2008,Stuttgart,Freiburg,€250k,€150k,250000,150000
Luca Pellegrini,25/26,01/07/2025,Juventus,Lazio,€3.00m,€4.00m,3000000,4000000
Luca Pellegrini,19/20,01/07/2019,Roma,Juventus,€5.00m,€22.80m,5000000,22800000
Pierre-Yves Polomat,,,,,,,0,0
Luca Ranieri,,,,,,,0,0
Julian Ryerson,22/23,17/01/2023,Union Berlin,Dortmund,€7.50m,€5.00m,7500000,5000000
Julian Ryerson,18/19,31/07/2018,Viking FK,Union Berlin,€400k,€150k,400000,150000
Hendrik Weydandt,,,,,,,0,0
Samuel Di Carmine,21/22,24/08/2021,Hellas Verona,Cremonese,€1.20m,€600k,1200000,600000
Samuel Di Carmine,19/20,01/07/2019,Perugia,Hellas Verona,€1.70m,€2.50m,1700000,2500000
Samuel Di Carmine,10/11,01/08/2010,Fiorentina,Frosinone,€800k,€500,800000,500
Bafodé Diakité,25/26,13/08/2025,Lille,Bournemouth,€28.00m,€35.00m,28000000,35000000
Bafodé Diakité,22/23,05/08/2022,Toulouse,Lille,€3.00m,€3.00m,3000000,3000000
Cyril Théréau,17/18,31/08/2017,Udinese,Fiorentina,€1.50m,€3.20m,1500000,3200000
Cyril Théréau,14/15,01/07/2014,Chievo Verona,Udinese,€2.00m,€2.00m,2000000,2000000
Cyril Théréau,10/11,26/08/2010,R Charleroi SC,Chievo Verona,€1.20m,€900k,1200000,900000
Cyril Théréau,08/09,01/07/2008,RSC Anderlecht,R Charleroi SC,€1.25m,€500k,1250000,500000
Cyril Théréau,07/08,01/07/2007,Steaua Bucharest,RSC Anderlecht,€750k,€2.90m,750000,2900000
Cyril Théréau,06/07,31/08/2006,R Charleroi SC,Steaua Bucharest,€750k,€700k,750000,700000
Marco Mancosu,,,,,,,0,0
Lebo Mothiba,18/19,30/08/2018,Lille,R. Strasbourg,€3.00m,€4.00m,3000000,4000000
Fernando Torres,14/15,01/01/2015,Chelsea,AC Milan,€7.00m,€1.00m,7000000,1000000
Fernando Torres,10/11,31/01/2011,Liverpool,Chelsea,€50.00m,€58.50m,50000000,58500000
Fernando Torres,07/08,04/07/2007,Atlético,Liverpool,€30.00m,€38.00m,30000000,38000000
Ryan Bennett,11/12,01/01/2012,Peterborough,Norwich,€250k,€3.85m,250000,3850000
Ryan Bennett,09/10,01/10/2009,Grimsby Town,Peterborough,-,€675k,0,675000
Andy Pelmard,23/24,12/07/2023,Basel,Clermont Foot,€4.30m,€1.90m,4300000,1900000
Andy Pelmard,22/23,01/07/2022,Nice,Basel,€4.00m,€2.00m,4000000,2000000
Boulaye Dia,23/24,01/07/2023,Villarreal,Salernitana,€25.00m,€14.40m,25000000,14400000
Boulaye Dia,21/22,13/07/2021,Stade Reims,Villarreal,€14.00m,€12.00m,14000000,12000000
Papa Ndiaga Yade,,,,,,,0,0
Fali,25/26,10/08/2025,Venezia,Sassuolo,€2.50m,€4.50m,2500000,4500000
Fali,25/26,01/07/2025,FC Metz,Venezia,€2.50m,€1.90m,2500000,1900000
Fali,21/22,26/01/2022,Portimonense,FC Metz,€1.00m,€2.50m,1000000,2500000
William Troost-Ekong,24/25,23/08/2024,PAOK,Al-Kholood ,€2.00m,€1.20m,2000000,1200000
William Troost-Ekong,23/24,04/07/2023,Watford,PAOK,€2.50m,€1.00m,2500000,1000000
William Troost-Ekong,18/19,17/08/2018,Bursaspor,Udinese,€2.00m,€3.30m,2000000,3300000
William Troost-Ekong,17/18,11/07/2017,KAA Gent,Bursaspor,€1.00m,€1.05m,1000000,1050000
Álvaro Negredo,17/18,04/08/2017,Valencia,Besiktas,€7.50m,€2.50m,7500000,2500000
Álvaro Negredo,15/16,01/07/2015,Man City,Valencia,€18.00m,€28.00m,18000000,28000000
Álvaro Negredo,13/14,17/07/2013,Sevilla FC,Man City,€20.00m,€25.00m,20000000,25000000
Álvaro Negredo,09/10,21/08/2009,Real Madrid,Sevilla FC,€12.00m,€15.00m,12000000,15000000
Álvaro Negredo,09/10,01/07/2009,UD Almería,Real Madrid,€12.00m,€5.00m,12000000,5000000
Álvaro Negredo,07/08,01/07/2007,RM Castilla,UD Almería,€1.00m,€3.00m,1000000,3000000
Francesco Cassata,24/25,01/07/2024,Genoa,Spezia Calcio,€600k,€590k,600000,590000
Francesco Cassata,20/21,01/09/2020,Sassuolo,Genoa,€2.50m,€7.00m,2500000,7000000
Francesco Cassata,17/18,21/07/2017,Juventus,Sassuolo,€1.00m,€7.00m,1000000,7000000
Francesco Cassata,14/15,02/02/2015,Empoli U19,Juventus U19,€75k,€1.50m,75000,1500000
Opa Nguette,,,,,,,0,0
Andrea Tabanelli,19/20,15/01/2020,Lecce,Frosinone,€900k,€250k,900000,250000
Shane Long,14/15,14/08/2014,Hull City,Southampton,€6.00m,€14.90m,6000000,14900000
Shane Long,13/14,17/01/2014,West Brom,Hull City,€5.50m,€8.50m,5500000,8500000
Shane Long,11/12,01/08/2011,Reading,West Brom,€2.00m,€5.10m,2000000,5100000
Shane Long,05/06,01/07/2005,Cork City,Reading,-,€75k,0,75000
Filippo Bandinelli,23/24,21/07/2023,FC Empoli,Spezia Calcio,€3.50m,€2.50m,3500000,2500000
Filippo Bandinelli,19/20,13/07/2019,Sassuolo,FC Empoli,€1.20m,€1k,1200000,1000
Suk Hyun-jun,,,,,,,0,0
Francisco Portillo,17/18,01/07/2017,Real Betis,Getafe,€1.50m,€1.50m,1500000,1500000
Francisco Portillo,15/16,01/07/2015,Málaga CF,Real Betis,€1.50m,€1.00m,1500000,1000000
Isaac Palazón Camacho,19/20,23/01/2020,Ponferradina,Rayo Vallecano,€700k,€600k,700000,600000
Saîf-Eddine Khaoui,16/17,01/07/2016,Tours FC,Marseille,€250k,€1.00m,250000,1000000
Scott Dann,13/14,31/01/2014,Blackburn,Crystal Palace,€4.00m,€1.83m,4000000,1830000
Scott Dann,11/12,31/08/2011,Birmingham,Blackburn,€5.00m,€6.80m,5000000,6800000
Scott Dann,09/10,01/07/2009,Coventry,Birmingham,€750k,€4.00m,750000,4000000
Scott Dann,07/08,31/01/2008,Walsall,Coventry,-,€225k,0,225000
Thomas Delaine,18/19,30/08/2018,Paris FC,FC Metz,€400k,€600k,400000,600000
Aihen Muñoz,,,,,,,0,0
Oliver Fink,,,,,,,0,0
Matheus Henrique,24/25,10/07/2024,Sassuolo,Cruzeiro,€8.50m,€6.30m,8500000,6300000
Matheus Henrique,22/23,01/07/2022,Grêmio,Sassuolo,€11.00m,€7.00m,11000000,7000000
Matheus Henrique,18/19,27/09/2018,São Caetano,Grêmio,€50k,€145k,50000,145000
Juan Miranda,,,,,,,0,0
Ezequiel Muñoz,17/18,08/08/2017,Genoa,CD Leganés,€3.00m,€2.50m,3000000,2500000
Ezequiel Muñoz,10/11,05/08/2010,Boca Juniors,US Palermo,€1.50m,€5.00m,1500000,5000000
Sergi Enrich,,,,,,,0,0
Stefan Strandberg,,,,,,,0,0
Yoshinori Mutō,18/19,02/08/2018,Mainz,Newcastle,€6.00m,€10.70m,6000000,10700000
Yoshinori Mutō,15/16,01/07/2015,FC Tokyo,Mainz,€2.50m,€2.80m,2500000,2800000
Robbie Brady,16/17,31/01/2017,Norwich,Burnley,€8.00m,€15.10m,8000000,15100000
Robbie Brady,15/16,29/07/2015,Hull City,Norwich,€2.00m,€9.90m,2000000,9900000
Robbie Brady,12/13,08/01/2013,Man Utd U21,Hull City,-,€2.50m,0,2500000
Nolan Roux,15/16,21/07/2015,Lille,Saint-Étienne,€4.50m,€2.00m,4500000,2000000
Nolan Roux,11/12,20/01/2012,Stade Brestois,Lille,€4.75m,€8.00m,4750000,8000000
José Martínez,64/65,01/07/1964,Granada CF,Real Madrid,-,€1k,0,1000
Jonathan Silva,21/22,31/08/2021,CD Leganés,Getafe,€1.50m,€2.50m,1500000,2500000
Jonathan Silva,19/20,01/07/2019,Sporting,CD Leganés,€3.00m,€2.70m,3000000,2700000
Jonathan Silva,14/15,08/08/2014,Estudiantes LP,Sporting,€1.25m,€2.50m,1250000,2500000
Daniele Bonera,06/07,01/07/2006,Parma,AC Milan,€6.00m,€3.30m,6000000,3300000
Daniele Bonera,02/03,01/07/2002,Brescia,AC Parma,-,€15.00m,0,15000000
Erick Cabaco,19/20,31/01/2020,Levante,Getafe,€2.00m,€8.00m,2000000,8000000
Erick Cabaco,18/19,01/07/2018,Nacional,Levante,€1.50m,€2.00m,1500000,2000000
Benjamin Nivet,07/08,01/07/2007,Troyes,SM Caen,€2.00m,€1.00m,2000000,1000000
Arturo Calabresi,21/22,29/07/2021,Bologna,Lecce,€1.50m,€1.50m,1500000,1500000
Arturo Calabresi,18/19,01/07/2018,Roma,Bologna,€700k,€200k,700000,200000
Nahuel Estévez,22/23,02/07/2022,Crotone,Parma,€1.40m,€1.29m,1400000,1290000
Nahuel Estévez,22/23,01/07/2022,Estudiantes LP,Crotone,€1.40m,€1.60m,1400000,1600000
Nahuel Estévez,17/18,01/07/2017,Comunicaciones,Estudiantes LP,-,€110k,0,110000
Jonathan Rivierez,,,,,,,0,0
Josan,,,,,,,0,0
Manuel Sánchez,,,,,,,0,0
Aitor Ruibal,15/16,01/01/2016,CE L'Hospitalet,Betis B,-,€20k,0,20000
José Manuel Jurado,16/17,05/07/2016,Watford,Espanyol,€7.00m,€1.20m,7000000,1200000
José Manuel Jurado,15/16,22/07/2015,Spartak Moscow,Watford,€7.00m,€8.60m,7000000,8600000
José Manuel Jurado,13/14,01/07/2013,FC Schalke 04,Spartak Moscow,€6.00m,€3.00m,6000000,3000000
José Manuel Jurado,10/11,31/08/2010,Atlético,FC Schalke 04,€13.00m,€11.00m,13000000,11000000
José Manuel Jurado,06/07,06/08/2006,Real Madrid,Atlético,€3.00m,€3.00m,3000000,3000000
Florin Andone,18/19,01/07/2018,Dep. La Coruña,Brighton,€6.00m,€6.00m,6000000,6000000
Florin Andone,16/17,22/07/2016,Córdoba CF,Dep. La Coruña,€2.50m,€5.70m,2500000,5700000
Matt Phillips,16/17,06/07/2016,QPR,West Brom,€6.00m,€6.50m,6000000,6500000
Matt Phillips,13/14,23/08/2013,Blackpool,QPR,€2.00m,€5.80m,2000000,5800000
Matt Phillips,10/11,31/08/2010,Wycombe,Blackpool,€200k,€400k,200000,400000
Wesley Saïd,19/20,03/08/2019,Dijon,Toulouse,€6.00m,€8.00m,6000000,8000000
Wesley Saïd,17/18,07/07/2017,Stade Rennais,Dijon,€1.50m,€1.50m,1500000,1500000
Martin Braithwaite,19/20,20/02/2020,CD Leganés,Barcelona,€10.00m,€18.00m,10000000,18000000
Martin Braithwaite,19/20,25/07/2019,Middlesbrough,CD Leganés,€8.00m,€5.00m,8000000,5000000
Martin Braithwaite,17/18,13/07/2017,Toulouse,Middlesbrough,€7.50m,€11.30m,7500000,11300000
Martin Braithwaite,13/14,16/08/2013,Esbjerg fB,Toulouse,€850k,€2.00m,850000,2000000
Andrea Cambiaso,22/23,14/07/2022,Genoa,Juventus,€5.00m,€15.50m,5000000,15500000
Esteban Burgos,,,,,,,0,0
Raúl Albentosa,16/17,09/07/2016,Derby,Dep. La Coruña,€2.00m,€800k,2000000,800000
Raúl Albentosa,14/15,16/01/2015,SD Eibar,Derby,€2.00m,€600k,2000000,600000
Bakary Koné,16/17,01/07/2016,Lyon,Málaga CF,€1.50m,€800k,1500000,800000
Bakary Koné,11/12,12/08/2011,Guingamp,Lyon,€2.00m,€2.00m,2000000,2000000
Takuma Asano,19/20,02/08/2019,Arsenal,Partizan,€1.50m,€1.00m,1500000,1000000
Takuma Asano,16/17,18/07/2016,Sanf. Hiroshima,Arsenal,€1.20m,€4.00m,1200000,4000000
Mama Samba Baldé,24/25,30/08/2024,Lyon,Stade Brestois,€4.00m,€4.50m,4000000,4500000
Mama Samba Baldé,24/25,08/07/2024,Troyes,Lyon,€4.00m,€6.00m,4000000,6000000
Mama Samba Baldé,21/22,31/07/2021,Dijon,Troyes,€4.50m,€3.50m,4500000,3500000
Mama Samba Baldé,19/20,01/07/2019,Sporting CP U23,Dijon,€2.50m,€665k,2500000,665000
Toni Villa,17/18,01/07/2017,CyD Leonesa,Real Valladolid,€400k,€50k,400000,50000
Sebastián Cristóforo,17/18,01/07/2017,Sevilla FC,Fiorentina,€2.70m,€2.50m,2700000,2500000
Sebastián Cristóforo,13/14,10/08/2013,Peñarol,Sevilla FC,€600k,€2.25m,600000,2250000
Che Adams,19/20,01/07/2019,Birmingham,Southampton,€7.00m,€16.70m,7000000,16700000
Che Adams,16/17,08/08/2016,Sheff Utd,Birmingham,€350k,€2.20m,350000,2200000
Riccardo Improta,,,,,,,0,0
Ezri Konsa,19/20,11/07/2019,Brentford,Aston Villa,€3.50m,€13.30m,3500000,13300000
Ezri Konsa,18/19,01/07/2018,Charlton,Brentford,€500k,€2.85m,500000,2850000
Felix Klaus,24/25,13/01/2025,F. Düsseldorf,Greuther Fürth,€650k,€100k,650000,100000
Felix Klaus,21/22,01/07/2021,Wolfsburg,F. Düsseldorf,€1.50m,€1.10m,1500000,1100000
Felix Klaus,18/19,01/07/2018,Hannover 96,Wolfsburg,€4.50m,€3.00m,4500000,3000000
Felix Klaus,15/16,01/07/2015,Freiburg,Hannover 96,€3.00m,€3.00m,3000000,3000000
Felix Klaus,13/14,01/07/2013,Greuther Fürth,Freiburg,€1.25m,€1.10m,1250000,1100000
Andrea Conti,17/18,07/07/2017,Atalanta,AC Milan,€10.00m,€24.00m,10000000,24000000
Mathew Leckie,17/18,01/07/2017,FC Ingolstadt,Hertha BSC,€2.50m,€3.00m,2500000,3000000
Mathew Leckie,14/15,01/07/2014,FSV Frankfurt,FC Ingolstadt,€1.50m,€750k,1500000,750000
Mathew Leckie,13/14,01/07/2013,Mönchengladbach,FSV Frankfurt,€750k,€300k,750000,300000
Nicolas Haas,21/22,01/07/2021,Atalanta,FC Empoli,€2.00m,€2.30m,2000000,2300000
Niccolò Zanellato,18/19,01/07/2018,AC Milan,Crotone,€400k,€300k,400000,300000
Matteo Darmian,21/22,01/07/2021,Parma,Inter,€7.00m,€3.30m,7000000,3300000
Matteo Darmian,19/20,02/09/2019,Man Utd,Parma,€10.00m,€2.48m,10000000,2480000
Matteo Darmian,15/16,11/07/2015,Torino,Man Utd,€12.00m,€18.00m,12000000,18000000
Matteo Darmian,12/13,05/07/2012,US Palermo,Torino,€900k,€2.33m,900000,2330000
Matteo Darmian,10/11,12/07/2010,AC Milan,US Palermo,€500k,€1.30m,500000,1300000
Bersant Celina,20/21,09/09/2020,Swansea,Dijon,€4.00m,€3.00m,4000000,3000000
Bersant Celina,18/19,31/07/2018,Man City,Swansea,€2.50m,€3.40m,2500000,3400000
Carlos Neva,,,,,,,0,0
Lucas Boyé,25/26,22/08/2025,Granada CF,Alavés,€3.50m,€5.80m,3500000,5800000
Lucas Boyé,23/24,30/08/2023,Elche CF,Granada CF,€10.00m,€8.74m,10000000,8740000
Lucas Boyé,21/22,01/07/2021,Torino,Elche CF,€3.50m,€3.00m,3500000,3000000
Erhan Mašović,17/18,01/07/2017,Cukaricki,Club Brugge,€1.50m,€1.60m,1500000,1600000
Matty James,12/13,01/07/2012,Man Utd U21,Leicester,€1.00m,€1.25m,1000000,1250000
Chidozie Awaziem,25/26,23/07/2025,Colorado,FC Nantes,€2.00m,€850k,2000000,850000
Chidozie Awaziem,24/25,09/12/2024,Cincinnati,Colorado,€2.00m,€850k,2000000,850000
Chidozie Awaziem,24/25,25/07/2024,Boavista,Cincinnati,€3.00m,€500k,3000000,500000
Chidozie Awaziem,21/22,01/07/2021,Porto,Boavista,€5.00m,€5.00m,5000000,5000000
Marco Terrazzino,17/18,11/08/2017,Hoffenheim,Freiburg,€1.50m,€2.50m,1500000,2500000
Afriyie Acquah,18/19,17/08/2018,Torino,FC Empoli,€2.00m,€1.00m,2000000,1000000
Afriyie Acquah,15/16,01/07/2015,Hoffenheim,Torino,€3.00m,€3.10m,3000000,3100000
Afriyie Acquah,12/13,24/01/2013,US Palermo,Hoffenheim,€2.00m,€2.50m,2000000,2500000
Nicolas Isimat-Mirin,18/19,06/01/2019,PSV,Besiktas,€2.50m,€350k,2500000,350000
Nicolas Isimat-Mirin,15/16,01/07/2015,Monaco,PSV,€3.00m,€2.40m,3000000,2400000
Nicolas Isimat-Mirin,13/14,01/07/2013,Valenciennes FC,Monaco,€4.50m,€4.00m,4500000,4000000
Florentino Luís,,,,,,,0,0
Ermedin Demirović,24/25,16/07/2024,Augsburg,Stuttgart,€28.00m,€23.00m,28000000,23000000
Ermedin Demirović,22/23,08/07/2022,Freiburg,Augsburg,€6.00m,€2.30m,6000000,2300000
Ermedin Demirović,20/21,05/08/2020,Alavés,Freiburg,€3.00m,€3.70m,3000000,3700000
Ermedin Demirović,14/15,01/07/2014,HSV Yth.,RB Leipzig U17,-,€100k,0,100000
Iver Fossum,23/24,01/02/2024,Midtjylland,KV Kortrijk,€1.00m,€135k,1000000,135000
Iver Fossum,19/20,16/08/2019,Hannover 96,Aalborg BK,€1.50m,€500k,1500000,500000
Iver Fossum,15/16,01/01/2016,Strømsgodset,Hannover 96,€1.30m,€2.00m,1300000,2000000
Dwight Gayle,16/17,01/07/2016,Crystal Palace,Newcastle,€3.00m,€12.00m,3000000,12000000
Dwight Gayle,13/14,03/07/2013,Peterborough,Crystal Palace,€750k,€5.30m,750000,5300000
Dwight Gayle,12/13,02/01/2013,Dag & Red FC,Peterborough,€500k,€614k,500000,614000
Steve Mounié,20/21,09/09/2020,Huddersfield,Stade Brestois,€6.50m,€5.00m,6500000,5000000
Steve Mounié,17/18,05/07/2017,Montpellier,Huddersfield,€5.50m,€13.00m,5500000,13000000
Luca Valzania,24/25,30/08/2024,Cremonese,Pescara,€300k,€350k,300000,350000
Luca Valzania,22/23,01/07/2022,Atalanta,Cremonese,€1.20m,€3.00m,1200000,3000000
Luca Valzania,15/16,01/07/2015,Cesena,Atalanta,€350k,€7.70m,350000,7700000
Alexandru Maxim,17/18,01/07/2017,Stuttgart,Mainz,€2.50m,€3.00m,2500000,3000000
Alexandru Maxim,12/13,31/01/2013,Pandurii ,Stuttgart,€2.00m,€1.50m,2000000,1500000
Keko,16/17,01/07/2016,SD Eibar,Málaga CF,€4.00m,€5.00m,4000000,5000000
Niclas Eliasson,22/23,29/08/2022,Nîmes Olympique,AEK Athens,€2.50m,€2.00m,2500000,2000000
Niclas Eliasson,20/21,02/10/2020,Bristol City,Nîmes Olympique,€4.00m,€3.00m,4000000,3000000
Niclas Eliasson,17/18,08/08/2017,Norrköping,Bristol City,€800k,€2.00m,800000,2000000
Johannes Eggestein,22/23,01/07/2022,Royal Antwerp,St. Pauli,€1.80m,€600k,1800000,600000
Johannes Eggestein,21/22,05/08/2021,Werder Bremen,Royal Antwerp,€4.00m,€1.00m,4000000,1000000
Ndombe Mubele,18/19,01/07/2018,Stade Rennais,Toulouse,€6.00m,€5.00m,6000000,5000000
André Hahn,18/19,01/07/2018,Hamburg,Augsburg,€1.50m,€3.00m,1500000,3000000
André Hahn,17/18,01/07/2017,Mönchengladbach,Hamburg,€4.50m,€6.00m,4500000,6000000
André Hahn,14/15,01/07/2014,Augsburg,Mönchengladbach,€5.00m,€2.25m,5000000,2250000
André Hahn,12/13,18/01/2013,K. Offenbach,Augsburg,€300k,€250k,300000,250000
Luis Advíncula,21/22,31/07/2021,Rayo Vallecano,Boca Juniors,€1.20m,€2.20m,1200000,2200000
Luis Advíncula,19/20,29/07/2019,Tigres UANL,Rayo Vallecano,€3.00m,€3.00m,3000000,3000000
Luis Advíncula,16/17,26/01/2017,Bursaspor,Tigres UANL,€1.25m,€600k,1250000,600000
Luis Advíncula,15/16,01/08/2015,Hoffenheim,Bursaspor,€750k,€700k,750000,700000
Luis Advíncula,12/13,05/01/2013,SC Tavriya,Hoffenheim,€250k,€900k,250000,900000
Luis Advíncula,12/13,19/07/2012,Sport. Cristal,SC Tavriya,€250k,€200k,250000,200000
Alireza Jahanbakhsh,21/22,17/07/2021,Brighton,Feyenoord,€5.00m,€1.00m,5000000,1000000
Alireza Jahanbakhsh,18/19,25/07/2018,AZ Alkmaar,Brighton,€18.00m,€22.50m,18000000,22500000
Alireza Jahanbakhsh,15/16,03/08/2015,NEC Nijmegen,AZ Alkmaar,€2.00m,€1.80m,2000000,1800000
Alireza Jahanbakhsh,13/14,01/07/2013,Damash Gilan,NEC Nijmegen,€750k,€250k,750000,250000
Jeff Hendrick,16/17,31/08/2016,Derby,Burnley,€1.50m,€11.80m,1500000,11800000
Antonin Bobichon,19/20,29/08/2019,Nîmes Olympique,Angers SCO,€5.00m,€1.50m,5000000,1500000
Jeff Reine-Adélaïde,19/20,14/08/2019,Angers SCO,Lyon,€11.00m,€25.00m,11000000,25000000
Jeff Reine-Adélaïde,18/19,26/07/2018,Arsenal U23,Angers SCO,€3.00m,€1.60m,3000000,1600000
Jeff Reine-Adélaïde,15/16,01/07/2015,RC Lens U19,Arsenal U21,-,€2.50m,0,2500000
Sandro Wagner,18/19,30/01/2019,Bayern Munich,TJ Teda,€8.00m,€5.00m,8000000,5000000
Sandro Wagner,17/18,01/01/2018,Hoffenheim,Bayern Munich,€9.00m,€13.00m,9000000,13000000
Sandro Wagner,16/17,01/07/2016,Darmstadt 98,Hoffenheim,€2.00m,€2.80m,2000000,2800000
Sandro Wagner,12/13,19/07/2012,Werder Bremen,Hertha BSC,€800k,€250k,800000,250000
Sandro Wagner,09/10,31/01/2010,MSV Duisburg,Werder Bremen,€1.50m,€350k,1500000,350000
Bonke Innocent,17/18,02/08/2017,Lillestrøm SK,Malmö,€400k,€900k,400000,900000
Germán Sánchez,17/18,04/07/2017,CD Tenerife,Granada CF,€300k,€100k,300000,100000
Harry Wilson,21/22,24/07/2021,Liverpool,Fulham,€17.00m,€14.00m,17000000,14000000
Denzel Dumfries,21/22,14/08/2021,PSV,Inter,€16.00m,€14.25m,16000000,14250000
Denzel Dumfries,18/19,01/07/2018,Heerenveen,PSV,€4.00m,€5.50m,4000000,5500000
Denzel Dumfries,17/18,25/07/2017,Sparta R.,Heerenveen,€1.00m,€750k,1000000,750000
Mateu Morey,,,,,,,0,0
Bakaye Dibassy,,,,,,,0,0
Anthony Gordon,22/23,29/01/2023,Everton,Newcastle,€40.00m,€45.60m,40000000,45600000
Adrian Stoian,12/13,15/07/2012,Roma,Chievo Verona,€1.50m,€500k,1500000,500000
Adrian Stoian,12/13,04/07/2012,Bari,Roma,€1.50m,€1.00m,1500000,1000000
Adrian Stoian,12/13,01/07/2012,Roma,Bari,€1.50m,€300k,1500000,300000
Pablo Marí,25/26,11/01/2026,Fiorentina,Al-Hilal,€2.50m,€2.00m,2500000,2000000
Pablo Marí,24/25,28/01/2025,Monza,Fiorentina,€3.50m,€2.70m,3500000,2700000
Pablo Marí,23/24,01/07/2023,Arsenal,Monza,€5.00m,€6.20m,5000000,6200000
Pablo Marí,20/21,01/07/2020,Flamengo,Arsenal,€4.80m,€6.00m,4800000,6000000
Pablo Marí,19/20,11/07/2019,Man City,Flamengo,€800k,€1.70m,800000,1700000
Pablo Marí,16/17,15/08/2016,Gimnàstic,Man City,€500k,€200k,500000,200000
Francisco Trincão,23/24,01/07/2023,Barcelona,Sporting,€15.00m,€18.00m,15000000,18000000
Francisco Trincão,20/21,03/08/2020,Braga,Barcelona,€16.00m,€30.94m,16000000,30940000
Leighton Baines,07/08,07/08/2007,Wigan,Everton,€7.50m,€7.50m,7500000,7500000
Ritsu Doan,25/26,07/08/2025,Freiburg,Frankfurt,€25.00m,€21.00m,25000000,21000000
Ritsu Doan,22/23,05/07/2022,PSV,Freiburg,€8.00m,€10.40m,8000000,10400000
Ritsu Doan,19/20,30/08/2019,FC Groningen,PSV,€10.00m,€7.50m,10000000,7500000
Ritsu Doan,18/19,01/07/2018,Gamba Osaka,FC Groningen,€2.50m,€1.70m,2500000,1700000
João Victor Santos Sá,23/24,22/02/2024,Botafogo,Krasnodar,€1.80m,€1.50m,1800000,1500000
João Victor Santos Sá,21/22,25/03/2022,Al-Jazira,Botafogo,€2.50m,€2.25m,2500000,2250000
João Victor Santos Sá,21/22,16/08/2021,Wolfsburg,Al-Jazira,€3.00m,€2.85m,3000000,2850000
João Victor Santos Sá,19/20,01/07/2019,LASK,Wolfsburg,€3.00m,€3.50m,3000000,3500000
Paolo Ghiglione,24/25,06/08/2024,Cremonese,Salernitana,€1.00m,€1.00m,1000000,1000000
Paolo Ghiglione,22/23,17/07/2022,Genoa,Cremonese,€2.00m,€300k,2000000,300000
Roberto Soldado,21/22,01/07/2021,Granada CF,Levante,€1.20m,€500k,1200000,500000
Roberto Soldado,17/18,10/08/2017,Villarreal,Fenerbahçe,€8.00m,€5.00m,8000000,5000000
Roberto Soldado,15/16,14/08/2015,Tottenham,Villarreal,€10.00m,€16.00m,10000000,16000000
Roberto Soldado,13/14,05/08/2013,Valencia,Tottenham,€28.00m,€30.00m,28000000,30000000
Roberto Soldado,10/11,01/07/2010,Getafe,Valencia,€10.00m,€10.00m,10000000,10000000
Roberto Soldado,08/09,01/07/2008,Real Madrid,Getafe,€4.00m,€6.00m,4000000,6000000
Matteo Lovato,22/23,06/07/2022,Atalanta,Salernitana,€7.00m,€7.00m,7000000,7000000
Matteo Lovato,21/22,31/07/2021,Hellas Verona,Atalanta,€7.00m,€7.20m,7000000,7200000
Matteo Lovato,19/20,31/01/2020,Padova,Hellas Verona,€150k,€2.20m,150000,2200000
Matteo Lovato,19/20,22/07/2019,Genoa U19,Padova,€75k,€900k,75000,900000
Andrea Pinamonti,23/24,01/07/2023,Inter,Sassuolo,€15.00m,€20.00m,15000000,20000000
Andrea Pinamonti,20/21,18/09/2020,Genoa,Inter,€13.50m,€21.00m,13500000,21000000
Andrea Pinamonti,20/21,01/09/2020,Inter,Genoa,€13.50m,€19.50m,13500000,19500000
Oualid El Hajjam,19/20,05/07/2019,Amiens SC,Troyes,€1.00m,€35k,1000000,35000
Timothy Tillman,22/23,10/02/2023,Greuther Fürth,LAFC,€1.20m,€500k,1200000,500000
Timothy Tillman,19/20,03/01/2020,FC Bayern II,Greuther Fürth,€500k,€50k,500000,50000
Timothy Tillman,15/16,20/08/2015,Gr. Fürth U17,FC Bayern U17,-,€500k,0,500000
Jonathan Burkardt,25/26,04/07/2025,Mainz,Frankfurt,€35.00m,€21.00m,35000000,21000000
Sebastian Walukiewicz,24/25,30/08/2024,FC Empoli,Torino,€2.50m,€4.70m,2500000,4700000
Sebastian Walukiewicz,23/24,01/07/2023,Cagliari,FC Empoli,€3.00m,€4.50m,3000000,4500000
Sebastian Walukiewicz,18/19,15/01/2019,Pogon Szczecin,Cagliari,€200k,€3.50m,200000,3500000
Sebastian Walukiewicz,17/18,01/07/2017,Legia II,Pogon Szczecin,-,€15k,0,15000
Rafa Mir,21/22,20/08/2021,Wolves,Sevilla FC,€12.00m,€16.00m,12000000,16000000
Rafa Mir,17/18,03/01/2018,Valencia B,Wolves,€1.00m,€2.00m,1000000,2000000
Lago Junior,15/16,27/01/2016,CD Mirandés,RCD Mallorca,€700k,€300k,700000,300000
Leandro Castán,12/13,18/07/2012,Corinthians,Roma,€2.50m,€5.00m,2500000,5000000
Youssef Maleh,23/24,01/07/2023,Fiorentina,Lecce,€4.50m,€5.00m,4500000,5000000
Youssef Maleh,20/21,20/01/2021,Venezia,Fiorentina,€700k,€800k,700000,800000
Deyovaisio Zeefuik,20/21,06/08/2020,FC Groningen,Hertha BSC,€2.70m,€4.00m,2700000,4000000
Deyovaisio Zeefuik,18/19,01/07/2018,Ajax,FC Groningen,€600k,€2.00m,600000,2000000
Mickaël Alphonse,,,,,,,0,0
Tatsuya Ito,19/20,22/08/2019,Hamburg,Sint-Truiden,€1.00m,€1.50m,1000000,1500000
Kenan Karaman,,,,,,,0,0
Daniele Dessena,18/19,10/01/2019,Cagliari,Brescia,€500k,€250k,500000,250000
Daniele Dessena,12/13,02/07/2012,Sampdoria,Cagliari,€1.80m,€1.60m,1800000,1600000
Daniele Dessena,10/11,01/07/2010,Cagliari,Sampdoria,€3.75m,€4.00m,3750000,4000000
Daniele Dessena,09/10,31/08/2009,Sampdoria,Cagliari,€4.00m,€4.00m,4000000,4000000
Daniele Dessena,08/09,11/07/2008,Parma,Sampdoria,€4.00m,€6.70m,4000000,6700000
Francesco Di Tacchio,09/10,01/07/2009,Ascoli,Fiorentina,€150k,€1.80m,150000,1800000
Ruben Vargas,24/25,10/01/2025,Augsburg,Sevilla FC,€7.00m,€2.50m,7000000,2500000
Ruben Vargas,19/20,01/07/2019,FC Luzern,Augsburg,€4.00m,€4.00m,4000000,4000000
Grady Diangana,20/21,04/09/2020,West Ham,West Brom,€4.50m,€13.50m,4500000,13500000
Roberto Inglese,20/21,01/09/2020,Napoli,Parma,€12.00m,€21.80m,12000000,21800000
Roberto Inglese,17/18,31/08/2017,Chievo Verona,Napoli,€4.50m,€12.00m,4500000,12000000
Roberto Inglese,10/11,28/08/2010,Pescara,Chievo Verona,-,€729k,0,729000
Tim Ream,15/16,20/08/2015,Bolton,Fulham,€1.50m,€1.70m,1500000,1700000
Tim Ream,11/12,26/01/2012,New York,Bolton,€250k,€3.10m,250000,3100000
Simon Terodde,17/18,01/01/2018,Stuttgart,1.FC Köln,€3.00m,€3.00m,3000000,3000000
Simon Terodde,16/17,01/07/2016,VfL Bochum,Stuttgart,€1.80m,€3.00m,1800000,3000000
Simon Terodde,12/13,01/07/2012,1.FC Köln,Union Berlin,€700k,€200k,700000,200000
Arlind Ajeti,24/25,10/09/2024,CFR Cluj,Bodrum FK,€1.00m,€300k,1000000,300000
François Moubandje,13/14,02/09/2013,Servette FC,Toulouse,€500k,€1.00m,500000,1000000
Mbaye Diagne,18/19,31/01/2019,Kasimpasa,Galatasaray,€5.50m,€13.00m,5500000,13000000
Mbaye Diagne,15/16,05/02/2016,Újpest FC,TJ Teda,€800k,€1.90m,800000,1900000
Mbaye Diagne,15/16,15/08/2015,Juventus,Újpest FC,€800k,€1.15m,800000,1150000
Mbaye Diagne,13/14,30/08/2013,Bra,Juventus,-,€100k,0,100000
Romain Genevois,,,,,,,0,0
Yassine Benrahou,20/21,01/07/2020,G. Bordeaux,Nîmes Olympique,€2.70m,€1.50m,2700000,1500000
Semi Ajayi,19/20,20/07/2019,Rotherham,West Brom,€1.00m,€1.65m,1000000,1650000
Semi Ajayi,13/14,23/09/2013,Charlton,Arsenal,-,€500k,0,500000
Nathan Collins,23/24,04/07/2023,Wolves,Brentford,€22.00m,€26.85m,22000000,26850000
Nathan Collins,22/23,12/07/2022,Burnley,Wolves,€10.00m,€24.30m,10000000,24300000
Nathan Collins,21/22,01/07/2021,Stoke City,Burnley,€8.00m,€14.00m,8000000,14000000
Nathaniel Clyne,15/16,01/07/2015,Southampton,Liverpool,€17.00m,€17.70m,17000000,17700000
Nathaniel Clyne,12/13,18/07/2012,Crystal Palace,Southampton,€2.00m,€3.20m,2000000,3200000
Christian Kouamé,20/21,01/09/2020,Genoa,Fiorentina,€17.50m,€15.50m,17500000,15500000
Christian Kouamé,18/19,13/07/2018,Cittadella,Genoa,€2.80m,€6.35m,2800000,6350000
Christian Kouamé,17/18,01/07/2017,Prato,Cittadella,€400k,€130k,400000,130000
François Kamano,20/21,17/08/2020,G. Bordeaux,Loko Moscow,€8.00m,€5.50m,8000000,5500000
François Kamano,16/17,27/07/2016,SC Bastia,G. Bordeaux,€2.50m,€2.50m,2500000,2500000
Amato Ciciretti,,,,,,,0,0
Antonio Luna,13/14,01/07/2013,Sevilla FC,Aston Villa,€1.50m,€2.00m,1500000,2000000
Moussa Djenepo,23/24,05/09/2023,Southampton,Standard Liège,€8.00m,€3.50m,8000000,3500000
Moussa Djenepo,19/20,01/07/2019,Standard Liège,Southampton,€12.00m,€15.70m,12000000,15700000
Moussa Djenepo,17/18,01/07/2017,Yeelen,Standard Liège,€50k,€50k,50000,50000
Moussa Doumbia,,,,,,,0,0
Nuno Tavares,25/26,01/07/2025,Arsenal,Lazio,€25.00m,€5.58m,25000000,5580000
Nuno Tavares,21/22,10/07/2021,Benfica,Arsenal,€7.00m,€8.00m,7000000,8000000
Ryan Shawcross,07/08,18/01/2008,Man Utd Res.,Stoke City,€50k,€1.50m,50000,1500000
Cristian Dell'Orco,,,,,,,0,0
James McClean,23/24,04/08/2023,Wigan,Wrexham,€500k,€290k,500000,290000
James McClean,18/19,22/07/2018,West Brom,Stoke City,€3.00m,€5.60m,3000000,5600000
James McClean,15/16,01/07/2015,Wigan,West Brom,€3.00m,€2.10m,3000000,2100000
James McClean,13/14,08/08/2013,Sunderland,Wigan,€6.00m,€2.33m,6000000,2330000
James McClean,11/12,09/08/2011,Derry City,Sunderland,€50k,€420k,50000,420000
Marco John,11/12,01/07/2011,Wolfsburg,Hoffenheim,€1.25m,€700k,1250000,700000
Marco John,09/10,01/07/2009,1860 Munich,Wolfsburg,€1.00m,€1.10m,1000000,1100000
Arnaud Nordin,24/25,28/01/2025,Montpellier,Mainz,€8.00m,€1.00m,8000000,1000000
Romano Schmid,18/19,03/01/2019,Salzburg,Werder Bremen,€800k,€1.00m,800000,1000000
Romano Schmid,17/18,19/08/2017,Sturm Graz,Salzburg,€350k,€600k,350000,600000
Juan Ferney Otero,21/22,26/01/2022,Santos Laguna,América,€3.50m,€4.00m,3500000,4000000
Juan Ferney Otero,20/21,04/01/2021,Amiens SC,Santos Laguna,€2.00m,€3.00m,2000000,3000000
Juan Ferney Otero,18/19,01/07/2018,Estudiantes LP,Amiens SC,€3.00m,€2.14m,3000000,2140000
Juan Ferney Otero,17/18,01/01/2018,Fortaleza CEIF,Estudiantes LP,€750k,€420k,750000,420000
Chadrac Akolo,20/21,01/07/2020,Stuttgart,Amiens SC,€1.60m,€3.50m,1600000,3500000
Chadrac Akolo,17/18,09/07/2017,FC Sion,Stuttgart,€2.50m,€6.00m,2500000,6000000
Marcus Ingvartsen,24/25,31/01/2025,Nordsjaelland,San Diego,€6.00m,€1.50m,6000000,1500000
Marcus Ingvartsen,23/24,07/07/2023,Mainz,Nordsjaelland,€5.50m,€2.95m,5500000,2950000
Marcus Ingvartsen,22/23,01/07/2022,Union Berlin,Mainz,€2.50m,€2.30m,2500000,2300000
Marcus Ingvartsen,19/20,01/07/2019,Genk,Union Berlin,€1.50m,€1.50m,1500000,1500000
Marcus Ingvartsen,17/18,12/07/2017,Nordsjaelland,Genk,€1.75m,€4.95m,1750000,4950000
Alberth Elis,22/23,01/07/2022,Boavista,G. Bordeaux,€6.50m,€6.00m,6500000,6000000
Alberth Elis,20/21,21/09/2020,Houston,Boavista,€3.50m,€1.00m,3500000,1000000
Alberth Elis,17/18,01/01/2018,Monterrey,Houston,€825k,€2.20m,825000,2200000
Ladislav Krejčí,26/27,01/07/2026,Girona,Wolves,€22.00m,€7.50m,22000000,7500000
Ladislav Krejčí,24/25,01/07/2024,Sparta Prague,Girona,€10.00m,€8.00m,10000000,8000000
Ladislav Krejčí,19/20,01/07/2019,Zbrojovka Brno,Sparta Prague,€300k,€310k,300000,310000
Michael Svoboda,,,,,,,0,0
Mohamed Elyounoussi,18/19,01/07/2018,Basel,Southampton,€8.50m,€18.00m,8500000,18000000
Mohamed Elyounoussi,16/17,06/07/2016,Molde FK,Basel,€1.70m,€3.20m,1700000,3200000
Nicolò Brighenti,16/17,28/07/2016,Vicenza,Frosinone,€1.30m,€500k,1300000,500000
Nicolò Brighenti,11/12,30/01/2012,Viareggio,Vicenza,€175k,€80k,175000,80000
Nicolò Brighenti,11/12,01/07/2011,Chievo Verona,Viareggio,€175k,€30k,175000,30000
Patrick Burner,20/21,25/09/2020,Nice,Nîmes Olympique,€3.20m,€1.50m,3200000,1500000
Jean Zimmer,18/19,01/07/2018,Stuttgart,F. Düsseldorf,€1.25m,€900k,1250000,900000
Jean Zimmer,16/17,01/07/2016,1.FC K'lautern,Stuttgart,€2.00m,€2.00m,2000000,2000000
Mattia Viti,22/23,03/08/2022,FC Empoli,Nice,€7.00m,€13.00m,7000000,13000000
Domingos Duarte,22/23,11/07/2022,Granada CF,Getafe,€8.00m,€750k,8000000,750000
Domingos Duarte,19/20,14/07/2019,Sporting,Granada CF,€2.50m,€3.49m,2500000,3490000
Laurent Jans,18/19,01/07/2018,Waasland-Beveren,FC Metz,€1.20m,€400k,1200000,400000
Laurent Jans,15/16,01/07/2015,CS Fola Esch,Waasland-Beveren,€175k,€15k,175000,15000
Ramon Azeez,18/19,31/01/2019,CD Lugo,Granada CF,€1.00m,€550k,1000000,550000
Eliaquim Mangala,14/15,11/08/2014,Porto,Man City,€28.00m,€45.00m,28000000,45000000
Eliaquim Mangala,11/12,16/08/2011,Standard Liège,Porto,€5.00m,€6.75m,5000000,6750000
Jodel Dossou,13/14,30/01/2014,Club Africain,Salzburg,-,€300k,0,300000
Jodel Dossou,12/13,01/01/2013,Tonnerre,Club Africain,-,€15k,0,15000
Xabier Etxeita,,,,,,,0,0
Banzouzi Locko,,,,,,,0,0
Antonio Caracciolo,12/13,01/07/2012,Genoa,Brescia,€2.50m,€200k,2500000,200000
Antonio Caracciolo,11/12,01/08/2011,Brescia,Genoa,€4.50m,€1.50m,4500000,1500000
Antonio Caracciolo,07/08,01/01/2008,Sampdoria,Brescia,€4.40m,€7.05m,4400000,7050000
Antonio Caracciolo,07/08,01/07/2007,US Palermo,Sampdoria,€4.40m,€4.25m,4400000,4250000
Antonio Caracciolo,05/06,01/07/2005,Brescia,US Palermo,€8.00m,€9.00m,8000000,9000000
Antonio Caracciolo,01/02,01/07/2001,Como,Brescia,-,€243k,0,243000
Timothy Fosu-Mensah,20/21,13/01/2021,Man Utd,Leverkusen,€4.00m,€1.70m,4000000,1700000
Timothy Fosu-Mensah,14/15,01/09/2014,Ajax U17,Man Utd U18,-,€380k,0,380000
Steeve Yago,,,,,,,0,0
Simon Banza,25/26,22/09/2025,Braga,Al-Jazira,€14.00m,€8.50m,14000000,8500000
Simon Banza,22/23,19/07/2022,Lens,Braga,€5.00m,€2.96m,5000000,2960000
Eddie Nketiah,24/25,30/08/2024,Arsenal,Crystal Palace,€30.00m,€29.70m,30000000,29700000
Ivi,22/23,28/07/2022,Sevilla FC,Barcelona,€60.00m,€50.00m,60000000,50000000
Ivi,19/20,03/07/2019,G. Bordeaux,Sevilla FC,€15.00m,€35.00m,15000000,35000000
Léo Pétrot,22/23,30/08/2022,FC Lorient,Saint-Étienne,€1.00m,€500k,1000000,500000
Bruno González,17/18,05/07/2017,Real Betis,Getafe,€2.50m,€600k,2500000,600000
Renaud Ripart,21/22,15/07/2021,Nîmes Olympique,Troyes,€5.00m,€3.30m,5000000,3300000
Jérémy Blayac,10/11,21/01/2011,US Boulogne,Tours FC,€800k,€700k,800000,700000
Miguel Atienza,,,,,,,0,0
Beram Kayal,10/11,29/07/2010,Maccabi Haifa,Celtic,€1.25m,€1.80m,1250000,1800000
Óscar Gil,20/21,07/09/2020,Elche CF,Espanyol,€400k,€500k,400000,500000
Godfred Donsah,16/17,01/07/2016,Cagliari,Bologna,€5.00m,€5.00m,5000000,5000000
Godfred Donsah,14/15,17/07/2014,Hellas Verona,Cagliari,€2.00m,€2.50m,2000000,2500000
Gen Shoji,19/20,03/02/2020,Toulouse,Gamba Osaka,€3.00m,€2.00m,3000000,2000000
Gen Shoji,18/19,01/01/2019,Kashima Antlers,Toulouse,€3.50m,€3.00m,3500000,3000000
Luuk de Jong,22/23,02/07/2022,Sevilla FC,PSV,€4.00m,€3.00m,4000000,3000000
Luuk de Jong,19/20,01/07/2019,PSV,Sevilla FC,€12.00m,€12.50m,12000000,12500000
Luuk de Jong,14/15,12/07/2014,Mönchengladbach,PSV,€5.00m,€5.50m,5000000,5500000
Luuk de Jong,12/13,18/07/2012,FC Twente,Mönchengladbach,€12.00m,€12.00m,12000000,12000000
Luuk de Jong,09/10,01/07/2009,De Graafschap,FC Twente,€650k,€900k,650000,900000
Gabriel Boschilia,15/16,10/08/2015,São Paulo,Monaco,€3.00m,€9.00m,3000000,9000000
Bamba Dieng,22/23,27/01/2023,Marseille,FC Lorient,€8.00m,€7.00m,8000000,7000000
Bamba Dieng,21/22,01/07/2021,Diambars FC,Marseille,€700k,€400k,700000,400000
Patrick Erras,21/22,02/07/2021,Werder Bremen,Holstein Kiel,€700k,€250k,700000,250000
Kelyan Guessoum,,,,,,,0,0
Phillipp Mwene,23/24,23/08/2023,PSV,Mainz,€3.00m,€1.00m,3000000,1000000
Gabriele Zappa,21/22,01/07/2021,Pescara,Cagliari,€7.00m,€3.20m,7000000,3200000
Gabriele Zappa,18/19,30/01/2019,Inter,Pescara,€75k,€3.00m,75000,3000000
Marko Pjaca,24/25,04/07/2024,HNK Rijeka,Dinamo Zagreb,€2.50m,€1.50m,2500000,1500000
Marko Pjaca,16/17,21/07/2016,Dinamo Zagreb,Juventus,€18.00m,€29.40m,18000000,29400000
Marko Pjaca,14/15,01/07/2014,NK Lokomotiva,Dinamo Zagreb,€950k,€1.00m,950000,1000000
Christopher Antwi-Adjei,,,,,,,0,0
Darnell Furlong,25/26,28/08/2025,West Brom,Ipswich,€2.80m,€4.00m,2800000,4000000
Darnell Furlong,19/20,23/07/2019,QPR,West Brom,€750k,€1.70m,750000,1700000
George Baldock,17/18,01/07/2017,MK Dons,Sheff Utd,€150k,€740k,150000,740000
Giulio Donati,15/16,25/01/2016,Leverkusen,Mainz,€2.00m,€1.00m,2000000,1000000
Giulio Donati,13/14,01/07/2013,Inter,Leverkusen,€750k,€3.00m,750000,3000000
Thomas Heurtaux,12/13,01/07/2012,SM Caen,Udinese,€2.75m,€2.10m,2750000,2100000
Vitaliy Mykolenko,21/22,01/01/2022,Dynamo Kyiv,Everton,€17.00m,€23.50m,17000000,23500000
Alberto Perea,,,,,,,0,0
Robin Hack,23/24,01/07/2023,Arm. Bielefeld,Mönchengladbach,€3.00m,€1.10m,3000000,1100000
Robin Hack,21/22,09/08/2021,1.FC Nuremberg,Arm. Bielefeld,€3.00m,€1.20m,3000000,1200000
Robin Hack,19/20,01/07/2019,Hoffenheim,1.FC Nuremberg,€500k,€500k,500000,500000
Laurent Depoitre,17/18,01/07/2017,Porto,Huddersfield,€3.00m,€3.80m,3000000,3800000
Laurent Depoitre,16/17,08/08/2016,KAA Gent,Porto,€6.50m,€7.00m,6500000,7000000
Alidu Seidu,23/24,29/01/2024,Clermont Foot,Stade Rennais,€7.00m,€11.00m,7000000,11000000
Hanno Behrens,22/23,04/07/2022,Hansa Rostock,Persija,€550k,€100k,550000,100000
Ricardo Mangas,25/26,06/08/2025,Spartak Moscow,Sporting,€2.50m,€321k,2500000,321000
Ricardo Mangas,24/25,10/09/2024,Vit. Guimarães,Spartak Moscow,€4.00m,€2.00m,4000000,2000000
Ricardo Mangas,23/24,04/07/2023,Boavista,Vit. Guimarães,€1.50m,€900k,1500000,900000
Fousseni Diabaté,23/24,07/09/2023,Partizan,Lausanne-Sport,€5.00m,€600k,5000000,600000
Fousseni Diabaté,22/23,07/07/2022,Trabzonspor,Partizan,€2.70m,€30k,2700000,30000
Fousseni Diabaté,20/21,25/09/2020,Leicester,Trabzonspor,€2.20m,€1.57m,2200000,1570000
Fousseni Diabaté,17/18,13/01/2018,G. Ajaccio,Leicester,-,€2.00m,0,2000000
Marvin Bakalorz,14/15,01/07/2014,Frankfurt,SC Paderborn,€1.00m,€150k,1000000,150000
Marvin Bakalorz,13/14,22/07/2013,Dortmund,Frankfurt,€200k,€75k,200000,75000
Burgui,17/18,11/07/2017,Real Madrid,Alavés,€1.50m,€3.00m,1500000,3000000
Irvin Cardona,25/26,01/07/2025,Augsburg,Saint-Étienne,€2.50m,€2.50m,2500000,2500000
Irvin Cardona,22/23,18/01/2023,Stade Brestois,Augsburg,€2.50m,€500k,2500000,500000
Irvin Cardona,19/20,12/08/2019,Monaco,Stade Brestois,€1.50m,€1.50m,1500000,1500000
Peter Crouch,11/12,31/08/2011,Tottenham,Stoke City,€10.00m,€11.30m,10000000,11300000
Peter Crouch,09/10,27/07/2009,Portsmouth,Tottenham,€10.00m,€10.50m,10000000,10500000
Peter Crouch,08/09,11/07/2008,Liverpool,Portsmouth,€9.50m,€13.70m,9500000,13700000
Peter Crouch,05/06,20/07/2005,Southampton,Liverpool,€10.50m,€10.50m,10500000,10500000
Peter Crouch,04/05,09/07/2004,Aston Villa,Southampton,-,€3.00m,0,3000000
Peter Crouch,01/02,27/03/2002,Portsmouth,Aston Villa,-,€7.50m,0,7500000
Peter Crouch,01/02,04/07/2001,QPR,Portsmouth,-,€2.25m,0,2250000
Peter Crouch,00/01,27/07/2000,Tottenham,QPR,-,€85k,0,85000
Stephy Mavididi,23/24,31/07/2023,Montpellier,Leicester,€6.00m,€7.50m,6000000,7500000
Stephy Mavididi,20/21,01/07/2020,Juventus U23,Montpellier,€3.60m,€6.30m,3600000,6300000
Stephy Mavididi,18/19,17/08/2018,Arsenal U23,Juventus U23,€800k,€1.50m,800000,1500000
James Collins,12/13,01/08/2012,Aston Villa,West Ham,€5.00m,€3.20m,5000000,3200000
James Collins,09/10,01/09/2009,West Ham,Aston Villa,€2.00m,€5.70m,2000000,5700000
James Collins,05/06,01/07/2005,Cardiff,West Ham,€600k,€2.00m,600000,2000000
Rajiv van La Parra,19/20,31/08/2019,Huddersfield,Red Star,€4.00m,€1.20m,4000000,1200000
Rajiv van La Parra,16/17,01/07/2016,Wolves,Huddersfield,€1.50m,€900k,1500000,900000
Diego Costa,17/18,01/01/2018,Chelsea,Atlético,€50.00m,€60.00m,50000000,60000000
Diego Costa,14/15,01/07/2014,Atlético,Chelsea,€35.00m,€38.00m,35000000,38000000
Diego Costa,10/11,01/07/2010,Real Valladolid,Atlético,€5.00m,€1.00m,5000000,1000000
Diego Costa,06/07,01/01/2007,Braga,Atlético,-,€1.50m,0,1500000
Enric Gallego,20/21,01/07/2020,Getafe,CA Osasuna,€1.20m,€3.00m,1200000,3000000
Enric Gallego,19/20,08/07/2019,SD Huesca,Getafe,€3.00m,€6.00m,3000000,6000000
Enric Gallego,18/19,16/01/2019,Extremadura,SD Huesca,€400k,€3.00m,400000,3000000
Enric Gallego,17/18,02/01/2018,UE Cornellà,Extremadura,€350k,€200k,350000,200000
Chema,25/26,27/07/2025,RM Castilla,Stuttgart,€800k,€3.00m,800000,3000000
Aster Vranckx,21/22,01/07/2021,KV Mechelen,Wolfsburg,€6.80m,€8.00m,6800000,8000000
Andreas Skov Olsen,24/25,17/01/2025,Club Brugge,Wolfsburg,€16.00m,€14.00m,16000000,14000000
Andreas Skov Olsen,21/22,28/01/2022,Bologna,Club Brugge,€6.50m,€6.40m,6500000,6400000
Andreas Skov Olsen,19/20,24/07/2019,Nordsjaelland,Bologna,€8.00m,€6.00m,8000000,6000000
Moritz Jenz,23/24,01/07/2023,FC Lorient,Wolfsburg,€7.50m,€8.00m,7500000,8000000
Moritz Jenz,21/22,30/08/2021,Lausanne-Sport,FC Lorient,€600k,€3.50m,600000,3500000
Anuar,,,,,,,0,0
Moussa Koné,19/20,22/01/2020,Dynamo Dresden,Nîmes Olympique,€3.50m,€1.25m,3500000,1250000
Moussa Koné,17/18,30/01/2018,FC Zürich,Dynamo Dresden,€1.50m,€2.16m,1500000,2160000
Mathieu Cafaro,23/24,01/07/2023,Standard Liège,Saint-Étienne,€3.00m,€500k,3000000,500000
Mathieu Cafaro,21/22,11/01/2022,Stade Reims,Standard Liège,€5.00m,€250k,5000000,250000
Domen Črnigoj,15/16,31/08/2015,FC Koper,FC Lugano,€600k,€350k,600000,350000
Jagoš Vuković,17/18,13/07/2017,Konyaspor,Olympiacos,€3.00m,€2.00m,3000000,2000000
Jagoš Vuković,13/14,07/01/2014,Vojvodina,Konyaspor,€600k,€180k,600000,180000
Jagoš Vuković,10/11,01/07/2010,Rad,PSV,€1.00m,€1.20m,1000000,1200000
Jagoš Vuković,07/08,01/07/2007,Red Star U19,Rad,-,€472k,0,472000
Samuel Souprayen,18/19,17/08/2018,Hellas Verona,AJ Auxerre,€700k,€300k,700000,300000
Samuel Souprayen,11/12,01/07/2011,Stade Rennais,Dijon,€1.50m,€1.50m,1500000,1500000
Sven Michel,24/25,05/07/2024,Augsburg,SC Paderborn,€700k,€300k,700000,300000
Sven Michel,23/24,01/07/2023,Union Berlin,Augsburg,€900k,€950k,900000,950000
Sven Michel,21/22,31/01/2022,SC Paderborn,Union Berlin,€800k,€2.50m,800000,2500000
Sven Michel,12/13,01/01/2013,Spfr. Siegen,M'gladbach II,€75k,€75k,75000,75000
Matías Vargas,22/23,24/08/2022,Espanyol,SH Port,€6.00m,€4.00m,6000000,4000000
Matías Vargas,19/20,14/07/2019,Vélez Sarsfield,Espanyol,€11.00m,€10.50m,11000000,10500000
Martin Kelly,14/15,14/08/2014,Liverpool,Crystal Palace,€3.50m,€2.00m,3500000,2000000
Sava Cestic,,,,,,,0,0
Emmanuel Gyasi,23/24,21/07/2023,Spezia Calcio,FC Empoli,€2.00m,€2.00m,2000000,2000000
Emmanuel Gyasi,16/17,09/08/2016,Pistoiese,Spezia Calcio,€200k,€1k,200000,1000
Jonathan Calleri,22/23,25/07/2022,CD Maldonado,São Paulo,€4.00m,€2.90m,4000000,2900000
Jonathan Calleri,15/16,18/01/2016,Boca Juniors,CD Maldonado,€7.50m,€11.00m,7500000,11000000
Jonathan Calleri,14/15,01/07/2014,All Boys,Boca Juniors,€50k,€900k,50000,900000
Guido Carrillo,17/18,25/01/2018,Monaco,Southampton,€6.00m,€22.00m,6000000,22000000
Guido Carrillo,15/16,01/07/2015,Estudiantes LP,Monaco,€3.20m,€9.00m,3200000,9000000
Sandro Ramírez,23/24,01/07/2023,SD Huesca,UD Las Palmas,€2.00m,€1.00m,2000000,1000000
Sandro Ramírez,17/18,03/07/2017,Málaga CF,Everton,€10.00m,€6.00m,10000000,6000000
Cédric Varrault,07/08,09/07/2007,Nice,Saint-Étienne,€2.00m,€800k,2000000,800000
Eric Maxim Choupo-Moting,,,,,,,0,0
Nicholas Opoku,18/19,13/07/2018,Club Africain,Udinese,€700k,€1.50m,700000,1500000
Alexander,25/26,01/09/2025,Newcastle,Liverpool,€120.00m,€145.00m,120000000,145000000
Alexander,22/23,26/08/2022,Real Sociedad,Newcastle,€30.00m,€77.50m,30000000,77500000
Alexander,19/20,01/07/2019,Dortmund,Real Sociedad,€8.00m,€15.00m,8000000,15000000
Alexander,16/17,23/01/2017,AIK,Dortmund,€1.75m,€8.60m,1750000,8600000
Antonio Raillo,,,,,,,0,0
Sean Morrison,14/15,15/08/2014,Reading,Cardiff,€1.30m,€3.74m,1300000,3740000
Sean Morrison,10/11,18/01/2011,Swindon Town,Reading,€50k,€360k,50000,360000
Hwang Hee-chan,,,,,,,0,0
Paolo Cannavaro,14/15,01/07/2014,Napoli,Sassuolo,€1.00m,€1k,1000000,1000
Paolo Cannavaro,99/00,01/09/1999,Napoli,AC Parma,-,€1.00m,0,1000000
Fransérgio,21/22,25/08/2021,Braga,G. Bordeaux,€5.00m,€4.75m,5000000,4750000
Fransérgio,17/18,01/07/2017,Marítimo,Braga,€2.00m,€1.25m,2000000,1250000
Elba Rashani,14/15,24/07/2014,Odd,Bröndby IF,€500k,€720k,500000,720000
Andrea Nalini,,,,,,,0,0
Jeremie Frimpong,25/26,01/07/2025,Leverkusen,Liverpool,€50.00m,€40.00m,50000000,40000000
Jeremie Frimpong,20/21,27/01/2021,Celtic,Leverkusen,€4.00m,€11.00m,4000000,11000000
Jeremie Frimpong,19/20,02/09/2019,Man City U23,Celtic,-,€380k,0,380000
Léo Baptistão,22/23,11/08/2022,Santos,UD Almería,€1.50m,€1.50m,1500000,1500000
Léo Baptistão,18/19,31/01/2019,Espanyol,WH Zall,€6.00m,€5.80m,6000000,5800000
Léo Baptistão,16/17,09/07/2016,Atlético,Espanyol,€4.00m,€7.00m,4000000,7000000
Léo Baptistão,13/14,01/07/2013,Rayo Vallecano,Atlético,€7.00m,€7.00m,7000000,7000000
Luis Javier Suárez,25/26,28/07/2025,UD Almería,Sporting,€8.00m,€22.95m,8000000,22950000
Luis Javier Suárez,23/24,01/07/2023,Marseille,UD Almería,€8.00m,€8.00m,8000000,8000000
Luis Javier Suárez,22/23,20/07/2022,Granada CF,Marseille,€9.00m,€10.00m,9000000,10000000
Luis Javier Suárez,20/21,02/10/2020,Watford,Granada CF,€7.50m,€10.00m,7500000,10000000
Brian Oliván,17/18,01/07/2017,Granada B,Cádiz CF,€600k,€500k,600000,500000
Ignasi Miquel,18/19,04/08/2018,Málaga CF,Getafe,€1.50m,€5.00m,1500000,5000000
Ignasi Miquel,17/18,07/12/2017,CD Lugo,Málaga CF,€700k,€500k,700000,500000
Ignasi Miquel,14/15,01/09/2014,Arsenal,Norwich,€400k,€1.90m,400000,1900000
Ignasi Miquel,08/09,01/07/2008,Cornellà Youth,Arsenal U18,-,€1.25m,0,1250000
Boštjan Cesar,08/09,01/01/2009,Marseille,Grenoble,€900k,€400k,900000,400000
Boštjan Cesar,05/06,01/07/2005,Dinamo Zagreb,Marseille,€1.00m,€2.50m,1000000,2500000
Frank Onyeka,21/22,20/07/2021,Midtjylland,Brentford,€6.00m,€10.00m,6000000,10000000
Ji Dong-won,,,,,,,0,0
Linton Maina,,,,,,,0,0
Álvaro Vadillo,21/22,01/07/2021,Celta de Vigo,Espanyol,€700k,€1.80m,700000,1800000
Tyronne Ebuehi,,,,,,,0,0
Sergi Canós,23/24,20/08/2023,Brentford,Valencia,€9.00m,€250k,9000000,250000
Sergi Canós,16/17,31/01/2017,Norwich,Brentford,€2.50m,€2.90m,2500000,2900000
Sergi Canós,16/17,13/07/2016,Liverpool U23,Norwich,€750k,€3.00m,750000,3000000
Stiven Mendoza,22/23,01/01/2023,Ceará SC,Santos,€1.50m,€1.00m,1500000,1000000
Stiven Mendoza,20/21,27/02/2021,Amiens SC,Ceará SC,€3.00m,€600k,3000000,600000
Stiven Mendoza,17/18,17/01/2018,Corinthians,Amiens SC,€1.25m,€1.00m,1250000,1000000
Hwang Ui-jo,22/23,26/08/2022,G. Bordeaux,Nott'm Forest,€7.00m,€4.00m,7000000,4000000
Hwang Ui-jo,19/20,14/07/2019,Gamba Osaka,G. Bordeaux,€1.60m,€2.00m,1600000,2000000
Hwang Ui-jo,17/18,01/07/2017,Seongnam FC,Gamba Osaka,€275k,€1.53m,275000,1530000
Luca Caldirola,21/22,17/07/2021,Benevento,Monza,€1.80m,€800k,1800000,800000
Luca Caldirola,13/14,02/07/2013,Inter,Werder Bremen,€3.00m,€2.25m,3000000,2250000
Luca Caldirola,13/14,01/07/2013,Cesena,Inter,€3.00m,€2.50m,3000000,2500000
Luca Caldirola,12/13,01/07/2012,Inter,Cesena,€2.50m,€2.50m,2500000,2500000
Kastriot Dermaku,,,,,,,0,0
Odsonne Édouard,25/26,01/09/2025,Crystal Palace,Lens,€8.00m,€3.70m,8000000,3700000
Odsonne Édouard,21/22,31/08/2021,Celtic,Crystal Palace,€17.00m,€16.30m,17000000,16300000
Odsonne Édouard,18/19,01/07/2018,PSG,Celtic,€1.50m,€10.30m,1500000,10300000
André Schürrle,16/17,22/07/2016,Wolfsburg,Dortmund,€25.00m,€30.00m,25000000,30000000
André Schürrle,14/15,02/02/2015,Chelsea,Wolfsburg,€23.00m,€32.00m,23000000,32000000
André Schürrle,13/14,01/07/2013,Leverkusen,Chelsea,€25.00m,€22.00m,25000000,22000000
André Schürrle,11/12,01/07/2011,Mainz,Leverkusen,€12.50m,€14.00m,12500000,14000000
Vasco Regini,08/09,01/01/2009,Cesena,Sampdoria,-,€600k,0,600000
Ambroise Oyongo,,,,,,,0,0
Manu Vallejo,19/20,01/07/2019,Cádiz CF,Valencia,€5.00m,€5.50m,5000000,5500000
Raphael Framberger,,,,,,,0,0
Hannes Wolf,21/22,01/07/2021,Leipzig,Mönchengladbach,€8.00m,€9.50m,8000000,9500000
Hannes Wolf,19/20,01/07/2019,Salzburg,Leipzig,€12.00m,€12.00m,12000000,12000000
Stéphane Bahoken,,,,,,,0,0
Cheick Traoré,,,,,,,0,0
Josh Sargent,25/26,27/02/2026,Norwich,Toronto,€20.00m,€18.65m,20000000,18650000
Josh Sargent,21/22,09/08/2021,Werder Bremen,Norwich,€8.00m,€9.50m,8000000,9500000
Sergi Guardiola,23/24,01/07/2023,Real Valladolid,Cádiz CF,€2.00m,€1.00m,2000000,1000000
Sergi Guardiola,18/19,25/01/2019,Córdoba CF,Real Valladolid,€3.00m,€3.00m,3000000,3000000
Jairo Izquierdo,24/25,30/01/2025,FC Cartagena,Elche CF,€800k,€300k,800000,300000
Jairo Izquierdo,18/19,18/08/2018,Extremadura,Girona,€250k,€200k,250000,200000
Aritz Aduriz,12/13,01/07/2012,Valencia,Athletic Club,€4.00m,€2.50m,4000000,2500000
Aritz Aduriz,10/11,01/07/2010,RCD Mallorca,Valencia,€7.00m,€4.30m,7000000,4300000
Aritz Aduriz,08/09,01/08/2008,Athletic Club,RCD Mallorca,€3.80m,€6.00m,3800000,6000000
Aritz Aduriz,05/06,01/01/2006,Real Valladolid,Athletic Club,-,€3.00m,0,3000000
Pere Milla,23/24,15/08/2023,Elche CF,Espanyol,€3.00m,€3.00m,3000000,3000000
Kike Barja,,,,,,,0,0
Jay Rodriguez,19/20,09/07/2019,West Brom,Burnley,€10.00m,€10.00m,10000000,10000000
Jay Rodriguez,17/18,02/07/2017,Southampton,West Brom,€10.00m,€13.70m,10000000,13700000
Jay Rodriguez,12/13,01/07/2012,Burnley,Southampton,€5.00m,€8.65m,5000000,8650000
Harrison Manzala,18/19,13/07/2018,Amiens SC,Angers SCO,€1.50m,€1.00m,1500000,1000000
Nordin Amrabat,18/19,16/07/2018,Watford,Al-Nassr,€3.00m,€8.50m,3000000,8500000
Nordin Amrabat,15/16,18/01/2016,Málaga CF,Watford,€6.00m,€8.40m,6000000,8400000
Nordin Amrabat,15/16,05/08/2015,Galatasaray,Málaga CF,€6.00m,€3.50m,6000000,3500000
Nordin Amrabat,12/13,21/07/2012,Kayserispor,Galatasaray,€6.00m,€8.60m,6000000,8600000
Nordin Amrabat,10/11,05/01/2011,PSV,Kayserispor,€2.75m,€1.10m,2750000,1100000
Nordin Amrabat,08/09,01/07/2008,VVV-Venlo,PSV,€2.00m,€2.30m,2000000,2300000
Nordin Amrabat,07/08,01/07/2007,FC Omniworld,VVV-Venlo,-,€75k,0,75000
Kevin Schade,23/24,01/07/2023,Freiburg,Brentford,€25.00m,€25.00m,25000000,25000000
Kevin Schade,18/19,01/07/2018,E. Cottbus U17,SC Freiburg U19,-,€250k,0,250000
Miguel Ángel Guerrero,,,,,,,0,0
Matthew Hoppe,22/23,10/08/2022,RCD Mallorca,Middlesbrough,€1.00m,€3.00m,1000000,3000000
Matthew Hoppe,21/22,31/08/2021,FC Schalke 04,RCD Mallorca,€4.50m,€3.50m,4500000,3500000
Nathan Dyer,08/09,01/01/2009,Southampton,Swansea,€300k,€600k,300000,600000
Rafael Borré,23/24,05/03/2024,Frankfurt,Internacional,€8.00m,€6.50m,8000000,6500000
Rafael Borré,17/18,07/08/2017,Atlético,River Plate,€2.00m,€3.50m,2000000,3500000
Rafael Borré,15/16,28/08/2015,Deportivo Cali,Atlético,-,€5.00m,0,5000000
Yan Valery,24/25,01/07/2024,Angers SCO,Sheff Wed,€2.00m,€474k,2000000,474000
Lois Diony,17/18,07/07/2017,Dijon,Saint-Étienne,€3.00m,€10.00m,3000000,10000000
Francesco Zampano,19/20,01/07/2019,Pescara,Frosinone,€1.50m,€1.50m,1500000,1500000
Francesco Zampano,15/16,23/07/2015,Hellas Verona,Pescara,€1.00m,€850k,1000000,850000
Francesco Zampano,11/12,01/07/2011,Sampdoria U17,Virtus Entella,-,€276k,0,276000
Arnaud Lusamba,16/17,19/07/2016,AS Nancy,Nice,€2.00m,€2.50m,2000000,2500000
Jon Morcillo,25/26,15/01/2026,Albacete,UD Almería,€2.00m,€500k,2000000,500000
Issa Cissokho,15/16,20/07/2015,FC Nantes,Genoa,€2.00m,€500k,2000000,500000
Marco D'Alessandro,20/21,27/01/2021,SPAL,Monza,€1.80m,€250k,1800000,250000
Marco D'Alessandro,20/21,01/09/2020,Atalanta,SPAL,€1.80m,€2.00m,1800000,2000000
Marco D'Alessandro,14/15,02/07/2014,Roma,Atalanta,€1.60m,€2.50m,1600000,2500000
Martín Mantovani,,,,,,,0,0
Jon Guridi,,,,,,,0,0
Jens Petter Hauge,24/25,30/01/2025,Frankfurt,Bodø/Glimt,€4.50m,€4.00m,4500000,4000000
Jens Petter Hauge,22/23,01/07/2022,AC Milan,Frankfurt,€8.00m,€8.20m,8000000,8199999
Jens Petter Hauge,20/21,01/10/2020,Bodø/Glimt,AC Milan,€1.00m,€4.80m,1000000,4800000
Antonio Puertas,,,,,,,0,0
Ismaëlben Boura,,,,,,,0,0
Henrique,24/25,20/01/2025,Botafogo,Zenit S-Pb,€22.00m,€33.00m,22000000,33000000
Henrique,23/24,01/02/2024,Real Betis,Botafogo,€12.00m,€16.00m,12000000,16000000
Henrique,22/23,01/07/2022,Fluminense,Real Betis,€12.00m,€10.40m,12000000,10400000
Fede Vico,19/20,01/07/2019,CD Leganés,Granada CF,€1.50m,€250k,1500000,250000
Fede Vico,13/14,01/07/2013,Córdoba CF,RSC Anderlecht,€1.50m,€1.50m,1500000,1500000
Milan Đurić,,,,,,,0,0
Mamadou Coulibaly,,,,,,,0,0
Takashi Inui,19/20,24/07/2019,Real Betis,SD Eibar,€4.00m,€2.00m,4000000,2000000
Takashi Inui,15/16,26/08/2015,Frankfurt,SD Eibar,€2.50m,€500k,2500000,500000
Takashi Inui,12/13,03/07/2012,VfL Bochum,Frankfurt,€2.25m,€1.45m,2250000,1450000
Takashi Inui,11/12,01/08/2011,Cerezo Osaka,VfL Bochum,€1.50m,€500k,1500000,500000
Danny Simpson,14/15,30/08/2014,QPR,Leicester,€2.50m,€2.50m,2500000,2500000
Danny Simpson,09/10,20/01/2010,Man Utd,Newcastle,€1.10m,€865k,1100000,865000
Fabio Borini,18/19,01/07/2018,Sunderland,AC Milan,€7.00m,€5.50m,7000000,5500000
Fabio Borini,15/16,31/08/2015,Liverpool,Sunderland,€7.00m,€10.70m,7000000,10700000
Fabio Borini,12/13,13/07/2012,Roma,Liverpool,€9.00m,€13.30m,9000000,13300000
Fabio Borini,11/12,23/01/2012,Parma,Roma,€4.80m,€7.60m,4800000,7600000
Fabio Borini,11/12,02/07/2011,Chelsea,Parma,€100k,€360k,100000,360000
Fabio Borini,07/08,01/07/2007,Bologna Youth,Chelsea U18,-,€350k,0,350000
Rubén Sobrino,18/19,31/01/2019,Alavés,Valencia,€3.00m,€5.00m,3000000,5000000
Rubén Sobrino,17/18,06/07/2017,Man City,Alavés,€500k,€2.00m,500000,2000000
Rubén Sobrino,15/16,28/08/2015,Ponferradina,Man City,€500k,€550k,500000,550000
Rubén Sobrino,14/15,07/08/2014,RM Castilla,Ponferradina,-,€275k,0,275000
Raoul Bellanova,24/25,22/08/2024,Torino,Atalanta,€15.00m,€24.30m,15000000,24300000
Raoul Bellanova,23/24,01/07/2023,Cagliari,Torino,€5.00m,€7.00m,5000000,7000000
Raoul Bellanova,22/23,01/07/2022,G. Bordeaux,Cagliari,€7.00m,€700k,7000000,700000
Raoul Bellanova,18/19,30/01/2019,Milan U19,G. Bordeaux,-,€770k,0,770000
Lorenzo Ariaudo,13/14,04/01/2014,Cagliari,Sassuolo,€1.50m,€800k,1500000,800000
Lorenzo Ariaudo,10/11,01/07/2010,Juventus,Cagliari,€1.30m,€3.80m,1300000,3800000
Connor Roberts,21/22,31/08/2021,Swansea,Burnley,€4.50m,€2.90m,4500000,2900000
Victor Perea,,,,,,,0,0
Phil Bardsley,17/18,25/07/2017,Stoke City,Burnley,€1.50m,€840k,1500000,840000
Phil Bardsley,07/08,22/01/2008,Man Utd,Sunderland,€1.25m,€3.00m,1250000,3000000
Mirco Antenucci,14/15,21/08/2014,Ternana,Leeds,€1.70m,€750k,1700000,750000
Mirco Antenucci,14/15,01/07/2014,Catania,Ternana,€1.40m,€1.00m,1400000,1000000
Mirco Antenucci,12/13,01/07/2012,Torino,Catania,€2.30m,€1.10m,2300000,1100000
Mirco Antenucci,10/11,23/01/2011,Catania,Torino,€1.50m,€2.80m,1500000,2800000
Michael Lang,18/19,01/07/2018,Basel,Mönchengladbach,€5.75m,€2.80m,5750000,2800000
Michael Lang,11/12,01/07/2011,FC St. Gallen,Grasshoppers,€600k,€300k,600000,300000
Anthony Lozano,24/25,12/07/2024,Getafe,Santos Laguna,€1.20m,€2.00m,1200000,2000000
Anthony Lozano,20/21,04/08/2020,Girona,Cádiz CF,€1.00m,€2.50m,1000000,2500000
Anthony Lozano,17/18,30/01/2018,Barcelona B,Girona,€1.50m,€1.75m,1500000,1750000
Anthony Lozano,17/18,17/07/2017,CD Olimpia,Barcelona B,€800k,€1.50m,800000,1500000
Myziane Maolida,24/25,22/08/2024,Hertha BSC,Al-Kholood ,€900k,€600k,900000,600000
Myziane Maolida,21/22,31/08/2021,Nice,Hertha BSC,€7.00m,€4.00m,7000000,4000000
Myziane Maolida,18/19,13/08/2018,Lyon,Nice,€4.50m,€10.00m,4500000,10000000
Luis Rioja,24/25,22/08/2024,Alavés,Valencia,€4.00m,€1.20m,4000000,1200000
Luis Rioja,19/20,01/07/2019,UD Almería,Alavés,€1.50m,€2.00m,1500000,2000000
Luis Rioja,18/19,23/07/2018,Marbella FC,UD Almería,€300k,€150k,300000,150000
Marvin Ducksch,25/26,07/08/2025,Werder Bremen,Birmingham,€6.00m,€2.00m,6000000,2000000
Marvin Ducksch,21/22,25/08/2021,Hannover 96,Werder Bremen,€2.00m,€4.00m,2000000,4000000
Marvin Ducksch,19/20,01/07/2019,F. Düsseldorf,Hannover 96,€1.50m,€1.50m,1500000,1500000
Marvin Ducksch,18/19,01/07/2018,St. Pauli,F. Düsseldorf,€3.00m,€2.25m,3000000,2250000
Marvin Ducksch,16/17,01/07/2016,B. Dortmund II,St. Pauli,€700k,€250k,700000,250000
Toni Moya,,,,,,,0,0
Éder,16/17,22/07/2016,Peñarol,RM Castilla,€450k,€5.00m,450000,5000000
Jonás Ramalho,21/22,05/07/2021,Girona,CA Osasuna,€1.00m,€700k,1000000,700000
Cenk Tosun,17/18,05/01/2018,Besiktas,Everton,€10.50m,€22.50m,10500000,22500000
Cenk Tosun,10/11,29/01/2011,Frankfurt,Gaziantepspor,€400k,€550k,400000,550000
Rico Henry,,,,,,,0,0
Víctor Chust,22/23,06/07/2022,Real Madrid,Cádiz CF,€2.50m,€1.00m,2500000,1000000
Oier Zarraga,,,,,,,0,0
Markel Bergara,,,,,,,0,0
Frédéric Sammaritano,10/11,31/08/2010,Vannes,AJ Auxerre,€800k,€500k,800000,500000
Alessandro Buongiorno,24/25,13/07/2024,Torino,Napoli,€35.00m,€36.50m,35000000,36500000
Federico Di Francesco,23/24,31/08/2023,Lecce,Palermo,€1.80m,€1.30m,1800000,1300000
Federico Di Francesco,22/23,31/07/2022,SPAL,Lecce,€2.00m,€800k,2000000,800000
Federico Di Francesco,21/22,01/07/2021,Sassuolo,SPAL,€2.50m,€4.50m,2500000,4500000
Federico Di Francesco,18/19,04/07/2018,Bologna,Sassuolo,€3.50m,€7.45m,3500000,7450000
Federico Di Francesco,16/17,01/07/2016,Virtus Lanciano,Bologna,€1.00m,€1.40m,1000000,1400000
Sekou Mara,24/25,21/08/2024,Southampton,R. Strasbourg,€6.00m,€12.00m,6000000,12000000
Sekou Mara,22/23,25/07/2022,G. Bordeaux,Southampton,€3.00m,€11.50m,3000000,11500000
Petko Hristov,17/18,17/07/2017,Slavia Sofia,Fiorentina,€75k,€1.70m,75000,1700000
Jacob Barrett Laursen,23/24,21/08/2023,Standard Liège,Häcken,€1.20m,€500k,1200000,500000
Jacob Barrett Laursen,22/23,23/07/2022,Arm. Bielefeld,Standard Liège,€1.70m,€750k,1700000,750000
Jacob Barrett Laursen,14/15,03/07/2014,Juventus U19,Odense BK,€500k,€100k,500000,100000
Jacob Barrett Laursen,12/13,22/07/2012,Aalborg BK U19,Juventus U19,-,€1.00m,0,1000000
Jon Ander Garrido,,,,,,,0,0
Sebastian Polter,22/23,01/07/2022,VfL Bochum,FC Schalke 04,€2.20m,€1.50m,2200000,1500000
Sebastian Polter,16/17,10/01/2017,QPR,Union Berlin,€2.00m,€1.60m,2000000,1600000
Sebastian Polter,15/16,02/07/2015,Mainz,QPR,€1.50m,€2.30m,1500000,2300000
Sebastian Polter,13/14,01/07/2013,Wolfsburg,Mainz,€1.50m,€750k,1500000,750000
Aleksandar Sedlar,16/17,01/07/2016,Metalac,Piast Gliwice,€400k,€80k,400000,80000
Vahid Selimović,18/19,15/01/2019,FC Metz,Apol. Limassol,€300k,€600k,300000,600000
Ivan Santini,19/20,29/07/2019,RSC Anderlecht,JS Suning,€3.50m,€5.00m,3500000,5000000
Ivan Santini,18/19,03/07/2018,SM Caen,RSC Anderlecht,€5.00m,€3.00m,5000000,3000000
Ivan Santini,16/17,03/08/2016,Standard Liège,SM Caen,€2.20m,€2.50m,2200000,2500000
Ivan Santini,15/16,01/07/2015,KV Kortrijk,Standard Liège,€2.50m,€1.60m,2500000,1600000
Kean Bryan,,,,,,,0,0
Ivan Cavaleiro,19/20,07/01/2020,Wolves,Fulham,€10.00m,€11.80m,10000000,11800000
Ivan Cavaleiro,16/17,31/08/2016,Monaco,Wolves,€7.50m,€8.00m,7500000,8000000
Ivan Cavaleiro,15/16,10/07/2015,Benfica,Monaco,€3.50m,€15.00m,3500000,15000000
Rick van Drongelen,23/24,12/07/2023,Union Berlin,Samsunspor,€1.00m,€200k,1000000,200000
Rick van Drongelen,21/22,01/07/2021,Hamburg,Union Berlin,€2.50m,€500k,2500000,500000
Rick van Drongelen,17/18,03/08/2017,Sparta R.,Hamburg,€900k,€3.00m,900000,3000000
Samuel Bastien,24/25,08/08/2024,Burnley,Fortuna Sittard,€1.10m,€250k,1100000,250000
Samuel Bastien,22/23,05/07/2022,Standard Liège,Burnley,€2.20m,€800k,2200000,800000
Samuel Bastien,18/19,01/07/2018,Chievo Verona,Standard Liège,€2.50m,€3.00m,2500000,3000000
Samuel Bastien,16/17,25/08/2016,RSC Anderlecht,Chievo Verona,€800k,€1.30m,800000,1300000
Baba Rahman,15/16,16/08/2015,Augsburg,Chelsea,€10.00m,€26.00m,10000000,26000000
Baba Rahman,14/15,12/08/2014,Greuther Fürth,Augsburg,€1.50m,€2.50m,1500000,2500000
Fin Bartels,,,,,,,0,0
Riccardo Marchizza,23/24,13/07/2023,Sassuolo,Frosinone,€1.00m,€1.30m,1000000,1300000
Riccardo Marchizza,17/18,13/07/2017,Roma,Sassuolo,€450k,€6.00m,450000,6000000
Stéphane Darbion,,,,,,,0,0
Isaac Mbenza,19/20,09/07/2019,Montpellier,Huddersfield,€5.00m,€12.50m,5000000,12500000
Isaac Mbenza,16/17,30/01/2017,Standard Liège,Montpellier,€1.20m,€1.70m,1200000,1700000
Isaac Mbenza,16/17,27/07/2016,Valenciennes FC,Standard Liège,€800k,€1.50m,800000,1500000
Rachid Alioui,,,,,,,0,0
Jannes Horn,17/18,01/07/2017,Wolfsburg,1.FC Köln,€4.00m,€7.00m,4000000,7000000
Marius Bülter,25/26,31/07/2025,Hoffenheim,1.FC Köln,€2.50m,€1.00m,2500000,1000000
Marius Bülter,23/24,06/07/2023,FC Schalke 04,Hoffenheim,€3.00m,€3.00m,3000000,3000000
Marius Bülter,21/22,01/07/2021,Union Berlin,FC Schalke 04,€1.70m,€800k,1700000,800000
Marius Bülter,20/21,01/07/2020,1.FC Magdeburg,Union Berlin,€2.40m,€1.50m,2400000,1500000
Amath,24/25,01/07/2024,RCD Mallorca,Real Valladolid,€1.50m,€2.00m,1500000,2000000
Amath,21/22,01/07/2021,Getafe,RCD Mallorca,€4.00m,€3.00m,4000000,3000000
Amath,17/18,10/08/2017,Atlético,Getafe,€1.00m,€3.00m,1000000,3000000
Stoppila Sunzu,18/19,09/07/2018,Lille,FC Metz,€2.00m,€800k,2000000,800000
Stoppila Sunzu,14/15,01/01/2015,FC Sochaux,SH Shenhua,€2.00m,€3.00m,2000000,3000000
Stoppila Sunzu,13/14,03/01/2014,TP Mazembe,FC Sochaux,€600k,€1.00m,600000,1000000
Gaku Shibasaki,,,,,,,0,0
Bobby Reid,19/20,24/01/2020,Cardiff,Fulham,€10.00m,€8.90m,10000000,8900000
Bobby Reid,18/19,01/07/2018,Bristol City,Cardiff,€3.00m,€11.35m,3000000,11350000
Romain Philippoteaux,20/21,22/09/2020,Nîmes Olympique,Stade Brestois,€800k,€500k,800000,500000
Romain Philippoteaux,19/20,01/07/2019,AJ Auxerre,Nîmes Olympique,€1.00m,€300k,1000000,300000
Romain Philippoteaux,17/18,06/07/2017,FC Lorient,AJ Auxerre,€2.00m,€850k,2000000,850000
Romain Philippoteaux,14/15,01/02/2015,Dijon,FC Lorient,€1.50m,€2.50m,1500000,2500000
Nabil El Zhar,99/00,01/07/1999,Olympique Alès,Nîmes Ol. U19,-,€15k,0,15000
Bruno Martins Indi,17/18,10/08/2017,Porto,Stoke City,€11.00m,€7.70m,11000000,7700000
Bruno Martins Indi,14/15,15/07/2014,Feyenoord,Porto,€6.00m,€7.70m,6000000,7700000
Franco Russo,25/26,02/07/2025,Querétaro FC,Qatar SC,€800k,€1.00m,800000,1000000
Franco Russo,25/26,01/07/2025,Ludogorets,Querétaro FC,€800k,€1.00m,800000,1000000
Franco Russo,22/23,16/01/2023,RCD Mallorca,Ludogorets,€1.00m,€1.10m,1000000,1100000
Divock Origi,14/15,29/07/2014,Lille,Liverpool,€1.00m,€12.63m,1000000,12630000
Herbert Bockhorn,19/20,08/07/2019,B. Dortmund II,Huddersfield,€150k,€300k,150000,300000
Loïck Landre,18/19,01/07/2018,Genoa,Nîmes Olympique,€200k,€150k,200000,150000
Robert Bauer,16/17,23/08/2016,FC Ingolstadt,Werder Bremen,€2.00m,€2.50m,2000000,2500000
Benoît Assou-Ekotto,06/07,01/07/2006,Lens,Tottenham,€2.80m,€5.00m,2800000,5000000
Unai García,,,,,,,0,0
Leo Skiri Østigård,25/26,31/01/2026,Stade Rennais,Genoa,€10.00m,€2.50m,10000000,2500000
Leo Skiri Østigård,24/25,30/07/2024,Napoli,Stade Rennais,€8.00m,€7.37m,8000000,7370000
Leo Skiri Østigård,22/23,18/07/2022,Brighton,Napoli,€5.00m,€5.50m,5000000,5500000
Leo Skiri Østigård,18/19,08/08/2018,Molde FK,Brighton,€50k,€110k,50000,110000
Junior Hoilett,12/13,27/07/2012,Blackburn,QPR,€9.00m,€3.75m,9000000,3750000
Mathieu Bodmer,10/11,02/07/2010,Lyon,PSG,€5.50m,€2.50m,5500000,2500000
Mathieu Bodmer,07/08,01/07/2007,Lille,Lyon,€10.00m,€6.80m,10000000,6800000
Mathieu Bodmer,03/04,01/07/2003,SM Caen,Lille,-,€1.00m,0,1000000
Ilaix Moriba,25/26,01/07/2025,Leipzig,Celta de Vigo,€6.00m,€6.00m,6000000,6000000
Ilaix Moriba,21/22,31/08/2021,Barcelona,Leipzig,€25.00m,€16.60m,25000000,16600000
Riccardo Sottil,15/16,01/02/2016,Torino U17,Fiorentina U17,-,€500k,0,500000
Alessandro Gamberini,14/15,24/07/2014,Napoli,Chievo Verona,€1.00m,€300k,1000000,300000
Alessandro Gamberini,12/13,16/07/2012,Fiorentina,Napoli,€6.50m,€1.75m,6500000,1750000
Alessandro Gamberini,05/06,04/07/2005,Bologna,Fiorentina,€300k,€3.00m,300000,3000000
Alessandro Gamberini,00/01,01/07/2000,Bologna,Juventus,-,€2.32m,0,2320000
Alen Halilović,16/17,21/07/2016,Barcelona,Hamburg,€10.00m,€5.00m,10000000,5000000
Alen Halilović,14/15,01/07/2014,Dinamo Zagreb,Barcelona B,€6.50m,€5.00m,6500000,5000000
Igor Carioca,,,,,,,0,0
Florian Hübner,18/19,01/07/2018,Hannover 96,Union Berlin,€750k,€500k,750000,500000
Florian Hübner,16/17,01/07/2016,SV Sandhausen,Hannover 96,€800k,€500k,800000,500000
Diego Lainez,23/24,01/08/2023,Real Betis,Tigres UANL,€2.50m,€6.00m,2500000,6000000
Diego Lainez,18/19,10/01/2019,América,Real Betis,€1.50m,€14.00m,1500000,14000000
David McGoldrick,09/10,01/07/2009,Southampton,Nott'm Forest,€1.50m,€1.88m,1500000,1880000
Simon Sohm,25/26,04/08/2025,Parma,Fiorentina,€5.00m,€15.00m,5000000,15000000
Simon Sohm,20/21,04/10/2020,FC Zürich,Parma,€1.10m,€6.40m,1100000,6400000
Anthony Ujah,19/20,01/07/2019,Mainz,Union Berlin,€1.50m,€2.00m,1500000,2000000
Anthony Ujah,17/18,01/01/2018,Liaoning FC,Mainz,€3.00m,€3.80m,3000000,3800000
Anthony Ujah,16/17,07/07/2016,Werder Bremen,Liaoning FC,€5.50m,€11.50m,5500000,11500000
Anthony Ujah,15/16,01/07/2015,1.FC Köln,Werder Bremen,€4.50m,€4.50m,4500000,4500000
Anthony Ujah,13/14,08/07/2013,Mainz,1.FC Köln,€1.75m,€2.30m,1750000,2300000
Anthony Ujah,11/12,01/07/2011,Lillestrøm SK,Mainz,€2.60m,€2.30m,2600000,2300000
Ben Zolinski,,,,,,,0,0
Adama Niane,,,,,,,0,0
Karlan Grant,20/21,15/10/2020,Huddersfield,West Brom,€8.00m,€16.50m,8000000,16500000
Karlan Grant,18/19,30/01/2019,Charlton,Huddersfield,€200k,€1.70m,200000,1700000
Caiuby,14/15,11/07/2014,FC Ingolstadt,Augsburg,€1.00m,€1.00m,1000000,1000000
Caiuby,08/09,01/08/2008,Guaratinguetá,Wolfsburg,€50k,€2.50m,50000,2500000
Dani Castellano,07/08,01/01/2008,Las Palmas B,RCD Mallorca B ,€100k,€30k,100000,30000
Álex Collado,25/26,01/07/2025,Real Betis,Al-Shamal SC,€2.20m,€2.50m,2200000,2500000
Álex Collado,23/24,27/07/2023,Barcelona,Real Betis,€3.00m,€500k,3000000,500000
Senna Miangue,22/23,01/07/2022,Cagliari,Cercle Brugge,€800k,€300k,800000,300000
Senna Miangue,17/18,01/07/2017,Inter,Cagliari,€1.80m,€3.20m,1800000,3200000
Kouadio-Yves Dabila,,,,,,,0,0
Yunus Musah,23/24,04/08/2023,Valencia,AC Milan,€18.00m,€21.20m,18000000,21200000
Jimmy Briand,10/11,01/07/2010,Stade Rennais,Lyon,€7.80m,€6.00m,7800000,6000000
Diego Laxalt,21/22,01/07/2021,AC Milan,Dynamo Moscow,€3.20m,€3.50m,3200000,3500000
Diego Laxalt,18/19,17/08/2018,Genoa,AC Milan,€18.00m,€19.00m,18000000,19000000
Diego Laxalt,16/17,30/07/2016,Inter,Genoa,€5.50m,€5.80m,5500000,5800000
Diego Laxalt,13/14,30/07/2013,Defensor SC,Inter,€2.30m,€2.30m,2300000,2300000
Jens Stryger Larsen,17/18,24/08/2017,Austria Vienna,Udinese,€1.00m,€500k,1000000,500000
Jens Stryger Larsen,14/15,01/07/2014,Nordsjaelland,Austria Vienna,€800k,€670k,800000,670000
Joe Bennett,12/13,29/08/2012,Middlesbrough,Aston Villa,€1.25m,€3.15m,1250000,3150000
Vedat Muriqi,22/23,22/07/2022,Lazio,RCD Mallorca,€7.00m,€8.02m,7000000,8020000
Vedat Muriqi,20/21,15/09/2020,Fenerbahçe,Lazio,€12.00m,€21.00m,12000000,21000000
Vedat Muriqi,19/20,07/07/2019,C. Rizespor,Fenerbahçe,€2.50m,€5.60m,2500000,5600000
Vedat Muriqi,17/18,11/01/2018,Genclerbirligi,C. Rizespor,€900k,€500k,900000,500000
Vedat Muriqi,16/17,01/07/2016,Giresunspor,Genclerbirligi,€800k,€550k,800000,550000
Issa Kaboré,20/21,29/07/2020,KV Mechelen,Man City,€1.30m,€4.50m,1300000,4500000
Mads Pedersen,19/20,01/07/2019,Nordsjaelland,Augsburg,€900k,€800k,900000,800000
Maxime Estève,24/25,01/07/2024,Montpellier,Burnley,€7.00m,€12.00m,7000000,12000000
Maranhão,24/25,22/05/2025,Operário-PR,Coritiba FC,€100k,€197k,100000,197000
Alfredo Donnarumma,22/23,01/07/2022,Brescia,Ternana,€1.50m,€800k,1500000,800000
Alfredo Donnarumma,18/19,13/07/2018,FC Empoli,Brescia,€2.00m,€1.80m,2000000,1800000
Alfredo Donnarumma,15/16,16/07/2015,Pescara,Teramo,€600k,€300k,600000,300000
Alfredo Donnarumma,14/15,01/07/2014,Cittadella,Pescara,€300k,€300k,300000,300000
Alfredo Donnarumma,13/14,02/09/2013,Catania,Cittadella,€300k,€600k,300000,600000
Viktor Kovalenko,20/21,01/02/2021,Shakhtar D.,Atalanta,€6.00m,€600k,6000000,600000
Jules Iloki,,,,,,,0,0
Enock Mwepu,21/22,06/07/2021,Salzburg,Brighton,€13.00m,€23.00m,13000000,23000000
Bryan Pelé,14/15,29/01/2015,FC Lorient,Stade Brestois,€800k,€200k,800000,200000
Dango Ouattara,25/26,16/08/2025,Bournemouth,Brentford,€28.00m,€42.80m,28000000,42800000
Dango Ouattara,22/23,19/01/2023,FC Lorient,Bournemouth,€10.00m,€22.50m,10000000,22500000
Nico Williams,,,,,,,0,0
Marc Navarro,18/19,01/07/2018,Espanyol,Watford,€2.00m,€2.00m,2000000,2000000
Jack Robinson,19/20,12/07/2019,Preston,Sheff Utd,€4.50m,€7.80m,4500000,7800000
José Izquierdo,17/18,20/08/2017,Club Brugge,Brighton,€14.00m,€18.00m,14000000,18000000
José Izquierdo,14/15,30/08/2014,Once Caldas,Club Brugge,€300k,€5.01m,300000,5010000
Scott Arfield,10/11,01/07/2010,Falkirk,Huddersfield,€1.00m,€460k,1000000,460000
Vassilis Lambropoulos,,,,,,,0,0
Collin Quaner,16/17,20/01/2017,Union Berlin,Huddersfield,€600k,€500k,600000,500000
Guilherme Ramos,25/26,31/01/2026,Hamburg,BJ Guoan,€700k,€100k,700000,100000
Guilherme Ramos,21/22,01/07/2021,Feirense,Arm. Bielefeld,€800k,€1.20m,800000,1200000
Guilherme Ramos,19/20,01/07/2019,Sporting CP U23,Feirense,€350k,€600k,350000,600000
Alexis,23/24,01/07/2023,Brighton,Liverpool,€65.00m,€42.00m,65000000,42000000
Alexis,18/19,24/01/2019,Argentinos Jrs.,Brighton,€5.00m,€8.00m,5000000,8000000
Pablo Galdames Millán,,,,,,,0,0
Pedro Pereira,,,,,,,0,0
Benjamin Corgnet,13/14,11/07/2013,FC Lorient,Saint-Étienne,€5.00m,€5.00m,5000000,5000000
Benjamin Corgnet,12/13,04/09/2012,Dijon,FC Lorient,€4.50m,€4.00m,4500000,4000000
Aaron Hickey,22/23,09/07/2022,Bologna,Brentford,€18.00m,€14.25m,18000000,14250000
Aaron Hickey,20/21,24/09/2020,Heart of Midl.,Bologna,€600k,€1.70m,600000,1700000
Aleandro Rosi,14/15,05/07/2014,Parma,Genoa,€1.00m,€1.00m,1000000,1000000
Aleandro Rosi,10/11,01/07/2010,AC Siena,Roma,€2.50m,€1.90m,2500000,1900000
Aleandro Rosi,09/10,01/07/2009,Roma,AC Siena,€1.50m,€1.20m,1500000,1200000
Waldo Rubio,,,,,,,0,0
Nadir Zortea,25/26,20/08/2025,Cagliari,Bologna,€5.00m,€7.50m,5000000,7500000
Nadir Zortea,24/25,17/07/2024,Atalanta,Cagliari,€3.00m,€5.30m,3000000,5300000
Nadir Zortea,14/15,01/07/2014,Feltreseprealpi,Atalanta Youth,-,€2k,0,2000
Tyler Roberts,25/26,02/02/2026,Birmingham,Mansfield Town,€2.00m,€50k,2000000,50000
Tyler Roberts,23/24,01/07/2023,Leeds,Birmingham,€3.00m,€430k,3000000,430000
Tyler Roberts,17/18,31/01/2018,West Brom U23,Leeds,€250k,€2.85m,250000,2850000
Tete Morente,20/21,16/09/2020,Málaga CF,Elche CF,€400k,€500k,400000,500000
Marco Stiepermann,17/18,06/08/2017,VfL Bochum,Norwich,€900k,€1.70m,900000,1700000
Marco Stiepermann,16/17,01/07/2016,Greuther Fürth,VfL Bochum,€850k,€850k,850000,850000
Marco Stiepermann,12/13,01/07/2012,Dortmund,Energie Cottbus,€400k,€200k,400000,200000
Lamine Gueye,,,,,,,0,0
Massimo Coda,24/25,12/07/2024,Genoa,Sampdoria,€1.00m,€400k,1000000,400000
Massimo Coda,22/23,01/07/2022,Lecce,Genoa,€1.50m,€1.50m,1500000,1500000
Massimo Coda,17/18,01/07/2017,Salernitana,Benevento,€1.80m,€1.70m,1800000,1700000
Massimo Coda,11/12,01/07/2011,Cremonese,Bologna,€300k,€150k,300000,150000
Massimo Coda,08/09,01/08/2008,Bologna,Cremonese,€50k,€150k,50000,150000
Massimo Coda,08/09,01/07/2008,Treviso,Bologna,€50k,€400k,50000,400000
Massimo Coda,07/08,01/07/2007,Cisco Roma,Treviso,€50k,€350k,50000,350000
Gaëtan Bong,19/20,30/01/2020,Brighton,Nott'm Forest,€2.00m,€500k,2000000,500000
Gaëtan Bong,13/14,20/08/2013,Valenciennes FC,Olympiacos,€2.50m,€1.00m,2500000,1000000
Gaëtan Bong,09/10,28/07/2009,FC Metz,Valenciennes FC,€1.00m,€700k,1000000,700000
Diego Rolán,18/19,17/07/2018,G. Bordeaux,Dep. La Coruña,€3.50m,€6.00m,3500000,6000000
Diego Rolán,12/13,31/01/2013,Defensor SC,G. Bordeaux,€2.00m,€2.80m,2000000,2800000
Ander Barrenetxea,,,,,,,0,0
Abdul Majeed Waris,20/21,01/07/2020,FC Porto B,R. Strasbourg,€2.40m,€2.00m,2400000,2000000
Abdul Majeed Waris,18/19,01/07/2018,FC Lorient,Porto,€2.50m,€5.20m,2500000,5200000
Abdul Majeed Waris,15/16,06/08/2015,Trabzonspor,FC Lorient,€4.25m,€4.73m,4250000,4730000
Abdul Majeed Waris,14/15,01/09/2014,Spartak Moscow,Trabzonspor,€2.50m,€6.90m,2500000,6900000
Abdul Majeed Waris,12/13,01/01/2013,Häcken,Spartak Moscow,€1.50m,€2.90m,1500000,2900000
Casimir Ninga,19/20,08/08/2019,SM Caen,Angers SCO,€3.00m,€3.00m,3000000,3000000
Casimir Ninga,18/19,04/07/2018,Montpellier,SM Caen,€1.50m,€2.00m,1500000,2000000
Casimir Ninga,15/16,31/08/2015,Mangasport,Montpellier,-,€75k,0,75000
Sergio Pellissier,,,,,,,0,0
Pasquale Mazzocchi,23/24,05/01/2024,Salernitana,Napoli,€4.00m,€3.00m,4000000,3000000
Pasquale Mazzocchi,22/23,01/07/2022,Venezia,Salernitana,€1.50m,€1.00m,1500000,1000000
Pasquale Mazzocchi,20/21,23/09/2020,Perugia,Venezia,€400k,€300k,400000,300000
Pasquale Mazzocchi,18/19,09/07/2018,Parma,Perugia,€600k,€280k,600000,280000
Hidde ter Avest,,,,,,,0,0
Raúl Torrente,,,,,,,0,0
Beto,97/98,07/01/1998,EC Vitória,Botafogo,-,€500k,0,500000
Beto,96/97,21/01/1997,Sevilla FC,EC Vitória,-,€3.00m,0,3000000
Beto,96/97,05/11/1996,Flamengo,Sevilla FC,-,€3.60m,0,3600000
Beto,95/96,03/06/1996,Dep. La Coruña,Flamengo,-,€2.50m,0,2500000
Beto,92/93,16/07/1992,Vasco da Gama,Dep. La Coruña,-,€1.50m,0,1500000
Luis Pérez,,,,,,,0,0
Cheikh N'Doye,,,,,,,0,0
Saman Ghoddos,18/19,23/08/2018,Östersund,Amiens SC,€1.75m,€4.00m,1750000,4000000
Saman Ghoddos,15/16,01/01/2016,Syrianska FC,Östersund,€225k,€75k,225000,75000
Antonio Rukavina,09/10,01/07/2009,Dortmund,1860 Munich,€1.50m,€1.50m,1500000,1500000
Antonio Rukavina,07/08,04/01/2008,Partizan,Dortmund,€2.75m,€2.30m,2750000,2300000
Kevin Agudelo,23/24,01/07/2023,Spezia Calcio,Al-Nasr,€3.00m,€2.50m,3000000,2500000
Kevin Agudelo,22/23,01/07/2022,Genoa,Spezia Calcio,€3.50m,€2.50m,3500000,2500000
Kevin Agudelo,19/20,08/08/2019,Ind. Yumbo,Genoa,€250k,€2.50m,250000,2500000
Federico Palacios Martínez,13/14,10/01/2014,Wolfsburg U19,Leipzig,-,€600k,0,600000
Bassem Srarfi,23/24,25/07/2023,Al-Arabi,Club Africain,€300k,€54k,300000,54000
Bassem Srarfi,16/17,31/01/2017,Club Africain,Nice,€275k,€1.50m,275000,1500000
Xavi Quintillà,,,,,,,0,0
Jim Allevinah,,,,,,,0,0
Borja Bastón,16/17,11/08/2016,Atlético,Swansea,€5.00m,€18.00m,5000000,18000000
Matteo Ahlinvi,,,,,,,0,0
Oliver McBurnie,,,,,,,0,0
Timo Becker,22/23,01/07/2022,FC Schalke 04,Holstein Kiel,€600k,€250k,600000,250000
Vagner Gonçalves,,,,,,,0,0
Branimir Hrgota,12/13,04/07/2012,J-Södra IF,Mönchengladbach,€200k,€400k,200000,400000
Marc Pugh,,,,,,,0,0
Jonathan Delaplace,15/16,03/07/2015,Lille,SM Caen,€1.50m,€600k,1500000,600000
Anderson Lucoqui,18/19,31/08/2018,F. Düsseldorf,Arm. Bielefeld,€150k,€100k,150000,100000
Hélder Costa,20/21,01/07/2020,Wolves,Leeds,€8.00m,€17.70m,8000000,17700000
Hélder Costa,16/17,30/01/2017,Benfica,Wolves,€3.00m,€15.00m,3000000,15000000
Sam Vokes,18/19,31/01/2019,Burnley,Stoke City,€6.00m,€8.00m,6000000,8000000
Sam Vokes,12/13,31/07/2012,Wolves,Burnley,€750k,€635k,750000,635000
Sam Vokes,08/09,01/07/2008,Bournemouth,Wolves,€300k,€300k,300000,300000
Christian Atsu,17/18,01/07/2017,Chelsea,Newcastle,€5.00m,€7.50m,5000000,7500000
Christian Atsu,13/14,31/08/2013,Porto,Chelsea,€6.00m,€3.00m,6000000,3000000
Christian Atsu,09/10,01/07/2009,Feyenoord Ghana,FC Porto U19,-,€100k,0,100000
Oliver Burke,20/21,09/09/2020,West Brom,Sheff Utd,€4.80m,€6.50m,4800000,6500000
Oliver Burke,17/18,25/08/2017,Leipzig,West Brom,€7.00m,€15.20m,7000000,15200000
Oliver Burke,16/17,29/08/2016,Nott'm Forest,Leipzig,€250k,€15.20m,250000,15200000
Peter Ankersen,19/20,02/09/2019,Copenhagen,Genoa,€3.00m,€1.00m,3000000,1000000
Peter Ankersen,16/17,01/07/2016,Salzburg,Copenhagen,€1.25m,€1.50m,1250000,1500000
Peter Ankersen,14/15,01/07/2014,Esbjerg fB,Salzburg,€2.00m,€2.50m,2000000,2500000
Miloš Vulić,20/21,05/09/2020,Red Star,Crotone,€1.60m,€800k,1600000,800000
Miloš Vulić,18/19,14/01/2019,Napredak,Red Star,€750k,€200k,750000,200000
Jean-Claude Billong,17/18,05/01/2018,NK Maribor,Benevento,€400k,€2.50m,400000,2500000
Billy Sharp,15/16,25/07/2015,Leeds,Sheff Utd,€1.25m,€705k,1250000,705000
Billy Sharp,14/15,13/08/2014,Southampton,Leeds,€2.00m,€300k,2000000,300000
Billy Sharp,11/12,30/01/2012,Doncaster,Southampton,€2.00m,€2.15m,2000000,2150000
Billy Sharp,10/11,07/07/2010,Sheff Utd,Doncaster,€1.30m,€1.38m,1300000,1380000
Billy Sharp,07/08,04/07/2007,Scunthorpe Utd.,Sheff Utd,-,€3.00m,0,3000000
Billy Sharp,05/06,16/08/2005,Sheff Utd,Scunthorpe Utd.,-,€150k,0,150000
Takashi Usami,16/17,01/07/2016,Gamba Osaka,Augsburg,€2.50m,€1.50m,2500000,1500000
Emmanuel Rivière,17/18,25/08/2017,Newcastle,FC Metz,€1.50m,€1.10m,1500000,1100000
Emmanuel Rivière,14/15,16/07/2014,Monaco,Newcastle,€5.00m,€6.32m,5000000,6320000
Emmanuel Rivière,12/13,31/01/2013,Toulouse,Monaco,€4.50m,€4.00m,4500000,4000000
Emmanuel Rivière,11/12,12/07/2011,Saint-Étienne,Toulouse,€5.25m,€6.00m,5250000,6000000
Luca Siligardi,11/12,01/08/2011,Inter,AS Livorno,€1.00m,€300k,1000000,300000
Dennis Srbeny,19/20,08/01/2020,Norwich,SC Paderborn,€1.00m,€200k,1000000,200000
Dennis Srbeny,17/18,25/01/2018,SC Paderborn,Norwich,€400k,€1.50m,400000,1500000
Jérémy Le Douaron,24/25,30/08/2024,Stade Brestois,Palermo,€5.00m,€4.00m,5000000,4000000
Gianluca Di Chiara,22/23,12/08/2022,Perugia,Reggina,€800k,€300k,800000,300000
Gianluca Di Chiara,20/21,01/09/2020,Benevento,Perugia,€900k,€1.00m,900000,1000000
Gianluca Di Chiara,17/18,15/07/2017,Perugia,Benevento,€1.30m,€2.80m,1300000,2800000
Gianluca Di Chiara,17/18,01/07/2017,Catanzaro,Perugia,€1.30m,€400k,1300000,400000
Gianluca Di Chiara,11/12,01/08/2011,Reggiana U19,Palermo U19,-,€340k,0,340000
John Guidetti,18/19,01/07/2018,Celta de Vigo,Alavés,€5.00m,€4.00m,5000000,4000000
Manolo Portanova,20/21,28/01/2021,Juventus,Genoa,€1.00m,€12.25m,1000000,12250000
Manolo Portanova,17/18,21/07/2017,Lazio U19,Juventus U19,-,€250k,0,250000
Sebastian Kerk,21/22,01/07/2021,VfL Osnabrück,Hannover 96,€1.20m,€50k,1200000,50000
Sebastian Kerk,17/18,01/07/2017,Freiburg,1.FC Nuremberg,€750k,€500k,750000,500000
Daniel James,21/22,31/08/2021,Man Utd,Leeds,€18.00m,€29.10m,18000000,29100000
Daniel James,19/20,01/07/2019,Swansea,Man Utd,€12.00m,€17.80m,12000000,17800000
Tom Ince,23/24,01/07/2023,Reading,Watford,€1.50m,€58k,1500000,58000
Tom Ince,18/19,24/07/2018,Huddersfield,Stoke City,€8.00m,€11.20m,8000000,11200000
Tom Ince,17/18,04/07/2017,Derby,Huddersfield,€7.00m,€9.10m,7000000,9100000
Tom Ince,15/16,03/07/2015,Hull City,Derby,€6.50m,€6.70m,6500000,6700000
Tom Ince,14/15,07/07/2014,Blackpool,Hull City,€8.00m,€1.95m,8000000,1950000
Tom Ince,11/12,29/07/2011,Liverpool Res.,Blackpool,-,€1.05m,0,1050000
Alberto Paloschi,18/19,01/07/2018,Atalanta,SPAL,€3.50m,€4.00m,3500000,4000000
Alberto Paloschi,16/17,01/07/2016,Swansea,Atalanta,€6.00m,€6.70m,6000000,6700000
Alberto Paloschi,15/16,29/01/2016,Chievo Verona,Swansea,€6.00m,€8.80m,6000000,8800000
Alberto Paloschi,12/13,31/01/2013,Genoa,Chievo Verona,€5.00m,€6.50m,5000000,6500000
Alberto Paloschi,10/11,01/01/2011,Parma,Genoa,€5.00m,€4.35m,5000000,4350000
Alberto Paloschi,10/11,01/07/2010,Genoa,AC Milan,€5.00m,€5.00m,5000000,5000000
Alberto Paloschi,08/09,01/08/2008,AC Milan,Parma,€3.00m,€2.25m,3000000,2250000
Corentin Jean,22/23,07/07/2022,Lens,Miami,€1.20m,€1.09m,1200000,1090000
Corentin Jean,20/21,01/07/2020,Toulouse,Lens,€1.60m,€1.00m,1600000,1000000
Corentin Jean,17/18,03/07/2017,Monaco,Toulouse,€2.50m,€3.50m,2500000,3500000
Corentin Jean,15/16,01/07/2015,Troyes,Monaco,€2.00m,€4.00m,2000000,4000000
Jamie Leweling,24/25,01/07/2024,Union Berlin,Stuttgart,€9.00m,€6.00m,9000000,6000000
Jamie Leweling,22/23,01/07/2022,Greuther Fürth,Union Berlin,€4.50m,€4.00m,4500000,4000000
Jermain Defoe,14/15,16/01/2015,Toronto,Sunderland,€6.00m,€3.50m,6000000,3500000
Jermain Defoe,13/14,28/02/2014,Tottenham,Toronto,€6.00m,€7.25m,6000000,7250000
Jermain Defoe,08/09,06/01/2009,Portsmouth,Tottenham,€11.00m,€16.40m,11000000,16399999
Jermain Defoe,07/08,31/01/2008,Tottenham,Portsmouth,€11.50m,€9.30m,11500000,9300000
Jermain Defoe,03/04,02/02/2004,West Ham,Tottenham,-,€10.50m,0,10500000
Jermain Defoe,99/00,01/07/1999,Charlton U18,West Ham,-,€1.73m,0,1730000
Marcello Trotta,18/19,25/01/2019,Sassuolo,Frosinone,€3.00m,€1.10m,3000000,1100000
Marcello Trotta,15/16,20/01/2016,Avellino,Sassuolo,€2.00m,€2.80m,2000000,2800000
Marcello Trotta,14/15,08/01/2015,Fulham,AS Avellino,€750k,€700k,750000,700000
Filippo Costa,23/24,19/07/2023,Napoli,LR Vicenza,€350k,€1k,350000,1000
Filippo Costa,19/20,13/07/2019,SPAL,Napoli,€800k,€1.45m,800000,1450000
Filippo Costa,17/18,01/07/2017,Chievo Verona,SPAL,€600k,€1.00m,600000,1000000
Marcos Mauro López Gutiérrez,,,,,,,0,0
Dani Calvo,,,,,,,0,0
Pierre-Yves Hamel,22/23,01/07/2022,FC Lorient,Paris FC,€1.20m,€1.00m,1200000,1000000
Callum Robinson,19/20,12/07/2019,Preston,Sheff Utd,€4.50m,€7.80m,4500000,7800000
Jota,20/21,19/09/2020,Wolves,Liverpool,€28.00m,€44.70m,28000000,44700000
Jota,18/19,01/07/2018,Atlético,Wolves,€12.00m,€14.00m,12000000,14000000
Jota,16/17,06/07/2016,Paços Ferreira,Atlético,€3.00m,€7.00m,3000000,7000000
Njegoš Petrović,24/25,01/07/2024,Granada CF,Vojvodina,€2.50m,€800k,2500000,800000
Njegoš Petrović,21/22,29/01/2022,Red Star,Granada CF,€2.50m,€1.50m,2500000,1500000
Njegoš Petrović,19/20,05/08/2019,Rad,Red Star,€600k,€400k,600000,400000
Hugo Duro,22/23,01/07/2022,Getafe,Valencia,€10.00m,€4.00m,10000000,4000000
Mike Frantz,09/10,01/07/2009,Karlsruher SC,Frankfurt,€3.00m,€750k,3000000,750000
Mike Frantz,06/07,07/07/2006,Wolfsburg,Karlsruher SC,€1.00m,€120k,1000000,120000
Mame Biram Diouf,11/12,28/01/2012,Man Utd,Hannover 96,€4.00m,€1.80m,4000000,1800000
Mame Biram Diouf,09/10,17/07/2009,Molde FK,Man Utd,€2.00m,€4.50m,2000000,4500000
Steven Bergwijn,24/25,02/09/2024,Ajax,Al-Ittihad,€18.00m,€21.00m,18000000,21000000
Steven Bergwijn,22/23,08/07/2022,Tottenham,Ajax,€18.00m,€31.25m,18000000,31250000
Steven Bergwijn,19/20,29/01/2020,PSV,Tottenham,€35.00m,€30.00m,35000000,30000000
Steven Bergwijn,11/12,01/07/2011,Ajax Youth ,PSV Yth.,-,€120k,0,120000
Emmanuel Imorou,,,,,,,0,0
Riza Durmisi,18/19,01/07/2018,Real Betis,Lazio,€5.00m,€7.50m,5000000,7500000
Riza Durmisi,16/17,01/07/2016,Bröndby IF,Real Betis,€1.50m,€2.00m,1500000,2000000
Nikola Maraš,23/24,01/07/2023,UD Almería,Alavés,€1.20m,€1.50m,1200000,1500000
Nikola Maraš,20/21,22/08/2020,Chaves,UD Almería,€1.20m,€1.30m,1200000,1300000
Nikola Maraš,17/18,31/08/2017,Rad,Chaves,€900k,€400k,900000,400000
Bryan Mbeumo,25/26,21/07/2025,Brentford,Man Utd,€55.00m,€75.00m,55000000,75000000
Bryan Mbeumo,19/20,05/08/2019,Troyes,Brentford,€3.50m,€6.50m,3500000,6500000
Wesley Moraes,19/20,01/07/2019,Club Brugge,Aston Villa,€20.00m,€25.00m,20000000,25000000
Wesley Moraes,15/16,29/01/2016,AS Trencin,Club Brugge,€300k,€4.20m,300000,4200000
Fabian Klos,,,,,,,0,0
Cristiano Lombardi,,,,,,,0,0
Hervé Bazile,,,,,,,0,0
Streli Mamba,20/21,19/01/2021,SC Paderborn,Kairat Almaty,€1.20m,€700k,1200000,700000
Nikolas Špalek,17/18,22/01/2018,MSK Zilina,Brescia,€550k,€1.50m,550000,1500000
Sepe Elye Wahi,,,,,,,0,0
Rodrigo Tarín,,,,,,,0,0
Mehdi Chahiri,19/20,30/01/2020,Red Star FC,R. Strasbourg,€150k,€2.00m,150000,2000000
Martin Olsson,21/22,11/08/2021,Häcken,Malmö,€700k,€500k,700000,500000
Martin Olsson,16/17,17/01/2017,Norwich,Swansea,€3.50m,€4.60m,3500000,4600000
Martin Olsson,13/14,10/07/2013,Blackburn,Norwich,€4.50m,€2.90m,4500000,2900000
Martin Olsson,05/06,01/01/2006,Högaborg U19,Blackburn U18,-,€50k,0,50000
Fali Candé,25/26,10/08/2025,Venezia,Sassuolo,€2.50m,€4.50m,2500000,4500000
Fali Candé,25/26,01/07/2025,FC Metz,Venezia,€2.50m,€1.90m,2500000,1900000
Fali Candé,21/22,26/01/2022,Portimonense,FC Metz,€1.00m,€2.50m,1000000,2500000
Alexander Esswein,16/17,26/08/2016,Augsburg,Hertha BSC,€2.50m,€2.50m,2500000,2500000
Alexander Esswein,13/14,04/01/2014,1.FC Nuremberg,Augsburg,€2.00m,€250k,2000000,250000
Alexander Esswein,11/12,01/07/2011,Dynamo Dresden,1.FC Nuremberg,€800k,€200k,800000,200000
Alexander Esswein,10/11,16/08/2010,Wolfsburg,Dynamo Dresden,€350k,€50k,350000,50000
Alexander Esswein,08/09,01/07/2008,K'lautern U19,Wolfsburg,€50k,€100k,50000,100000
Tanguy Coulibaly,25/26,02/09/2025,Montpellier,Samsunspor,€1.50m,€600k,1500000,600000
Varazdat Haroyan,,,,,,,0,0
Juan Cruz Armada,,,,,,,0,0
Andreas Voglsammer,14/15,23/01/2015,Unterhaching,Heidenheim,€400k,€200k,400000,200000
Marcus Rohdén,16/17,03/08/2016,Elfsborg,Crotone,€1.10m,€500k,1100000,500000
André Ayew,17/18,31/01/2018,West Ham,Swansea,€18.00m,€22.80m,18000000,22800000
André Ayew,16/17,08/08/2016,Swansea,West Ham,€18.00m,€24.10m,18000000,24100000
Tim Kleindienst,24/25,01/07/2024,Heidenheim,Mönchengladbach,€6.00m,€7.00m,6000000,7000000
Tim Kleindienst,21/22,01/07/2021,KAA Gent,Heidenheim,€3.00m,€3.50m,3000000,3500000
Tim Kleindienst,20/21,30/07/2020,Heidenheim,KAA Gent,€2.20m,€3.50m,2200000,3500000
Tim Kleindienst,19/20,02/09/2019,Freiburg,Heidenheim,€1.50m,€3.00m,1500000,3000000
Tim Kleindienst,15/16,01/07/2015,Energie Cottbus,Freiburg,€650k,€250k,650000,250000
Nathanael Mbuku,,,,,,,0,0
Callum Paterson,20/21,30/09/2020,Cardiff,Sheff Wed,€2.80m,€550k,2800000,550000
Luca Sangalli,,,,,,,0,0
Enzo Crivelli,19/20,29/07/2019,SM Caen,Basaksehir,€4.00m,€2.70m,4000000,2700000
Enzo Crivelli,18/19,01/07/2018,Angers SCO,SM Caen,€4.00m,€3.00m,4000000,3000000
Enzo Crivelli,17/18,01/07/2017,G. Bordeaux,Angers SCO,€4.00m,€4.00m,4000000,4000000
Nehuén Pérez,25/26,01/07/2025,Udinese,Porto,€13.00m,€13.25m,13000000,13250000
Nehuén Pérez,22/23,29/07/2022,Atlético,Udinese,€6.00m,€8.00m,6000000,8000000
Nehuén Pérez,18/19,03/07/2018,Argentinos U20,Atlético,-,€2.00m,0,2000000
Pablo Chavarría,13/14,17/07/2013,RSC Anderlecht,Lens,€1.00m,€1.00m,1000000,1000000
Pablo Chavarría,10/11,01/07/2010,Belgrano,RSC Anderlecht,€350k,€920k,350000,920000
Lennart-Marten Czyborra,,,,,,,0,0
David Zima,23/24,31/01/2024,Torino,Slavia Praha,€4.00m,€4.00m,4000000,4000000
David Zima,21/22,31/08/2021,Slavia Praha,Torino,€7.50m,€5.90m,7500000,5900000
David Zima,20/21,03/08/2020,Olomouc B,Slavia Praha,€400k,€1.30m,400000,1300000
Sergio Floccari,15/16,11/01/2016,Sassuolo,Bologna,€500k,€500k,500000,500000
Sergio Floccari,13/14,30/01/2014,Lazio,Sassuolo,€2.30m,€2.00m,2300000,2000000
Sergio Floccari,10/11,01/07/2010,Genoa,Lazio,€10.00m,€8.50m,10000000,8500000
Sergio Floccari,09/10,01/07/2009,Atalanta,Genoa,€9.00m,€10.50m,9000000,10500000
Sergio Floccari,07/08,18/07/2007,Messina Peloro,Atalanta,€1.55m,€1.70m,1550000,1700000
Daam Foulon,20/21,01/09/2020,Waasland-Beveren,Benevento,€625k,€500k,625000,500000
Matěj Vydra,18/19,07/08/2018,Derby,Burnley,€8.00m,€12.20m,8000000,12200000
Matěj Vydra,16/17,27/08/2016,Watford,Derby,€5.50m,€9.40m,5500000,9400000
Matěj Vydra,15/16,01/07/2015,Udinese,Watford,€5.50m,€8.40m,5500000,8400000
Matěj Vydra,10/11,01/07/2010,Banik Ostrava,Udinese,€50k,€3.00m,50000,3000000
Matěj Vydra,09/10,21/01/2010,Jihlava,Banik Ostrava,€50k,€800k,50000,800000
Wu Lei,22/23,11/08/2022,Espanyol,SH Port,€2.50m,€1.50m,2500000,1500000
Wu Lei,18/19,28/01/2019,SH SIPG,Espanyol,€3.50m,€1.50m,3500000,1500000
Kelvin Yeboah,24/25,27/07/2024,Genoa,Minnesota,€4.00m,€2.50m,4000000,2500000
Kelvin Yeboah,21/22,08/01/2022,Sturm Graz,Genoa,€4.00m,€6.50m,4000000,6500000
Kelvin Yeboah,20/21,06/02/2021,WSG Tirol,Sturm Graz,€500k,€1.20m,500000,1200000
Gonzalo Montiel,24/25,20/01/2025,Sevilla FC,River Plate,€5.00m,€4.50m,5000000,4500000
Gonzalo Montiel,21/22,13/08/2021,River Plate,Sevilla FC,€17.00m,€11.00m,17000000,11000000
Luca Netz,25/26,02/02/2026,Mönchengladbach,Nott'm Forest,€6.00m,€2.50m,6000000,2500000
Luca Netz,21/22,06/08/2021,Hertha BSC,Mönchengladbach,€5.00m,€2.00m,5000000,2000000
Asier Villalibre,24/25,15/07/2024,Athletic Club,Alavés,€2.50m,€1.00m,2500000,1000000
Jean-Manuel Mbom,,,,,,,0,0
Thiago Galhardo,,,,,,,0,0
David Okereke,22/23,28/07/2022,Club Brugge,Cremonese,€4.50m,€2.50m,4500000,2500000
David Okereke,19/20,09/07/2019,Spezia Calcio,Club Brugge,€6.00m,€8.16m,6000000,8160000
Daniel Ciofani,19/20,09/08/2019,Frosinone,Cremonese,€700k,€1.10m,700000,1100000
Daniel Ciofani,11/12,01/07/2011,Atletico Roma,Parma,€400k,€600k,400000,600000
Ibrahima Niane,23/24,01/07/2023,FC Metz,Angers SCO,€3.00m,€500k,3000000,500000
Benjamin Jeannot,17/18,12/07/2017,FC Lorient,Dijon,€2.00m,€2.00m,2000000,2000000
Benjamin Jeannot,14/15,01/07/2014,AS Nancy,FC Lorient,€1.00m,€1.00m,1000000,1000000
Jack Stacey,19/20,08/07/2019,Luton,Bournemouth,-,€4.45m,0,4450000
Teemu Pukki,15/16,01/07/2015,Celtic,Bröndby IF,€2.00m,€675k,2000000,675000
Teemu Pukki,13/14,31/08/2013,FC Schalke 04,Celtic,€2.50m,€2.50m,2500000,2500000
Teemu Pukki,11/12,31/08/2011,HJK Helsinki,FC Schalke 04,€200k,€1.80m,200000,1800000
Teemu Pukki,07/08,01/01/2008,FC KTP,Sevilla Atl.,-,€180k,0,180000
Mateo Klimowicz,23/24,01/01/2024,Stuttgart,San Luis,€2.00m,€750k,2000000,750000
Mateo Klimowicz,19/20,01/07/2019,Instituto ACC,Stuttgart,€1.00m,€1.80m,1000000,1800000
El Bilal Touré,23/24,29/07/2023,UD Almería,Atalanta,€12.00m,€30.20m,12000000,30200000
El Bilal Touré,22/23,01/09/2022,Stade Reims,UD Almería,€6.50m,€8.00m,6500000,8000000
Fábio Silva,25/26,29/08/2025,Wolves,Dortmund,€20.00m,€22.50m,20000000,22500000
Fábio Silva,20/21,05/09/2020,Porto,Wolves,€12.00m,€40.00m,12000000,40000000
Sofian Chakla,23/24,01/07/2023,Ponferradina,Sabah FK,€500k,€100k,500000,100000
Jaromír Zmrhal,19/20,06/08/2019,Slavia Praha,Brescia,€3.25m,€3.75m,3250000,3750000
Angel Gomes,,,,,,,0,0
Dennis Johnsen,25/26,02/02/2026,Cremonese,Palermo,€3.00m,€3.00m,3000000,3000000
Dennis Johnsen,23/24,01/02/2024,Venezia,Cremonese,€1.50m,€2.70m,1500000,2700000
Dennis Johnsen,20/21,25/08/2020,Ajax U21,Venezia,€575k,€2.40m,575000,2400000
Dennis Johnsen,17/18,16/08/2017,Heerenveen,Ajax U21,€1.00m,€2.40m,1000000,2400000
Édgar Méndez,17/18,03/07/2017,Alavés,CD Cruz Azul,€2.00m,€5.00m,2000000,5000000
Édgar Méndez,15/16,01/07/2015,UD Almería,Granada CF,€2.50m,€750k,2500000,750000
Yuya Kubo,16/17,25/01/2017,Young Boys,KAA Gent,€2.00m,€3.50m,2000000,3500000
Yuya Kubo,13/14,01/07/2013,Kyoto Sanga,Young Boys,€650k,€500k,650000,500000
Kingsley Schindler,,,,,,,0,0
Josh Murphy,18/19,01/07/2018,Norwich,Cardiff,€1.50m,€11.40m,1500000,11400000
Bosko Sutalo,22/23,01/07/2022,Atalanta,Dinamo Zagreb,€3.00m,€4.05m,3000000,4050000
Bosko Sutalo,19/20,30/01/2020,NK Osijek,Atalanta,€1.50m,€4.00m,1500000,4000000
Javier Eraso,,,,,,,0,0
Enrico Brignola,23/24,01/07/2023,Benevento,Catanzaro,€550k,€500k,550000,500000
Enrico Brignola,22/23,01/07/2022,Sassuolo,Benevento,€700k,€1,700000,1
Enrico Brignola,18/19,02/08/2018,Benevento,Sassuolo,€2.50m,€3.00m,2500000,3000000
Alessio Cerci,14/15,01/09/2014,Torino,Atlético,€18.00m,€14.00m,18000000,14000000
Alessio Cerci,13/14,01/06/2014,Fiorentina,Torino,€18.00m,€4.00m,18000000,4000000
Alessio Cerci,10/11,26/08/2010,Roma,Fiorentina,€3.50m,€4.00m,3500000,4000000
Dani Gómez,20/21,04/08/2020,Real Madrid,Levante,€900k,€2.00m,900000,2000000
Tachi,,,,,,,0,0
Javi Sánchez,20/21,01/07/2020,Real Madrid,Real Valladolid,€1.20m,€3.00m,1200000,3000000
Esteban Saveljich,19/20,26/07/2019,Levante,Rayo Vallecano,€1.00m,€400k,1000000,400000
Esteban Saveljich,16/17,14/08/2016,Racing Club,Levante,€800k,€750k,800000,750000
Filippo Melegoni,22/23,01/07/2022,Atalanta,Genoa,€2.00m,€4.00m,2000000,4000000
Zinho Vanheusden,21/22,13/07/2021,Standard Liège,Inter,€12.00m,€16.20m,12000000,16200000
Zinho Vanheusden,19/20,01/07/2019,Inter,Standard Liège,€10.00m,€11.74m,10000000,11740000
Zinho Vanheusden,15/16,31/08/2015,Standard Yth,Inter U17,-,€1.00m,0,1000000
Lukas Klünter,18/19,01/07/2018,1.FC Köln,Hertha BSC,€3.00m,€2.00m,3000000,2000000
Tom Lacoux,,,,,,,0,0
Moritz Bauer,17/18,09/01/2018,Rubin Kazan,Stoke City,€3.00m,€6.20m,3000000,6200000
Moritz Bauer,16/17,01/07/2016,Grasshoppers,Rubin Kazan,€2.00m,€4.00m,2000000,4000000
Stéphane Sessègnon,13/14,02/09/2013,Sunderland,West Brom,€9.00m,€7.00m,9000000,7000000
Stéphane Sessègnon,10/11,28/01/2011,PSG,Sunderland,€8.50m,€7.00m,8500000,7000000
Stéphane Sessègnon,08/09,10/07/2008,Le Mans UC 72,PSG,€5.00m,€8.00m,5000000,8000000
Federico Bonazzoli,24/25,06/08/2024,Salernitana,Cremonese,€2.50m,€1.50m,2500000,1500000
Federico Bonazzoli,22/23,26/07/2022,Sampdoria,Salernitana,€5.00m,€5.00m,5000000,5000000
Federico Bonazzoli,14/15,01/02/2015,Inter,Sampdoria,€2.50m,€4.60m,2500000,4600000
Andrea Raggi,11/12,23/08/2011,US Palermo,Bologna,€1.50m,€200k,1500000,200000
Andrea Raggi,08/09,01/07/2008,FC Empoli,US Palermo,€4.30m,€7.00m,4300000,7000000
Bobby Wood,16/17,01/07/2016,Union Berlin,Hamburg,€1.50m,€4.00m,1500000,4000000
Bobby Wood,15/16,06/07/2015,1860 Munich,Union Berlin,€1.00m,€800k,1000000,800000
Dani Escriche,23/24,26/08/2023,SD Huesca,Albacete,€1.00m,€400k,1000000,400000
Dani Escriche,18/19,15/07/2018,CD Lugo,SD Huesca,€200k,€500k,200000,500000
Omar Ramos,08/09,01/08/2008,Benfica,Real Betis,€3.20m,€6.00m,3200000,6000000
Omar Ramos,05/06,01/07/2005,Boavista,Benfica,€1.00m,€1.50m,1000000,1500000
Vittorio Parigini,,,,,,,0,0
Berkay Özcan,20/21,04/08/2020,Hamburg,Basaksehir,€3.00m,€2.50m,3000000,2500000
Berkay Özcan,19/20,01/07/2019,Stuttgart,Hamburg,€2.50m,€1.50m,2500000,1500000
Adrian Grbić,20/21,08/07/2020,Clermont Foot,FC Lorient,€2.00m,€9.00m,2000000,9000000
Adrian Grbić,12/13,01/07/2012,AKA Rapid U18,Stuttgart U17,-,€300k,0,300000
Matt Miazga,15/16,30/01/2016,New York,Chelsea,€150k,€4.60m,150000,4600000
Mariusz Stępiński,22/23,31/08/2022,Hellas Verona,Aris Limassol,€2.50m,€150k,2500000,150000
Mariusz Stępiński,19/20,19/01/2020,Chievo Verona,Hellas Verona,€3.80m,€3.50m,3800000,3500000
Mariusz Stępiński,18/19,01/07/2018,FC Nantes,Chievo Verona,€4.00m,€1.30m,4000000,1300000
Mariusz Stępiński,16/17,29/08/2016,Ruch Chorzow,FC Nantes,€1.50m,€2.00m,1500000,2000000
Mariusz Stępiński,15/16,28/07/2015,1.FC Nuremberg,Ruch Chorzow,€350k,€100k,350000,100000
Mariusz Stępiński,13/14,01/07/2013,Widzew Lodz,1.FC Nuremberg,€800k,€120k,800000,120000
Mariusz Stępiński,11/12,01/07/2011,Pogon Z. W.,Widzew Lodz,-,€13k,0,13000
Antonino La Gumina,21/22,01/07/2021,FC Empoli,Sampdoria,€2.00m,€5.50m,2000000,5500000
Antonino La Gumina,18/19,06/07/2018,US Palermo,FC Empoli,€2.00m,€9.00m,2000000,9000000
Jürgen Locadia,17/18,19/01/2018,PSV,Brighton,€8.50m,€17.00m,8500000,17000000
Jesús Vallejo,15/16,31/07/2015,Real Zaragoza,Real Madrid,€2.00m,€5.00m,2000000,5000000
Neil Taylor,,,,,,,0,0
Mauro dos Santos,,,,,,,0,0
Shandon Baptiste,19/20,31/01/2020,Oxford United,Brentford,-,€2.25m,0,2250000
Nico Ribaudo,,,,,,,0,0
Anthony Elanga,25/26,11/07/2025,Nott'm Forest,Newcastle,€42.00m,€61.40m,42000000,61400000
Anthony Elanga,23/24,25/07/2023,Man Utd,Nott'm Forest,€18.00m,€22.93m,18000000,22930000
Dominic Solanke,24/25,10/08/2024,Bournemouth,Tottenham,€40.00m,€64.30m,40000000,64300000
Dominic Solanke,18/19,04/01/2019,Liverpool,Bournemouth,€10.00m,€21.20m,10000000,21200000
Andrea Papetti,,,,,,,0,0
Masaya Okugawa,21/22,01/07/2021,Salzburg,Arm. Bielefeld,€2.50m,€1.00m,2500000,1000000
Masaya Okugawa,15/16,01/07/2015,Kyoto Sanga,Salzburg,-,€750k,0,750000
Agustín Rogel,22/23,31/08/2022,Estudiantes LP,Hertha BSC,€4.50m,€400k,4500000,400000
Agustín Rogel,19/20,19/07/2019,KS Samara,Toulouse,€1.00m,€2.50m,1000000,2500000
Javi Puado,,,,,,,0,0
Josh Maja,18/19,26/01/2019,Sunderland,G. Bordeaux,€250k,€1.50m,250000,1500000
Jeremy Dudziak,21/22,16/08/2021,Hamburg,Greuther Fürth,€2.00m,€750k,2000000,750000
Jeremy Dudziak,15/16,28/08/2015,Dortmund,St. Pauli,€400k,€250k,400000,250000
Valery,24/25,01/07/2024,Angers SCO,Sheff Wed,€2.00m,€474k,2000000,474000
Shon Weissman,23/24,01/07/2023,Real Valladolid,Granada CF,€4.00m,€3.50m,4000000,3500000
Shon Weissman,20/21,31/08/2020,Wolfsberger AC,Real Valladolid,€6.00m,€4.00m,6000000,4000000
Marcel Heller,18/19,27/07/2018,Augsburg,Darmstadt 98,€1.00m,€350k,1000000,350000
Marcel Heller,06/07,01/01/2007,Spfr. Siegen,Frankfurt,€100k,€40k,100000,40000
Freddie Veseli,,,,,,,0,0
Kieran Dowell,20/21,30/07/2020,Everton,Norwich,€2.00m,€2.20m,2000000,2200000
Luca Mora,20/21,22/01/2021,Spezia Calcio,SPAL,€500k,€1k,500000,1000
Luca Mora,17/18,24/01/2018,SPAL,Spezia Calcio,€800k,€500k,800000,500000
Caleb Ekuban,21/22,10/08/2021,Trabzonspor,Genoa,€7.00m,€2.60m,7000000,2600000
Caleb Ekuban,19/20,01/07/2019,Leeds,Trabzonspor,€1.25m,€1.00m,1250000,1000000
Caleb Ekuban,17/18,11/07/2017,Chievo Verona,Leeds,€750k,€560k,750000,560000
Julian Green,18/19,01/07/2018,Stuttgart,Greuther Fürth,€650k,€200k,650000,200000
Julian Green,16/17,01/01/2017,Bayern Munich,Stuttgart,€500k,€300k,500000,300000
Charles Abi,,,,,,,0,0
Alexandre Mendy,17/18,01/07/2017,Guingamp,G. Bordeaux,€1.25m,€600k,1250000,600000
Aaron Leya Iseka,24/25,02/09/2024,OFI Crete,CSKA-Sofia,€500k,€1.20m,500000,1200000
Aaron Leya Iseka,23/24,29/01/2024,Barnsley,OFI Crete,€600k,€100k,600000,100000
Aaron Leya Iseka,18/19,01/07/2018,RSC Anderlecht,Toulouse,€2.20m,€1.25m,2200000,1250000
Mikael Ishak,16/17,30/01/2017,Randers FC,1.FC Nuremberg,€800k,€330k,800000,330000
Mikael Ishak,11/12,01/01/2012,Assyriska FF,1.FC Köln,€40k,€280k,40000,280000
Mohamed Ali Cho,23/24,08/01/2024,Real Sociedad,Nice,€8.00m,€10.00m,8000000,10000000
Mohamed Ali Cho,22/23,01/07/2022,Angers SCO,Real Sociedad,€15.00m,€13.00m,15000000,13000000
Adama Diakhaby,18/19,20/07/2018,Monaco,Huddersfield,€5.00m,€10.00m,5000000,10000000
Adama Diakhaby,17/18,02/08/2017,Stade Rennais,Monaco,€1.50m,€10.00m,1500000,10000000
Sergio Córdova,25/26,30/07/2025,Alanyaspor,Young Boys,€1.70m,€1.75m,1700000,1750000
Sergio Córdova,23/24,15/09/2023,Vancouver,Alanyaspor,€1.50m,€2.35m,1500000,2350000
Sergio Córdova,22/23,20/02/2023,Augsburg,Vancouver,€1.20m,€2.10m,1200000,2100000
Sergio Córdova,17/18,04/07/2017,Caracas FC,Augsburg,€500k,€1.00m,500000,1000000
Antonino Ragusa,19/20,01/07/2019,Sassuolo,Hellas Verona,€1.00m,€1.00m,1000000,1000000
Antonino Ragusa,16/17,26/08/2016,Cesena,Sassuolo,€1.50m,€1.79m,1500000,1790000
Antonino Ragusa,15/16,14/07/2015,Genoa,Cesena,€1.50m,€2.50m,1500000,2500000
Antonino Ragusa,12/13,13/08/2012,Genoa,Pescara,€1.10m,€1.50m,1100000,1500000
Alessandro Matri,16/17,16/08/2016,AC Milan,Sassuolo,€2.00m,€1.80m,2000000,1800000
Alessandro Matri,13/14,30/08/2013,Juventus,AC Milan,€11.00m,€11.00m,11000000,11000000
Alessandro Matri,11/12,01/07/2011,Cagliari,Juventus,€16.50m,€15.50m,16500000,15500000
Alessandro Matri,07/08,11/07/2007,AC Milan,Cagliari,€75k,€2.30m,75000,2300000
Eduardo Henrique,19/20,02/07/2019,Internacional,Sporting,€2.50m,€3.00m,2500000,3000000
Andrey Galabinov,,,,,,,0,0
Timothee Pembele,23/24,01/09/2023,PSG,Sunderland,€5.00m,€1.00m,5000000,1000000
Jesus Vazquez,,,,,,,0,0
Florian Ayé,25/26,08/08/2025,AJ Auxerre,Servette FC,€1.20m,€500k,1200000,500000
Florian Ayé,23/24,31/07/2023,Brescia,AJ Auxerre,€1.30m,€1.50m,1300000,1500000
Florian Ayé,19/20,05/07/2019,Clermont Foot,Brescia,€4.00m,€2.00m,4000000,2000000
Elias Kachunga,17/18,01/07/2017,FC Ingolstadt,Huddersfield,€3.50m,€1.30m,3500000,1300000
Elias Kachunga,15/16,01/07/2015,SC Paderborn,FC Ingolstadt,€2.30m,€1.50m,2300000,1500000
Elias Kachunga,14/15,01/07/2014,Mönchengladbach,SC Paderborn,€1.50m,€300k,1500000,300000
Lucas Da Cunha,22/23,16/01/2023,Nice,Como,€3.00m,€750k,3000000,750000
Lucas Da Cunha,20/21,30/09/2020,Stade Rennais,Nice,€1.80m,€1.00m,1800000,1000000
Umut Bozok,22/23,31/08/2022,FC Lorient,Trabzonspor,€5.00m,€2.00m,5000000,2000000
Umut Bozok,19/20,01/07/2019,Nîmes Olympique,FC Lorient,€4.00m,€1.50m,4000000,1500000
Umut Bozok,17/18,01/07/2017,GS Consolat M.,Nîmes Olympique,€500k,€150k,500000,150000
Yoël Armougom,,,,,,,0,0
Aaron Lennon,17/18,23/01/2018,Everton,Burnley,€5.00m,€1.70m,5000000,1700000
Aaron Lennon,15/16,01/09/2015,Tottenham,Everton,€8.50m,€6.00m,8500000,6000000
Aaron Lennon,05/06,01/07/2005,Leeds,Tottenham,€300k,€1.20m,300000,1200000
Vasilis Torosidis,16/17,31/08/2016,Roma,Bologna,€2.00m,€1.00m,2000000,1000000
Vasilis Torosidis,12/13,23/01/2013,Olympiacos,Roma,€6.50m,€400k,6500000,400000
Vasilis Torosidis,06/07,01/01/2007,Xanthi,Olympiacos,€450k,€1.20m,450000,1200000
Yacine Bammou,18/19,24/07/2018,FC Nantes,SM Caen,€1.50m,€2.70m,1500000,2700000
Hervé Lybohy,,,,,,,0,0
Idriss Saadi,17/18,21/07/2017,Cardiff,R. Strasbourg,€2.00m,€1.50m,2000000,1500000
Florian Krüger,24/25,06/09/2024,FC Groningen,Beerschot VA,€600k,€275k,600000,275000
Florian Krüger,22/23,30/08/2022,Arm. Bielefeld,FC Groningen,€1.80m,€1.30m,1800000,1300000
Florian Krüger,21/22,01/07/2021,Erzgebirge Aue,Arm. Bielefeld,€4.00m,€1.00m,4000000,1000000
Virgil Misidjan,25/26,01/07/2025,Ferencváros,NEC Nijmegen,€700k,€450k,700000,450000
Virgil Misidjan,18/19,31/08/2018,Ludogorets,1.FC Nuremberg,€5.00m,€3.00m,5000000,3000000
Virgil Misidjan,13/14,16/08/2013,Willem II,Ludogorets,€400k,€700k,400000,700000
Randy Ntekja,,,,,,,0,0
Adam Armstrong,25/26,02/02/2026,Southampton,Wolves,€9.00m,€8.10m,9000000,8100000
Adam Armstrong,21/22,10/08/2021,Blackburn,Southampton,€18.00m,€17.70m,18000000,17700000
Adam Armstrong,18/19,06/08/2018,Newcastle,Blackburn,€1.50m,€1.90m,1500000,1900000
Cheick Timite,,,,,,,0,0
Préjuce Nakoulma,12/13,01/07/2012,Gornik Leczna,Górnik Zabrze,€1.00m,€260k,1000000,260000
Mads Roerslev,25/26,21/08/2025,Brentford,Southampton,€6.00m,€3.46m,6000000,3460000
Mads Roerslev,19/20,07/08/2019,Copenhagen,Brentford,€250k,€60k,250000,60000
Joel Campbell,20/21,01/07/2020,Frosinone,León,€2.00m,€2.00m,2000000,2000000
Joel Campbell,18/19,17/08/2018,Arsenal,Frosinone,€3.00m,€1.50m,3000000,1500000
Joel Campbell,11/12,12/08/2011,Saprissa,Arsenal,-,€1.00m,0,1000000
Mads Bech Sørensen,,,,,,,0,0
Tito,23/24,01/09/2023,Sevilla FC,Monterrey,€8.00m,€3.50m,8000000,3500000
Tito,21/22,14/01/2022,Porto,Sevilla FC,€22.00m,€3.00m,22000000,3000000
Tito,15/16,31/08/2015,FC Twente,Porto,€6.50m,€10.50m,6500000,10500000
Tito,13/14,26/08/2013,Monterrey,FC Twente,€1.30m,€3.50m,1300000,3500000
Christian Kouakou,15/16,01/02/2016,Tours FC,SM Caen,€500k,€500k,500000,500000
Christian Kouakou,12/13,01/07/2012,Muangthong Utd.,Tours FC,-,€250k,0,250000
Ilija Nestorovski,16/17,01/08/2016,Inter Zapresic,US Palermo,€1.50m,€500k,1500000,500000
Efthimis Koulouris,,,,,,,0,0
Aaron Connolly,23/24,02/08/2023,Brighton,Hull City,€4.00m,€1.35m,4000000,1350000
Tiago Tomás,24/25,03/02/2025,Feyenoord,AC Milan,€37.00m,€30.20m,37000000,30200000
Tiago Tomás,22/23,29/07/2022,CD Cruz Azul,Feyenoord,€4.00m,€6.00m,4000000,6000000
Javi Moyano,15/16,18/08/2015,CD Tenerife,Real Valladolid,€500k,€50k,500000,50000
Yuto Nagatomo,18/19,01/07/2018,Inter,Galatasaray,€3.50m,€2.50m,3500000,2500000
Yuto Nagatomo,11/12,01/07/2011,Cesena,Inter,€8.50m,€4.50m,8500000,4500000
Yuto Nagatomo,10/11,28/01/2011,FC Tokyo,Cesena,€2.80m,€1.60m,2800000,1600000
Armando Broja,25/26,08/08/2025,Chelsea,Burnley,€12.00m,€23.00m,12000000,23000000
Baptiste Guillaume,17/18,01/07/2017,Lille,Angers SCO,€2.00m,€2.00m,2000000,2000000
Baptiste Guillaume,15/16,18/07/2015,Lens,Lille,€1.25m,€4.00m,1250000,4000000
Andi Zeqiri,25/26,08/09/2025,Genk,Widzew Lodz,€4.00m,€2.00m,4000000,2000000
Andi Zeqiri,23/24,05/09/2023,Brighton,Genk,€3.50m,€2.75m,3500000,2750000
Andi Zeqiri,20/21,01/10/2020,Lausanne-Sport,Brighton,€1.50m,€4.00m,1500000,4000000
Lee Peltier,12/13,04/08/2012,Leicester,Leeds,€1.00m,€750k,1000000,750000
Lee Peltier,11/12,01/07/2011,Huddersfield,Leicester,€200k,€850k,200000,850000
Lee Peltier,07/08,29/07/2007,Liverpool Res.,Yeovil Town,€200k,€235k,200000,235000
Rey Manaj,25/26,29/07/2025,Sivasspor,Sharjah FC,€3.00m,€2.00m,3000000,2000000
Rey Manaj,19/20,20/01/2020,Albacete,Barcelona B,€900k,€2.00m,900000,2000000
Rey Manaj,19/20,01/07/2019,Inter,Albacete,€1.50m,€2.00m,1500000,2000000
Rey Manaj,16/17,01/07/2016,Cremonese,Inter,€800k,€500k,800000,500000
Hal Robson-Kanu,,,,,,,0,0
Adam Zreľák,17/18,07/07/2017,Jablonec,1.FC Nuremberg,€600k,€1.00m,600000,1000000
Simon Zoller,18/19,01/01/2019,1.FC Köln,VfL Bochum,€1.50m,€300k,1500000,300000
Simon Zoller,14/15,01/07/2014,1.FC K'lautern,1.FC Köln,€3.00m,€3.50m,3000000,3500000
Simon Zoller,13/14,01/07/2013,VfL Osnabrück,1.FC K'lautern,€600k,€630k,600000,630000
Riccardo Meggiorini,11/12,01/01/2012,Genoa,Torino,€2.50m,€1.92m,2500000,1920000
Riccardo Meggiorini,10/11,01/06/2011,Bologna,Genoa,€3.20m,€3.00m,3200000,3000000
Riccardo Meggiorini,10/11,01/07/2010,Genoa,Bologna,€3.50m,€3.00m,3500000,3000000
Riccardo Meggiorini,09/10,01/06/2010,Bari,Genoa,€3.00m,€1.79m,3000000,1790000
Riccardo Meggiorini,09/10,01/08/2009,Genoa,Bari,€1.80m,€2.50m,1800000,2500000
Riccardo Meggiorini,09/10,01/07/2009,Inter,Genoa,€1.80m,€5.00m,1800000,5000000
Riccardo Meggiorini,08/09,01/06/2009,Cittadella,Inter,€1.50m,€2.50m,1500000,2500000
Riccardo Meggiorini,05/06,01/01/2006,Pavia,Cittadella,€50k,€40k,50000,40000
Franco Di Santo,15/16,25/07/2015,Werder Bremen,FC Schalke 04,€8.50m,€6.00m,8500000,6000000
Franco Di Santo,10/11,31/08/2010,Chelsea,Wigan,€2.50m,€2.40m,2500000,2400000
Franco Di Santo,07/08,25/01/2008,Audax Italiano,Chelsea,-,€4.50m,0,4500000
Massimiliano Mangraviti,24/25,09/07/2024,Brescia,Cesena,€1.60m,€300k,1600000,300000
Adrián Marín,23/24,01/07/2023,Gil Vicente,Braga,€1.50m,€600k,1500000,600000
Deyverson,24/25,28/03/2025,Atlético-MG,Fortaleza,€700k,€1.15m,700000,1150000
Deyverson,24/25,07/08/2024,Cuiabá-MT,Atlético-MG,€800k,€700k,800000,700000
Deyverson,17/18,14/07/2017,Levante,Palmeiras,€5.00m,€5.00m,5000000,5000000
Deyverson,15/16,27/07/2015,Belenenses,Levante,€750k,€1.80m,750000,1800000
Deyverson,13/14,05/08/2013,Benfica B,Belenenses,€50k,€1.00m,50000,1000000
Gerson Rodrigues,19/20,02/08/2019,Júbilo Iwata,Dynamo Kyiv,€700k,€2.00m,700000,2000000
Gerson Rodrigues,18/19,16/01/2019,FC Sheriff,Júbilo Iwata,€500k,€200k,500000,200000
Gerson Rodrigues,17/18,30/01/2018,Telstar,FC Sheriff,€250k,€40k,250000,40000
Gerson Rodrigues,17/18,16/08/2017,CS Fola Esch,Telstar,€125k,€20k,125000,20000
Souleymane Camara,08/09,01/07/2008,Nice,Montpellier,€1.20m,€500k,1200000,500000
Souleymane Camara,05/06,29/08/2005,Monaco,Nice,€1.00m,€1.00m,1000000,1000000
Marco Sau,18/19,31/01/2019,Cagliari,Sampdoria,€900k,€100k,900000,100000
Marco Sau,11/12,01/07/2011,Foggia,Cagliari,€450k,€210k,450000,210000
Manuel Pucciarelli,19/20,01/07/2019,FC Empoli,Chievo Verona,€2.00m,€3.75m,2000000,3750000
Emiliano Rigoni,22/23,29/07/2022,São Paulo,Austin,€3.50m,€3.65m,3500000,3650000
Emiliano Rigoni,20/21,26/05/2021,Elche CF,São Paulo,€3.20m,€3.80m,3200000,3800000
Emiliano Rigoni,20/21,05/10/2020,Zenit S-Pb,Elche CF,€4.50m,€100k,4500000,100000
Emiliano Rigoni,17/18,23/08/2017,Independiente,Zenit S-Pb,€7.00m,€9.00m,7000000,9000000
Emiliano Rigoni,15/16,15/01/2016,Belgrano,Independiente,€3.50m,€1.55m,3500000,1550000
Roberto Massimo,25/26,19/07/2025,Greuther Fürth,Górnik Zabrze,€800k,€300k,800000,300000
Roberto Massimo,18/19,01/07/2018,Arm. Bielefeld,Stuttgart,€1.50m,€2.50m,1500000,2500000
Zakaria Bakkali,18/19,03/07/2018,Valencia,RSC Anderlecht,€1.50m,€1.20m,1500000,1200000
Maxi López,14/15,01/07/2014,Catania,Chievo Verona,€2.50m,€1.50m,2500000,1500000
Maxi López,09/10,20/01/2010,FC Moscow,Catania,€3.00m,€3.00m,3000000,3000000
Maxi López,07/08,16/08/2007,Barcelona,FC Moscow,€4.00m,€2.00m,4000000,2000000
Maxi López,04/05,25/01/2005,River Plate,Barcelona,-,€6.50m,0,6500000
Claudio Beauvue,15/16,16/01/2016,Lyon,Celta de Vigo,€5.00m,€5.00m,5000000,5000000
Claudio Beauvue,15/16,01/07/2015,Guingamp,Lyon,€5.00m,€6.00m,5000000,6000000
Claudio Beauvue,12/13,01/07/2012,Troyes,LB Châteauroux,€800k,€750k,800000,750000
Tonny Vilhena,23/24,07/07/2023,Espanyol,Panathinaikos,€3.80m,€3.00m,3800000,3000000
Tonny Vilhena,22/23,13/07/2022,Krasnodar,Espanyol,€5.00m,€2.50m,5000000,2500000
Tonny Vilhena,19/20,01/07/2019,Feyenoord,Krasnodar,€14.00m,€9.00m,14000000,9000000
Ola Toivonen,16/17,04/08/2016,Stade Rennais,Toulouse,€2.50m,€1.50m,2500000,1500000
Ola Toivonen,13/14,21/01/2014,PSV,Stade Rennais,€6.50m,€2.50m,6500000,2500000
Ola Toivonen,08/09,14/01/2009,Malmö,PSV,€1.25m,€4.00m,1250000,4000000
Ola Toivonen,06/07,01/01/2007,Örgryte,Malmö,€350k,€1.00m,350000,1000000
Ola Toivonen,05/06,01/01/2006,Degerfors,Örgryte,€650k,€150k,650000,150000
Thuler,,,,,,,0,0
Serge Gakpé,,,,,,,0,0
Nicolai Müller,14/15,06/08/2014,Mainz,Hamburg,€7.00m,€4.50m,7000000,4500000
Nicolai Müller,11/12,01/07/2011,Greuther Fürth,Mainz,€2.00m,€1.80m,2000000,1800000
Tomer Hemed,15/16,01/07/2015,UD Almería,Brighton,€2.50m,€1.40m,2500000,1400000
Diego Falcinelli,23/24,24/01/2024,Modena,Spezia Calcio,€700k,€75k,700000,75000
Diego Falcinelli,18/19,04/07/2018,Sassuolo,Bologna,€3.80m,€7.00m,3800000,7000000
Diego Falcinelli,11/12,01/07/2011,Foligno,Sassuolo,€200k,€25k,200000,25000
Diego Falcinelli,10/11,26/07/2010,Sassuolo,Foligno,€100k,€100,100000,100
Diego Falcinelli,09/10,02/07/2009,Pontevecchio,Sassuolo,-,€50k,0,50000
Nathan Tella,23/24,27/08/2023,Southampton,Leverkusen,€18.00m,€23.30m,18000000,23300000
Håvard Nielsen,19/20,26/07/2019,F. Düsseldorf,Greuther Fürth,€750k,€100k,750000,100000
Håvard Nielsen,17/18,15/07/2017,Freiburg,F. Düsseldorf,€800k,€400k,800000,400000
Håvard Nielsen,15/16,01/01/2016,Salzburg,Freiburg,€1.50m,€600k,1500000,600000
Håvard Nielsen,12/13,26/07/2012,Vålerenga,Salzburg,€750k,€2.80m,750000,2800000
Ike Ugbo,24/25,08/08/2024,Troyes,Sheff Wed,€2.80m,€3.10m,2800000,3100000
Ike Ugbo,22/23,04/08/2022,Genk,Troyes,€5.00m,€3.00m,5000000,3000000
Ike Ugbo,21/22,24/08/2021,Chelsea U23,Genk,€4.50m,€3.50m,4500000,3500000
Abdoul Camara,15/16,04/01/2016,Angers SCO,Derby,€1.25m,€1.70m,1250000,1700000
Abdoul Camara,11/12,30/08/2011,Stade Rennais,FC Sochaux,€1.00m,€1.50m,1000000,1500000
Salvi,19/20,18/07/2019,Benfica,Boca Juniors,€10.00m,€7.00m,10000000,7000000
Salvi,12/13,31/07/2012,Atlético,Benfica,€10.00m,€11.00m,10000000,11000000
Salvi,09/10,11/01/2010,Lanús,Atlético,€3.50m,€8.00m,3500000,8000000
Myron Boadu,25/26,30/08/2025,Monaco,PSV,€7.00m,€800k,7000000,800000
Myron Boadu,21/22,04/08/2021,AZ Alkmaar,Monaco,€14.00m,€17.00m,14000000,17000000
Janni Serra,18/19,01/07/2018,B. Dortmund II,Holstein Kiel,€200k,€300k,200000,300000
Malik Tchokounté,20/21,18/08/2020,SM Caen,USL Dunkerque,€550k,€500k,550000,500000
Malik Tchokounté,18/19,10/07/2018,Paris FC,SM Caen,€600k,€250k,600000,250000
Ryder Matos,21/22,31/08/2021,Udinese,Perugia,€1.00m,€800k,1000000,800000
Ryder Matos,15/16,30/01/2016,Fiorentina,Udinese,€3.50m,€5.25m,3500000,5250000
Ryder Matos,09/10,01/07/2009,Vitória U20,Fiorentina Yth.,-,€500k,0,500000
Jan Repas,17/18,25/08/2017,NK Domzale,SM Caen,€500k,€1.00m,500000,1000000
Miguel,19/20,29/01/2020,Sporting,Man Utd,€60.00m,€65.00m,60000000,65000000
Miguel,17/18,02/07/2017,Sampdoria,Sporting,€7.50m,€9.70m,7500000,9700000
Miguel,17/18,01/07/2017,Udinese,Sampdoria,€7.50m,€6.00m,7500000,6000000
Miguel,13/14,01/07/2013,Novara,Udinese,€3.50m,€2.50m,3500000,2500000
Miguel,12/13,27/08/2012,Boavista Y19,Novara,-,€40k,0,40000
Rabbi Matondo,22/23,12/07/2022,FC Schalke 04,Rangers,€4.00m,€3.00m,4000000,3000000
Rabbi Matondo,18/19,30/01/2019,Man City U23,FC Schalke 04,-,€9.00m,0,9000000
Abdu Conté,21/22,12/01/2022,Moreirense ,Troyes,€1.50m,€2.70m,1500000,2700000
Abdu Conté,19/20,22/07/2019,Sporting CP U23,Moreirense ,€450k,€1.35m,450000,1350000
Federico Ricci,17/18,01/07/2017,Roma,Sassuolo,€3.50m,€3.00m,3500000,3000000
Bryan Lasme,21/22,01/07/2021,FC Sochaux,Arm. Bielefeld,€2.00m,€800k,2000000,800000
Mitchell van Bergen,25/26,18/08/2025,FC Twente,Sparta R.,€1.50m,€500k,1500000,500000
Mitchell van Bergen,23/24,31/08/2023,Stade Reims,FC Twente,€1.20m,€1.00m,1200000,1000000
Mitchell van Bergen,21/22,27/08/2021,Heerenveen,Stade Reims,€2.40m,€2.00m,2400000,2000000
Mitchell van Bergen,18/19,31/08/2018,Vitesse,Heerenveen,€300k,€500k,300000,500000
Marcello Gazzola,11/12,01/01/2012,Ascoli,Sassuolo,€325k,€1.00m,325000,1000000
Yoann Touzghar,15/16,11/07/2015,Lens,Club Africain,€1.75m,€250k,1750000,250000
Yoann Touzghar,13/14,01/07/2013,Amiens SC,Lens,€1.00m,€500k,1000000,500000
Ezequiel Ponce,24/25,18/07/2024,AEK Athens,Houston,€5.00m,€9.00m,5000000,9000000
Ezequiel Ponce,23/24,05/08/2023,Elche CF,AEK Athens,€2.50m,€3.50m,2500000,3500000
Ezequiel Ponce,22/23,01/07/2022,Spartak Moscow,Elche CF,€5.00m,€4.00m,5000000,4000000
Ezequiel Ponce,19/20,01/07/2019,Roma,Spartak Moscow,€4.00m,€3.00m,4000000,3000000
Ezequiel Ponce,15/16,31/08/2015,Newell's,Roma,€6.00m,€4.20m,6000000,4200000
Myrto Uzuni,24/25,31/01/2025,Granada CF,Austin,€5.00m,€12.00m,5000000,12000000
Myrto Uzuni,21/22,31/01/2022,Ferencváros,Granada CF,€3.50m,€5.10m,3500000,5100000
Myrto Uzuni,20/21,07/08/2020,NK Lokomotiva,Ferencváros,€1.80m,€1.80m,1800000,1800000
Myrto Uzuni,18/19,03/09/2018,KF Laçi,NK Lokomotiva,€425k,€350k,425000,350000
Myrto Uzuni,17/18,06/09/2017,FK Apolonia,KF Laçi,€150k,€20k,150000,20000
Pietro Iemmello,22/23,08/07/2022,Frosinone,Catanzaro,€750k,€180k,750000,180000
Pietro Iemmello,18/19,01/07/2018,Sassuolo,Benevento,€2.00m,€5.00m,2000000,5000000
Pietro Iemmello,16/17,31/08/2016,Spezia Calcio,Sassuolo,€650k,€2.30m,650000,2300000
Pietro Iemmello,13/14,01/09/2013,Pro Vercelli,Spezia Calcio,€700k,€250k,700000,250000
Pietro Iemmello,13/14,01/07/2013,Fiorentina,Pro Vercelli,€700k,€200k,700000,200000
Jann-Fiete Arp,25/26,01/07/2025,Holstein Kiel,Odense BK,€800k,€250k,800000,250000
Jann-Fiete Arp,19/20,01/07/2019,Hamburg,Bayern Munich,€4.00m,€3.00m,4000000,3000000
Jérémy Cordoval,,,,,,,0,0
Wajdi Kechrida,,,,,,,0,0
Carlos Vigaray,,,,,,,0,0
Stipe Perica,22/23,02/09/2022,M. Tel Aviv,Standard Liège,€1.70m,€900k,1700000,900000
Stipe Perica,16/17,01/07/2016,Chelsea,Udinese,€1.00m,€4.50m,1000000,4500000
Stipe Perica,13/14,01/08/2013,NK Zadar ,Chelsea,€400k,€2.45m,400000,2450000
Adalberto Peñaranda,15/16,01/02/2016,Udinese,Watford,€500k,€10.60m,500000,10600000
Adalberto Peñaranda,15/16,01/07/2015,Dep. La Guaira,Udinese,-,€770k,0,770000
Bruno Petković,18/19,21/01/2019,Bologna,Dinamo Zagreb,€850k,€1.00m,850000,1000000
Bruno Petković,16/17,12/01/2017,Trapani,Bologna,€1.20m,€1.30m,1200000,1300000
Bruno Petković,16/17,01/07/2016,Catania,Trapani,€1.20m,€600k,1200000,600000
Giampaolo Pazzini,12/13,22/08/2012,Inter,AC Milan,€14.50m,€12.50m,14500000,12500000
Giampaolo Pazzini,10/11,28/01/2011,Sampdoria,Inter,€19.00m,€18.00m,19000000,18000000
Giampaolo Pazzini,08/09,15/01/2009,Fiorentina,Sampdoria,€10.00m,€9.00m,10000000,9000000
Giampaolo Pazzini,04/05,30/01/2005,Atalanta,Fiorentina,€3.00m,€6.50m,3000000,6500000
Yannick Bolasie,16/17,15/08/2016,Crystal Palace,Everton,€14.00m,€28.90m,14000000,28900000
Yannick Bolasie,12/13,24/08/2012,Bristol City,Crystal Palace,€250k,€630k,250000,630000
Yannick Bolasie,11/12,01/07/2011,Plymouth,Bristol City,€100k,€100k,100000,100000
Yannick Bolasie,08/09,01/08/2008,Floriana,Plymouth,-,€25k,0,25000
Fabio Ceravolo,19/20,02/09/2019,Parma,Cremonese,€1.50m,€1.29m,1500000,1290000
Fabio Ceravolo,18/19,01/07/2018,Benevento,Parma,€2.00m,€1.90m,2000000,1900000
Fabio Ceravolo,12/13,10/01/2013,Reggina,Ternana,€1.50m,€500k,1500000,500000
Fabio Ceravolo,10/11,01/07/2010,Reggina,Atalanta,€1.80m,€900k,1800000,900000
Fernando Niño,,,,,,,0,0
Fabian Johnson,11/12,01/07/2011,Wolfsburg,Hoffenheim,€1.25m,€700k,1250000,700000
Fabian Johnson,09/10,01/07/2009,1860 Munich,Wolfsburg,€1.00m,€1.10m,1000000,1100000
Jonathan Biabiany,18/19,07/08/2018,Inter,Parma,€1.75m,€1.50m,1750000,1500000
Jonathan Biabiany,12/13,01/07/2012,Sampdoria,Parma,€8.00m,€4.50m,8000000,4500000
Jonathan Biabiany,10/11,25/01/2011,Inter,Sampdoria,€8.50m,€7.00m,8500000,7000000
Jonathan Biabiany,10/11,01/07/2010,Parma,Inter,€7.50m,€4.20m,7500000,4200000
Jonathan Biabiany,09/10,01/02/2010,Inter,Parma,€3.50m,€2.50m,3500000,2500000
Landry Dimata,25/26,02/09/2025,Samsunspor,Pafos,€2.50m,€750k,2500000,750000
Landry Dimata,23/24,01/09/2023,Espanyol,Samsunspor,€2.50m,€1.50m,2500000,1500000
Landry Dimata,21/22,01/07/2021,RSC Anderlecht,Espanyol,€3.00m,€2.20m,3000000,2200000
Landry Dimata,19/20,01/07/2019,Wolfsburg,RSC Anderlecht,€7.00m,€5.00m,7000000,5000000
Landry Dimata,17/18,01/07/2017,KV Oostende,Wolfsburg,€6.50m,€11.50m,6500000,11500000
Landry Dimata,16/17,01/07/2016,Standard U21,KV Oostende,-,€500k,0,500000
Rhian Brewster,20/21,02/10/2020,Liverpool U23,Sheff Utd,€5.40m,€26.00m,5400000,26000000
Antonio Barreca,18/19,10/07/2018,Torino,Monaco,€3.50m,€10.00m,3500000,10000000
Mbwana Samatta,,,,,,,0,0
Roger Assalé,20/21,05/09/2020,Young Boys,Dijon,€6.00m,€4.00m,6000000,4000000
Martin Satriano,26/27,01/07/2026,Lyon,Getafe,€6.00m,€6.50m,6000000,6500000
Martin Satriano,25/26,16/01/2026,Lens,Lyon,€6.00m,€5.00m,6000000,5000000
Martin Satriano,25/26,01/07/2025,Inter,Lens,€5.00m,€4.75m,5000000,4750000
Martin Satriano,19/20,31/01/2020,Nacional,Inter U19,-,€2.40m,0,2400000
Filip Malbašić,20/21,04/08/2020,CD Tenerife,Cádiz CF,€650k,€1.00m,650000,1000000
Filip Malbašić,17/18,22/08/2017,Vojvodina,CD Tenerife,€1.50m,€500k,1500000,500000
Filip Malbašić,12/13,05/07/2012,Rad,Hoffenheim,€500k,€1.20m,500000,1200000
Ronaldo Vieira,25/26,07/08/2025,Sampdoria,SJ Earthquakes,€400k,€400k,400000,400000
Ronaldo Vieira,18/19,01/08/2018,Leeds,Sampdoria,€5.00m,€7.35m,5000000,7350000
Víctor Campuzano,,,,,,,0,0
