Player,Season,Date,Left_Club,Joined_Club,Market_Value,Fee
Lionel Messi,N/A,N/A,N/A,N/A,N/A,N/A
Kevin De Bruyne,15/16,30/08/2015,Wolfsburg,Man City,€45.00m,€76.00m
Kevin De Bruyne,13/14,18/01/2014,Chelsea,Wolfsburg,€15.00m,€22.00m
Kevin De Bruyne,11/12,31/01/2012,Genk,Chelsea,€9.00m,€8.00m
Vinicius Júnior,18/19,12/07/2018,Flamengo,Real Madrid,€35.00m,€45.00m
Christopher Nkunku,25/26,30/08/2025,Chelsea,AC Milan,€35.00m,€37.00m
Christopher Nkunku,23/24,01/07/2023,Leipzig,Chelsea,€80.00m,€60.00m
Christopher Nkunku,19/20,18/07/2019,PSG,Leipzig,€12.00m,€19.50m
Karim Benzema,09/10,09/07/2009,Lyon,Real Madrid,€29.00m,€35.00m
Mohamed Salah,17/18,01/07/2017,Roma,Liverpool,€35.00m,€42.00m
Mohamed Salah,16/17,01/07/2016,Chelsea,Roma,€23.00m,€15.00m
Mohamed Salah,13/14,26/01/2014,Basel,Chelsea,€8.50m,€16.50m
Mohamed Salah,12/13,01/07/2012,El Mokawloon,Basel,€1.50m,€2.50m
Mats Hummels,19/20,01/07/2019,Bayern Munich,Dortmund,€35.00m,€30.50m
Mats Hummels,16/17,01/07/2016,Dortmund,Bayern Munich,€38.00m,€35.00m
Mats Hummels,09/10,01/07/2009,Bayern Munich,Dortmund,€4.00m,€4.20m
Josip Iličić,17/18,05/07/2017,Fiorentina,Atalanta,€10.00m,€6.40m
Josip Iličić,13/14,23/07/2013,US Palermo,Fiorentina,€9.50m,€9.00m
Josip Iličić,10/11,27/08/2010,NK Maribor,US Palermo,€1.00m,€2.30m
Josip Iličić,10/11,01/07/2010,NK Interblock,NK Maribor,€500k,€80k
Luis Alberto,20/21,01/07/2020,Barcelona,Atlético,€28.00m,€9.00m
Luis Alberto,14/15,11/07/2014,Liverpool,Barcelona,€52.00m,€81.72m
Luis Alberto,10/11,31/01/2011,Ajax,Liverpool,€25.00m,€26.50m
Luis Alberto,07/08,09/08/2007,FC Groningen,Ajax,€1.00m,€7.50m
Luis Alberto,06/07,11/07/2006,Nacional,FC Groningen,-,€800k
Kylian Mbappé,18/19,01/07/2018,Monaco,PSG,€120.00m,€180.00m
Joshua Kimmich,15/16,02/07/2015,Stuttgart,Bayern Munich,€5.00m,€9.50m
Joshua Kimmich,15/16,01/07/2015,Leipzig,Stuttgart,€5.00m,€1.50m
Joshua Kimmich,13/14,05/07/2013,Stuttgart U19,Leipzig,-,€500k
Riyad Mahrez,23/24,28/07/2023,Man City,Al-Ahli,€20.00m,€35.00m
Riyad Mahrez,18/19,10/07/2018,Leicester,Man City,€50.00m,€67.80m
Riyad Mahrez,13/14,11/01/2014,Le Havre AC,Leicester,€750k,€500k
Bruno Fernandes,19/20,29/01/2020,Sporting,Man Utd,€60.00m,€65.00m
Bruno Fernandes,17/18,02/07/2017,Sampdoria,Sporting,€7.50m,€9.70m
Bruno Fernandes,17/18,01/07/2017,Udinese,Sampdoria,€7.50m,€6.00m
Bruno Fernandes,13/14,01/07/2013,Novara,Udinese,€3.50m,€2.50m
Bruno Fernandes,12/13,27/08/2012,Boavista Y19,Novara,-,€40k
Neymar,23/24,15/08/2023,PSG,Al-Hilal,€60.00m,€90.00m
Neymar,17/18,03/08/2017,Barcelona,PSG,€100.00m,€222.00m
Neymar,13/14,01/07/2013,Santos,Barcelona,€50.00m,€88.00m
Eden Hazard,19/20,01/07/2019,Chelsea,Real Madrid,€150.00m,€120.80m
Eden Hazard,12/13,01/07/2012,Lille,Chelsea,€33.00m,€35.00m
Jack Grealish,21/22,05/08/2021,Aston Villa,Man City,€65.00m,€117.50m
Daniel Parejo,20/21,12/08/2020,Valencia,Villarreal,€20.00m,€2.25m
Daniel Parejo,11/12,01/07/2011,Getafe,Valencia,€8.00m,€6.00m
Daniel Parejo,09/10,25/07/2009,Real Madrid,Getafe,€500k,€3.00m
Jorginho,22/23,31/01/2023,Chelsea,Arsenal,€35.00m,€11.30m
Jorginho,18/19,14/07/2018,Napoli,Chelsea,€50.00m,€57.00m
Jorginho,13/14,18/01/2014,Hellas Verona,Napoli,€10.00m,€9.50m
Luis Muriel,23/24,15/02/2024,Atalanta,Orlando,€3.50m,€2.10m
Luis Muriel,19/20,01/07/2019,Sevilla FC,Atalanta,€13.00m,€21.20m
Luis Muriel,17/18,11/07/2017,Sampdoria,Sevilla FC,€17.00m,€24.50m
Luis Muriel,15/16,01/07/2015,Udinese,Sampdoria,€10.00m,€12.00m
Luis Muriel,10/11,01/07/2010,Deportivo Cali,Udinese,€1.50m,€1.50m
Papu Gómez,20/21,26/01/2021,Atalanta,Sevilla FC,€15.00m,€6.40m
Papu Gómez,14/15,01/09/2014,Metalist Kharkiv,Atalanta,€8.00m,€4.47m
Papu Gómez,13/14,02/08/2013,Catania,Metalist Kharkiv,€11.00m,€7.00m
Papu Gómez,10/11,21/07/2010,San Lorenzo,Catania,€2.50m,€2.50m
Papu Gómez,08/09,29/01/2009,Arsenal Sarandí,San Lorenzo,€3.50m,€1.55m
Marcelo Brozović,23/24,03/07/2023,Inter,Al-Nassr,€25.00m,€15.70m
Marcelo Brozović,16/17,01/07/2016,Dinamo Zagreb,Inter,€18.00m,€5.00m
Marcelo Brozović,12/13,31/08/2012,NK Lokomotiva,Dinamo Zagreb,€600k,€2.40m
Marcelo Brozović,11/12,01/07/2011,Hrv Dragovoljac,NK Lokomotiva,€350k,€300k
David Silva,10/11,14/07/2010,Valencia,Man City,€32.00m,€28.75m
Jadon Sancho,21/22,23/07/2021,Dortmund,Man Utd,€100.00m,€85.00m
Jadon Sancho,17/18,31/08/2017,Man City U18,Dortmund,€5.00m,€20.59m
Jadon Sancho,14/15,07/03/2015,Watford Yth.,Man City Youth,-,€172k
Thiago Alcántara,20/21,18/09/2020,Bayern Munich,Liverpool,€48.00m,€22.00m
Thiago Alcántara,13/14,14/07/2013,Barcelona,Bayern Munich,€22.00m,€25.00m
Mesut Özil,13/14,02/09/2013,Real Madrid,Arsenal,€40.00m,€47.00m
Mesut Özil,10/11,17/08/2010,Werder Bremen,Real Madrid,€27.00m,€18.00m
Mesut Özil,07/08,31/01/2008,FC Schalke 04,Werder Bremen,€2.50m,€5.00m
Sergio Busquets,N/A,N/A,N/A,N/A,N/A,N/A
Serge Gnabry,17/18,01/07/2017,Werder Bremen,Bayern Munich,€15.00m,€8.00m
Serge Gnabry,16/17,31/08/2016,Arsenal,Werder Bremen,€2.50m,€5.00m
Serge Gnabry,11/12,01/07/2011,Stuttgart U17,Arsenal U18,-,€100k
Ruslan Malinovskyi,23/24,31/01/2024,Marseille,Genoa,€10.00m,€7.70m
Ruslan Malinovskyi,23/24,01/07/2023,Atalanta,Marseille,€15.00m,€10.00m
Ruslan Malinovskyi,19/20,16/07/2019,Genk,Atalanta,€12.50m,€13.60m
Ruslan Malinovskyi,17/18,01/07/2017,Shakhtar D.,Genk,€4.00m,€2.00m
Raheem Sterling,22/23,13/07/2022,Man City,Chelsea,€70.00m,€56.20m
Raheem Sterling,15/16,14/07/2015,Liverpool,Man City,€40.00m,€63.70m
Raheem Sterling,09/10,16/02/2010,QPR U18,Liverpool U18,-,€700k
Manuel Locatelli,23/24,01/07/2023,Sassuolo,Juventus,€30.00m,€36.40m
Manuel Locatelli,19/20,01/07/2019,AC Milan,Sassuolo,€12.00m,€14.00m
Pierre Højbjerg,N/A,N/A,N/A,N/A,N/A,N/A
Marcelo,06/07,01/01/2007,Fluminense,Real Madrid,€6.50m,€6.50m
Marten de Roon,17/18,10/08/2017,Middlesbrough,Atalanta,€10.00m,€16.70m
Marten de Roon,16/17,04/07/2016,Atalanta,Middlesbrough,€5.00m,€10.50m
Marten de Roon,15/16,11/07/2015,Heerenveen,Atalanta,€1.25m,€1.30m
Paulo Dybala,15/16,01/07/2015,US Palermo,Juventus,€28.00m,€41.00m
Paulo Dybala,12/13,20/07/2012,Instituto ACC,US Palermo,€2.00m,€11.90m
Miralem Pjanić,20/21,01/09/2020,Juventus,Barcelona,€45.00m,€60.00m
Miralem Pjanić,16/17,01/07/2016,Roma,Juventus,€35.00m,€32.00m
Miralem Pjanić,11/12,31/08/2011,Lyon,Roma,€9.00m,€11.00m
Miralem Pjanić,08/09,01/07/2008,FC Metz,Lyon,€5.50m,€7.50m
Ángel Di María,15/16,06/08/2015,Man Utd,PSG,€50.00m,€63.00m
Ángel Di María,14/15,26/08/2014,Real Madrid,Man Utd,€50.00m,€75.00m
Ángel Di María,10/11,01/07/2010,Benfica,Real Madrid,€9.50m,€33.00m
Ángel Di María,07/08,27/07/2007,Rosario Central,Benfica,-,€8.00m
Trent Alexander-Arnold,25/26,01/06/2025,Liverpool,Real Madrid,€75.00m,€10.00m
Julian Brandt,19/20,01/07/2019,Leverkusen,Dortmund,€50.00m,€25.00m
Julian Brandt,13/14,01/01/2014,Wolfsburg U19,Leverkusen,-,€500k
Rodrigo Bentancur,21/22,31/01/2022,Juventus,Tottenham,€25.00m,€19.00m
Rodrigo Bentancur,17/18,01/07/2017,Boca Juniors,Juventus,€6.00m,€23.50m
Christian Eriksen,19/20,28/01/2020,Tottenham,Inter,€90.00m,€27.00m
Christian Eriksen,13/14,30/08/2013,Ajax,Tottenham,€18.00m,€14.15m
Christian Eriksen,08/09,01/01/2009,Odense BK U19,Ajax U19,-,€1.50m
Rúben Neves,23/24,01/07/2023,Wolves,Al-Hilal,€40.00m,€55.00m
Rúben Neves,17/18,08/07/2017,Porto,Wolves,€10.00m,€17.90m
Jordan Henderson,23/24,27/07/2023,Liverpool,Al-Ettifaq,€10.00m,€14.00m
Jordan Henderson,11/12,01/07/2011,Sunderland,Liverpool,€8.50m,€18.00m
Rodri,19/20,04/07/2019,Atlético,Man City,€80.00m,€70.00m
Rodri,18/19,01/07/2018,Villarreal,Atlético,€25.00m,€20.00m
Rodri,07/08,01/07/2007,Majad. Youth,Atlético Yth.,-,€1.50m
Alexis Sánchez,17/18,22/01/2018,Arsenal,Man Utd,€70.00m,€34.00m
Alexis Sánchez,14/15,10/07/2014,Barcelona,Arsenal,€30.00m,€42.50m
Alexis Sánchez,11/12,21/07/2011,Udinese,Barcelona,€25.00m,€26.00m
Alexis Sánchez,06/07,01/07/2006,Cobreloa,Udinese,-,€3.00m
Lucas Leiva,17/18,18/07/2017,Liverpool,Lazio,€7.00m,€5.70m
Lucas Leiva,07/08,01/07/2007,Grêmio,Liverpool,€6.00m,€10.00m
Asier Illarramendi,15/16,26/08/2015,Real Madrid,Real Sociedad,€15.00m,€16.00m
Asier Illarramendi,13/14,12/07/2013,Real Sociedad,Real Madrid,€12.00m,€32.00m
James Rodríguez,21/22,22/09/2021,Everton,Al-Rayyan,€28.00m,€8.00m
James Rodríguez,14/15,22/07/2014,Monaco,Real Madrid,€60.00m,€75.00m
James Rodríguez,13/14,01/07/2013,Porto,Monaco,€23.00m,€45.00m
James Rodríguez,10/11,06/07/2010,Banfield,Porto,€2.50m,€7.35m
James Rodríguez,07/08,01/01/2008,Envigado,Banfield II,-,€280k
Philippe Coutinho,22/23,01/07/2022,Barcelona,Aston Villa,€20.00m,€20.00m
Philippe Coutinho,17/18,08/01/2018,Liverpool,Barcelona,€90.00m,€135.00m
Philippe Coutinho,12/13,30/01/2013,Inter,Liverpool,€9.00m,€13.00m
Philippe Coutinho,08/09,23/07/2008,Vasco U17,Inter,-,€3.80m
Casemiro,22/23,22/08/2022,Real Madrid,Man Utd,€40.00m,€70.65m
Casemiro,15/16,02/07/2015,Porto,Real Madrid,€10.00m,€15.00m
Casemiro,15/16,01/07/2015,Real Madrid,Porto,€10.00m,€7.50m
Casemiro,13/14,01/07/2013,São Paulo,Real Madrid,€6.00m,€6.00m
Isco,13/14,01/07/2013,Málaga CF,Real Madrid,€25.00m,€30.00m
Isco,11/12,01/07/2011,Valencia B,Málaga CF,-,€6.00m
Declan Rice,23/24,15/07/2023,West Ham,Arsenal,€90.00m,€116.60m
Dimitri Payet,16/17,30/01/2017,West Ham,Marseille,€30.00m,€29.30m
Dimitri Payet,15/16,01/07/2015,Marseille,West Ham,€13.00m,€15.00m
Dimitri Payet,13/14,01/07/2013,Lille,Marseille,€15.00m,€8.70m
Dimitri Payet,11/12,01/07/2011,Saint-Étienne,Lille,€9.00m,€9.00m
Dimitri Payet,07/08,01/07/2007,FC Nantes,Saint-Étienne,€1.50m,€4.00m
Fred,25/26,07/08/2025,Leicester,Besiktas,€15.00m,€8.00m
Fred,16/17,03/01/2017,Genk,Leicester,€8.00m,€17.60m
Fred,14/15,15/01/2015,Nath Boys,Genk,-,€180k
João Cancelo,24/25,27/08/2024,Man City,Al-Hilal,€25.00m,€25.00m
João Cancelo,19/20,07/08/2019,Juventus,Man City,€55.00m,€65.00m
João Cancelo,18/19,01/07/2018,Valencia,Juventus,€35.00m,€40.40m
João Cancelo,15/16,01/07/2015,Benfica,Valencia,€5.00m,€15.00m
Rodrigo De Paul,25/26,26/01/2026,Atlético,Miami,€15.00m,€15.00m
Rodrigo De Paul,21/22,12/07/2021,Udinese,Atlético,€38.00m,€35.00m
Rodrigo De Paul,16/17,20/07/2016,Valencia,Udinese,€2.50m,€10.00m
Rodrigo De Paul,14/15,01/07/2014,Racing Club,Valencia,€3.50m,€6.55m
James Milner,10/11,17/08/2010,Aston Villa,Man City,€20.00m,€22.00m
James Milner,08/09,29/08/2008,Newcastle,Aston Villa,€8.75m,€15.00m
James Milner,04/05,02/07/2004,Leeds,Newcastle,-,€7.40m
Fabinho,23/24,31/07/2023,Liverpool,Al-Ittihad,€42.00m,€46.70m
Fabinho,18/19,01/07/2018,Monaco,Liverpool,€45.00m,€45.00m
Fabinho,15/16,01/07/2015,Rio Ave,Monaco,€8.00m,€6.00m
Fabinho,12/13,01/07/2012,Fluminense U20,Rio Ave,-,€500k
N'Golo Kanté,16/17,16/07/2016,Leicester,Chelsea,€20.00m,€35.80m
N'Golo Kanté,15/16,03/08/2015,SM Caen,Leicester,€4.50m,€9.00m
Wendell,21/22,19/08/2021,Leverkusen,Porto,€6.50m,€4.30m
Wendell,14/15,01/07/2014,Grêmio,Leverkusen,€3.00m,€6.50m
Florian Thauvin,25/26,08/08/2025,Udinese,Lens,€5.00m,€6.00m
Florian Thauvin,17/18,01/07/2017,Newcastle,Marseille,€18.00m,€11.00m
Florian Thauvin,15/16,19/08/2015,Marseille,Newcastle,€12.00m,€18.35m
Florian Thauvin,13/14,02/09/2013,Lille,Marseille,€6.00m,€12.00m
Florian Thauvin,12/13,30/01/2013,SC Bastia,Lille,€3.00m,€3.50m
Éver Banega,17/18,03/07/2017,Inter,Sevilla FC,€16.00m,€7.00m
Éver Banega,14/15,18/08/2014,Valencia,Sevilla FC,€8.00m,€2.50m
Éver Banega,07/08,05/01/2008,Boca Juniors,Valencia,€15.00m,€18.00m
Florian Wirtz,25/26,01/07/2025,Leverkusen,Liverpool,€140.00m,€125.00m
Florian Wirtz,19/20,31/01/2020,1.FC Köln U17,Leverkusen U19,-,€200k
Dale Stephens,20/21,24/09/2020,Brighton,Burnley,€4.80m,€1.10m
Dale Stephens,13/14,30/01/2014,Charlton,Brighton,€800k,€2.00m
Dale Stephens,11/12,01/07/2011,Oldham Athletic,Charlton,€125k,€390k
Dale Stephens,08/09,01/07/2008,Bury,Oldham Athletic,-,€10k
Mason Mount,23/24,05/07/2023,Chelsea,Man Utd,€60.00m,€67.70m
Pablo Sarabia,22/23,17/01/2023,PSG,Wolves,€20.00m,€5.00m
Pablo Sarabia,19/20,02/07/2019,Sevilla FC,PSG,€40.00m,€18.00m
Pablo Sarabia,16/17,01/07/2016,Getafe,Sevilla FC,€5.00m,€1.00m
Pablo Sarabia,11/12,03/07/2011,RM Castilla,Getafe,-,€3.00m
Cesc Fàbregas,18/19,11/01/2019,Chelsea,Monaco,€25.00m,€9.00m
Cesc Fàbregas,14/15,01/07/2014,Barcelona,Chelsea,€50.00m,€33.00m
Cesc Fàbregas,11/12,15/08/2011,Arsenal,Barcelona,€54.00m,€34.00m
Cesc Fàbregas,03/04,11/09/2003,Barça U16,Arsenal U18,-,€3.20m
Luka Modrić,12/13,27/08/2012,Tottenham,Real Madrid,€40.00m,€35.00m
Luka Modrić,08/09,01/07/2008,Dinamo Zagreb,Tottenham,€18.00m,€22.50m
Aleksandar Kolarov,20/21,08/09/2020,Roma,Inter,€5.00m,€1.50m
Aleksandar Kolarov,17/18,22/07/2017,Man City,Roma,€10.00m,€5.00m
Aleksandar Kolarov,10/11,24/07/2010,Lazio,Man City,€9.00m,€23.86m
Aleksandar Kolarov,07/08,01/07/2007,OFK Beograd,Lazio,€1.00m,€925k
Aleksandar Kolarov,06/07,01/02/2007,Cukaricki,OFK Beograd,-,€400k
Kurt Zouma,21/22,28/08/2021,Chelsea,West Ham,€32.00m,€35.00m
Kurt Zouma,13/14,31/01/2014,Saint-Étienne,Chelsea,€7.50m,€14.60m
Fernandinho,13/14,01/07/2013,Shakhtar D.,Man City,€32.00m,€40.00m
Fernandinho,05/06,22/07/2005,Atlético-PR,Shakhtar D.,€4.00m,€7.80m
César Azpilicueta,12/13,24/08/2012,Marseille,Chelsea,€7.50m,€8.80m
César Azpilicueta,10/11,01/07/2010,CA Osasuna,Marseille,€7.00m,€6.00m
Jonathan Tah,25/26,09/06/2025,Leverkusen,Bayern Munich,€30.00m,€2.00m
Jonathan Tah,15/16,16/07/2015,Hamburg,Leverkusen,€6.00m,€9.50m
Thomas Müller,N/A,N/A,N/A,N/A,N/A,N/A
Fabián Ruiz Peña,22/23,30/08/2022,Napoli,PSG,€55.00m,€22.50m
Fabián Ruiz Peña,18/19,05/07/2018,Real Betis,Napoli,€20.00m,€30.00m
Mateo Kovačić,23/24,01/07/2023,Chelsea,Man City,€38.00m,€29.10m
Mateo Kovačić,19/20,01/07/2019,Real Madrid,Chelsea,€35.00m,€45.00m
Mateo Kovačić,15/16,18/08/2015,Inter,Real Madrid,€22.00m,€38.00m
Mateo Kovačić,12/13,31/01/2013,Dinamo Zagreb,Inter,€3.00m,€11.00m
Suso,20/21,21/07/2020,AC Milan,Sevilla FC,€17.50m,€21.70m
Suso,14/15,17/01/2015,Liverpool,AC Milan,€6.00m,€1.30m
Suso,10/11,01/07/2010,Cádiz U19,Liverpool Res.,-,€60k
Andrej Kramarić,16/17,01/07/2016,Leicester,Hoffenheim,€7.50m,€11.00m
Andrej Kramarić,14/15,16/01/2015,HNK Rijeka,Leicester,€4.50m,€9.00m
Andrej Kramarić,13/14,30/08/2013,Dinamo Zagreb,HNK Rijeka,€1.25m,€1.20m
Nemanja Matić,23/24,27/01/2024,Stade Rennais,Lyon,€3.50m,€2.60m
Nemanja Matić,23/24,14/08/2023,Roma,Stade Rennais,€4.00m,€2.50m
Nemanja Matić,17/18,31/07/2017,Chelsea,Man Utd,€35.00m,€44.70m
Nemanja Matić,13/14,15/01/2014,Benfica,Chelsea,€27.00m,€25.00m
Nemanja Matić,11/12,01/07/2011,Chelsea,Benfica,€3.00m,€5.00m
Nemanja Matić,09/10,18/08/2009,MFK Kosice,Chelsea,€1.50m,€1.75m
Adem Ljajić,19/20,01/07/2019,Torino,Besiktas,€12.00m,€6.50m
Adem Ljajić,16/17,18/07/2016,Roma,Torino,€12.00m,€9.00m
Adem Ljajić,13/14,28/08/2013,Fiorentina,Roma,€12.00m,€12.00m
Adem Ljajić,09/10,13/01/2010,Partizan,Fiorentina,€4.50m,€6.80m
Edmond Tapsoba,19/20,31/01/2020,Vit. Guimarães,Leverkusen,€4.50m,€20.20m
Romelu Lukaku,24/25,29/08/2024,Chelsea,Napoli,€30.00m,€30.70m
Romelu Lukaku,21/22,12/08/2021,Inter,Chelsea,€100.00m,€113.00m
Romelu Lukaku,19/20,08/08/2019,Man Utd,Inter,€75.00m,€74.00m
Romelu Lukaku,17/18,10/07/2017,Everton,Man Utd,€50.00m,€84.70m
Romelu Lukaku,14/15,30/07/2014,Chelsea,Everton,€25.00m,€35.36m
Romelu Lukaku,11/12,08/08/2011,RSC Anderlecht,Chelsea,€15.00m,€15.00m
Leroy Sané,20/21,15/07/2020,Man City,Bayern Munich,€80.00m,€49.00m
Leroy Sané,16/17,02/08/2016,FC Schalke 04,Man City,€30.00m,€52.00m
Ismaël Bennacer,19/20,04/08/2019,FC Empoli,AC Milan,€12.00m,€17.20m
Ismaël Bennacer,17/18,21/08/2017,Arsenal U23,FC Empoli,€500k,€1.00m
Ismaël Bennacer,15/16,30/07/2015,AC Arles,Arsenal U21,€100k,€300k
Kerem Demirbay,23/24,03/08/2023,Leverkusen,Galatasaray,€6.00m,€3.70m
Kerem Demirbay,19/20,01/07/2019,Hoffenheim,Leverkusen,€32.00m,€32.00m
Kerem Demirbay,16/17,13/07/2016,Hamburg,Hoffenheim,€1.30m,€4.70m
Boubacar Kamara,N/A,N/A,N/A,N/A,N/A,N/A
Toni Kroos,14/15,17/07/2014,Bayern Munich,Real Madrid,€42.00m,€25.00m
Toni Kroos,06/07,01/07/2006,H. Rostock U17,FC Bayern U19,-,€2.30m
Memphis,22/23,20/01/2023,Barcelona,Atlético,€20.00m,€3.00m
Memphis,16/17,20/01/2017,Man Utd,Lyon,€25.00m,€16.00m
Memphis,15/16,01/07/2015,PSV,Man Utd,€28.00m,€34.00m
Willian,24/25,09/08/2024,Frankfurt,PSG,€35.00m,€40.00m
Willian,23/24,01/07/2023,Royal Antwerp,Frankfurt,€11.00m,€13.65m
Willian,21/22,28/01/2022,Independiente,Royal Antwerp,€2.50m,€5.57m
Arturo Vidal,20/21,22/09/2020,Barcelona,Inter,€11.00m,€1.00m
Arturo Vidal,18/19,06/08/2018,Bayern Munich,Barcelona,€35.00m,€18.00m
Arturo Vidal,15/16,28/07/2015,Juventus,Bayern Munich,€42.00m,€39.25m
Arturo Vidal,11/12,21/07/2011,Leverkusen,Juventus,€20.00m,€12.50m
Arturo Vidal,07/08,01/07/2007,Colo-Colo,Leverkusen,€5.00m,€5.20m
Maxime Lopez,21/22,01/07/2021,Marseille,Sassuolo,€10.00m,€2.50m
Virgil van Dijk,17/18,01/01/2018,Southampton,Liverpool,€30.00m,€84.65m
Virgil van Dijk,15/16,01/09/2015,Celtic,Southampton,€5.00m,€15.70m
Virgil van Dijk,13/14,01/07/2013,FC Groningen,Celtic,€3.00m,€2.75m
Harry Kane,23/24,12/08/2023,Tottenham,Bayern Munich,€90.00m,€95.00m
Gerard Deulofeu,20/21,30/01/2021,Watford,Udinese,€12.00m,€17.00m
Gerard Deulofeu,18/19,01/07/2018,Barcelona,Watford,€14.00m,€13.00m
Gerard Deulofeu,17/18,01/07/2017,Everton,Barcelona,€12.00m,€12.00m
Gerard Deulofeu,15/16,01/07/2015,Barcelona,Everton,€6.00m,€6.00m
João Moutinho,18/19,24/07/2018,Monaco,Wolves,€10.00m,€5.60m
João Moutinho,13/14,01/07/2013,Porto,Monaco,€30.00m,€25.00m
João Moutinho,10/11,03/07/2010,Sporting,Porto,€14.50m,€11.00m
Joël Matip,N/A,N/A,N/A,N/A,N/A,N/A
Emre Can,20/21,01/07/2020,Juventus,Dortmund,€24.00m,€25.00m
Emre Can,14/15,01/07/2014,Leverkusen,Liverpool,€7.50m,€12.00m
Emre Can,13/14,02/08/2013,Bayern Munich,Leverkusen,€1.50m,€5.00m
Santi Cazorla,12/13,07/08/2012,Málaga CF,Arsenal,€20.00m,€19.00m
Santi Cazorla,11/12,26/07/2011,Villarreal,Málaga CF,€18.00m,€23.00m
Santi Cazorla,07/08,01/07/2007,Recr. Huelva,Villarreal,€3.50m,€1.20m
Santi Cazorla,06/07,07/07/2006,Villarreal,Recr. Huelva,€400k,€400k
Aurélien Tchouaméni,22/23,01/07/2022,Monaco,Real Madrid,€60.00m,€80.00m
Aurélien Tchouaméni,19/20,29/01/2020,G. Bordeaux,Monaco,€14.00m,€18.00m
Lucas Torreira,22/23,08/08/2022,Arsenal,Galatasaray,€20.00m,€6.00m
Lucas Torreira,18/19,10/07/2018,Sampdoria,Arsenal,€30.00m,€28.65m
Lucas Torreira,15/16,01/07/2015,Pescara,Sampdoria,€800k,€3.00m
Lucas Torreira,13/14,30/01/2014,Wanderers U19,Pescara U19,-,€375k
Remo Freuler,24/25,01/07/2024,Nott'm Forest,Bologna,€6.50m,€1.90m
Remo Freuler,22/23,14/08/2022,Atalanta,Nott'm Forest,€20.00m,€8.30m
Remo Freuler,15/16,19/01/2016,FC Luzern,Atalanta,€2.00m,€3.45m
Kevin Stöger,15/16,25/08/2015,Stuttgart,SC Paderborn,€1.00m,€1.00m
Allan,22/23,01/07/2022,Dortmund,Man City,€150.00m,€60.00m
Allan,19/20,01/01/2020,Salzburg,Dortmund,€45.00m,€20.00m
Allan,18/19,01/01/2019,Molde FK,Salzburg,€5.00m,€8.00m
Allan,16/17,01/02/2017,Bryne,Molde FK,€200k,€100k
Łukasz Piszczek,04/05,01/07/2004,Gwarek U19,Hertha BSC,-,€50k
Shkodran Mustafi,16/17,30/08/2016,Valencia,Arsenal,€20.00m,€41.00m
Shkodran Mustafi,14/15,06/08/2014,Sampdoria,Valencia,€7.00m,€8.00m
Shkodran Mustafi,11/12,03/01/2012,Everton Res.,Sampdoria,€75k,€75k
Domenico Berardi,15/16,01/07/2015,Juventus,Sassuolo,€17.50m,€10.00m
Domenico Berardi,13/14,01/09/2013,Sassuolo,Juventus,€6.00m,€4.50m
Téji Savanier,19/20,02/07/2019,Nîmes Olympique,Montpellier,€12.00m,€9.50m
Thomas Partey,20/21,05/10/2020,Atlético,Arsenal,€40.00m,€50.00m
Marco Reus,12/13,01/07/2012,Mönchengladbach,Dortmund,€20.00m,€17.10m
Marco Reus,09/10,01/07/2009,Rot Weiss Ahlen,Mönchengladbach,€1.00m,€1.00m
Timo Werner,22/23,09/08/2022,Chelsea,Leipzig,€35.00m,€20.00m
Timo Werner,20/21,01/07/2020,Leipzig,Chelsea,€64.00m,€53.00m
Timo Werner,16/17,01/07/2016,Stuttgart,Leipzig,€8.00m,€23.00m
Francesco Acerbi,23/24,01/07/2023,Lazio,Inter,€4.00m,€4.00m
Francesco Acerbi,18/19,11/07/2018,Sassuolo,Lazio,€10.00m,€12.00m
Francesco Acerbi,13/14,08/07/2013,Genoa,Sassuolo,€3.50m,€3.20m
Francesco Acerbi,12/13,26/01/2013,AC Milan,Genoa,€4.00m,€4.00m
Francesco Acerbi,12/13,01/07/2012,Chievo Verona,AC Milan,€4.50m,€4.00m
Francesco Acerbi,11/12,01/07/2011,Genoa,Chievo Verona,€3.20m,€2.00m
Francesco Acerbi,10/11,01/06/2011,Reggina,Genoa,€3.00m,€3.20m
Jordan Veretout,25/26,25/07/2025,Lyon,Al-Arabi SC,€4.00m,€500k
Jordan Veretout,24/25,04/09/2024,Marseille,Lyon,€15.00m,€4.00m
Jordan Veretout,22/23,05/08/2022,Roma,Marseille,€17.00m,€12.45m
Jordan Veretout,20/21,01/09/2020,Fiorentina,Roma,€24.00m,€17.50m
Jordan Veretout,17/18,25/07/2017,Aston Villa,Fiorentina,€9.00m,€7.00m
Jordan Veretout,15/16,31/07/2015,FC Nantes,Aston Villa,€8.00m,€10.00m
Joe Gomez,15/16,01/07/2015,Charlton,Liverpool,€2.50m,€4.90m
Idrissa Gana Gueye,22/23,01/09/2022,PSG,Everton,€12.00m,€4.00m
Idrissa Gana Gueye,19/20,30/07/2019,Everton,PSG,€25.00m,€30.00m
Idrissa Gana Gueye,16/17,02/08/2016,Aston Villa,Everton,€9.00m,€8.50m
Idrissa Gana Gueye,15/16,10/07/2015,Lille,Aston Villa,€7.50m,€9.00m
Ander Herrera,24/25,17/01/2025,Athletic Club,Boca Juniors,€1.50m,€400k
Ander Herrera,14/15,01/07/2014,Athletic Club,Man Utd,€20.00m,€36.00m
Ander Herrera,11/12,01/07/2011,Real Zaragoza,Athletic Club,€7.50m,€7.50m
Raphinha,22/23,13/07/2022,Leeds,Barcelona,€45.00m,€58.00m
Raphinha,20/21,05/10/2020,Stade Rennais,Leeds,€16.00m,€18.60m
Raphinha,19/20,02/09/2019,Sporting,Stade Rennais,€8.00m,€21.00m
Raphinha,18/19,01/07/2018,Vit. Guimarães,Sporting,€6.50m,€6.50m
Raphinha,15/16,01/02/2016,Avaí U20,Guimarães B,-,€600k
Lorenzo Pellegrini,17/18,01/07/2017,Sassuolo,Roma,€12.00m,€10.00m
Lorenzo Pellegrini,15/16,01/07/2015,Roma U19,Sassuolo,€250k,€1.25m
Ricardo Pereira,18/19,01/07/2018,Porto,Leicester,€20.00m,€22.00m
Ricardo Pereira,13/14,01/07/2013,Vit. Guimarães,FC Porto B,€1.80m,€1.60m
Duván Zapata,24/25,01/07/2024,Atalanta,Torino,€8.00m,€8.60m
Duván Zapata,19/20,17/01/2020,Sampdoria,Atalanta,€45.00m,€12.00m
Duván Zapata,18/19,01/07/2018,Napoli,Sampdoria,€20.00m,€18.50m
Duván Zapata,13/14,25/08/2013,Estudiantes LP,Napoli,€3.00m,€7.47m
Duván Zapata,11/12,01/07/2011,CD América,Estudiantes LP,€150k,€90k
Kieran Trippier,21/22,07/01/2022,Atlético,Newcastle,€18.00m,€14.00m
Kieran Trippier,19/20,17/07/2019,Tottenham,Atlético,€35.00m,€22.00m
Kieran Trippier,15/16,01/07/2015,Burnley,Tottenham,€6.00m,€4.90m
Granit Xhaka,25/26,30/07/2025,Leverkusen,Sunderland,€12.00m,€15.00m
Granit Xhaka,23/24,06/07/2023,Arsenal,Leverkusen,€20.00m,€15.00m
Granit Xhaka,16/17,01/07/2016,Mönchengladbach,Arsenal,€35.00m,€45.00m
Granit Xhaka,12/13,01/07/2012,Basel,Mönchengladbach,€8.50m,€8.50m
Julian Baumgartlinger,16/17,01/07/2016,Mainz,Leverkusen,€6.00m,€4.00m
Julian Baumgartlinger,11/12,01/07/2011,Austria Vienna,Mainz,€2.25m,€1.10m
Julian Baumgartlinger,09/10,01/07/2009,1860 Munich,Austria Vienna,€350k,€200k
Charles Aránguiz,15/16,13/08/2015,Internacional,Leverkusen,€9.50m,€13.00m
Charles Aránguiz,14/15,16/08/2014,Udinese,Internacional,€3.00m,€8.00m
Charles Aránguiz,13/14,01/01/2014,U. de Chile,Udinese,€2.20m,€4.00m
Charles Aránguiz,10/11,20/01/2011,Quilmes,U. de Chile,€700k,€650k
Luis Suárez,20/21,01/07/2020,Barcelona,Atlético,€28.00m,€9.00m
Luis Suárez,14/15,11/07/2014,Liverpool,Barcelona,€52.00m,€81.72m
Luis Suárez,10/11,31/01/2011,Ajax,Liverpool,€25.00m,€26.50m
Luis Suárez,07/08,09/08/2007,FC Groningen,Ajax,€1.00m,€7.50m
Luis Suárez,06/07,11/07/2006,Nacional,FC Groningen,-,€800k
Hakan Çalhanoğlu,17/18,03/07/2017,Leverkusen,AC Milan,€20.00m,€23.30m
Hakan Çalhanoğlu,14/15,04/07/2014,Hamburg,Leverkusen,€7.00m,€15.25m
Hakan Çalhanoğlu,12/13,14/08/2012,Karlsruher SC,Hamburg,€1.00m,€2.50m
Dani Alves,08/09,02/07/2008,Sevilla FC,Barcelona,€20.00m,€35.50m
Dani Alves,02/03,01/01/2003,EC Bahia,Sevilla FC,-,€550k
Sergio Agüero,11/12,28/07/2011,Atlético,Man City,€36.00m,€40.00m
Sergio Agüero,06/07,01/07/2006,Independiente,Atlético,€5.00m,€23.00m
Robert Lewandowski,22/23,19/07/2022,Bayern Munich,Barcelona,€45.00m,€45.00m
Robert Lewandowski,10/11,01/07/2010,Lech Poznan,Dortmund,€4.50m,€4.75m
Robert Lewandowski,08/09,01/07/2008,Znicz Pruszkow,Lech Poznan,€500k,€380k
Milan Badelj,20/21,16/09/2020,Lazio,Genoa,€2.00m,€1.95m
Milan Badelj,14/15,31/08/2014,Hamburg,Fiorentina,€5.00m,€4.00m
Milan Badelj,12/13,29/08/2012,Dinamo Zagreb,Hamburg,€4.50m,€4.00m
Sébastien Haller,22/23,06/07/2022,Ajax,Dortmund,€35.00m,€31.00m
Sébastien Haller,20/21,08/01/2021,West Ham,Ajax,€30.00m,€22.50m
Sébastien Haller,19/20,17/07/2019,Frankfurt,West Ham,€40.00m,€50.00m
Sébastien Haller,17/18,01/07/2017,Utrecht,Frankfurt,€8.00m,€12.00m
Sébastien Haller,15/16,01/07/2015,AJ Auxerre,Utrecht,€2.00m,€750k
Nordi Mukiele,25/26,17/08/2025,PSG,Sunderland,€10.00m,€12.00m
Nordi Mukiele,22/23,26/07/2022,Leipzig,PSG,€20.00m,€12.00m
Nordi Mukiele,18/19,01/07/2018,Montpellier,Leipzig,€14.00m,€16.00m
Nordi Mukiele,16/17,06/01/2017,Stade Lavallois,Montpellier,€800k,€1.50m
Roberto Gagliardini,17/18,01/08/2017,Atalanta,Inter,€15.00m,€20.50m
Valentin Rongier,25/26,21/07/2025,Marseille,Stade Rennais,€9.00m,€5.50m
Valentin Rongier,19/20,03/09/2019,FC Nantes,Marseille,€15.00m,€13.00m
Boubakary Soumaré,21/22,02/07/2021,Lille,Leicester,€28.00m,€20.00m
Emi Buendía,21/22,01/07/2021,Norwich,Aston Villa,€35.00m,€38.40m
Emi Buendía,18/19,01/07/2018,Getafe,Norwich,€2.50m,€1.50m
Florian Grillitsch,N/A,N/A,N/A,N/A,N/A,N/A
Erling Haaland,22/23,01/07/2022,Dortmund,Man City,€150.00m,€60.00m
Erling Haaland,19/20,01/01/2020,Salzburg,Dortmund,€45.00m,€20.00m
Erling Haaland,18/19,01/01/2019,Molde FK,Salzburg,€5.00m,€8.00m
Erling Haaland,16/17,01/02/2017,Bryne,Molde FK,€200k,€100k
Luke Ayling,16/17,11/08/2016,Bristol City,Leeds,€500k,€870k
İlkay Gündoğan,16/17,01/07/2016,Dortmund,Man City,€30.00m,€27.00m
İlkay Gündoğan,11/12,01/07/2011,1.FC Nuremberg,Dortmund,€6.50m,€5.50m
İlkay Gündoğan,08/09,03/02/2009,VfL Bochum U19,1.FC Nuremberg,€100k,€850k
Djibril Sidibé,16/17,08/07/2016,Lille,Monaco,€4.00m,€15.00m
Djibril Sidibé,12/13,24/07/2012,Troyes,Lille,€1.75m,€2.50m
Bryan Cristante,19/20,01/07/2019,Atalanta,Roma,€25.00m,€30.60m
Bryan Cristante,18/19,01/07/2018,Benfica,Atalanta,€25.00m,€9.50m
Bryan Cristante,14/15,01/09/2014,AC Milan,Benfica,€3.00m,€5.20m
Luca Cigarini,17/18,01/07/2017,Sampdoria,Cagliari,€2.00m,€2.26m
Luca Cigarini,16/17,20/07/2016,Atalanta,Sampdoria,€5.00m,€3.50m
Luca Cigarini,13/14,01/07/2013,Napoli,Atalanta,€7.50m,€4.20m
Luca Cigarini,09/10,03/07/2009,Atalanta,Napoli,€7.00m,€11.00m
Luca Cigarini,08/09,04/07/2008,Parma,Atalanta,€7.00m,€10.50m
Douglas Costa,18/19,01/07/2018,Bayern Munich,Juventus,€55.00m,€40.00m
Douglas Costa,15/16,01/07/2015,Shakhtar D.,Bayern Munich,€23.00m,€30.00m
Douglas Costa,09/10,01/01/2010,Grêmio,Shakhtar D.,€4.00m,€8.00m
Gerard Piqué,08/09,01/07/2008,Man Utd,Barcelona,€5.50m,€5.00m
Gerard Piqué,04/05,01/07/2004,Barça U19,Man Utd,-,€5.25m
Felipe Anderson,21/22,16/07/2021,West Ham,Lazio,€10.00m,€3.00m
Felipe Anderson,18/19,15/07/2018,Lazio,West Ham,€30.00m,€38.00m
Felipe Anderson,13/14,09/07/2013,Santos,Lazio,€6.00m,€7.50m
Dani Ceballos,17/18,14/07/2017,Real Betis,Real Madrid,€10.00m,€16.50m
Paul Pogba,16/17,09/08/2016,Juventus,Man Utd,€70.00m,€105.00m
Gabi,19/20,31/01/2020,Inter,Flamengo,€23.00m,€17.50m
Gabi,16/17,31/08/2016,Santos,Inter,€20.00m,€29.50m
Bruno Guimarães,21/22,30/01/2022,Lyon,Newcastle,€30.00m,€42.10m
Bruno Guimarães,19/20,30/01/2020,Athletico-PR,Lyon,€20.00m,€20.00m
Jan Vertonghen,12/13,12/07/2012,Ajax,Tottenham,€15.00m,€12.50m
Marco Verratti,23/24,13/09/2023,PSG,Al-Arabi SC,€40.00m,€45.00m
Marco Verratti,12/13,18/07/2012,Pescara,PSG,€10.00m,€12.00m
Otávio,23/24,22/08/2023,Porto,Al-Nassr,€35.00m,€60.00m
Otávio,14/15,01/09/2014,Internacional,Porto,€2.00m,€2.50m
Sadio Mané,23/24,01/08/2023,Bayern Munich,Al-Nassr,€25.00m,€30.00m
Sadio Mané,22/23,01/07/2022,Liverpool,Bayern Munich,€70.00m,€32.00m
Sadio Mané,16/17,01/07/2016,Southampton,Liverpool,€20.00m,€41.20m
Sadio Mané,14/15,01/09/2014,Salzburg,Southampton,€7.50m,€23.00m
Sadio Mané,12/13,31/08/2012,FC Metz,Salzburg,€500k,€4.00m
Rubén Peña,19/20,04/07/2019,SD Eibar,Villarreal,€10.00m,€8.00m
Rubén Peña,16/17,01/07/2016,CD Leganés,SD Eibar,€400k,€200k
Domenico Criscito,11/12,01/07/2011,Genoa,Zenit S-Pb,€12.50m,€15.00m
Domenico Criscito,08/09,01/07/2008,Juventus,Genoa,€4.50m,€11.50m
Domenico Criscito,07/08,01/07/2007,Genoa,Juventus,€1.00m,€7.50m
Domenico Criscito,04/05,01/07/2004,Genoa U17,Juventus U19,-,€950k
Konstantinos Mavropanos,23/24,22/08/2023,Stuttgart,West Ham,€15.00m,€20.00m
Konstantinos Mavropanos,22/23,01/07/2022,Arsenal,Stuttgart,€15.00m,€3.20m
Konstantinos Mavropanos,17/18,04/01/2018,PAS Giannina,Arsenal,€450k,€2.10m
Marquinhos,13/14,19/07/2013,Roma,PSG,€15.00m,€31.40m
Marquinhos,12/13,03/01/2013,Corinthians,Roma,€750k,€5.70m
Ruben Aguilar,23/24,01/09/2023,Monaco,Lens,€7.00m,€3.50m
Ruben Aguilar,19/20,06/08/2019,Montpellier,Monaco,€8.00m,€8.00m
James Maddison,23/24,01/07/2023,Leicester,Tottenham,€60.00m,€46.30m
James Maddison,18/19,01/07/2018,Norwich,Leicester,€10.00m,€25.00m
James Maddison,15/16,01/02/2016,Coventry,Norwich,€500k,€2.65m
Sergio Canales,23/24,24/07/2023,Real Betis,Monterrey,€15.00m,€10.00m
Sergio Canales,13/14,31/01/2014,Valencia,Real Sociedad,€5.00m,€3.50m
Sergio Canales,12/13,19/07/2012,Real Madrid,Valencia,€5.00m,€7.50m
Sergio Canales,10/11,01/07/2010,Racing,Real Madrid,€6.00m,€6.00m
Lorenzo Insigne,N/A,N/A,N/A,N/A,N/A,N/A
Joan Jordán,19/20,01/07/2019,SD Eibar,Sevilla FC,€12.00m,€14.00m
Joan Jordán,17/18,13/07/2017,Espanyol,SD Eibar,€1.00m,€3.80m
Adrien Rabiot,25/26,01/09/2025,Marseille,AC Milan,€25.00m,€7.00m
Jonathan Viera,17/18,19/02/2018,UD Las Palmas,BJ Guoan,€8.00m,€11.00m
Jonathan Viera,15/16,15/07/2015,Standard Liège,UD Las Palmas,€3.50m,€2.90m
Jonathan Viera,14/15,01/09/2014,Valencia,Standard Liège,€6.00m,€2.00m
Jonathan Viera,12/13,01/07/2012,UD Las Palmas,Valencia,€1.20m,€2.50m
Wilfred Ndidi,25/26,07/08/2025,Leicester,Besiktas,€15.00m,€8.00m
Wilfred Ndidi,16/17,03/01/2017,Genk,Leicester,€8.00m,€17.60m
Wilfred Ndidi,14/15,15/01/2015,Nath Boys,Genk,-,€180k
Sebastian Rode,19/20,27/07/2019,Dortmund,Frankfurt,€3.00m,€4.00m
Sebastian Rode,16/17,01/07/2016,Bayern Munich,Dortmund,€8.00m,€12.00m
Sebastian Rode,10/11,01/07/2010,K. Offenbach,Frankfurt,€300k,€250k
Lucas Vázquez,15/16,02/07/2015,Espanyol,Real Madrid,€5.00m,€1.00m
Lucas Vázquez,15/16,01/07/2015,RM Castilla,Espanyol,€5.00m,€500k
Ömer Toprak,20/21,15/07/2020,Dortmund,Werder Bremen,€3.50m,€4.00m
Ömer Toprak,17/18,01/07/2017,Leverkusen,Dortmund,€16.00m,€12.00m
Ömer Toprak,11/12,01/07/2011,Freiburg,Leverkusen,€4.00m,€3.00m
Juan Cuadrado,17/18,01/07/2017,Chelsea,Juventus,€25.00m,€20.00m
Juan Cuadrado,14/15,02/02/2015,Fiorentina,Chelsea,€32.00m,€31.00m
Juan Cuadrado,13/14,01/07/2013,Udinese,Fiorentina,€15.00m,€20.00m
Nuri Şahin,18/19,31/08/2018,Dortmund,Werder Bremen,€4.50m,€1.00m
Nuri Şahin,14/15,01/07/2014,Real Madrid,Dortmund,€12.00m,€7.00m
Nuri Şahin,11/12,01/07/2011,Dortmund,Real Madrid,€20.00m,€10.00m
Lars Bender,09/10,18/08/2009,1860 Munich,Leverkusen,€1.70m,€2.50m
Laurent Koscielny,19/20,06/08/2019,Arsenal,G. Bordeaux,€8.00m,€5.00m
Laurent Koscielny,10/11,07/07/2010,FC Lorient,Arsenal,€5.00m,€12.50m
Laurent Koscielny,09/10,01/07/2009,Tours FC,FC Lorient,€1.20m,€1.50m
Leon Goretzka,13/14,02/07/2013,VfL Bochum,FC Schalke 04,€4.50m,€3.25m
Andrew Robertson,17/18,21/07/2017,Hull City,Liverpool,€7.00m,€9.00m
Andrew Robertson,14/15,29/07/2014,Dundee United,Hull City,€600k,€3.60m
Cheick Doucouré,22/23,11/07/2022,Lens,Crystal Palace,€15.00m,€22.60m
Joël Veltman,20/21,29/07/2020,Ajax,Brighton,€8.00m,€1.00m
Tiemoué Bakayoko,17/18,15/07/2017,Monaco,Chelsea,€16.00m,€40.00m
Tiemoué Bakayoko,14/15,28/07/2014,Stade Rennais,Monaco,€1.25m,€8.00m
Iker Muniain,N/A,N/A,N/A,N/A,N/A,N/A
Andre-Frank Zambo Anguissa,22/23,01/07/2022,Fulham,Napoli,€30.00m,€16.00m
Andre-Frank Zambo Anguissa,18/19,09/08/2018,Marseille,Fulham,€18.00m,€24.85m
Harry Maguire,19/20,05/08/2019,Leicester,Man Utd,€50.00m,€87.00m
Harry Maguire,17/18,01/07/2017,Hull City,Leicester,€8.00m,€13.70m
Harry Maguire,14/15,29/07/2014,Sheff Utd,Hull City,€750k,€3.15m
Loïc Bade,25/26,21/08/2025,Sevilla FC,Leverkusen,€25.00m,€25.00m
Loïc Bade,23/24,01/07/2023,Stade Rennais,Sevilla FC,€12.00m,€12.00m
Loïc Bade,21/22,05/07/2021,Lens,Stade Rennais,€12.00m,€17.00m
Pablo Hernández,14/15,15/07/2014,Swansea,Al-Arabi SC,€8.00m,€5.00m
Pablo Hernández,12/13,31/08/2012,Valencia,Swansea,€9.00m,€7.00m
Pablo Hernández,08/09,01/07/2008,Getafe,Valencia,€3.20m,€1.00m
Oriol Romeu,23/24,19/07/2023,Girona,Barcelona,€5.00m,€3.40m
Oriol Romeu,22/23,01/09/2022,Southampton,Girona,€5.00m,€5.50m
Oriol Romeu,15/16,12/08/2015,Chelsea,Southampton,€2.50m,€7.00m
Oriol Romeu,11/12,04/08/2011,Barcelona B,Chelsea,€2.50m,€4.60m
Raphaël Guerreiro,16/17,01/07/2016,FC Lorient,Dortmund,€9.00m,€12.00m
Raphaël Guerreiro,13/14,01/07/2013,SM Caen,FC Lorient,€1.50m,€2.50m
Dries Mertens,13/14,01/07/2013,PSV,Napoli,€13.00m,€9.48m
Dries Mertens,11/12,01/07/2011,Utrecht,PSV,€6.00m,€7.00m
Dries Mertens,09/10,01/07/2009,AGOVV,Utrecht,€750k,€600k
Dries Mertens,07/08,01/07/2007,KAA Gent U21,AGOVV,-,€46k
Christoph Kramer,16/17,01/07/2016,Leverkusen,Mönchengladbach,€12.00m,€15.00m
Nacho Monreal,19/20,31/08/2019,Arsenal,Real Sociedad,€8.00m,€250k
Nacho Monreal,12/13,31/01/2013,Málaga CF,Arsenal,€6.00m,€10.00m
Nacho Monreal,11/12,01/07/2011,CA Osasuna,Málaga CF,€7.00m,€6.00m
Arjen Robben,09/10,28/08/2009,Real Madrid,Bayern Munich,€30.00m,€25.00m
Arjen Robben,07/08,23/08/2007,Chelsea,Real Madrid,€22.80m,€35.00m
Arjen Robben,04/05,01/07/2004,PSV,Chelsea,-,€18.00m
Arjen Robben,02/03,01/07/2002,FC Groningen,PSV,-,€4.30m
Cristiano Ronaldo,21/22,31/08/2021,Juventus,Man Utd,€45.00m,€17.00m
Cristiano Ronaldo,18/19,10/07/2018,Real Madrid,Juventus,€100.00m,€117.00m
Cristiano Ronaldo,09/10,06/07/2009,Man Utd,Real Madrid,€60.00m,€94.00m
Cristiano Ronaldo,03/04,12/08/2003,Sporting,Man Utd,-,€19.00m
Cristiano Ronaldo,97/98,01/07/1997,Nacional U15,Sporting Sub-15,-,€2k
Hamari Traoré,25/26,01/09/2025,Real Sociedad,Paris FC,€2.00m,€4.50m
Hamari Traoré,17/18,01/07/2017,Stade Reims,Stade Rennais,€2.00m,€2.40m
Hamari Traoré,15/16,17/07/2015,Lierse SK,Stade Reims,€900k,€900k
Martin Ødegaard,21/22,20/08/2021,Real Madrid,Arsenal,€40.00m,€35.00m
Martin Ødegaard,14/15,22/01/2015,Strømsgodset,RM Castilla,€4.00m,€2.80m
Amadou Diawara,22/23,31/08/2022,Roma,RSC Anderlecht,€6.00m,€1.89m
Amadou Diawara,19/20,01/07/2019,Napoli,Roma,€15.00m,€21.00m
Amadou Diawara,16/17,26/08/2016,Bologna,Napoli,€11.00m,€14.50m
Amadou Diawara,15/16,01/07/2015,San Marino,Bologna,€400k,€600k
Morgan Schneiderlin,20/21,01/07/2020,Everton,Nice,€9.50m,€2.23m
Morgan Schneiderlin,16/17,12/01/2017,Man Utd,Everton,€28.00m,€23.00m
Morgan Schneiderlin,15/16,13/07/2015,Southampton,Man Utd,€28.00m,€35.00m
Morgan Schneiderlin,08/09,01/07/2008,R. Strasbourg,Southampton,€1.20m,€1.50m
Florian Tardieu,N/A,N/A,N/A,N/A,N/A,N/A
Maxence Caqueret,24/25,12/01/2025,Lyon,Como,€15.00m,€15.00m
Diego Demme,19/20,11/01/2020,Leipzig,Napoli,€17.00m,€10.25m
Diego Demme,13/14,08/01/2014,SC Paderborn,Leipzig,€750k,€350k
Diego Demme,11/12,09/01/2012,Arm. Bielefeld,SC Paderborn,€200k,€25k
Niklas Süle,17/18,01/07/2017,Hoffenheim,Bayern Munich,€25.00m,€20.00m
Okay Yokuşlu,24/25,31/07/2024,West Brom,Trabzonspor,€3.00m,€1.65m
Okay Yokuşlu,18/19,01/07/2018,Trabzonspor,Celta de Vigo,€7.50m,€6.00m
Okay Yokuşlu,15/16,08/07/2015,Kayserispor,Trabzonspor,€4.00m,€2.00m
Okay Yokuşlu,11/12,01/07/2011,Altay SK,Kayserispor,€1.30m,€1.00m
Ivan Rakitić,20/21,01/09/2020,Barcelona,Sevilla FC,€20.00m,€3.50m
Ivan Rakitić,14/15,01/07/2014,Sevilla FC,Barcelona,€20.00m,€18.00m
Ivan Rakitić,10/11,28/01/2011,FC Schalke 04,Sevilla FC,€9.00m,€2.50m
Ivan Rakitić,07/08,01/07/2007,Basel,FC Schalke 04,€5.00m,€5.00m
Étienne Capoue,20/21,04/01/2021,Watford,Villarreal,€4.00m,€2.00m
Étienne Capoue,15/16,06/07/2015,Tottenham,Watford,€7.50m,€8.90m
Étienne Capoue,13/14,15/08/2013,Toulouse,Tottenham,€13.00m,€11.00m
Oliver Norwood,18/19,04/01/2019,Brighton,Sheff Utd,€3.00m,€2.20m
Oliver Norwood,14/15,21/08/2014,Huddersfield,Reading,€1.00m,€1.50m
Oliver Norwood,12/13,01/07/2012,Man Utd U21,Huddersfield,-,€505k
Lucas Biglia,17/18,16/07/2017,Lazio,AC Milan,€20.00m,€19.70m
Lucas Biglia,13/14,20/07/2013,RSC Anderlecht,Lazio,€8.00m,€8.40m
Lucas Biglia,06/07,01/07/2006,Independiente,RSC Anderlecht,€4.00m,€3.00m
Stefano Sensi,20/21,01/09/2020,Sassuolo,Inter,€20.00m,€25.00m
Stefano Sensi,15/16,13/01/2016,Cesena,Sassuolo,€3.50m,€5.25m
Kyle Naughton,14/15,22/01/2015,Tottenham,Swansea,€5.00m,€6.60m
Kyle Naughton,09/10,01/07/2009,Sheff Utd,Tottenham,€400k,€5.90m
Geoffrey Kondogbia,23/24,01/07/2023,Atlético,Marseille,€14.00m,€8.00m
Geoffrey Kondogbia,20/21,03/11/2020,Valencia,Atlético,€17.50m,€16.00m
Geoffrey Kondogbia,18/19,01/07/2018,Inter,Valencia,€30.00m,€22.00m
Geoffrey Kondogbia,15/16,01/07/2015,Monaco,Inter,€16.00m,€36.00m
Geoffrey Kondogbia,13/14,30/08/2013,Sevilla FC,Monaco,€15.00m,€20.00m
Geoffrey Kondogbia,12/13,24/07/2012,Lens,Sevilla FC,€3.00m,€4.00m
Alassane Pléa,25/26,17/07/2025,Mönchengladbach,PSV,€5.00m,€4.50m
Alassane Pléa,18/19,13/07/2018,Nice,Mönchengladbach,€18.00m,€23.00m
Alassane Pléa,14/15,28/08/2014,Lyon,Nice,€1.00m,€500k
Davide Calabria,N/A,N/A,N/A,N/A,N/A,N/A
Sven Bender,17/18,13/07/2017,Dortmund,Leverkusen,€7.00m,€12.50m
Sven Bender,09/10,01/07/2009,1860 Munich,Dortmund,€1.20m,€1.50m
John Brooks,22/23,26/01/2023,Benfica,Hoffenheim,€6.00m,€300k
John Brooks,17/18,01/07/2017,Hertha BSC,Wolfsburg,€14.00m,€17.00m
Rafinha,20/21,05/10/2020,Barcelona,PSG,€9.50m,€1.50m
Sergio Escudero,15/16,03/07/2015,Getafe,Sevilla FC,€3.00m,€3.00m
Sergio Escudero,13/14,11/07/2013,FC Schalke 04,Getafe,€1.00m,€1.50m
Sergio Escudero,10/11,02/08/2010,Real Murcia,FC Schalke 04,€1.00m,€2.30m
Jonas Hofmann,23/24,05/07/2023,Mönchengladbach,Leverkusen,€13.00m,€10.00m
Jonas Hofmann,15/16,01/01/2016,Dortmund,Mönchengladbach,€4.00m,€8.00m
Thomas Delaney,21/22,25/08/2021,Dortmund,Sevilla FC,€15.00m,€6.00m
Thomas Delaney,18/19,01/07/2018,Werder Bremen,Dortmund,€12.00m,€20.00m
Thomas Delaney,16/17,01/01/2017,Copenhagen,Werder Bremen,€3.50m,€2.00m
Bernardo Silva,17/18,01/07/2017,Monaco,Man City,€40.00m,€50.00m
Bernardo Silva,14/15,20/01/2015,Benfica,Monaco,€3.50m,€15.75m
Mikel Merino,24/25,27/08/2024,Real Sociedad,Arsenal,€50.00m,€32.00m
Mikel Merino,18/19,12/07/2018,Newcastle,Real Sociedad,€12.00m,€12.00m
Mikel Merino,18/19,01/07/2018,Dortmund,Newcastle,€10.00m,€7.00m
Mikel Merino,16/17,01/07/2016,CA Osasuna,Dortmund,€2.00m,€3.75m
Zlatan Ibrahimović,12/13,18/07/2012,AC Milan,PSG,€37.00m,€21.00m
Zlatan Ibrahimović,11/12,01/07/2011,Barcelona,AC Milan,€35.00m,€24.00m
Zlatan Ibrahimović,09/10,27/07/2009,Inter,Barcelona,€45.00m,€69.50m
Zlatan Ibrahimović,06/07,10/08/2006,Juventus,Inter,€25.00m,€24.80m
Zlatan Ibrahimović,04/05,31/08/2004,Ajax,Juventus,-,€16.00m
Zlatan Ibrahimović,01/02,01/07/2001,Malmö,Ajax,-,€7.80m
Yann M'Vila,12/13,23/01/2013,Stade Rennais,Rubin Kazan,€15.00m,€12.00m
Albin Ekdal,18/19,14/08/2018,Hamburg,Sampdoria,€4.50m,€2.60m
Albin Ekdal,15/16,18/07/2015,Cagliari,Hamburg,€4.50m,€4.50m
Albin Ekdal,11/12,20/08/2011,Juventus,Cagliari,€3.20m,€2.70m
Albin Ekdal,11/12,01/07/2011,Bologna,Juventus,€3.20m,€1.31m
Albin Ekdal,10/11,13/08/2010,Juventus,Bologna,€3.00m,€2.40m
Albin Ekdal,08/09,01/07/2008,Brommapojkarna,Juventus,€1.00m,€600k
Ibrahim Sangaré,23/24,01/09/2023,PSV,Nott'm Forest,€35.00m,€35.00m
Ibrahim Sangaré,20/21,28/09/2020,Toulouse,PSV,€9.50m,€7.00m
Florian Neuhaus,N/A,N/A,N/A,N/A,N/A,N/A
Salif Sané,18/19,01/07/2018,Hannover 96,FC Schalke 04,€18.00m,€7.00m
Salif Sané,13/14,01/07/2013,AS Nancy,Hannover 96,€2.50m,€2.00m
Salif Sané,12/13,01/07/2012,G. Bordeaux,AS Nancy,€2.00m,€1.20m
Joaquín Correa,22/23,01/07/2022,Lazio,Inter,€23.00m,€27.30m
Joaquín Correa,18/19,01/08/2018,Sevilla FC,Lazio,€10.00m,€17.85m
Joaquín Correa,16/17,10/07/2016,Sampdoria,Sevilla FC,€6.50m,€18.20m
Joaquín Correa,14/15,09/01/2015,Estudiantes LP,Sampdoria,€8.00m,€8.40m
Diogo Dalot,18/19,01/07/2018,Porto,Man Utd,€15.00m,€22.00m
Franck Ribéry,07/08,01/07/2007,Marseille,Bayern Munich,€18.00m,€30.00m
Franck Ribéry,04/05,08/02/2005,FC Metz,Galatasaray,€5.25m,€5.00m
Harrison Reed,20/21,30/08/2020,Southampton,Fulham,€2.40m,€6.50m
Danilo,19/20,07/08/2019,Man City,Juventus,€20.00m,€37.00m
Danilo,17/18,23/07/2017,Real Madrid,Man City,€16.00m,€30.00m
Danilo,15/16,01/07/2015,Porto,Real Madrid,€25.00m,€31.50m
Danilo,11/12,01/07/2011,Santos,Porto,€5.00m,€13.00m
Danilo,10/11,01/07/2010,América-MG,Santos,€600k,€900k
Marco Asensio,25/26,01/09/2025,PSG,Fenerbahçe,€20.00m,€7.50m
Marco Asensio,15/16,01/07/2015,RCD Mallorca,Real Madrid,€3.50m,€3.90m
Nikola Milenković,24/25,18/07/2024,Fiorentina,Nott'm Forest,€15.00m,€12.30m
Nikola Milenković,17/18,01/07/2017,Partizan,Fiorentina,€5.00m,€5.50m
Ryan Fraser,12/13,18/01/2013,Aberdeen FC,Bournemouth,€50k,€480k
Nabil Fekir,24/25,30/08/2024,Real Betis,Al-Jazira,€10.00m,€5.00m
Nabil Fekir,19/20,23/07/2019,Lyon,Real Betis,€60.00m,€19.75m
Dominik Szoboszlai,23/24,02/07/2023,Leipzig,Liverpool,€50.00m,€70.00m
Dominik Szoboszlai,20/21,01/01/2021,Salzburg,Leipzig,€25.00m,€36.00m
Dominik Szoboszlai,16/17,29/03/2017,Főnix U19,AKA Salzb. U18,-,€500k
Fabien Lemoine,17/18,18/07/2017,Saint-Étienne,FC Lorient,€2.00m,€1.00m
Fabien Lemoine,11/12,10/08/2011,Stade Rennais,Saint-Étienne,€4.00m,€1.50m
Lovro Majer,23/24,16/08/2023,Stade Rennais,Wolfsburg,€20.00m,€25.00m
Lovro Majer,21/22,26/08/2021,Dinamo Zagreb,Stade Rennais,€13.00m,€12.00m
Lovro Majer,18/19,01/07/2018,NK Lokomotiva,Dinamo Zagreb,€2.50m,€2.50m
Yves Bissouma,22/23,01/07/2022,Brighton,Tottenham,€35.00m,€29.20m
Yves Bissouma,18/19,17/07/2018,Lille,Brighton,€8.00m,€16.80m
Kevin Kampl,17/18,31/08/2017,Leverkusen,Leipzig,€15.00m,€20.00m
Kevin Kampl,15/16,28/08/2015,Dortmund,Leverkusen,€9.00m,€11.00m
Kevin Kampl,14/15,01/01/2015,Salzburg,Dortmund,€9.00m,€12.00m
Kevin Kampl,12/13,31/08/2012,VfR Aalen,Salzburg,€350k,€3.00m
Kevin Kampl,12/13,01/07/2012,VfL Osnabrück,VfR Aalen,€350k,€250k
Dayot Upamecano,21/22,05/07/2021,Leipzig,Bayern Munich,€60.00m,€42.50m
Dayot Upamecano,16/17,13/01/2017,Salzburg,Leipzig,€5.00m,€18.50m
Dayot Upamecano,15/16,11/07/2015,VAFC U19,Salzburg,-,€2.20m
Youri Tielemans,19/20,08/07/2019,Monaco,Leicester,€38.00m,€45.00m
Youri Tielemans,17/18,01/07/2017,RSC Anderlecht,Monaco,€22.00m,€25.00m
Max Kruse,21/22,30/01/2022,Union Berlin,Wolfsburg,€3.50m,€5.00m
Max Kruse,16/17,02/08/2016,Wolfsburg,Werder Bremen,€8.00m,€7.50m
Max Kruse,15/16,01/07/2015,Mönchengladbach,Wolfsburg,€12.00m,€12.00m
Max Kruse,13/14,01/07/2013,Freiburg,Mönchengladbach,€5.00m,€2.50m
Max Kruse,12/13,01/07/2012,St. Pauli,Freiburg,€2.50m,€500k
Vincenzo Grifo,19/20,02/09/2019,Hoffenheim,Freiburg,€9.00m,€7.00m
Vincenzo Grifo,18/19,01/07/2018,Mönchengladbach,Hoffenheim,€7.50m,€5.50m
Vincenzo Grifo,17/18,01/07/2017,Freiburg,Mönchengladbach,€10.00m,€6.00m
Vincenzo Grifo,15/16,01/07/2015,Hoffenheim,Freiburg,€1.00m,€1.00m
Ernest Seka,N/A,N/A,N/A,N/A,N/A,N/A
Harry Winks,23/24,01/07/2023,Tottenham,Leicester,€10.00m,€11.60m
Johan Gastien,N/A,N/A,N/A,N/A,N/A,N/A
Gary Medel,19/20,29/08/2019,Besiktas,Bologna,€3.75m,€1.50m
Gary Medel,17/18,12/08/2017,Inter,Besiktas,€12.00m,€2.50m
Gary Medel,14/15,13/08/2014,Cardiff,Inter,€11.00m,€8.00m
Gary Medel,13/14,11/08/2013,Sevilla FC,Cardiff,€10.00m,€13.00m
Gary Medel,10/11,31/01/2011,U. Católica,Sevilla FC,€5.00m,€3.30m
Nico Schlotterbeck,22/23,01/07/2022,Freiburg,Dortmund,€33.00m,€20.00m
Nico Schlotterbeck,17/18,01/07/2017,Karlsruhe U19,SC Freiburg U19,-,€90k
Thiago Mendes,23/24,07/07/2023,Lyon,Al-Rayyan,€5.00m,€4.21m
Thiago Mendes,19/20,03/07/2019,Lille,Lyon,€25.00m,€22.00m
Thiago Mendes,17/18,01/07/2017,São Paulo,Lille,€4.00m,€9.00m
Thiago Mendes,14/15,01/01/2015,Goiás,São Paulo,€900k,€1.80m
Ishak Belfodil,21/22,23/08/2021,Hoffenheim,Hertha BSC,€2.80m,€500k
Ishak Belfodil,18/19,01/07/2018,Standard Liège,Hoffenheim,€5.50m,€5.50m
Ishak Belfodil,14/15,01/07/2014,Inter,Parma,€7.00m,€5.75m
Ishak Belfodil,13/14,05/07/2013,Parma,Inter,€10.00m,€5.75m
Ishak Belfodil,12/13,01/07/2012,Lyon,Parma,€2.50m,€3.50m
Luiz Gustavo,19/20,02/09/2019,Marseille,Fenerbahçe,€10.00m,€6.00m
Luiz Gustavo,17/18,04/07/2017,Wolfsburg,Marseille,€12.00m,€10.00m
Luiz Gustavo,13/14,16/08/2013,Bayern Munich,Wolfsburg,€18.00m,€16.00m
Luiz Gustavo,10/11,01/01/2011,Hoffenheim,Bayern Munich,€6.50m,€17.00m
Luiz Gustavo,08/09,01/07/2008,Corinthians-AL,Hoffenheim,€1.00m,€1.00m
Reece James,N/A,N/A,N/A,N/A,N/A,N/A
Marcel Halstenberg,23/24,19/07/2023,Leipzig,Hannover 96,€3.50m,€700k
Marcel Halstenberg,15/16,31/08/2015,St. Pauli,Leipzig,€800k,€3.50m
Alexander Djiku,25/26,09/09/2025,Fenerbahçe,Spartak Moscow,€6.50m,€2.50m
Alexander Djiku,19/20,05/07/2019,SM Caen,R. Strasbourg,€8.00m,€4.50m
Alexander Djiku,17/18,11/07/2017,SC Bastia,SM Caen,€1.25m,€2.00m
Tanguy Ndombele,19/20,02/07/2019,Lyon,Tottenham,€65.00m,€62.00m
Tanguy Ndombele,18/19,01/07/2018,Amiens SC,Lyon,€25.00m,€8.00m
Jonathan Hogg,N/A,N/A,N/A,N/A,N/A,N/A
Ethan Ampadu,23/24,19/07/2023,Chelsea,Leeds,€9.00m,€8.10m
Ethan Ampadu,17/18,01/07/2017,Exeter City,Chelsea,-,€2.80m
Ciro Immobile,24/25,12/07/2024,Lazio,Besiktas,€4.00m,€2.00m
Ciro Immobile,16/17,27/07/2016,Sevilla FC,Lazio,€10.00m,€9.45m
Ciro Immobile,15/16,13/01/2016,Dortmund,Sevilla FC,€10.00m,€11.00m
Ciro Immobile,14/15,02/07/2014,Torino,Dortmund,€18.00m,€18.50m
Ciro Immobile,14/15,01/07/2014,Juventus,Torino,€18.00m,€8.00m
Ciro Immobile,13/14,11/07/2013,Genoa,Juventus,€7.00m,€2.75m
Ciro Immobile,12/13,01/07/2012,Juventus,Genoa,€6.50m,€4.00m
Ciro Immobile,07/08,01/08/2007,Sorrento Youth,Juventus Youth,-,€80k
Sergio Ramos,05/06,31/08/2005,Sevilla FC,Real Madrid,€27.00m,€27.00m
Benjamin André,19/20,17/07/2019,Stade Rennais,Lille,€10.00m,€7.00m
Konrad Laimer,17/18,01/07/2017,Salzburg,Leipzig,€8.00m,€7.00m
Hiroki Ito,24/25,01/07/2024,Stuttgart,Bayern Munich,€30.00m,€23.50m
Hiroki Ito,22/23,01/07/2022,Júbilo Iwata,Stuttgart,€4.50m,€400k
Maximilian Mittelstädt,23/24,01/07/2023,Hertha BSC,Stuttgart,€2.00m,€500k
Danilo Soares,N/A,N/A,N/A,N/A,N/A,N/A
Ousmane Dembélé,23/24,12/08/2023,Barcelona,PSG,€60.00m,€50.00m
Ousmane Dembélé,17/18,25/08/2017,Dortmund,Barcelona,€33.00m,€148.00m
Ousmane Dembélé,16/17,01/07/2016,Stade Rennais,Dortmund,€12.00m,€35.00m
Filippo Falco,20/21,29/01/2021,Lecce,Red Star,€5.00m,€1.20m
Filippo Falco,18/19,04/07/2018,Bologna,Lecce,€1.50m,€300k
Filippo Falco,15/16,31/01/2016,Lecce,Bologna,€800k,€1.20m
Stefano Sabelli,18/19,01/07/2018,Bari,Brescia,€1.00m,€500k
Stefano Sabelli,13/14,01/07/2013,Roma,Bari,€450k,€900k
Dani Olmo,24/25,09/08/2024,Leipzig,Barcelona,€60.00m,€61.00m
Dani Olmo,19/20,25/01/2020,Dinamo Zagreb,Leipzig,€35.00m,€34.20m
Nicolò Barella,20/21,01/09/2020,Cagliari,Inter,€50.00m,€32.50m
Moreto Cassamã,22/23,23/08/2022,Stade Reims,Omonia Nicosia,€3.00m,€1.50m
Kingsley Coman,25/26,15/08/2025,Bayern Munich,Al-Nassr,€30.00m,€25.00m
Kingsley Coman,17/18,01/07/2017,Juventus,Bayern Munich,€20.00m,€21.00m
Martin Hinteregger,19/20,01/08/2019,Augsburg,Frankfurt,€16.00m,€9.00m
Martin Hinteregger,16/17,31/08/2016,Salzburg,Augsburg,€6.00m,€10.50m
Reinildo Mandava,21/22,31/01/2022,Lille,Atlético,€10.00m,€3.00m
Reinildo Mandava,19/20,01/07/2019,B SAD,Lille,€600k,€3.00m
Aaron Wan-Bissaka,24/25,13/08/2024,Man Utd,West Ham,€20.00m,€17.60m
Aaron Wan-Bissaka,19/20,01/07/2019,Crystal Palace,Man Utd,€35.00m,€55.00m
Alessandro Florenzi,22/23,01/07/2022,Roma,AC Milan,€5.50m,€3.15m
Alessandro Florenzi,12/13,02/07/2012,Crotone,Roma,€1.50m,€1.25m
Alessandro Florenzi,12/13,01/07/2012,Roma U19,Crotone,€1.50m,€250k
Tyler Adams,23/24,20/08/2023,Leeds,Bournemouth,€18.00m,€26.90m
Tyler Adams,22/23,06/07/2022,Leipzig,Leeds,€17.00m,€17.00m
Tyler Adams,18/19,01/01/2019,New York,Leipzig,€4.50m,€2.63m
Medhi Benatia,18/19,28/01/2019,Juventus,Al-Duhail SC,€15.00m,€8.00m
Medhi Benatia,17/18,01/07/2017,Bayern Munich,Juventus,€15.00m,€16.70m
Medhi Benatia,14/15,27/08/2014,Roma,Bayern Munich,€28.00m,€28.00m
Medhi Benatia,13/14,13/07/2013,Udinese,Roma,€13.00m,€13.50m
Gabriel Jesus,22/23,04/07/2022,Man City,Arsenal,€50.00m,€52.20m
Gabriel Jesus,16/17,01/01/2017,Palmeiras,Man City,€16.00m,€32.00m
Gareth Bale,13/14,01/09/2013,Tottenham,Real Madrid,€65.00m,€101.00m
Gareth Bale,07/08,01/07/2007,Southampton,Tottenham,€7.50m,€14.70m
Iago Aspas,15/16,07/07/2015,Sevilla FC,Celta de Vigo,€4.00m,€5.30m
Iago Aspas,15/16,01/07/2015,Liverpool,Sevilla FC,€4.00m,€6.00m
Iago Aspas,13/14,01/07/2013,Celta de Vigo,Liverpool,€9.00m,€10.80m
Dan-Axel Zagadou,N/A,N/A,N/A,N/A,N/A,N/A
Francesco Magnanelli,05/06,01/07/2005,Sangiovannese,Sassuolo,€600k,€120k
Francesco Magnanelli,02/03,01/07/2002,AS Gubbio,Chievo Verona,-,€50k
Jean Seri,N/A,N/A,N/A,N/A,N/A,N/A
Marco Höger,16/17,01/07/2016,FC Schalke 04,1.FC Köln,€4.00m,€1.30m
Marco Höger,11/12,01/07/2011,Alem. Aachen,FC Schalke 04,€2.00m,€1.50m
Gianluca Caprari,23/24,01/07/2023,Hellas Verona,Monza,€8.00m,€8.00m
Gianluca Caprari,22/23,01/07/2022,Sampdoria,Hellas Verona,€10.00m,€5.00m
Gianluca Caprari,17/18,01/07/2017,Inter,Sampdoria,€6.00m,€15.00m
Gianluca Caprari,16/17,08/07/2016,Pescara,Inter,€3.50m,€8.25m
Gianluca Caprari,13/14,24/01/2014,Roma,Pescara,€1.80m,€1.75m
Gianluca Caprari,13/14,01/07/2013,Pescara,Roma,€1.70m,€2.00m
Gianluca Caprari,12/13,01/07/2012,Roma,Pescara,€1.80m,€1.20m
Nico Elvedi,15/16,01/07/2015,FC Zürich,Mönchengladbach,€4.00m,€4.00m
Thiago Silva,12/13,14/07/2012,AC Milan,PSG,€38.00m,€42.00m
Thiago Silva,08/09,01/01/2009,Fluminense,AC Milan,€7.50m,€10.00m
Thiago Silva,06/07,01/01/2007,Dinamo Moscow,Fluminense,€3.50m,€2.00m
Thiago Silva,04/05,01/01/2005,Porto,Dinamo Moscow,-,€3.50m
Thiago Silva,04/05,13/09/2004,Juventude,Porto,-,€2.50m
James Ward-Prowse,23/24,14/08/2023,Southampton,West Ham,€38.00m,€34.80m
Adam Masina,24/25,01/07/2024,Udinese,Torino,€1.50m,€1.00m
Adam Masina,22/23,18/07/2022,Watford,Udinese,€3.00m,€5.00m
Adam Masina,18/19,02/07/2018,Bologna,Watford,€7.00m,€5.00m
Robin Gosens,25/26,01/07/2025,Union Berlin,Fiorentina,€8.00m,€7.00m
Robin Gosens,23/24,15/08/2023,Inter,Union Berlin,€15.00m,€13.00m
Robin Gosens,22/23,01/07/2022,Atalanta,Inter,€28.00m,€27.40m
Robin Gosens,17/18,01/07/2017,Heracles Almelo,Atalanta,€1.00m,€1.17m
Robin Gosens,15/16,01/07/2015,Vitesse U21,Heracles Almelo,€450k,€200k
Jonny Evans,18/19,01/07/2018,West Brom,Leicester,€15.00m,€4.00m
Jonny Evans,15/16,29/08/2015,Man Utd,West Brom,€6.00m,€8.30m
Panagiotis Tachtsidis,19/20,01/07/2019,Nott'm Forest,Lecce,€1.20m,€500k
Panagiotis Tachtsidis,17/18,01/07/2017,Torino,Olympiacos,€2.00m,€700k
Panagiotis Tachtsidis,16/17,05/08/2016,Genoa,Torino,€2.20m,€1.30m
Panagiotis Tachtsidis,13/14,01/07/2013,Roma,Genoa,€3.30m,€3.00m
Panagiotis Tachtsidis,12/13,19/07/2012,Genoa,Roma,€2.00m,€2.50m
Panagiotis Tachtsidis,10/11,01/07/2010,AEK Athens,Genoa,€1.00m,€200k
Jérôme Boateng,11/12,14/07/2011,Man City,Bayern Munich,€15.00m,€13.50m
Jérôme Boateng,10/11,01/07/2010,Hamburg,Man City,€15.00m,€12.50m
Jérôme Boateng,07/08,21/08/2007,Hertha BSC,Hamburg,€750k,€1.10m
Anthony Caci,N/A,N/A,N/A,N/A,N/A,N/A
Mario Gaspar,N/A,N/A,N/A,N/A,N/A,N/A
Alex Sandro,15/16,20/08/2015,Porto,Juventus,€20.00m,€28.00m
Alex Sandro,11/12,01/07/2011,CD Maldonado,Porto,€1.80m,€9.60m
Alex Sandro,09/10,01/02/2010,Atlético-PR,CD Maldonado,€500k,€2.20m
Matteo Ricci,23/24,10/07/2023,Frosinone,Sampdoria,€2.20m,€1.25m
Matteo Ricci,18/19,31/07/2018,Roma,Spezia Calcio,€700k,€1k
Guido Pizarro,18/19,01/07/2018,Sevilla FC,Tigres UANL,€7.50m,€8.70m
Guido Pizarro,17/18,08/07/2017,Tigres UANL,Sevilla FC,€5.00m,€8.70m
Guido Pizarro,13/14,09/07/2013,Lanús,Tigres UANL,€3.00m,€3.00m
William,19/20,25/07/2019,Saint-Étienne,Arsenal,€12.00m,€30.00m
Jamal Musiala,19/20,04/07/2019,Chelsea Youth,FC Bayern U17,-,€200k
Mario Pašalić,20/21,01/09/2020,Chelsea,Atalanta,€25.00m,€14.50m
Mario Pašalić,14/15,09/07/2014,Hajduk Split,Chelsea,€3.00m,€2.50m
Axel Witsel,18/19,06/08/2018,TJ Tianhai,Dortmund,€20.00m,€20.00m
Axel Witsel,16/17,03/01/2017,Zenit S-Pb,TJ Quanjian,€20.00m,€20.00m
Axel Witsel,12/13,03/09/2012,Benfica,Zenit S-Pb,€20.00m,€40.00m
Axel Witsel,11/12,13/07/2011,Standard Liège,Benfica,€10.00m,€9.00m
Marc Bartra,22/23,15/08/2022,Real Betis,Trabzonspor,€6.00m,€1.25m
Marc Bartra,17/18,30/01/2018,Dortmund,Real Betis,€15.00m,€10.50m
Marc Bartra,16/17,01/07/2016,Barcelona,Dortmund,€8.00m,€8.00m
Josip Brekalo,22/23,28/01/2023,Wolfsburg,Fiorentina,€7.50m,€1.70m
Josip Brekalo,16/17,01/07/2016,Dinamo Zagreb,Wolfsburg,€1.00m,€10.00m
Mario Lemina,24/25,05/02/2025,Wolves,Galatasaray,€9.00m,€2.50m
Mario Lemina,22/23,13/01/2023,Nice,Wolves,€7.00m,€11.00m
Mario Lemina,21/22,24/07/2021,Southampton,Nice,€10.00m,€5.50m
Mario Lemina,17/18,08/08/2017,Juventus,Southampton,€7.50m,€17.25m
Mario Lemina,16/17,01/07/2016,Marseille,Juventus,€4.00m,€9.80m
Mario Lemina,13/14,02/09/2013,FC Lorient,Marseille,€1.00m,€4.00m
Wissam Ben Yedder,19/20,14/08/2019,Sevilla FC,Monaco,€40.00m,€40.00m
Wissam Ben Yedder,16/17,30/07/2016,Toulouse,Sevilla FC,€9.00m,€9.50m
Çağlar Söyüncü,24/25,01/07/2024,Atlético,Fenerbahçe,€10.00m,€8.50m
Çağlar Söyüncü,18/19,09/08/2018,Freiburg,Leicester,€18.00m,€21.10m
Çağlar Söyüncü,16/17,01/07/2016,Altinordu,Freiburg,€1.00m,€7.93m
Liam Cooper,N/A,N/A,N/A,N/A,N/A,N/A
Erick Pulgar,22/23,29/07/2022,Fiorentina,Flamengo,€6.50m,€2.80m
Erick Pulgar,19/20,09/08/2019,Bologna,Fiorentina,€10.00m,€12.30m
Erick Pulgar,15/16,07/08/2015,U. Católica,Bologna,€2.00m,€2.28m
Erick Pulgar,14/15,04/07/2014,Antofagasta,U. Católica,-,€295k
Kalvin Phillips,22/23,04/07/2022,Leeds,Man City,€50.00m,€49.00m
Luke Shaw,14/15,01/07/2014,Southampton,Man Utd,€13.00m,€37.50m
Hugo Mallo,N/A,N/A,N/A,N/A,N/A,N/A
Douglas Santos,19/20,04/07/2019,Hamburg,Zenit S-Pb,€10.00m,€14.00m
Douglas Santos,16/17,31/08/2016,Atlético-MG,Hamburg,€6.00m,€6.50m
Douglas Santos,15/16,21/07/2015,Udinese,Atlético-MG,€3.25m,€3.00m
Douglas Santos,13/14,30/01/2014,Granada CF,Udinese,€2.50m,€2.30m
Douglas Santos,13/14,08/07/2013,Náutico,Granada CF,€1.50m,€2.30m
Jordan Ferri,19/20,01/07/2019,Lyon,Montpellier,€4.00m,€2.00m
Luka Jović,23/24,01/09/2023,Fiorentina,AC Milan,€8.00m,€500k
Luka Jović,19/20,02/07/2019,Frankfurt,Real Madrid,€60.00m,€63.00m
Luka Jović,19/20,01/07/2019,Benfica,Frankfurt,€60.00m,€22.34m
Luka Jović,15/16,31/01/2016,Apol. Limassol,Benfica,€1.75m,€6.60m
Luka Jović,15/16,25/01/2016,Red Star,Apol. Limassol,€1.75m,€2.00m
Moussa Diaby,24/25,24/07/2024,Aston Villa,Al-Ittihad,€55.00m,€60.00m
Moussa Diaby,23/24,22/07/2023,Leverkusen,Aston Villa,€50.00m,€55.00m
Moussa Diaby,19/20,01/07/2019,PSG,Leverkusen,€12.00m,€15.00m
Ellyes Skhiri,19/20,29/07/2019,Montpellier,1.FC Köln,€12.00m,€6.00m
Achraf Hakimi,21/22,06/07/2021,Inter,PSG,€60.00m,€68.00m
Achraf Hakimi,20/21,01/09/2020,Real Madrid,Inter,€54.00m,€43.00m
Joaquín,20/21,21/07/2020,AC Milan,Sevilla FC,€17.50m,€21.70m
Joaquín,14/15,17/01/2015,Liverpool,AC Milan,€6.00m,€1.30m
Joaquín,10/11,01/07/2010,Cádiz U19,Liverpool Res.,-,€60k
Son Heung-min,N/A,N/A,N/A,N/A,N/A,N/A
Sergej Milinković-Savić,23/24,12/07/2023,Lazio,Al-Hilal,€50.00m,€40.00m
Sergej Milinković-Savić,15/16,06/08/2015,Genk,Lazio,€4.00m,€12.00m
Sergej Milinković-Savić,14/15,01/07/2014,Vojvodina,Genk,€400k,€1.00m
Federico Dimarco,18/19,05/07/2018,FC Sion,Inter,€2.00m,€5.00m
Federico Dimarco,17/18,01/07/2017,Inter,FC Sion,€2.00m,€3.91m
Federico Fazio,N/A,N/A,N/A,N/A,N/A,N/A
Adnan Januzaj,17/18,12/07/2017,Man Utd,Real Sociedad,€7.00m,€8.50m
Adnan Januzaj,10/11,01/03/2011,Anderlecht Yth.,Man Utd U18,-,€375k
Thorgan Hazard,23/24,06/09/2023,Dortmund,RSC Anderlecht,€7.00m,€4.00m
Thorgan Hazard,19/20,01/07/2019,Mönchengladbach,Dortmund,€38.00m,€25.50m
Thorgan Hazard,15/16,01/07/2015,Chelsea,Mönchengladbach,€10.00m,€8.00m
Thorgan Hazard,12/13,24/07/2012,Lens,Chelsea,€500k,€500k
André Silva,25/26,18/08/2025,Leipzig,Elche CF,€4.00m,€1.00m
André Silva,21/22,02/07/2021,Frankfurt,Leipzig,€45.00m,€23.00m
André Silva,20/21,10/09/2020,AC Milan,Frankfurt,€24.00m,€3.00m
André Silva,17/18,01/07/2017,Porto,AC Milan,€22.00m,€38.00m
David Alaba,08/09,31/07/2008,A. Vienna Res.,FC Bayern U19,€200k,€150k
Benoît Badiashile,22/23,05/01/2023,Monaco,Chelsea,€40.00m,€38.00m
Wataru Endo,23/24,18/08/2023,Stuttgart,Liverpool,€6.50m,€20.00m
Wataru Endo,20/21,01/07/2020,Sint-Truiden,Stuttgart,€1.60m,€1.70m
Farid Boulaya,18/19,01/07/2018,Girona,FC Metz,€400k,€800k
Farid Boulaya,16/17,31/08/2016,Clermont Foot,SC Bastia,€1.00m,€250k
Wesley Fofana,22/23,31/08/2022,Leicester,Chelsea,€40.00m,€80.40m
Wesley Fofana,20/21,02/10/2020,Saint-Étienne,Leicester,€10.00m,€35.00m
Filip Kostić,22/23,12/08/2022,Frankfurt,Juventus,€24.00m,€14.70m
Filip Kostić,19/20,01/07/2019,Hamburg,Frankfurt,€22.00m,€6.30m
Filip Kostić,16/17,25/07/2016,Stuttgart,Hamburg,€10.00m,€14.00m
Filip Kostić,14/15,09/08/2014,FC Groningen,Stuttgart,€2.50m,€6.00m
Filip Kostić,12/13,01/07/2012,Radnicki 1923,FC Groningen,€1.25m,€1.25m
Mário Rui,17/18,03/01/2018,Roma,Napoli,€8.00m,€5.75m
Mário Rui,17/18,01/07/2017,FC Empoli,Roma,€7.00m,€6.00m
Mário Rui,14/15,01/07/2014,Parma,FC Empoli,€900k,€550k
Didier Ibrahim Ndong,16/17,31/08/2016,FC Lorient,Sunderland,€5.00m,€20.00m
Didier Ibrahim Ndong,14/15,03/01/2015,CS Sfaxien,FC Lorient,€500k,€950k
Didier Ibrahim Ndong,12/13,04/07/2012,Centre Mbérie,CS Sfaxien,-,€35k
Benjamin Pavard,23/24,30/08/2023,Bayern Munich,Inter,€40.00m,€32.40m
Benjamin Pavard,19/20,01/07/2019,Stuttgart,Bayern Munich,€30.00m,€35.00m
Benjamin Pavard,16/17,30/08/2016,Lille,Stuttgart,€800k,€5.00m
Fran Beltrán,25/26,20/01/2026,Celta de Vigo,Girona,€5.00m,€150k
Fran Beltrán,18/19,01/08/2018,Rayo Vallecano,Celta de Vigo,€2.00m,€8.00m
Iago Falque,16/17,04/01/2017,Roma,Torino,€8.50m,€6.00m
Iago Falque,15/16,04/01/2016,Genoa,Roma,€8.00m,€7.00m
Iago Falque,14/15,01/08/2014,Tottenham,Genoa,€1.80m,€2.00m
Iago Falque,11/12,16/01/2012,Juventus U19,Tottenham,€2.00m,€1.00m
Iago Falque,08/09,30/08/2008,Barça Atlètic,Juventus U19,-,€250k
David Raum,22/23,31/07/2022,Hoffenheim,Leipzig,€20.00m,€26.00m
Muzinga Ngonda,N/A,N/A,N/A,N/A,N/A,N/A
Saúl Ñíguez,N/A,N/A,N/A,N/A,N/A,N/A
Antoine Griezmann,23/24,01/07/2023,Barcelona,Atlético,€25.00m,€22.00m
Antoine Griezmann,19/20,14/07/2019,Atlético,Barcelona,€130.00m,€120.00m
Antoine Griezmann,14/15,28/07/2014,Real Sociedad,Atlético,€30.00m,€54.00m
Thomas Mangani,N/A,N/A,N/A,N/A,N/A,N/A
Nicola Murru,17/18,01/07/2017,Cagliari,Sampdoria,€2.50m,€9.00m
Adrien Tameze,23/24,23/07/2023,Hellas Verona,Torino,€6.00m,€2.80m
Adrien Tameze,20/21,03/09/2020,Nice,Hellas Verona,€4.50m,€3.90m
Adrien Tameze,17/18,01/07/2017,Valenciennes FC,Nice,€800k,€800k
Gastón Brugman,22/23,07/07/2022,Parma,LA Galaxy,€2.00m,€2.20m
Gastón Brugman,19/20,23/01/2020,Pescara,Parma,€2.50m,€2.55m
Pablo Rosario,25/26,28/08/2025,Nice,Porto,€8.00m,€3.75m
Pablo Rosario,21/22,27/07/2021,PSV,Nice,€6.00m,€6.00m
Pablo Rosario,16/17,25/07/2016,Almere City,PSV U21,€200k,€165k
Emil Forsberg,23/24,31/01/2024,Leipzig,New York,€6.00m,€3.00m
Emil Forsberg,14/15,07/01/2015,Malmö,Leipzig,€700k,€3.70m
Emil Forsberg,12/13,01/01/2013,GIF Sundsvall,Malmö,€175k,€300k
Gerard Moreno,18/19,01/07/2018,Espanyol,Villarreal,€20.00m,€20.00m
Gerard Moreno,15/16,13/08/2015,Villarreal,Espanyol,€4.00m,€1.50m
Jonas Hector,N/A,N/A,N/A,N/A,N/A,N/A
Nicolás Otamendi,20/21,29/09/2020,Man City,Benfica,€14.50m,€15.00m
Nicolás Otamendi,15/16,20/08/2015,Valencia,Man City,€25.00m,€44.50m
Nicolás Otamendi,14/15,01/07/2014,Porto,Valencia,€12.00m,€12.00m
Nicolás Otamendi,10/11,31/08/2010,Vélez Sarsfield,Porto,€5.00m,€4.00m
Djibril Sow,23/24,04/08/2023,Frankfurt,Sevilla FC,€22.00m,€10.00m
Djibril Sow,19/20,01/07/2019,Young Boys,Frankfurt,€9.00m,€14.00m
Djibril Sow,17/18,01/07/2017,Mönchengladbach,Young Boys,€1.00m,€2.00m
Djibril Sow,15/16,01/07/2015,FC Zürich U21,M'gladbach II,€1.25m,€1.50m
Diego Rico,24/25,16/07/2024,Real Sociedad,Getafe,€1.50m,€1.50m
Diego Rico,21/22,26/07/2021,Bournemouth,Real Sociedad,€4.50m,€500k
Diego Rico,18/19,24/07/2018,CD Leganés,Bournemouth,€2.50m,€15.00m
Diego Rico,16/17,17/08/2016,Real Zaragoza,CD Leganés,€800k,€1.00m
Giovanni Di Lorenzo,19/20,01/07/2019,FC Empoli,Napoli,€9.00m,€9.80m
Giovanni Di Lorenzo,17/18,30/08/2017,Matera,FC Empoli,€350k,€600k
Giovanni Di Lorenzo,09/10,01/07/2009,Lucchese Gio.,Reggina U17,-,€60k
Giorgio Chiellini,05/06,01/07/2005,Fiorentina,Juventus,€9.00m,€7.70m
Giorgio Chiellini,04/05,01/07/2004,AS Livorno,Fiorentina,-,€6.50m
Sebastian Schonlau,25/26,21/08/2025,Hamburg,Vancouver,€800k,€150k
Rémy Cabella,19/20,26/07/2019,Saint-Étienne,Krasnodar,€14.00m,€12.00m
Rémy Cabella,18/19,16/08/2018,Marseille,Saint-Étienne,€9.00m,€6.00m
Rémy Cabella,16/17,05/07/2016,Newcastle,Marseille,€8.00m,€8.00m
Rémy Cabella,14/15,13/07/2014,Montpellier,Newcastle,€10.00m,€10.00m
Naby Keïta,18/19,01/07/2018,Leipzig,Liverpool,€65.00m,€60.00m
Naby Keïta,16/17,01/07/2016,Salzburg,Leipzig,€11.00m,€29.75m
Naby Keïta,14/15,01/07/2014,FC Istres,Salzburg,-,€1.50m
Antonio Rüdiger,17/18,09/07/2017,Roma,Chelsea,€25.00m,€35.00m
Antonio Rüdiger,16/17,01/07/2016,Stuttgart,Roma,€12.00m,€9.00m
Antonio Rüdiger,10/11,01/02/2011,B. Dortmund U19,Stuttgart U19,-,€38k
Davy Pröpper,17/18,07/08/2017,PSV,Brighton,€10.00m,€13.00m
Davy Pröpper,15/16,13/07/2015,Vitesse,PSV,€5.00m,€4.50m
Dani Carvajal,N/A,N/A,N/A,N/A,N/A,N/A
Sanjin Prcić,19/20,02/09/2019,Levante,R. Strasbourg,€4.00m,€1.00m
Sanjin Prcić,14/15,30/07/2014,FC Sochaux,Stade Rennais,€1.00m,€1.00m
Andrea Masiello,19/20,29/01/2020,Atalanta,Genoa,€1.00m,€100
Andrea Masiello,11/12,01/07/2011,Bari,Atalanta,€3.00m,€7.00m
Andrea Masiello,07/08,01/01/2008,Genoa,Bari,€50k,€2.30m
Andrea Masiello,06/07,01/01/2007,AC Siena,Genoa,€50k,€1.08m
Andrea Masiello,06/07,01/08/2006,Juventus,AC Siena,€50k,€350k
Andrea Masiello,03/04,01/07/2003,Lucchese,Juventus U19,-,€300k
Kai Havertz,23/24,01/07/2023,Chelsea,Arsenal,€55.00m,€75.00m
Kai Havertz,20/21,04/09/2020,Leverkusen,Chelsea,€81.00m,€100.00m
Vincent Kompany,08/09,22/08/2008,Hamburg,Man City,€8.00m,€8.50m
Vincent Kompany,06/07,01/07/2006,RSC Anderlecht,Hamburg,€13.50m,€10.50m
Omar Mascarell,23/24,01/07/2023,Elche CF,RCD Mallorca,€3.00m,€600k
Omar Mascarell,18/19,02/07/2018,Real Madrid,FC Schalke 04,€8.00m,€10.00m
Omar Mascarell,18/19,01/07/2018,Frankfurt,Real Madrid,€8.00m,€4.00m
Omar Mascarell,16/17,06/07/2016,Real Madrid,Frankfurt,€1.50m,€1.00m
Mitchell Weiser,18/19,01/07/2018,Hertha BSC,Leverkusen,€12.00m,€12.00m
Mitchell Weiser,12/13,01/07/2012,1.FC Köln U19,Bayern Munich,€1.00m,€800k
Nicolas Pépé,19/20,01/08/2019,Lille,Arsenal,€65.00m,€80.00m
Nicolas Pépé,17/18,01/07/2017,Angers SCO,Lille,€3.00m,€18.00m
Jesús Navas,13/14,01/07/2013,Sevilla FC,Man City,€20.00m,€20.00m
Dejan Lovren,22/23,02/01/2023,Zenit S-Pb,Lyon,€3.50m,€2.00m
Dejan Lovren,20/21,01/08/2020,Liverpool,Zenit S-Pb,€12.00m,€12.00m
Dejan Lovren,14/15,27/07/2014,Southampton,Liverpool,€12.00m,€25.30m
Dejan Lovren,13/14,01/07/2013,Lyon,Southampton,€7.00m,€10.00m
Dejan Lovren,09/10,13/01/2010,Dinamo Zagreb,Lyon,€2.50m,€9.00m
Koke,N/A,N/A,N/A,N/A,N/A,N/A
José Campaña,16/17,11/08/2016,Sampdoria,Levante,€1.20m,€500k
José Campaña,14/15,21/07/2014,Crystal Palace,Sampdoria,€2.00m,€1.80m
José Campaña,13/14,18/07/2013,Sevilla FC,Crystal Palace,€2.50m,€2.00m
Jonny Castro,18/19,31/01/2019,Atlético,Wolves,€12.00m,€21.00m
Jonny Castro,18/19,25/07/2018,Celta de Vigo,Atlético,€12.00m,€7.00m
José Callejón,13/14,11/07/2013,Real Madrid,Napoli,€10.00m,€9.50m
José Callejón,11/12,01/07/2011,Espanyol,Real Madrid,€6.50m,€5.00m
José Callejón,08/09,01/07/2008,RM Castilla,Espanyol,€100k,€1.20m
Giovani Lo Celso,24/25,30/08/2024,Tottenham,Real Betis,€16.00m,€5.00m
Giovani Lo Celso,20/21,01/07/2020,Real Betis,Tottenham,€40.00m,€32.00m
Giovani Lo Celso,19/20,01/07/2019,PSG,Real Betis,€50.00m,€22.00m
Giovani Lo Celso,16/17,26/07/2016,Rosario Central,PSG,€7.50m,€10.00m
Eric Dier,14/15,31/07/2014,Sporting,Tottenham,€3.50m,€5.00m
Bernardo,17/18,01/07/2017,Monaco,Man City,€40.00m,€50.00m
Bernardo,14/15,20/01/2015,Benfica,Monaco,€3.50m,€15.75m
Antonio Candreva,23/24,01/07/2023,Sampdoria,Salernitana,€1.50m,€500k
Antonio Candreva,21/22,01/07/2021,Inter,Sampdoria,€2.50m,€2.50m
Antonio Candreva,16/17,03/08/2016,Lazio,Inter,€23.00m,€22.00m
Antonio Candreva,13/14,01/07/2013,Udinese,Lazio,€10.00m,€8.20m
Antonio Candreva,07/08,01/07/2007,Ternana,Udinese,-,€500k
Guido Rodríguez,19/20,14/01/2020,América,Real Betis,€10.00m,€4.00m
Guido Rodríguez,17/18,01/07/2017,Club Tijuana,América,€2.50m,€6.28m
Guido Rodríguez,16/17,01/07/2016,River Plate,Club Tijuana,€1.25m,€1.75m
Renato Sanches,22/23,04/08/2022,Lille,PSG,€28.00m,€15.00m
Renato Sanches,19/20,23/08/2019,Bayern Munich,Lille,€18.00m,€20.00m
Renato Sanches,16/17,01/07/2016,Benfica,Bayern Munich,€20.00m,€35.00m
Matt Targett,22/23,01/07/2022,Aston Villa,Newcastle,€17.00m,€17.50m
Matt Targett,19/20,01/07/2019,Southampton,Aston Villa,€7.00m,€15.50m
Benjamin Bourigeaud,24/25,30/08/2024,Stade Rennais,Al-Duhail SC,€18.00m,€10.00m
Benjamin Bourigeaud,17/18,01/07/2017,Lens,Stade Rennais,€1.75m,€3.50m
Thiago Maia,24/25,10/07/2024,Flamengo,Internacional,€6.00m,€4.00m
Thiago Maia,21/22,12/01/2022,Lille,Flamengo,€5.00m,€4.00m
Thiago Maia,17/18,31/07/2017,Santos,Lille,€4.50m,€14.00m
William Carvalho,18/19,13/07/2018,Sporting,Real Betis,€25.00m,€18.50m
Pascal Struijk,N/A,N/A,N/A,N/A,N/A,N/A
Filipe Luís,15/16,27/07/2015,Chelsea,Atlético,€15.00m,€16.00m
Filipe Luís,14/15,16/07/2014,Atlético,Chelsea,€15.00m,€20.00m
Filipe Luís,10/11,01/07/2010,Dep. La Coruña,Atlético,€10.00m,€12.00m
Filipe Luís,08/09,01/07/2008,Rentistas,Dep. La Coruña,€2.20m,€2.20m
Leo Dubois,22/23,21/07/2022,Lyon,Galatasaray,€10.00m,€2.50m
Álex Granell,N/A,N/A,N/A,N/A,N/A,N/A
Edinson Cavani,13/14,16/07/2013,Napoli,PSG,€55.00m,€64.50m
Edinson Cavani,11/12,01/07/2011,US Palermo,Napoli,€24.50m,€12.00m
Edinson Cavani,06/07,29/01/2007,Danubio FC,US Palermo,-,€5.00m
Yacine Adli,25/26,10/09/2025,AC Milan,Al-Shabab,€11.00m,€7.00m
Yacine Adli,21/22,30/08/2021,G. Bordeaux,AC Milan,€9.00m,€9.00m
Yacine Adli,18/19,31/01/2019,PSG,G. Bordeaux,€4.00m,€5.50m
Frenkie de Jong,19/20,01/07/2019,Ajax,Barcelona,€85.00m,€86.00m
Frenkie de Jong,15/16,22/08/2015,Willem II,Ajax U21,€250k,€7.74m
Borja Valero,17/18,10/07/2017,Fiorentina,Inter,€9.00m,€6.50m
Borja Valero,12/13,01/08/2012,Villarreal,Fiorentina,€12.00m,€7.00m
Borja Valero,11/12,02/07/2011,West Brom,Villarreal,€12.00m,€6.00m
Borja Valero,08/09,22/08/2008,RCD Mallorca,West Brom,€3.80m,€5.90m
Pascal Groß,25/26,02/01/2026,Dortmund,Brighton,€3.50m,€2.00m
Pascal Groß,24/25,01/08/2024,Brighton,Dortmund,€8.00m,€7.00m
Pascal Groß,17/18,01/07/2017,FC Ingolstadt,Brighton,€4.00m,€3.00m
Roberto Rosales,19/20,24/07/2019,Málaga CF,CD Leganés,€2.50m,€1.20m
Roberto Rosales,10/11,01/07/2010,KAA Gent,FC Twente,€2.00m,€2.00m
Samuel Umtiti,16/17,14/07/2016,Lyon,Barcelona,€15.00m,€25.00m
Marcel Schmelzer,N/A,N/A,N/A,N/A,N/A,N/A
Laurent Abergel,19/20,26/07/2019,AS Nancy,FC Lorient,€800k,€500k
Laurent Abergel,17/18,06/07/2017,AC Ajaccio,AS Nancy,€800k,€600k
Stuart Dallas,15/16,04/08/2015,Brentford,Leeds,€350k,€1.90m
Mousa Dembélé,18/19,17/01/2019,Tottenham,GZ R&F,€18.00m,€5.35m
Mousa Dembélé,12/13,29/08/2012,Fulham,Tottenham,€13.00m,€19.00m
Mousa Dembélé,10/11,18/08/2010,AZ Alkmaar,Fulham,€7.50m,€6.00m
Mousa Dembélé,06/07,01/07/2006,Willem II,AZ Alkmaar,€1.75m,€5.00m
Mousa Dembélé,05/06,01/07/2005,Germ. Beerschot,Willem II,€250k,€250k
Fabian Delph,19/20,15/07/2019,Man City,Everton,€15.00m,€9.50m
Fabian Delph,15/16,17/07/2015,Aston Villa,Man City,€10.00m,€11.50m
Fabian Delph,09/10,04/08/2009,Leeds,Aston Villa,€100k,€9.50m
Marcos Alonso,16/17,31/08/2016,Fiorentina,Chelsea,€9.00m,€23.00m
Marcos Alonso,10/11,01/07/2010,RM Castilla,Bolton,-,€2.40m
Maximilian Arnold,N/A,N/A,N/A,N/A,N/A,N/A
Scott McTominay,24/25,30/08/2024,Man Utd,Napoli,€32.00m,€30.50m
Issiaga Sylla,N/A,N/A,N/A,N/A,N/A,N/A
Hassane Kamara,22/23,22/08/2022,Watford,Udinese,€4.00m,€19.00m
Hassane Kamara,21/22,04/01/2022,Nice,Watford,€6.00m,€4.00m
Hassane Kamara,20/21,01/07/2020,Stade Reims,Nice,€4.80m,€4.00m
Lucas Hernández,23/24,09/07/2023,Bayern Munich,PSG,€45.00m,€45.00m
Lucas Hernández,19/20,01/07/2019,Atlético,Bayern Munich,€70.00m,€80.00m
Leandro Paredes,25/26,10/07/2025,Roma,Boca Juniors,€5.00m,€3.00m
Leandro Paredes,23/24,16/08/2023,PSG,Roma,€12.00m,€5.65m
Leandro Paredes,18/19,29/01/2019,Zenit S-Pb,PSG,€25.00m,€40.00m
Leandro Paredes,17/18,01/07/2017,Roma,Zenit S-Pb,€13.00m,€23.00m
Leandro Paredes,15/16,01/07/2015,Boca Juniors,Roma,€3.50m,€6.00m
Christian Nørgaard,25/26,10/07/2025,Brentford,Arsenal,€11.00m,€11.60m
Christian Nørgaard,19/20,01/07/2019,Fiorentina,Brentford,€2.00m,€3.50m
Christian Nørgaard,18/19,19/07/2018,Bröndby IF,Fiorentina,€2.00m,€3.50m
Christian Nørgaard,13/14,21/08/2013,Hamburg,Bröndby IF,€400k,€350k
Christian Nørgaard,11/12,25/01/2012,Lyngby BK U19,Hamburger SV II,-,€400k
Hakim Ziyech,20/21,01/07/2020,Ajax,Chelsea,€40.00m,€40.00m
Hakim Ziyech,16/17,30/08/2016,FC Twente,Ajax,€11.00m,€11.00m
Hakim Ziyech,14/15,18/08/2014,Heerenveen,FC Twente,€5.00m,€3.50m
Zouhair Feddal,20/21,18/08/2020,Real Betis,Sporting,€4.00m,€4.20m
Zouhair Feddal,17/18,24/07/2017,Alavés,Real Betis,€3.00m,€2.50m
Zouhair Feddal,13/14,26/08/2013,FUS Rabat,Parma,€800k,€350k
Alessandro Bastoni,17/18,31/08/2017,Atalanta,Inter,€1.50m,€40.70m
Danilo Pereira,24/25,02/09/2024,PSG,Al-Ittihad,€8.00m,€5.00m
Danilo Pereira,21/22,01/07/2021,Porto,PSG,€20.00m,€16.00m
Danilo Pereira,15/16,02/07/2015,Marítimo,Porto,€5.00m,€4.50m
Dani García,99/00,01/07/1999,RCD Mallorca,Barcelona,-,€15.00m
Dani García,98/99,01/07/1998,Real Madrid,RCD Mallorca,-,€2.40m
Dani García,96/97,01/06/1997,Real Zaragoza,Real Madrid,-,€1.68m
Dani García,95/96,01/07/1995,Real Madrid,Real Zaragoza,-,€1.50m
Diego Perotti,16/17,01/07/2016,Genoa,Roma,€12.00m,€9.00m
Diego Perotti,14/15,02/07/2014,Sevilla FC,Genoa,€3.25m,€350k
Diego Perotti,07/08,12/07/2007,Dep. Morón,Sevilla Atl.,-,€200k
Christophe Hérelle,20/21,11/08/2020,Nice,Stade Brestois,€5.50m,€4.00m
Christophe Hérelle,18/19,01/07/2018,Troyes,Nice,€6.00m,€5.00m
Walace,24/25,10/07/2024,Udinese,Cruzeiro,€6.00m,€8.00m
Walace,19/20,12/08/2019,Hannover 96,Udinese,€8.50m,€6.00m
Walace,18/19,01/07/2018,Hamburg,Hannover 96,€4.50m,€6.00m
Walace,16/17,30/01/2017,Grêmio,Hamburg,€9.00m,€9.20m
Héctor Herrera,13/14,01/07/2013,Pachuca,Porto,€6.00m,€11.00m
Andy Delort,23/24,08/07/2023,FC Nantes,Umm Salal SC,€7.00m,€2.50m
Andy Delort,23/24,01/07/2023,Nice,FC Nantes,€7.00m,€5.00m
Andy Delort,21/22,28/08/2021,Montpellier,Nice,€16.00m,€10.00m
Andy Delort,19/20,01/07/2019,Toulouse,Montpellier,€12.50m,€4.50m
Andy Delort,16/17,26/01/2017,Tigres UANL,Toulouse,€4.00m,€6.00m
Andy Delort,16/17,02/09/2016,SM Caen,Tigres UANL,€5.50m,€8.00m
Andy Delort,15/16,02/07/2015,Wigan,SM Caen,€1.50m,€2.00m
Andy Delort,14/15,01/09/2014,Tours FC,Wigan,€1.75m,€4.00m
Alex Iwobi,23/24,01/09/2023,Everton,Fulham,€28.00m,€25.70m
Alex Iwobi,19/20,08/08/2019,Arsenal,Everton,€25.00m,€30.40m
Nicolás Domínguez,23/24,01/09/2023,Bologna,Nott'm Forest,€17.00m,€6.65m
Nicolás Domínguez,19/20,30/08/2019,Vélez Sarsfield,Bologna,€12.50m,€10.98m
Abdoulaye Doucouré,20/21,08/09/2020,Watford,Everton,€20.00m,€22.00m
Abdoulaye Doucouré,15/16,01/02/2016,Stade Rennais,Watford,€6.00m,€10.60m
Daichi Kamada,17/18,01/07/2017,Sagan Tosu,Frankfurt,€750k,€1.60m
Marc Cucurella,22/23,05/08/2022,Brighton,Chelsea,€28.00m,€65.30m
Marc Cucurella,21/22,31/08/2021,Getafe,Brighton,€20.00m,€18.00m
Marc Cucurella,20/21,01/07/2020,Barcelona,Getafe,€18.00m,€11.80m
Marc Cucurella,19/20,16/07/2019,SD Eibar,Barcelona,€10.00m,€4.00m
Marc Cucurella,19/20,01/07/2019,Barcelona,SD Eibar,€10.00m,€2.00m
Wylan Cyprien,21/22,01/07/2021,Nice,Parma,€6.00m,€7.65m
Wylan Cyprien,16/17,27/07/2016,Lens,Nice,€2.50m,€5.00m
Max Meyer,N/A,N/A,N/A,N/A,N/A,N/A
Baptiste Santamaria,25/26,07/08/2025,Stade Rennais,Valencia,€7.00m,€2.00m
Baptiste Santamaria,21/22,17/08/2021,Freiburg,Stade Rennais,€15.00m,€14.00m
Baptiste Santamaria,20/21,17/09/2020,Angers SCO,Freiburg,€7.00m,€10.00m
Baptiste Santamaria,16/17,01/07/2016,Tours FC,Angers SCO,€800k,€500k
Bukayo Saka,N/A,N/A,N/A,N/A,N/A,N/A
Naïm Sliti,19/20,11/08/2019,Dijon,Al-Ettifaq,€7.00m,€5.00m
Naïm Sliti,18/19,01/07/2018,Lille,Dijon,€7.00m,€2.00m
Naïm Sliti,17/18,01/07/2017,Red Star FC,Lille,€1.75m,€2.00m
Ramy Bensebaini,19/20,14/08/2019,Stade Rennais,Mönchengladbach,€8.00m,€8.00m
Ramy Bensebaini,16/17,05/07/2016,Paradou AC,Stade Rennais,€2.00m,€2.00m
Miguel Veloso,12/13,04/07/2012,Genoa,Dynamo Kyiv,€8.00m,€7.50m
Miguel Veloso,10/11,30/07/2010,Sporting,Genoa,€11.50m,€9.00m
Enock Kwateng,N/A,N/A,N/A,N/A,N/A,N/A
Romain Saïss,23/24,24/07/2023,Besiktas,Al-Sadd,€5.00m,€2.50m
Romain Saïss,16/17,30/08/2016,Angers SCO,Wolves,€4.00m,€4.00m
Oumar Niasse,15/16,01/02/2016,Loko Moskau,Everton,€10.00m,€17.90m
Oumar Niasse,14/15,28/07/2014,Akhisar Belediye,Loko Moskau,€4.00m,€6.00m
Oumar Niasse,13/14,15/08/2013,Ouakam,Akhisar Belediye,€50k,€250k
Luka Milivojević,16/17,31/01/2017,Olympiacos,Crystal Palace,€8.00m,€15.10m
Luka Milivojević,15/16,01/07/2015,RSC Anderlecht,Olympiacos,€2.75m,€2.30m
Luka Milivojević,13/14,27/07/2013,Red Star,RSC Anderlecht,€2.50m,€2.70m
Luka Milivojević,11/12,01/01/2012,Rad,Red Star,€800k,€708k
Malcom,23/24,26/07/2023,Zenit S-Pb,Al-Hilal,€30.00m,€60.00m
Malcom,19/20,02/08/2019,Barcelona,Zenit S-Pb,€40.00m,€41.50m
Malcom,18/19,24/07/2018,G. Bordeaux,Barcelona,€45.00m,€41.00m
Malcom,15/16,31/01/2016,Corinthians,G. Bordeaux,€10.00m,€5.00m
Toni Leistner,N/A,N/A,N/A,N/A,N/A,N/A
Maxime Gonalons,20/21,11/08/2020,Roma,Granada CF,€2.80m,€4.00m
Maxime Gonalons,17/18,03/07/2017,Lyon,Roma,€14.00m,€5.00m
Renato Tapia,15/16,27/01/2016,FC Twente,Feyenoord,€2.00m,€1.50m
Roberto Firmino,25/26,23/07/2025,Al-Ahli,Al-Sadd,€5.00m,€7.00m
Roberto Firmino,15/16,01/07/2015,Hoffenheim,Liverpool,€25.00m,€41.00m
Roberto Firmino,10/11,01/01/2011,Tombense,Hoffenheim,-,€4.00m
Leon Bailey,21/22,04/08/2021,Leverkusen,Aston Villa,€35.00m,€32.00m
Leon Bailey,16/17,31/01/2017,Genk,Leverkusen,€12.50m,€16.70m
Leon Bailey,15/16,12/08/2015,Trencin U19,Genk,-,€1.40m
Jordi Alba,12/13,01/07/2012,Valencia,Barcelona,€10.00m,€14.00m
Jordi Alba,07/08,01/07/2007,Cornellà U19,Valencia B,-,€6k
Cristian Romero,22/23,30/08/2022,Atalanta,Tottenham,€48.00m,€53.80m
Cristian Romero,21/22,06/08/2021,Juventus,Atalanta,€35.00m,€17.00m
Cristian Romero,19/20,12/07/2019,Genoa,Juventus,€15.00m,€31.50m
Cristian Romero,18/19,01/07/2018,Belgrano,Genoa,€750k,€4.25m
Sokratis Papastathopoulos,18/19,02/07/2018,Dortmund,Arsenal,€20.00m,€16.00m
Sokratis Papastathopoulos,13/14,01/07/2013,Werder Bremen,Dortmund,€10.00m,€9.90m
Sokratis Papastathopoulos,12/13,01/07/2012,Genoa,Werder Bremen,€10.00m,€3.50m
Sokratis Papastathopoulos,11/12,01/07/2011,AC Milan,Genoa,€5.00m,€4.00m
Sokratis Papastathopoulos,10/11,20/07/2010,Genoa,AC Milan,€5.00m,€4.50m
Sokratis Papastathopoulos,08/09,01/08/2008,AEK Athens,Genoa,€2.70m,€3.80m
Danny Ings,22/23,20/01/2023,Aston Villa,West Ham,€16.00m,€12.00m
Danny Ings,21/22,04/08/2021,Southampton,Aston Villa,€22.00m,€29.40m
Danny Ings,19/20,01/07/2019,Liverpool,Southampton,€15.00m,€25.10m
Danny Ings,15/16,01/07/2015,Burnley,Liverpool,€12.00m,€8.30m
Danny Ings,11/12,15/08/2011,Bournemouth,Burnley,€75k,€1.15m
Maxence Lacroix,24/25,30/08/2024,Wolfsburg,Crystal Palace,€20.00m,€18.00m
Maxence Lacroix,20/21,25/08/2020,FC Sochaux,Wolfsburg,€1.00m,€5.00m
Pedro Chirivella,25/26,01/07/2025,FC Nantes,Panathinaikos,€5.00m,€2.00m
Pedro Chirivella,13/14,14/07/2013,Valencia U19,Liverpool U18,-,€2.30m
Angeliño,24/25,01/07/2024,Leipzig,Roma,€8.00m,€5.40m
Angeliño,21/22,01/07/2021,Man City,Leipzig,€35.00m,€18.00m
Angeliño,19/20,03/07/2019,PSV,Man City,€16.00m,€12.00m
Angeliño,18/19,01/07/2018,Man City U23,PSV,€3.00m,€5.50m
Angeliño,13/14,03/07/2013,Deportivo Yth.,Man City U18,-,€4.50m
Salis Abdul Samed,25/26,14/08/2025,Lens,Nice,€5.50m,€2.50m
Salis Abdul Samed,22/23,01/07/2022,Clermont Foot,Lens,€3.00m,€5.00m
Andreas Christensen,N/A,N/A,N/A,N/A,N/A,N/A
Mattéo Guendouzi,25/26,08/01/2026,Lazio,Fenerbahçe,€28.00m,€28.00m
Mattéo Guendouzi,24/25,01/07/2024,Marseille,Lazio,€25.00m,€14.80m
Mattéo Guendouzi,22/23,01/07/2022,Arsenal,Marseille,€25.00m,€11.00m
Mattéo Guendouzi,18/19,11/07/2018,FC Lorient,Arsenal,€2.50m,€8.00m
Makoto Hasebe,13/14,02/09/2013,Wolfsburg,1.FC Nuremberg,€3.00m,€2.50m
Houssem Aouar,24/25,18/07/2024,Roma,Al-Ittihad,€10.00m,€10.50m
Sasa Kalajdzic,22/23,31/08/2022,Stuttgart,Wolves,€25.00m,€18.00m
Sasa Kalajdzic,19/20,05/07/2019,Admira Wacker,Stuttgart,€2.50m,€6.00m
Ivan Perišić,15/16,30/08/2015,Wolfsburg,Inter,€13.00m,€19.00m
Ivan Perišić,12/13,06/01/2013,Dortmund,Wolfsburg,€7.00m,€8.00m
Ivan Perišić,11/12,01/07/2011,Club Brugge,Dortmund,€6.00m,€4.00m
Ivan Perišić,09/10,26/08/2009,FC Sochaux,Club Brugge,€1.00m,€200k
Ivan Perišić,06/07,01/07/2006,Hajduk U17,FC Sochaux B,-,€360k
Nicolas Höfler,N/A,N/A,N/A,N/A,N/A,N/A
Fernando,14/15,01/01/2015,Chelsea,AC Milan,€7.00m,€1.00m
Fernando,10/11,31/01/2011,Liverpool,Chelsea,€50.00m,€58.50m
Fernando,07/08,04/07/2007,Atlético,Liverpool,€30.00m,€38.00m
Lewis Dunk,N/A,N/A,N/A,N/A,N/A,N/A
Lucas Digne,21/22,13/01/2022,Everton,Aston Villa,€30.00m,€30.00m
Lucas Digne,18/19,01/08/2018,Barcelona,Everton,€15.00m,€20.20m
Lucas Digne,16/17,13/07/2016,PSG,Barcelona,€12.00m,€16.50m
Lucas Digne,13/14,17/07/2013,Lille,PSG,€10.00m,€15.00m
Javi Martínez,12/13,29/08/2012,Athletic Club,Bayern Munich,€30.00m,€40.00m
Javi Martínez,06/07,01/07/2006,Osasuna B,Athletic Club,-,€6.00m
Fernando Marçal,20/21,01/09/2020,Lyon,Wolves,€2.40m,€2.00m
Fernando Marçal,17/18,01/07/2017,Benfica,Lyon,€3.50m,€4.50m
Jean Onana,23/24,21/07/2023,Lens,Besiktas,€6.00m,€4.04m
Jean Onana,22/23,01/09/2022,G. Bordeaux,Lens,€5.00m,€4.00m
Jean Onana,21/22,30/08/2021,Lille,G. Bordeaux,€900k,€2.00m
Jean Onana,19/20,31/01/2020,Leixões U23,Lille,€50k,€2.00m
Tyrick Mitchell,N/A,N/A,N/A,N/A,N/A,N/A
Raúl Albiol,19/20,04/07/2019,Napoli,Villarreal,€5.00m,€4.00m
Raúl Albiol,13/14,21/07/2013,Real Madrid,Napoli,€8.00m,€12.00m
Raúl Albiol,09/10,01/07/2009,Valencia,Real Madrid,€9.00m,€15.00m
Vlad Chiricheș,22/23,08/07/2022,Sassuolo,Cremonese,€1.80m,€2.00m
Vlad Chiricheș,20/21,01/09/2020,Napoli,Sassuolo,€5.00m,€9.50m
Vlad Chiricheș,15/16,30/07/2015,Tottenham,Napoli,€6.00m,€7.00m
Vlad Chiricheș,13/14,30/08/2013,Steaua Bucharest,Tottenham,€8.00m,€9.50m
Vlad Chiricheș,11/12,01/01/2012,Pandurii ,Steaua Bucharest,€1.20m,€1.30m
Vlad Chiricheș,10/11,01/07/2010,Curtea de Arges,Pandurii ,€300k,€200k
Vlad Chiricheș,07/08,01/07/2007,FC Ardealul,Benfica U19,-,€100k
Ozan Kabak,22/23,23/07/2022,FC Schalke 04,Hoffenheim,€10.00m,€7.00m
Ozan Kabak,19/20,01/07/2019,Stuttgart,FC Schalke 04,€15.00m,€15.00m
Ozan Kabak,18/19,17/01/2019,Galatasaray,Stuttgart,€6.50m,€11.00m
Serge Aurier,23/24,02/02/2024,Nott'm Forest,Galatasaray,€7.00m,€100k
Serge Aurier,17/18,31/08/2017,PSG,Tottenham,€15.00m,€25.00m
Serge Aurier,15/16,01/07/2015,Toulouse,PSG,€10.00m,€10.00m
Serge Aurier,11/12,26/01/2012,Lens,Toulouse,€2.00m,€1.30m
Yannick Carrasco,23/24,04/09/2023,Atlético,Al-Shabab,€25.00m,€15.00m
Yannick Carrasco,20/21,08/09/2020,DL Pro,Atlético,€22.50m,€27.00m
Yannick Carrasco,17/18,26/02/2018,Atlético,DL Yifang,€40.00m,€30.00m
Yannick Carrasco,15/16,10/07/2015,Monaco,Atlético,€9.00m,€15.00m
Yannick Carrasco,10/11,01/07/2010,KRC Genk U17,Monaco U19,-,€450k
Melvin Bard,21/22,16/07/2021,Lyon,Nice,€5.00m,€3.00m
Davinson Sánchez,23/24,04/09/2023,Tottenham,Galatasaray,€15.00m,€9.50m
Davinson Sánchez,17/18,23/08/2017,Ajax,Tottenham,€25.00m,€42.00m
Davinson Sánchez,16/17,28/07/2016,Atl. Nacional,Ajax,€550k,€5.50m
Maxwel Cornet,22/23,05/08/2022,Burnley,West Ham,€15.00m,€20.70m
Maxwel Cornet,21/22,29/08/2021,Lyon,Burnley,€12.00m,€15.00m
Maxwel Cornet,14/15,15/01/2015,FC Metz,Lyon,€1.00m,€2.65m
Joachim Andersen,24/25,23/08/2024,Crystal Palace,Fulham,€35.00m,€29.50m
Joachim Andersen,21/22,28/07/2021,Lyon,Crystal Palace,€22.00m,€17.50m
Joachim Andersen,19/20,12/07/2019,Sampdoria,Lyon,€25.00m,€24.00m
Joachim Andersen,17/18,25/08/2017,FC Twente,Sampdoria,€1.50m,€1.75m
Joachim Andersen,13/14,08/08/2013,Midtjylland U19,FC Twente U19,-,€670k
Rodrigo,19/20,04/07/2019,Atlético,Man City,€80.00m,€70.00m
Rodrigo,18/19,01/07/2018,Villarreal,Atlético,€25.00m,€20.00m
Rodrigo,07/08,01/07/2007,Majad. Youth,Atlético Yth.,-,€1.50m
Henrikh Mkhitaryan,17/18,22/01/2018,Man Utd,Arsenal,€35.00m,€34.00m
Henrikh Mkhitaryan,16/17,06/07/2016,Dortmund,Man Utd,€30.00m,€42.00m
Henrikh Mkhitaryan,13/14,09/07/2013,Shakhtar D.,Dortmund,€22.00m,€27.50m
Henrikh Mkhitaryan,10/11,30/08/2010,Metalurg D.,Shakhtar D.,€4.00m,€5.85m
Henrikh Mkhitaryan,09/10,01/07/2009,Pyunik Yerevan,Metalurg D.,€600k,€350k
Xeka,17/18,01/07/2017,Braga,Lille,€1.25m,€5.00m
Federico Viviani,18/19,01/07/2018,Hellas Verona,SPAL,€3.50m,€3.30m
Federico Viviani,15/16,01/07/2015,Roma,Hellas Verona,€2.80m,€4.00m
Rubén Pérez,N/A,N/A,N/A,N/A,N/A,N/A
Teun Koopmeiners,24/25,28/08/2024,Atalanta,Juventus,€50.00m,€58.40m
Teun Koopmeiners,21/22,30/08/2021,AZ Alkmaar,Atalanta,€16.50m,€17.90m
Marek Hamšík,18/19,14/02/2019,Napoli,DL Yifang,€30.00m,€20.00m
Marek Hamšík,07/08,01/07/2007,Brescia,Napoli,-,€5.50m
Marek Hamšík,04/05,31/08/2004,Slo. Bratislava,Brescia U19,-,€500k
Marek Hamšík,02/03,08/08/2002,Jupie FSMH Yth.,Slovan U19,-,€4k
Philip Billing,25/26,26/08/2025,Bournemouth,Midtjylland,€10.00m,€5.00m
Philip Billing,19/20,29/07/2019,Huddersfield,Bournemouth,€7.00m,€16.50m
Luisinho,93/94,01/07/1993,Vasco da Gama,Celta de Vigo,-,€2.40m
Exequiel Palacios,19/20,01/01/2020,River Plate,Leverkusen,€25.00m,€17.00m
Alex Oxlade-Chamberlain,17/18,31/08/2017,Arsenal,Liverpool,€22.00m,€38.00m
Alex Oxlade-Chamberlain,11/12,08/08/2011,Southampton,Arsenal,€2.50m,€13.80m
Mathieu Dossevi,18/19,03/08/2018,FC Metz,Toulouse,€3.50m,€2.50m
Mathieu Dossevi,18/19,01/07/2018,Standard Liège,FC Metz,€3.50m,€3.00m
Mathieu Dossevi,15/16,26/01/2016,Olympiacos,Standard Liège,€2.00m,€1.30m
Mathieu Dossevi,10/11,27/08/2010,Le Mans FC,Valenciennes FC,€1.40m,€1.00m
Lucas Lima,13/14,07/02/2014,Internacional,Santos,-,€1.25m
Calum Chambers,14/15,28/07/2014,Southampton,Arsenal,€2.00m,€20.23m
Míchel,N/A,N/A,N/A,N/A,N/A,N/A
Adrien Silva,17/18,31/08/2017,Sporting,Leicester,€25.00m,€20.50m
William Vainqueur,17/18,04/09/2017,Roma,Antalyaspor,€5.50m,€500k
William Vainqueur,15/16,31/08/2015,Dinamo Moscow,Roma,€7.00m,€579k
William Vainqueur,14/15,01/07/2014,Standard Liège,Dinamo Moscow,€6.00m,€6.00m
William Vainqueur,11/12,01/08/2011,FC Nantes,Standard Liège,€1.00m,€1.70m
Javi Castellano,07/08,01/01/2008,Las Palmas B,RCD Mallorca B ,-,€30k
Flavien Tait,19/20,09/07/2019,Angers SCO,Stade Rennais,€8.00m,€9.00m
Flavien Tait,16/17,01/07/2016,LB Châteauroux,Angers SCO,€300k,€300k
Kevin Mbabu,22/23,27/07/2022,Wolfsburg,Fulham,€9.00m,€5.50m
Kevin Mbabu,19/20,01/07/2019,Young Boys,Wolfsburg,€10.00m,€9.20m
Kevin Mbabu,17/18,01/07/2017,Newcastle,Young Boys,€750k,€120k
Kevin Mbabu,12/13,31/01/2013,Servette FC,Newcastle,€50k,€1.00m
Thiago Cionek,17/18,13/01/2018,US Palermo,SPAL,€600k,€150k
Thiago Cionek,15/16,11/01/2016,Modena,US Palermo,€700k,€350k
Thiago Cionek,12/13,30/08/2012,Jagiellonia,Padova,€650k,€400k
Thiago Cionek,08/09,01/07/2008,CRB,Jagiellonia,-,€50k
Renaud Cohade,09/10,01/07/2009,R. Strasbourg,Valenciennes FC,€2.00m,€500k
José Luis García Vayá,23/24,08/07/2023,Levante,Valencia,€3.00m,€5.00m
Cuco Martina,15/16,07/07/2015,FC Twente,Southampton,€1.25m,€1.50m
Cuco Martina,13/14,30/07/2013,RKC Waalwijk,FC Twente,€600k,€350k
Lionel Carole,18/19,17/08/2018,Galatasaray,R. Strasbourg,€3.00m,€750k
Lionel Carole,15/16,11/07/2015,Troyes,Galatasaray,€1.50m,€1.50m
Lionel Carole,10/11,27/01/2011,FC Nantes,Benfica,€600k,€750k
Mahmoud Dahoud,17/18,01/07/2017,Mönchengladbach,Dortmund,€15.00m,€12.00m
Cristian Gamboa,16/17,30/08/2016,West Brom,Celtic,€1.50m,€1.20m
Cristian Gamboa,14/15,05/08/2014,Rosenborg BK,West Brom,€1.00m,€2.40m
Cristian Gamboa,12/13,01/01/2013,Copenhagen,Rosenborg BK,€600k,€400k
Cristian Gamboa,11/12,01/08/2011,Fredrikstad FK,Copenhagen,€275k,€50k
Dedryck Boyata,22/23,22/08/2022,Hertha BSC,Club Brugge,€3.50m,€1.40m
Dedryck Boyata,15/16,01/07/2015,Man City,Celtic,€1.00m,€2.00m
Manuel Akanji,26/27,01/07/2026,Man City,Inter,€18.00m,€15.00m
Manuel Akanji,22/23,01/09/2022,Dortmund,Man City,€30.00m,€20.00m
Manuel Akanji,17/18,15/01/2018,Basel,Dortmund,€5.00m,€21.50m
Manuel Akanji,15/16,01/07/2015,FC Winterthur,Basel,€250k,€700k
Dejan Kulusevski,23/24,01/07/2023,Juventus,Tottenham,€50.00m,€30.00m
Dejan Kulusevski,19/20,02/01/2020,Atalanta,Juventus,€25.00m,€39.00m
Dejan Kulusevski,16/17,07/07/2016,IF Bromma U17,Atalanta U17,-,€3.50m
Davide Astori,16/17,01/07/2016,Cagliari,Fiorentina,€7.50m,€4.00m
Davide Astori,08/09,01/07/2008,AC Milan,Cagliari,-,€5.00m
Jorge Miramón,N/A,N/A,N/A,N/A,N/A,N/A
Andrea Poli,13/14,11/07/2013,Sampdoria,AC Milan,€8.00m,€6.00m
Ben Davies,14/15,23/07/2014,Swansea,Tottenham,€5.50m,€12.65m
Alphonso Davies,18/19,01/01/2019,Vancouver,Bayern Munich,€10.00m,€14.00m
Emerson,25/26,01/09/2025,West Ham,Marseille,€10.00m,€700k
Emerson,22/23,23/08/2022,Chelsea,West Ham,€14.00m,€15.40m
Emerson,17/18,30/01/2018,Roma,Chelsea,€14.00m,€20.00m
Emerson,16/17,03/01/2017,Santos,Roma,€3.00m,€2.00m
John Stones,16/17,09/08/2016,Everton,Man City,€28.00m,€55.60m
John Stones,12/13,31/01/2013,Barnsley,Everton,€100k,€3.50m
Steven Nzonzi,18/19,14/08/2018,Sevilla FC,Roma,€30.00m,€26.65m
Steven Nzonzi,15/16,09/07/2015,Stoke City,Sevilla FC,€7.50m,€8.00m
Steven Nzonzi,12/13,31/08/2012,Blackburn,Stoke City,€4.50m,€4.40m
Steven Nzonzi,09/10,01/07/2009,Amiens SC,Blackburn,€700k,€580k
Rafael Czichos,21/22,02/01/2022,1.FC Köln,Chicago,€1.30m,€455k
Rafael Czichos,18/19,01/07/2018,Holstein Kiel,1.FC Köln,€1.50m,€1.80m
Jefferson Lerma,18/19,07/08/2018,Levante,Bournemouth,€2.00m,€30.50m
Jefferson Lerma,16/17,01/07/2016,Ind. Yumbo,Levante,€1.50m,€600k
José Fonte,17/18,23/02/2018,West Ham,DL Yifang,€5.00m,€5.57m
José Fonte,16/17,20/01/2017,Southampton,West Ham,€6.00m,€9.20m
José Fonte,09/10,09/01/2010,Crystal Palace,Southampton,€1.50m,€1.40m
Óscar Valentín,N/A,N/A,N/A,N/A,N/A,N/A
Guilherme,N/A,N/A,N/A,N/A,N/A,N/A
Islam Slimani,16/17,31/08/2016,Sporting,Leicester,€22.00m,€31.00m
Islam Slimani,13/14,08/08/2013,CR Belouizdad,Sporting,€750k,€300k
Islam Slimani,09/10,01/07/2009,JSM Chéraga,CR Belouizdad,-,€8k
Edin Džeko,21/22,14/08/2021,Roma,Inter,€4.00m,€2.80m
Edin Džeko,16/17,01/07/2016,Man City,Roma,€15.00m,€11.00m
Edin Džeko,10/11,07/01/2011,Wolfsburg,Man City,€30.00m,€37.00m
Edin Džeko,07/08,01/07/2007,Teplice,Wolfsburg,€4.00m,€4.00m
Edin Džeko,05/06,01/07/2005,Zeljeznicar,Teplice,-,€80k
Habib Maïga,23/24,04/01/2024,FC Metz,Ferencváros,€2.00m,€400k
Habib Maïga,19/20,01/07/2019,Saint-Étienne,FC Metz,€1.00m,€1.00m
Pape Matar Sarr,21/22,27/08/2021,FC Metz,Tottenham,€10.00m,€16.90m
Roger Ibanez,23/24,10/08/2023,Roma,Al-Ahli,€30.00m,€28.50m
Roger Ibanez,21/22,01/07/2021,Atalanta,Roma,€25.00m,€11.80m
Roger Ibanez,18/19,29/01/2019,Fluminense,Atalanta,€700k,€4.15m
Roger Ibanez,17/18,28/02/2018,PRS FC,Fluminense,€50k,€150k
Willy Boly,22/23,01/09/2022,Wolves,Nott'm Forest,€6.00m,€2.60m
Willy Boly,18/19,01/07/2018,Porto,Wolves,€5.00m,€12.00m
Willy Boly,16/17,31/08/2016,Braga,Porto,€2.75m,€6.50m
James McArthur,14/15,01/09/2014,Wigan,Crystal Palace,€3.00m,€8.80m
James McArthur,10/11,01/07/2010,Hamilton Acad.,Wigan,€1.75m,€600k
Alexandre Lacazette,17/18,05/07/2017,Lyon,Arsenal,€40.00m,€53.00m
Papy Djilobodji,16/17,05/08/2016,Chelsea,Sunderland,€4.50m,€9.50m
Papy Djilobodji,15/16,01/09/2015,FC Nantes,Chelsea,€6.50m,€3.50m
Papy Djilobodji,09/10,04/01/2010,Sénart-Moissy,FC Nantes,-,€500k
Wout Weghorst,24/25,29/08/2024,Burnley,Ajax,€6.00m,€2.38m
Wout Weghorst,21/22,31/01/2022,Wolfsburg,Burnley,€20.00m,€17.50m
Wout Weghorst,18/19,01/07/2018,AZ Alkmaar,Wolfsburg,€7.00m,€10.50m
Wout Weghorst,16/17,06/07/2016,Heracles Almelo,AZ Alkmaar,€1.25m,€1.50m
Koray Günter,20/21,02/09/2020,Genoa,Hellas Verona,€4.50m,€2.40m
Koray Günter,13/14,29/01/2014,Dortmund,Galatasaray,€500k,€2.50m
Nacho Vidal,24/25,22/01/2025,CA Osasuna,Real Oviedo,€1.50m,€200k
Jonathan Clauss,24/25,25/07/2024,Marseille,Nice,€12.00m,€5.00m
Jonathan Clauss,22/23,20/07/2022,Lens,Marseille,€15.00m,€7.50m
Jean-Kevin Duverne,19/20,02/09/2019,Lens,Stade Brestois,€2.00m,€2.00m
Matthias Ginter,17/18,04/07/2017,Dortmund,Mönchengladbach,€15.00m,€17.00m
Matthias Ginter,14/15,17/07/2014,Freiburg,Dortmund,€12.00m,€10.00m
Nikola Maksimović,17/18,01/07/2017,Torino,Napoli,€10.00m,€21.00m
Nikola Maksimović,14/15,01/07/2014,Apol. Limassol,Torino,€2.50m,€3.50m
Nikola Maksimović,12/13,01/01/2013,Red Star,Apol. Limassol,€2.00m,€1.00m
Nikola Maksimović,11/12,01/01/2012,Sloboda Uzice,Red Star,€800k,€295k
Johan Vásquez,21/22,03/01/2022,UNAM Pumas,Genoa,€4.00m,€3.50m
Johan Vásquez,19/20,06/01/2020,Monterrey,UNAM Pumas,€1.00m,€3.50m
Johan Vásquez,19/20,01/01/2020,Cimarrones,Monterrey,€1.00m,€1.80m
Emre Çolak,18/19,01/07/2018,Dep. La Coruña,Al-Wehda,€2.00m,€1.00m
Kouadio Koné,24/25,30/08/2024,Mönchengladbach,Roma,€20.00m,€18.00m
Kouadio Koné,20/21,21/01/2021,Toulouse,Mönchengladbach,€5.00m,€9.00m
Germán Pezzella,24/25,05/08/2024,Real Betis,River Plate,€3.00m,€4.50m
Germán Pezzella,21/22,19/08/2021,Fiorentina,Real Betis,€7.50m,€3.25m
Germán Pezzella,18/19,01/07/2018,Real Betis,Fiorentina,€13.00m,€9.75m
Germán Pezzella,15/16,01/07/2015,River Plate,Real Betis,€2.50m,€2.25m
Anthony Martial,25/26,12/09/2025,AEK Athens,Monterrey,€7.50m,€1.00m
Anthony Martial,15/16,01/09/2015,Monaco,Man Utd,€8.00m,€60.00m
Anthony Martial,13/14,01/07/2013,Olymp. Lyon B,Monaco,-,€5.00m
Óscar Mingueza,N/A,N/A,N/A,N/A,N/A,N/A
Marc-Oliver Kempf,N/A,N/A,N/A,N/A,N/A,N/A
Willi Orban,15/16,01/07/2015,1.FC K'lautern,Leipzig,€2.50m,€2.00m
Kalidou Koulibaly,23/24,01/07/2023,Chelsea,Al-Hilal,€15.00m,€23.00m
Kalidou Koulibaly,22/23,16/07/2022,Napoli,Chelsea,€35.00m,€41.90m
Kalidou Koulibaly,14/15,01/07/2014,Genk,Napoli,€6.50m,€7.75m
Kalidou Koulibaly,12/13,01/07/2012,FC Metz,Genk,€700k,€1.30m
Thomas Lemar,18/19,01/07/2018,Monaco,Atlético,€65.00m,€72.00m
Thomas Lemar,15/16,01/07/2015,SM Caen,Monaco,€1.25m,€4.00m
Diadie Samassékou,19/20,15/08/2019,Salzburg,Hoffenheim,€20.00m,€12.50m
Pierre-Emerick Aubameyang,24/25,18/07/2024,Marseille,Al-Qadsiah,€5.00m,€9.00m
Pierre-Emerick Aubameyang,22/23,01/09/2022,Barcelona,Chelsea,€15.00m,€12.00m
Pierre-Emerick Aubameyang,17/18,31/01/2018,Dortmund,Arsenal,€65.00m,€63.75m
Pierre-Emerick Aubameyang,13/14,04/07/2013,Saint-Étienne,Dortmund,€15.00m,€13.00m
Pierre-Emerick Aubameyang,11/12,01/01/2012,AC Milan,Saint-Étienne,€4.00m,€1.80m
Luca Ceppitelli,14/15,07/08/2014,Parma,Cagliari,€2.00m,€2.10m
Luca Ceppitelli,13/14,01/09/2013,Bari,Parma,€500k,€1.00m
Romain Thomas,N/A,N/A,N/A,N/A,N/A,N/A
Denis Zakaria,23/24,14/08/2023,Juventus,Monaco,€18.00m,€20.00m
Denis Zakaria,21/22,31/01/2022,Mönchengladbach,Juventus,€27.00m,€11.35m
Denis Zakaria,17/18,01/07/2017,Young Boys,Mönchengladbach,€4.00m,€12.00m
Denis Zakaria,15/16,01/07/2015,Servette FC,Young Boys,€100k,€400k
Callum Wilson,20/21,07/09/2020,Bournemouth,Newcastle,€20.00m,€22.25m
Callum Wilson,14/15,04/07/2014,Coventry,Bournemouth,€750k,€3.70m
Klaus Gjasula,15/16,02/01/2016,K. Offenbach,Stuttg. Kickers,€125k,€50k
Danilo D'Ambrosio,13/14,30/01/2014,Torino,Inter,€5.00m,€3.79m
Jean-Clair Todibo,25/26,01/07/2025,Nice,West Ham,€25.00m,€40.00m
Jean-Clair Todibo,21/22,01/07/2021,Barcelona,Nice,€12.00m,€16.50m
Jean-Clair Todibo,18/19,31/01/2019,Toulouse,Barcelona,€8.00m,€1.00m
Arthur Masuaku,23/24,01/07/2023,West Ham,Besiktas,€6.00m,€2.00m
Arthur Masuaku,16/17,08/08/2016,Olympiacos,West Ham,€7.00m,€7.10m
Arthur Masuaku,14/15,22/07/2014,Valenciennes FC,Olympiacos,€500k,€300k
Marcel Sabitzer,23/24,24/07/2023,Bayern Munich,Dortmund,€20.00m,€19.00m
Marcel Sabitzer,21/22,30/08/2021,Leipzig,Bayern Munich,€42.00m,€15.00m
Marcel Sabitzer,14/15,01/07/2014,Rapid Vienna,Leipzig,€2.00m,€2.00m
Marcel Sabitzer,12/13,04/01/2013,Admira Wacker,Rapid Vienna,€1.20m,€350k
Pape Gueye,N/A,N/A,N/A,N/A,N/A,N/A
Corentin Tolisso,17/18,01/07/2017,Lyon,Bayern Munich,€22.00m,€41.50m
Nico Schulz,19/20,01/07/2019,Hoffenheim,Dortmund,€25.00m,€25.50m
Nico Schulz,17/18,08/07/2017,Mönchengladbach,Hoffenheim,€2.00m,€3.00m
Nico Schulz,15/16,18/08/2015,Hertha BSC,Mönchengladbach,€3.50m,€4.00m
Christian Fuchs,11/12,02/07/2011,Mainz,FC Schalke 04,€5.00m,€3.80m
Christian Fuchs,11/12,01/07/2011,VfL Bochum,Mainz,€5.00m,€1.80m
Christian Fuchs,08/09,01/07/2008,SV Mattersburg,VfL Bochum,€1.35m,€1.20m
Andrei Girotto,23/24,06/08/2023,FC Nantes,Al-Taawoun,€4.00m,€4.00m
Andrei Girotto,17/18,12/08/2017,Tombense,FC Nantes,€1.00m,€2.30m
Andrei Girotto,09/10,31/07/2009,Esportivo,Metropolitano,-,€100k
Stefan Bell,N/A,N/A,N/A,N/A,N/A,N/A
Vincent Manceau,N/A,N/A,N/A,N/A,N/A,N/A
Benjamin Stambouli,16/17,26/08/2016,PSG,FC Schalke 04,€7.00m,€8.00m
Benjamin Stambouli,15/16,21/07/2015,Tottenham,PSG,€5.00m,€8.60m
Benjamin Stambouli,14/15,01/09/2014,Montpellier,Tottenham,€5.00m,€5.90m
Mohammed Salisu,23/24,01/08/2023,Southampton,Monaco,€18.00m,€15.00m
Mohammed Salisu,20/21,12/08/2020,Real Valladolid,Southampton,€12.00m,€12.00m
Pierre Kalulu,25/26,01/07/2025,AC Milan,Juventus,€28.00m,€14.30m
Pierre Kalulu,20/21,01/09/2020,Olymp. Lyon B,AC Milan,-,€1.39m
Francis Coquelin,20/21,12/08/2020,Valencia,Villarreal,€14.00m,€7.10m
Francis Coquelin,17/18,11/01/2018,Arsenal,Valencia,€12.00m,€14.00m
Francis Coquelin,08/09,01/07/2008,Stade Laval U17,Arsenal U18,-,€1.00m
Daniel Caligiuri,16/17,25/01/2017,Wolfsburg,FC Schalke 04,€6.50m,€2.50m
Daniel Caligiuri,13/14,01/07/2013,Freiburg,Wolfsburg,€4.50m,€4.50m
Fabien Centonze,22/23,22/09/2022,FC Metz,FC Nantes,€7.00m,€4.00m
Fabien Centonze,19/20,01/07/2019,Lens,FC Metz,€1.50m,€3.00m
Clément Grenier,18/19,24/07/2018,Guingamp,Stade Rennais,€4.00m,€4.00m
Yusuf Yazıcı,19/20,06/08/2019,Trabzonspor,Lille,€13.00m,€18.50m
Mickael Malsa,22/23,12/08/2022,Levante,Real Valladolid,€3.00m,€500k
Mickael Malsa,17/18,21/07/2017,US Avranches,Fortuna Sittard,€150k,€40k
Nedim Bajrami,24/25,30/08/2024,Sassuolo,Rangers,€4.50m,€3.60m
Nedim Bajrami,23/24,01/07/2023,FC Empoli,Sassuolo,€7.50m,€6.00m
Nedim Bajrami,20/21,01/09/2020,Grasshoppers,Empoli,€2.70m,€500k
Lucas Tousart,23/24,19/07/2023,Hertha BSC,Union Berlin,€9.00m,€2.80m
Lucas Tousart,19/20,27/01/2020,Lyon,Hertha BSC,€20.00m,€25.00m
Lucas Tousart,15/16,31/08/2015,Valenciennes FC,Lyon,€400k,€2.60m
Takehiro Tomiyasu,21/22,31/08/2021,Bologna,Arsenal,€20.00m,€18.60m
Takehiro Tomiyasu,19/20,09/07/2019,Sint-Truiden,Bologna,€9.00m,€7.00m
Takehiro Tomiyasu,17/18,16/01/2018,Avispa Fukuoka,Sint-Truiden,€350k,€800k
Julian Draxler,23/24,18/09/2023,PSG,Al-Ahli SC,€6.00m,€9.00m
Julian Draxler,16/17,03/01/2017,Wolfsburg,PSG,€28.00m,€36.00m
Julian Draxler,15/16,31/08/2015,FC Schalke 04,Wolfsburg,€22.00m,€43.00m
Rafael Leão,19/20,01/08/2019,Lille,AC Milan,€15.00m,€49.50m
Rafael Leão,18/19,08/08/2018,Sporting,Lille,€6.00m,€20.20m
Wesley Hoedt,22/23,31/01/2023,RSC Anderlecht,Watford,€3.50m,€2.00m
Wesley Hoedt,17/18,22/08/2017,Lazio,Southampton,€7.50m,€16.00m
Daniele De Rossi,N/A,N/A,N/A,N/A,N/A,N/A
Ole Selnæs,N/A,N/A,N/A,N/A,N/A,N/A
Borna Sosa,25/26,11/07/2025,Ajax,Crystal Palace,€4.50m,€2.30m
Borna Sosa,23/24,01/09/2023,Stuttgart,Ajax,€12.00m,€8.00m
Borna Sosa,18/19,01/07/2018,Dinamo Zagreb,Stuttgart,€1.75m,€6.00m
Giulian Biancone,22/23,03/07/2022,Troyes,Nott'm Forest,€4.00m,€10.00m
Giulian Biancone,21/22,12/08/2021,Monaco,Troyes,€1.30m,€2.50m
Óscar Trejo,13/14,19/07/2013,Sporting Gijón,Toulouse,€2.00m,€2.10m
Óscar Trejo,11/12,01/07/2011,RCD Mallorca,Sporting Gijón,€1.50m,€1.00m
Óscar Trejo,06/07,31/01/2007,Boca Juniors,RCD Mallorca,-,€2.50m
Daniel Baier,07/08,19/07/2007,1860 Munich,Wolfsburg,€750k,€450k
Rubén Duarte,24/25,09/07/2024,Alavés,UNAM Pumas,€3.00m,€4.00m
Rubén Duarte,17/18,01/07/2017,Espanyol,Alavés,€1.00m,€400k
Bouna Sarr,20/21,05/10/2020,Marseille,Bayern Munich,€9.00m,€8.00m
Bouna Sarr,15/16,03/07/2015,FC Metz,Marseille,€1.50m,€2.00m
Berat Djimsiti,N/A,N/A,N/A,N/A,N/A,N/A
Jude Bellingham,23/24,01/07/2023,Dortmund,Real Madrid,€120.00m,€127.00m
Jude Bellingham,20/21,23/07/2020,Birmingham,Dortmund,€11.00m,€30.15m
Phil Foden,N/A,N/A,N/A,N/A,N/A,N/A
Josuha Guilavogui,16/17,01/07/2016,Atlético,Wolfsburg,€12.00m,€3.00m
Josuha Guilavogui,13/14,02/09/2013,Saint-Étienne,Atlético,€6.50m,€10.00m
Morgan Sanson,24/25,01/07/2024,Aston Villa,Nice,€8.00m,€4.00m
Morgan Sanson,20/21,26/01/2021,Marseille,Aston Villa,€20.00m,€15.80m
Morgan Sanson,16/17,17/01/2017,Montpellier,Marseille,€10.00m,€12.00m
Morgan Sanson,13/14,01/07/2013,Le Mans FC,Montpellier,€500k,€700k
Aaron Ramsey,08/09,01/07/2008,Cardiff,Arsenal,€5.00m,€6.40m
Ivan Strinić,17/18,31/08/2017,Napoli,Sampdoria,€4.50m,€1.20m
Ivan Strinić,10/11,27/01/2011,Hajduk Split,Dnipro,€3.00m,€4.00m
Ivan Strinić,08/09,04/07/2008,Hrv Dragovoljac,Hajduk Split,€400k,€20k
Ivan Strinić,06/07,01/08/2006,Hajduk U19,Le Mans UC 72 B,-,€200k
Stanislav Lobotka,19/20,15/01/2020,Celta de Vigo,Napoli,€20.00m,€24.00m
Stanislav Lobotka,17/18,15/07/2017,Nordsjaelland,Celta de Vigo,€1.00m,€5.00m
Stanislav Lobotka,15/16,25/08/2015,AS Trencin,Nordsjaelland,€600k,€500k
Santi Mina,15/16,04/07/2015,Celta de Vigo,Valencia,€4.00m,€10.00m
Nayef Aguerd,25/26,01/09/2025,West Ham,Marseille,€18.00m,€23.00m
Nayef Aguerd,22/23,01/07/2022,Stade Rennais,West Ham,€12.00m,€35.00m
Nayef Aguerd,20/21,14/08/2020,Dijon,Stade Rennais,€4.00m,€4.00m
Nayef Aguerd,18/19,01/07/2018,FUS Rabat,Dijon,€900k,€1.60m
Nayef Aguerd,13/14,01/07/2013,AM Football,FUS Rabat,-,€15k
Hamed Junior Traorè,23/24,01/07/2023,Sassuolo,Bournemouth,€22.00m,€25.62m
Hamed Junior Traorè,21/22,01/07/2021,FC Empoli,Sassuolo,€20.00m,€16.00m
Matthew Lowton,15/16,01/07/2015,Aston Villa,Burnley,€2.00m,€1.40m
Matthew Lowton,12/13,06/07/2012,Sheff Utd,Aston Villa,€3.50m,€3.75m
José Luis Palomino,17/18,01/07/2017,Ludogorets,Atalanta,€2.50m,€4.70m
Maxime Le Marchand,18/19,12/07/2018,Nice,Fulham,€4.00m,€4.00m
Maxime Le Marchand,15/16,01/07/2015,Le Havre AC,Nice,€800k,€600k
Ante Rebić,20/21,12/09/2020,Frankfurt,AC Milan,€32.00m,€6.70m
Ante Rebić,18/19,01/07/2018,Fiorentina,Frankfurt,€10.00m,€4.50m
Ante Rebić,13/14,28/08/2013,RNK Split,Fiorentina,€1.00m,€4.50m
Marcos Acuña,24/25,20/08/2024,Sevilla FC,River Plate,€4.00m,€1.00m
Marcos Acuña,20/21,14/09/2020,Sporting,Sevilla FC,€12.00m,€11.25m
Marcos Acuña,17/18,21/07/2017,Racing Club,Sporting,€7.00m,€9.59m
Marcos Acuña,14/15,18/07/2014,Ferro,Racing Club,€50k,€445k
Julian Weigl,25/26,01/09/2025,Mönchengladbach,Al-Qadsiah,€6.00m,€8.00m
Julian Weigl,23/24,01/07/2023,Benfica,Mönchengladbach,€10.00m,€7.18m
Julian Weigl,19/20,01/01/2020,Dortmund,Benfica,€23.00m,€20.00m
Julian Weigl,15/16,01/07/2015,1860 Munich,Dortmund,€2.00m,€2.50m
Diego Godín,10/11,04/08/2010,Villarreal,Atlético,€12.00m,€8.00m
Diego Godín,07/08,02/08/2007,Nacional,Villarreal,-,€800k
Diego Godín,02/03,19/03/2003,Defensor SC U19,CA Cerro,-,€500
Jannik Vestergaard,21/22,13/08/2021,Southampton,Leicester,€18.00m,€17.60m
Jannik Vestergaard,18/19,13/07/2018,Mönchengladbach,Southampton,€14.00m,€25.00m
Jannik Vestergaard,16/17,01/07/2016,Werder Bremen,Mönchengladbach,€7.00m,€12.50m
Jannik Vestergaard,14/15,27/01/2015,Hoffenheim,Werder Bremen,€3.00m,€4.50m
Bruno Ecuele Manga,19/20,18/07/2019,Cardiff,Dijon,€3.00m,€2.00m
Bruno Ecuele Manga,14/15,01/09/2014,FC Lorient,Cardiff,€5.00m,€6.30m
Bruno Ecuele Manga,10/11,05/07/2010,Angers SCO,FC Lorient,€3.00m,€2.50m
Piero Hincapié,26/27,01/07/2026,Leverkusen,Arsenal,€50.00m,€52.00m
Piero Hincapié,21/22,16/08/2021,CA Talleres,Leverkusen,€8.00m,€6.35m
Piero Hincapié,20/21,20/08/2020,Independiente,CA Talleres,€600k,€3.55m
Rubén Alcaraz,22/23,01/07/2022,Real Valladolid,Cádiz CF,€2.50m,€1.00m
Rubén Alcaraz,18/19,03/08/2018,Girona,Real Valladolid,€800k,€1.00m
Sofiane Boufal,22/23,31/01/2023,Angers SCO,Al-Rayyan,€10.00m,€6.00m
Sofiane Boufal,16/17,29/08/2016,Lille,Southampton,€13.00m,€18.70m
Sofiane Boufal,14/15,09/01/2015,Angers SCO,Lille,€800k,€3.00m
Marc Albrighton,N/A,N/A,N/A,N/A,N/A,N/A
Éder Militão,19/20,01/07/2019,Porto,Real Madrid,€50.00m,€50.00m
Éder Militão,18/19,07/08/2018,São Paulo,Porto,€8.00m,€7.00m
Vicente Iborra,18/19,07/01/2019,Leicester,Villarreal,€9.00m,€10.00m
Vicente Iborra,17/18,06/07/2017,Sevilla FC,Leicester,€9.00m,€15.00m
Vicente Iborra,13/14,16/08/2013,Levante,Sevilla FC,€4.00m,€4.20m
Wesley Lautoa,17/18,09/07/2017,FC Lorient,Dijon,€2.00m,€1.50m
Wesley Lautoa,11/12,31/01/2012,CS Sedan,FC Lorient,€1.00m,€2.00m
Lucas Deaux,19/20,22/08/2019,Guingamp,Nîmes Olympique,€2.50m,€1.00m
Lucas Deaux,15/16,03/01/2016,FC Nantes,KAA Gent,€3.00m,€500k
José Ángel,24/25,01/07/2024,Leipzig,Roma,€8.00m,€5.40m
José Ángel,21/22,01/07/2021,Man City,Leipzig,€35.00m,€18.00m
José Ángel,19/20,03/07/2019,PSV,Man City,€16.00m,€12.00m
José Ángel,18/19,01/07/2018,Man City U23,PSV,€3.00m,€5.50m
José Ángel,13/14,03/07/2013,Deportivo Yth.,Man City U18,-,€4.50m
Martín Montoya,18/19,09/08/2018,Valencia,Brighton,€8.00m,€7.00m
Nicolò Rovella,25/26,01/07/2025,Juventus,Lazio,€30.00m,€17.00m
Nicolò Rovella,20/21,28/01/2021,Genoa,Juventus,€4.00m,€26.00m
Yussuf Poulsen,25/26,13/07/2025,Leipzig,Hamburg,€5.00m,€1.00m
Yussuf Poulsen,13/14,04/07/2013,Lyngby BK,Leipzig,€400k,€1.55m
Loïc Perrin,N/A,N/A,N/A,N/A,N/A,N/A
Danilo Cataldi,N/A,N/A,N/A,N/A,N/A,N/A
Franck Honorat,23/24,11/07/2023,Stade Brestois,Mönchengladbach,€10.00m,€8.00m
Franck Honorat,20/21,01/07/2020,Saint-Étienne,Stade Brestois,€1.60m,€5.00m
Franck Honorat,18/19,28/08/2018,Clermont Foot,Saint-Étienne,€800k,€2.00m
Jonjo Shelvey,22/23,31/01/2023,Newcastle,Nott'm Forest,€7.00m,€6.50m
Jonjo Shelvey,15/16,12/01/2016,Swansea,Newcastle,€12.00m,€16.00m
Jonjo Shelvey,13/14,03/07/2013,Liverpool,Swansea,€5.50m,€5.80m
Jonjo Shelvey,10/11,01/07/2010,Charlton,Liverpool,€950k,€2.00m
Javi López,24/25,21/07/2024,Alavés,Real Sociedad,€7.50m,€6.50m
Timo Hübers,N/A,N/A,N/A,N/A,N/A,N/A
Luis Díaz,25/26,30/07/2025,Liverpool,Bayern Munich,€70.00m,€70.00m
Luis Díaz,21/22,30/01/2022,Porto,Liverpool,€40.00m,€49.00m
Luis Díaz,19/20,10/07/2019,Junior FC,Porto,€2.00m,€7.22m
Jeison Murillo,19/20,14/01/2020,Valencia,Sampdoria,€8.00m,€13.30m
Jeison Murillo,18/19,01/07/2018,Inter,Valencia,€15.00m,€12.00m
Jeison Murillo,15/16,01/07/2015,Granada CF,Inter,€8.00m,€8.00m
Phil Jones,11/12,01/07/2011,Blackburn,Man Utd,€3.50m,€19.30m
Samu Castillejo,18/19,17/08/2018,Villarreal,AC Milan,€15.00m,€21.30m
Samu Castillejo,15/16,01/07/2015,Málaga CF,Villarreal,€7.50m,€8.00m
Rafael Tolói,15/16,26/08/2015,São Paulo,Atalanta,€5.00m,€3.87m
Rafael Tolói,12/13,06/07/2012,Goiás,São Paulo,€3.00m,€3.00m
Filip Đuričić,N/A,N/A,N/A,N/A,N/A,N/A
Arthur Melo,20/21,01/09/2020,Barcelona,Juventus,€56.00m,€80.60m
Arthur Melo,18/19,09/07/2018,Grêmio,Barcelona,€30.00m,€31.00m
Youssouf Sabaly,25/26,01/07/2025,Real Betis,Al-Duhail SC,€1.80m,€2.00m
Youssouf Sabaly,17/18,01/07/2017,PSG,G. Bordeaux,€4.50m,€4.00m
Kostas Manolas,21/22,01/01/2022,Napoli,Olympiacos,€5.00m,€2.50m
Kostas Manolas,19/20,01/07/2019,Roma,Napoli,€45.00m,€36.00m
Kostas Manolas,14/15,26/08/2014,Olympiacos,Roma,€6.00m,€15.00m
Kostas Manolas,09/10,01/07/2009,Thrasyvoulos,AEK Athens,€100k,€50k
Naldo,21/22,31/08/2021,Juventus,Man Utd,€45.00m,€17.00m
Naldo,18/19,10/07/2018,Real Madrid,Juventus,€100.00m,€117.00m
Naldo,09/10,06/07/2009,Man Utd,Real Madrid,€60.00m,€94.00m
Naldo,03/04,12/08/2003,Sporting,Man Utd,-,€19.00m
Naldo,97/98,01/07/1997,Nacional U15,Sporting Sub-15,-,€2k
Ethan Pinnock,19/20,02/07/2019,Barnsley,Brentford,€500k,€3.35m
Ethan Pinnock,17/18,01/07/2017,Forest Green,Barnsley,-,€570k
Joško Gvardiol,23/24,05/08/2023,Leipzig,Man City,€75.00m,€90.00m
Joško Gvardiol,21/22,01/07/2021,Dinamo Zagreb,Leipzig,€19.00m,€36.80m
Jerdy Schouten,23/24,16/08/2023,Bologna,PSV,€12.00m,€12.35m
Jerdy Schouten,19/20,05/07/2019,Excelsior,Bologna,€2.00m,€2.15m
Jerdy Schouten,18/19,01/07/2018,Telstar,Excelsior,€300k,€300k
Pierre Lees-Melou,25/26,28/08/2025,Stade Brestois,Paris FC,€6.00m,€5.80m
Pierre Lees-Melou,22/23,23/07/2022,Norwich,Stade Brestois,€5.00m,€2.30m
Pierre Lees-Melou,21/22,13/07/2021,Nice,Norwich,€7.00m,€3.90m
Pierre Lees-Melou,17/18,01/07/2017,Dijon,Nice,€2.50m,€4.00m
Mario Götze,22/23,01/07/2022,PSV,Frankfurt,€10.00m,€3.00m
Mario Götze,16/17,21/07/2016,Bayern Munich,Dortmund,€35.00m,€22.00m
Mario Götze,13/14,01/07/2013,Dortmund,Bayern Munich,€45.00m,€37.00m
Fran Mérida,16/17,21/07/2016,SD Huesca,CA Osasuna,€1.00m,€500k
Fran Mérida,05/06,01/07/2005,Barça U16,Arsenal U18,-,€3.20m
Pablo,15/16,01/07/2015,Real Betis Yth.,Barça Youth,-,€10k
Piotr Zieliński,16/17,04/08/2016,Udinese,Napoli,€12.00m,€16.00m
Piotr Zieliński,11/12,01/07/2011,Lubin II,Udinese U19,€50k,€100k
Amadou Haidara,25/26,01/01/2026,Leipzig,Lens,€6.00m,€2.00m
Amadou Haidara,18/19,01/01/2019,Salzburg,Leipzig,€20.00m,€19.00m
Amadou Haidara,16/17,27/07/2016,JMG Bamako,Salzburg,-,€800k
Dominik Kohr,22/23,01/07/2022,Frankfurt,Mainz,€5.00m,€1.50m
Dominik Kohr,19/20,03/07/2019,Leverkusen,Frankfurt,€4.00m,€8.50m
Dominik Kohr,17/18,01/07/2017,Augsburg,Leverkusen,€3.50m,€2.00m
Dominik Kohr,15/16,01/07/2015,Leverkusen,Augsburg,€2.50m,€1.40m
Sidnei,18/19,02/08/2018,Dep. La Coruña,Real Betis,€4.00m,€4.50m
Sidnei,15/16,23/07/2015,Benfica,Dep. La Coruña,€3.00m,€6.50m
Sidnei,08/09,24/07/2008,Internacional,Benfica,€1.50m,€7.00m
Júnior Alonso,24/25,10/07/2024,Krasnodar,Atlético-MG,€8.00m,€1.10m
Júnior Alonso,21/22,07/01/2022,Atlético-MG,Krasnodar,€7.00m,€8.00m
Júnior Alonso,20/21,02/07/2020,Lille,Atlético-MG,€2.40m,€3.00m
Júnior Alonso,16/17,31/01/2017,Cerro Porteño,Lille,-,€2.50m
Santi Comesaña,N/A,N/A,N/A,N/A,N/A,N/A
Dimitri Liénard,N/A,N/A,N/A,N/A,N/A,N/A
Marko Grujić,22/23,01/07/2022,Liverpool,Porto,€12.00m,€9.00m
Marko Grujić,15/16,06/01/2016,Red Star,Liverpool,€3.00m,€7.00m
Youssouf Fofana,24/25,17/08/2024,Monaco,AC Milan,€30.00m,€26.00m
Youssouf Fofana,19/20,29/01/2020,R. Strasbourg,Monaco,€6.00m,€15.00m
Santiago Ascacíbar,25/26,27/01/2026,Estudiantes LP,Boca Juniors,€7.00m,€2.65m
Santiago Ascacíbar,23/24,01/07/2023,Hertha BSC,Estudiantes LP,€6.50m,€2.50m
Santiago Ascacíbar,19/20,01/01/2020,Stuttgart,Hertha BSC,€10.00m,€10.00m
Santiago Ascacíbar,17/18,22/08/2017,Estudiantes LP,Stuttgart,€7.50m,€6.00m
Marvelous Nakamba,23/24,20/07/2023,Aston Villa,Luton,€4.00m,€2.90m
Marvelous Nakamba,19/20,01/08/2019,Club Brugge,Aston Villa,€6.50m,€12.00m
Marvelous Nakamba,17/18,01/07/2017,Vitesse,Club Brugge,€3.00m,€3.95m
Marc Roca,24/25,01/07/2024,Leeds,Real Betis,€9.00m,€4.50m
Marc Roca,22/23,01/07/2022,Bayern Munich,Leeds,€7.00m,€12.00m
Marc Roca,20/21,04/10/2020,Espanyol,Bayern Munich,€16.00m,€9.00m
Youssouf Koné,19/20,03/07/2019,Lille,Lyon,€5.00m,€9.00m
Franck Kessié,23/24,09/08/2023,Barcelona,Al-Ahli,€25.00m,€12.50m
Franck Kessié,19/20,01/07/2019,Atalanta,AC Milan,€33.00m,€32.00m
Franck Kessié,15/16,01/07/2015,Stella Club,Atalanta,€300k,€1.50m
Ghislain Konan,18/19,01/07/2018,Vit. Guimarães,Stade Reims,€2.00m,€4.00m
Senad Lulić,11/12,01/07/2011,Young Boys,Lazio,€2.50m,€3.25m
Senad Lulić,10/11,01/07/2010,Grasshoppers,Young Boys,€900k,€420k
Moussa Niakhate,24/25,04/07/2024,Nott'm Forest,Lyon,€16.00m,€31.90m
Moussa Niakhate,22/23,06/07/2022,Mainz,Nott'm Forest,€18.00m,€13.80m
Moussa Niakhate,18/19,07/07/2018,FC Metz,Mainz,€5.00m,€6.00m
Dante,16/17,23/08/2016,Wolfsburg,Nice,€2.00m,€2.50m
Dante,15/16,30/08/2015,Bayern Munich,Wolfsburg,€6.00m,€4.50m
Dante,12/13,01/07/2012,Mönchengladbach,Bayern Munich,€8.00m,€4.70m
Dante,08/09,01/01/2009,Standard Liège,Mönchengladbach,€2.50m,€2.50m
Dante,06/07,01/01/2007,R Charleroi SC,Standard Liège,€800k,€600k
Dante,06/07,01/07/2006,Lille,R Charleroi SC,€250k,€100k
Nolito,17/18,16/07/2017,Man City,Sevilla FC,€12.00m,€7.00m
Nolito,16/17,01/07/2016,Celta de Vigo,Man City,€15.00m,€18.00m
Nolito,13/14,01/07/2013,Benfica,Celta de Vigo,€7.00m,€4.00m
Álvaro Morata,24/25,19/07/2024,Atlético,AC Milan,€16.00m,€17.20m
Álvaro Morata,20/21,01/07/2020,Chelsea,Atlético,€36.00m,€35.00m
Álvaro Morata,17/18,21/07/2017,Real Madrid,Chelsea,€40.00m,€66.00m
Álvaro Morata,16/17,01/07/2016,Juventus,Real Madrid,€30.00m,€30.00m
Álvaro Morata,14/15,19/07/2014,Real Madrid,Juventus,€12.00m,€20.00m
Milot Rashica,23/24,16/08/2023,Norwich,Besiktas,€8.50m,€5.25m
Milot Rashica,21/22,01/07/2021,Werder Bremen,Norwich,€9.00m,€11.00m
Milot Rashica,17/18,31/01/2018,Vitesse,Werder Bremen,€5.00m,€8.10m
Milot Rashica,15/16,01/07/2015,FC Vushtrria,Vitesse,€50k,€300k
Jacopo Sala,16/17,01/07/2016,Hellas Verona,Sampdoria,€2.50m,€2.60m
Jacopo Sala,13/14,24/07/2013,Hamburg,Hellas Verona,€700k,€100k
Jacopo Sala,11/12,01/07/2011,Chelsea Res.,Hamburg,-,€100k
Adam Webster,19/20,03/08/2019,Bristol City,Brighton,€9.00m,€22.22m
Adam Webster,18/19,01/07/2018,Ipswich,Bristol City,€750k,€4.00m
Adam Webster,16/17,01/07/2016,Portsmouth,Ipswich,€150k,€950k
Jonas Martin,19/20,02/09/2019,R. Strasbourg,Stade Rennais,€5.00m,€4.00m
Jonas Martin,17/18,25/07/2017,Real Betis,R. Strasbourg,€2.50m,€1.50m
Jonas Martin,16/17,01/07/2016,Montpellier,Real Betis,€3.00m,€2.60m
Yohan Cabaye,15/16,01/07/2015,PSG,Crystal Palace,€16.00m,€13.90m
Yohan Cabaye,13/14,29/01/2014,Newcastle,PSG,€20.00m,€25.00m
Yohan Cabaye,11/12,01/07/2011,Lille,Newcastle,€11.00m,€5.00m
Mikel Oyarzabal,N/A,N/A,N/A,N/A,N/A,N/A
Ainsley Maitland-Niles,N/A,N/A,N/A,N/A,N/A,N/A
Pedro Obiang,19/20,24/07/2019,West Ham,Sassuolo,€7.00m,€7.75m
Pedro Obiang,15/16,01/07/2015,Sampdoria,West Ham,€8.00m,€6.00m
Pedro Obiang,08/09,01/07/2008,Atl. Madrid U17,Sampdoria U19,-,€130k
Christian Groß,N/A,N/A,N/A,N/A,N/A,N/A
Mauro Icardi,23/24,26/07/2023,PSG,Galatasaray,€19.00m,€10.00m
Mauro Icardi,20/21,01/07/2020,Inter,PSG,€60.00m,€50.00m
Mauro Icardi,13/14,09/07/2013,Sampdoria,Inter,€12.00m,€13.00m
Mauro Icardi,11/12,16/07/2011,Barça U19,Sampdoria,€200k,€300k
Mattia De Sciglio,17/18,20/07/2017,AC Milan,Juventus,€8.50m,€12.00m
Gianluca Mancini,20/21,01/09/2020,Atalanta,Roma,€22.00m,€24.00m
Gianluca Mancini,16/17,12/01/2017,Perugia,Atalanta,€200k,€1.90m
Gianluca Mancini,16/17,01/08/2016,Fiorentina,Perugia,€200k,€150k
Bastian Oczipka,17/18,15/07/2017,Frankfurt,FC Schalke 04,€3.50m,€4.50m
Bastian Oczipka,12/13,01/07/2012,Leverkusen,Frankfurt,€1.50m,€500k
Martín Zubimendi,25/26,06/07/2025,Real Sociedad,Arsenal,€60.00m,€70.00m
Chris Smalling,24/25,02/09/2024,Roma,Al-Fayha,€2.50m,€800k
Chris Smalling,20/21,05/10/2020,Man Utd,Roma,€20.00m,€15.00m
Chris Smalling,10/11,01/07/2010,Fulham,Man Utd,€2.00m,€8.00m
Wilfried Zaha,14/15,02/02/2015,Man Utd,Crystal Palace,€8.00m,€3.80m
Wilfried Zaha,12/13,25/01/2013,Crystal Palace,Man Utd,€3.50m,€11.75m
Tomás Pina Isla,18/19,12/08/2018,Club Brugge,Alavés,€1.80m,€1.50m
Tomás Pina Isla,16/17,04/07/2016,Villarreal,Club Brugge,€3.50m,€3.00m
Tomás Pina Isla,13/14,05/07/2013,RCD Mallorca,Villarreal,€4.00m,€5.00m
Gylfi Sigurðsson,24/25,17/03/2025,Valur,Víkingur,€500k,€135k
Gylfi Sigurðsson,17/18,16/08/2017,Swansea,Everton,€25.00m,€49.40m
Gylfi Sigurðsson,14/15,23/07/2014,Tottenham,Swansea,€8.00m,€10.10m
Gylfi Sigurðsson,12/13,04/07/2012,Hoffenheim,Tottenham,€8.50m,€10.00m
Gylfi Sigurðsson,10/11,31/08/2010,Reading,Hoffenheim,€5.00m,€5.20m
James Justin,25/26,25/08/2025,Leicester,Leeds,€13.00m,€9.30m
James Justin,19/20,01/07/2019,Luton,Leicester,-,€6.70m
Douglas Luiz,24/25,01/07/2024,Aston Villa,Juventus,€70.00m,€51.50m
Douglas Luiz,19/20,25/07/2019,Man City,Aston Villa,€2.50m,€16.80m
Douglas Luiz,17/18,15/07/2017,Vasco da Gama,Man City,-,€12.00m
Oleksandr Zinchenko,25/26,01/02/2026,Arsenal,Ajax,€15.00m,€1.50m
Oleksandr Zinchenko,22/23,22/07/2022,Man City,Arsenal,€25.00m,€35.00m
Oleksandr Zinchenko,16/17,04/07/2016,Ufa,Man City,€4.00m,€2.25m
Mahdi Camara,25/26,13/08/2025,Stade Brestois,Stade Rennais,€9.00m,€8.00m
Mahdi Camara,23/24,01/07/2023,Saint-Étienne,Stade Brestois,€3.00m,€3.00m
Dele Alli,14/15,02/02/2015,MK Dons,Tottenham,€2.00m,€6.63m
Salih Özcan,22/23,01/07/2022,1.FC Köln,Dortmund,€13.00m,€5.00m
Youssef En-Nesyri,25/26,02/02/2026,Fenerbahçe,Al-Ittihad,€22.00m,€15.00m
Youssef En-Nesyri,24/25,24/07/2024,Sevilla FC,Fenerbahçe,€20.00m,€19.50m
Youssef En-Nesyri,19/20,16/01/2020,CD Leganés,Sevilla FC,€12.00m,€20.00m
Youssef En-Nesyri,18/19,17/08/2018,Málaga CF,CD Leganés,€6.00m,€6.00m
Youssef En-Nesyri,15/16,01/07/2015,AM Football,Málaga U19,-,€125k
Paul Lasne,N/A,N/A,N/A,N/A,N/A,N/A
Sven Botman,22/23,01/07/2022,Lille,Newcastle,€30.00m,€37.00m
Sven Botman,20/21,31/07/2020,Ajax U21,Lille,€1.30m,€8.00m
Víctor Sánchez,99/00,01/07/1999,Racing,Dep. La Coruña,-,€7.60m
Víctor Sánchez,98/99,01/07/1998,Real Madrid,Racing,-,€3.61m
Frederic Guilbert,18/19,31/01/2019,SM Caen,Aston Villa,€7.00m,€5.00m
Frederic Guilbert,17/18,28/07/2017,G. Bordeaux,SM Caen,€2.50m,€1.50m
Martin Terrier,24/25,18/07/2024,Stade Rennais,Leverkusen,€20.00m,€20.00m
Martin Terrier,20/21,06/07/2020,Lyon,Stade Rennais,€10.50m,€12.00m
Martin Terrier,17/18,26/01/2018,Lille,Lyon,€12.00m,€11.00m
Niklas Moisander,16/17,09/07/2016,Sampdoria,Werder Bremen,€3.00m,€1.70m
Niklas Moisander,12/13,21/08/2012,AZ Alkmaar,Ajax,€5.00m,€4.00m
Niklas Moisander,08/09,11/07/2008,FC Zwolle,AZ Alkmaar,€400k,€600k
Danilo Barbosa,18/19,01/07/2018,Braga,Nice,€7.00m,€10.00m
Danilo Barbosa,14/15,01/07/2014,Vasco da Gama,Braga,-,€4.50m
Ashley Young,19/20,17/01/2020,Man Utd,Inter,€4.00m,€1.70m
Ashley Young,11/12,01/07/2011,Aston Villa,Man Utd,€18.00m,€18.00m
Ashley Young,06/07,23/01/2007,Watford,Aston Villa,€6.50m,€13.20m
Matty Cash,20/21,03/09/2020,Nott'm Forest,Aston Villa,€4.80m,€15.75m
Radja Nainggolan,25/26,16/01/2026,KSC Lokeren,Patro Eisden,€250k,€75k
Radja Nainggolan,18/19,01/07/2018,Roma,Inter,€45.00m,€38.00m
Radja Nainggolan,14/15,01/07/2014,Cagliari,Roma,€18.00m,€15.00m
Radja Nainggolan,09/10,01/01/2010,Piacenza,Cagliari,€1.30m,€1.30m
Radja Nainggolan,04/05,01/07/2004,G. Beerschot U19,Piacenza U19,-,€120k
Cristiano Biraghi,25/26,01/07/2025,Fiorentina,Torino,€1.80m,€260k
Cristiano Biraghi,18/19,01/07/2018,Pescara,Fiorentina,€5.00m,€3.00m
Cristiano Biraghi,16/17,11/07/2016,Inter,Pescara,€2.50m,€5.00m
Cristiano Biraghi,14/15,01/07/2014,Cittadella,Inter,€2.50m,€700k
Cristiano Biraghi,13/14,01/07/2013,Inter,Cittadella,€800k,€150k
Enzo Le Fée,25/26,01/07/2025,Roma,Sunderland,€18.00m,€23.75m
Enzo Le Fée,24/25,10/07/2024,Stade Rennais,Roma,€18.00m,€23.00m
Enzo Le Fée,23/24,07/07/2023,FC Lorient,Stade Rennais,€20.00m,€20.00m
Kévin Malcuit,18/19,08/08/2018,Lille,Napoli,€7.50m,€12.00m
Kévin Malcuit,17/18,08/07/2017,Saint-Étienne,Lille,€3.00m,€9.00m
Kévin Malcuit,15/16,28/08/2015,Chamois Niort,Saint-Étienne,€600k,€500k
Óliver Torres,19/20,15/07/2019,Porto,Sevilla FC,€17.00m,€11.00m
Óliver Torres,17/18,01/07/2017,Atlético,Porto,€14.00m,€20.00m
Ander Iturraspe,N/A,N/A,N/A,N/A,N/A,N/A
Gonzalo Villar,25/26,01/07/2025,Granada CF,Dinamo Zagreb,€2.00m,€3.00m
Gonzalo Villar,23/24,04/08/2023,Roma,Granada CF,€2.80m,€1.80m
Gonzalo Villar,19/20,30/01/2020,Elche CF,Roma,€700k,€5.00m
Gonzalo Villar,18/19,09/07/2018,Valencia B,Elche CF,€200k,€4.00m
Gonzalo Villar,15/16,01/07/2015,Elche U19,Valencia U19,-,€175k
Matías Vecino,17/18,02/08/2017,Fiorentina,Inter,€13.00m,€24.00m
Matías Vecino,12/13,19/01/2013,Nacional,Fiorentina,€500k,€2.30m
Matías Vecino,11/12,12/08/2011,Central Español,Nacional,€250k,€327k
Lautaro Martínez,18/19,04/07/2018,Racing Club,Inter,€25.00m,€25.00m
Vitor Hugo,24/25,28/02/2025,Barcelona,Palmeiras,€20.00m,€25.50m
Vitor Hugo,23/24,01/01/2024,Athletico-PR,Barcelona,€40.00m,€30.00m
Vitor Hugo,21/22,11/04/2022,Cruzeiro,Athletico-PR,€300k,€4.70m
Alberto Aquilani,12/13,03/08/2012,Liverpool,Fiorentina,€9.00m,€2.00m
Alberto Aquilani,09/10,07/08/2009,Roma,Liverpool,€15.00m,€20.00m
Uwe Hünemeier,15/16,12/08/2015,SC Paderborn,Brighton,€1.50m,€2.70m
Uwe Hünemeier,10/11,01/07/2010,Dortmund,Energie Cottbus,€400k,€100k
Gabriel Paulista,17/18,18/08/2017,Arsenal,Valencia,€13.00m,€11.00m
Gabriel Paulista,14/15,28/01/2015,Villarreal,Arsenal,€8.00m,€15.00m
Gabriel Paulista,13/14,21/08/2013,EC Vitória,Villarreal,€1.00m,€3.30m
Gonçalo Guedes,25/26,04/08/2025,Wolves,Real Sociedad,€11.00m,€4.00m
Gonçalo Guedes,22/23,08/08/2022,Valencia,Wolves,€40.00m,€32.60m
Gonçalo Guedes,18/19,27/08/2018,PSG,Valencia,€40.00m,€40.00m
Gonçalo Guedes,16/17,25/01/2017,Benfica,PSG,€9.00m,€30.00m
Pascal Stenzel,20/21,01/07/2020,Freiburg,Stuttgart,€2.40m,€1.30m
Pascal Stenzel,17/18,01/07/2017,Dortmund,Freiburg,€3.00m,€4.00m
Youssef Aït Bennasser,16/17,01/07/2016,AS Nancy,Monaco,€2.00m,€3.00m
Dan Burn,21/22,31/01/2022,Brighton,Newcastle,€3.50m,€15.00m
Dan Burn,18/19,09/08/2018,Wigan,Brighton,€750k,€3.55m
Brendan Chardonnet,N/A,N/A,N/A,N/A,N/A,N/A
Pasquale Schiattarella,21/22,07/08/2021,Benevento,Parma,€1.00m,€240k
Pasquale Schiattarella,13/14,13/01/2014,AS Livorno,Spezia Calcio,€1.60m,€1.20m
Stephan El Shaarawy,19/20,08/07/2019,Roma,SH Shenhua,€30.00m,€16.00m
Stephan El Shaarawy,16/17,01/07/2016,AC Milan,Roma,€17.00m,€13.00m
Stephan El Shaarawy,11/12,01/07/2011,Genoa,AC Milan,€7.00m,€20.30m
Daryl Janmaat,16/17,23/08/2016,Newcastle,Watford,€7.50m,€8.90m
Daryl Janmaat,14/15,17/07/2014,Feyenoord,Newcastle,€5.00m,€6.00m
Daryl Janmaat,08/09,01/07/2008,ADO Den Haag,Heerenveen,€450k,€1.80m
Mark Noble,N/A,N/A,N/A,N/A,N/A,N/A
Diego Carlos,24/25,23/01/2025,Aston Villa,Fenerbahçe,€11.00m,€11.47m
Diego Carlos,22/23,01/07/2022,Sevilla FC,Aston Villa,€40.00m,€31.00m
Diego Carlos,19/20,01/07/2019,FC Nantes,Sevilla FC,€13.00m,€15.00m
Diego Carlos,16/17,01/07/2016,Estoril,FC Nantes,€1.00m,€1.30m
Paco Alcácer,19/20,30/01/2020,Dortmund,Villarreal,€42.00m,€25.00m
Paco Alcácer,19/20,01/07/2019,Barcelona,Dortmund,€37.00m,€21.00m
Paco Alcácer,16/17,30/08/2016,Valencia,Barcelona,€25.00m,€30.00m
Clément Lenglet,18/19,12/07/2018,Sevilla FC,Barcelona,€36.00m,€35.90m
Clément Lenglet,16/17,04/01/2017,AS Nancy,Sevilla FC,€2.50m,€5.40m
Michail Antonio,15/16,01/09/2015,Nott'm Forest,West Ham,€2.50m,€9.50m
Michail Antonio,14/15,06/08/2014,Sheff Wed,Nott'm Forest,€1.50m,€1.90m
Michail Antonio,12/13,06/08/2012,Reading,Sheff Wed,€250k,€900k
Yunis Abdelhamid,N/A,N/A,N/A,N/A,N/A,N/A
Loris Benito,22/23,04/07/2022,FC Sion,Young Boys,€800k,€800k
Loris Benito,15/16,01/07/2015,Benfica,Young Boys,€2.50m,€3.00m
Loris Benito,14/15,08/07/2014,FC Zürich,Benfica,€2.25m,€3.00m
Patrick van Aanholt,16/17,30/01/2017,Sunderland,Crystal Palace,€6.00m,€10.50m
Patrick van Aanholt,14/15,25/07/2014,Chelsea,Sunderland,€3.50m,€1.90m
Patrick van Aanholt,07/08,01/07/2007,PSV U17,Chelsea U18,-,€300k
Musa Barrow,23/24,04/09/2023,Bologna,Al-Taawoun,€11.00m,€6.00m
Musa Barrow,21/22,01/07/2021,Atalanta,Bologna,€20.00m,€14.34m
Musa Barrow,16/17,01/02/2017,Hawks FC,Atalanta U19,-,€200k
Salva Sevilla,N/A,N/A,N/A,N/A,N/A,N/A
Benjamin Hübner,16/17,01/07/2016,FC Ingolstadt,Hoffenheim,€2.25m,€800k
Florian Kainz,18/19,18/01/2019,Werder Bremen,1.FC Köln,€4.00m,€3.00m
Florian Kainz,16/17,01/07/2016,Rapid Vienna,Werder Bremen,€4.50m,€3.50m
Florian Kainz,14/15,22/07/2014,Sturm Graz,Rapid Vienna,€900k,€350k
Gary Cahill,11/12,16/01/2012,Bolton,Chelsea,€13.00m,€8.40m
Gary Cahill,07/08,30/01/2008,Aston Villa,Bolton,€2.00m,€6.00m
Ahmed Elmohamady,17/18,19/07/2017,Hull City,Aston Villa,€4.00m,€1.10m
Ahmed Elmohamady,13/14,01/07/2013,Sunderland,Hull City,€2.50m,€2.30m
Ahmed Elmohamady,11/12,01/07/2011,Enppi SC,Sunderland,€4.00m,€2.50m
Sacha Boey,23/24,28/01/2024,Galatasaray,Bayern Munich,€22.00m,€30.00m
Sacha Boey,21/22,26/07/2021,Stade Rennais,Galatasaray,€2.50m,€5.65m
Zeki Çelik,22/23,05/07/2022,Lille,Roma,€18.00m,€7.40m
Zeki Çelik,18/19,07/07/2018,Istanbulspor,Lille,€800k,€2.50m
Zeki Çelik,16/17,25/08/2016,Bursaspor,Istanbulspor,€100k,€1.25m
Sergi Roberto,N/A,N/A,N/A,N/A,N/A,N/A
Lucas Castro,20/21,01/09/2020,Cagliari,SPAL,€2.20m,€3.00m
Lucas Castro,18/19,01/07/2018,Chievo Verona,Cagliari,€7.00m,€5.90m
Lucas Castro,15/16,01/07/2015,Catania,Chievo Verona,€2.80m,€3.50m
Lucas Castro,12/13,20/07/2012,Racing Club,Catania,€2.20m,€2.00m
Lucas Castro,11/12,03/08/2011,Gimnasia,Racing Club,€900k,€2.50m
Manu Trigueros,10/11,01/07/2010,Murcia Imperial,FC Villarreal C,-,€100k
Daniele Baselli,15/16,10/07/2015,Atalanta,Torino,€3.80m,€6.00m
Daniele Baselli,13/14,01/07/2013,Cittadella,Atalanta,€900k,€800k
Álex Moreno,22/23,11/01/2023,Real Betis,Aston Villa,€20.00m,€13.50m
Álex Moreno,19/20,21/08/2019,Rayo Vallecano,Real Betis,€12.00m,€9.70m
João Félix,25/26,29/07/2025,Chelsea,Al-Nassr,€20.00m,€30.00m
João Félix,24/25,21/08/2024,Atlético,Chelsea,€30.00m,€52.00m
João Félix,19/20,03/07/2019,Benfica,Atlético,€70.00m,€127.20m
Florent Mollet,22/23,17/01/2023,FC Schalke 04,FC Nantes,€2.50m,€1.50m
Florent Mollet,22/23,01/07/2022,Montpellier,FC Schalke 04,€6.00m,€500k
Florent Mollet,18/19,11/07/2018,FC Metz,Montpellier,€1.25m,€2.60m
Kenny Tete,20/21,10/09/2020,Lyon,Fulham,€5.50m,€3.20m
Kenny Tete,17/18,10/07/2017,Ajax,Lyon,€5.50m,€4.00m
Quincy Promes,20/21,24/02/2021,Ajax,Spartak Moscow,€15.00m,€8.50m
Quincy Promes,19/20,01/07/2019,Sevilla FC,Ajax,€18.00m,€15.70m
Quincy Promes,18/19,31/08/2018,Spartak Moscow,Sevilla FC,€24.00m,€21.00m
Quincy Promes,14/15,08/08/2014,FC Twente,Spartak Moscow,€3.00m,€11.50m
Andrea Bertolacci,21/22,12/01/2022,Karagümrük,Kayserispor,€2.80m,€1.00m
Andrea Bertolacci,15/16,02/07/2015,Roma,AC Milan,€15.00m,€21.00m
Andrea Bertolacci,15/16,01/07/2015,Genoa,Roma,€15.00m,€8.50m
Andrea Bertolacci,12/13,19/07/2012,Roma,Genoa,€2.50m,€1.20m
David Luiz,19/20,09/08/2019,Chelsea,Arsenal,€20.00m,€8.70m
David Luiz,16/17,31/08/2016,PSG,Chelsea,€28.00m,€35.00m
David Luiz,14/15,01/07/2014,Chelsea,PSG,€26.00m,€49.50m
David Luiz,10/11,31/01/2011,Benfica,Chelsea,€14.00m,€25.00m
David Luiz,07/08,01/07/2007,EC Vitória,Benfica,€1.50m,€500k
Gastón Ramírez,17/18,04/08/2017,Middlesbrough,Sampdoria,€6.00m,€6.30m
Gastón Ramírez,12/13,31/08/2012,Bologna,Southampton,€13.50m,€15.20m
Gastón Ramírez,10/11,25/08/2010,Peñarol,Bologna,€700k,€3.36m
James McCarthy,19/20,08/08/2019,Everton,Crystal Palace,€5.00m,€3.30m
James McCarthy,13/14,02/09/2013,Wigan,Everton,€7.50m,€15.30m
James McCarthy,09/10,16/07/2009,Hamilton Acad.,Wigan,€1.25m,€5.10m
Nélson Semedo,20/21,23/09/2020,Barcelona,Wolves,€40.00m,€32.00m
Nélson Semedo,17/18,14/07/2017,Benfica,Barcelona,€20.00m,€35.70m
Sebastian Rudy,18/19,27/08/2018,Bayern Munich,FC Schalke 04,€15.00m,€16.00m
Sebastian Rudy,10/11,24/08/2010,Stuttgart,Hoffenheim,€1.50m,€4.00m
Aaron Mooy,20/21,01/09/2020,Brighton,SH Port,€9.50m,€4.50m
Aaron Mooy,19/20,24/01/2020,Huddersfield,Brighton,€12.00m,€3.30m
Aaron Mooy,17/18,01/07/2017,Man City,Huddersfield,€5.00m,€9.10m
Kévin N'Doram,20/21,01/07/2020,Monaco,FC Metz,€2.80m,€4.50m
Fabian Lustenberger,07/08,10/08/2007,FC Luzern,Hertha BSC,€600k,€1.50m
Lasse Schöne,19/20,09/08/2019,Ajax,Genoa,€3.00m,€1.50m
Lasse Schöne,08/09,01/07/2008,De Graafschap,NEC Nijmegen,€1.20m,€360k
Malo Gusto,22/23,29/01/2023,Lyon,Chelsea,€15.00m,€30.00m
Philipp Bargfrede,N/A,N/A,N/A,N/A,N/A,N/A
Jamie Vardy,12/13,01/07/2012,Fleetwood,Leicester,€100k,€1.24m
Jamie Vardy,11/12,26/08/2011,Halifax Town,Fleetwood,-,€170k
Jamie Vardy,10/11,01/07/2010,Stocksbridge,Halifax Town,-,€18k
Iván Marcone,22/23,18/06/2022,Elche CF,Independiente,€2.00m,€1.90m
Iván Marcone,21/22,01/07/2021,Boca Juniors,Elche CF,€3.00m,€4.00m
Iván Marcone,18/19,18/01/2019,CD Cruz Azul,Boca Juniors,€4.50m,€7.50m
Iván Marcone,18/19,01/07/2018,Lanús,CD Cruz Azul,€5.00m,€4.25m
Iván Marcone,16/17,01/07/2016,Arsenal Sarandí,Lanús,€1.50m,€1.00m
Beñat Etxebarria,13/14,01/07/2013,Real Betis,Athletic Club,€12.00m,€8.00m
Dennis Praet,19/20,08/08/2019,Sampdoria,Leicester,€24.00m,€19.20m
Dennis Praet,16/17,24/08/2016,RSC Anderlecht,Sampdoria,€9.00m,€8.00m
Dennis Praet,10/11,01/07/2010,KRC Genk U17,Anderlecht U19,-,€650k
Lucas Paquetá,25/26,28/01/2026,West Ham,Flamengo,€35.00m,€42.00m
Lucas Paquetá,22/23,29/08/2022,Lyon,West Ham,€35.00m,€42.95m
Lucas Paquetá,20/21,30/09/2020,AC Milan,Lyon,€20.00m,€23.00m
Lucas Paquetá,18/19,03/01/2019,Flamengo,AC Milan,€15.00m,€38.40m
Yassine Benzia,19/20,30/01/2020,Lille,Dijon,€1.00m,€1.50m
Yassine Benzia,15/16,31/08/2015,Lyon,Lille,€2.00m,€1.00m
Eduardo Camavinga,21/22,31/08/2021,Stade Rennais,Real Madrid,€55.00m,€31.00m
Christopher Lenz,23/24,30/08/2023,Frankfurt,Leipzig,€2.50m,€1.00m
Xavier Chavalerin,21/22,29/08/2021,Stade Reims,Troyes,€4.00m,€1.00m
Theo Hernández,25/26,10/07/2025,AC Milan,Al-Hilal,€35.00m,€25.00m
Theo Hernández,19/20,06/07/2019,Real Madrid,AC Milan,€15.00m,€22.80m
Theo Hernández,17/18,05/07/2017,Atlético,Real Madrid,€15.00m,€24.00m
José Luis Gayà,N/A,N/A,N/A,N/A,N/A,N/A
Brandon Williams,N/A,N/A,N/A,N/A,N/A,N/A
Mario Hermoso,19/20,18/07/2019,Espanyol,Atlético,€25.00m,€25.00m
Mario Hermoso,17/18,12/07/2017,RM Castilla,Espanyol,€400k,€12.50m
Julien Laporte,19/20,08/07/2019,Clermont Foot,FC Lorient,€800k,€1.20m
Ludovic Baal,N/A,N/A,N/A,N/A,N/A,N/A
Ridle Baku,24/25,10/01/2025,Wolfsburg,Leipzig,€7.00m,€4.50m
Ridle Baku,20/21,01/10/2020,Mainz,Wolfsburg,€7.00m,€10.00m
Benjamin Henrichs,21/22,01/07/2021,Monaco,Leipzig,€12.00m,€15.00m
Benjamin Henrichs,18/19,28/08/2018,Leverkusen,Monaco,€12.00m,€20.00m
Scott Malone,17/18,05/07/2017,Fulham,Huddersfield,€750k,€3.90m
Scott Malone,14/15,07/01/2015,Millwall,Cardiff,€500k,€128k
Scott Malone,12/13,01/07/2012,Bournemouth,Millwall,€750k,€940k
Scott Malone,11/12,01/07/2011,Wolves,Bournemouth,€100k,€180k
Jacopo Petriccione,23/24,25/01/2024,Crotone,Catanzaro,€600k,€150k
Jacopo Petriccione,20/21,01/10/2020,Lecce,Crotone,€3.00m,€1.50m
Jacopo Petriccione,17/18,31/08/2017,Fiorentina,Bari,€300k,€1.00m
Weston McKennie,21/22,01/07/2021,FC Schalke 04,Juventus,€25.00m,€21.90m
Federico Chiesa,24/25,29/08/2024,Juventus,Liverpool,€35.00m,€12.00m
Federico Chiesa,22/23,01/07/2022,Fiorentina,Juventus,€65.00m,€44.60m
Christian Pulisic,23/24,13/07/2023,Chelsea,AC Milan,€25.00m,€20.80m
Christian Pulisic,18/19,02/01/2019,Dortmund,Chelsea,€50.00m,€64.00m
Sandro Tonali,23/24,03/07/2023,AC Milan,Newcastle,€50.00m,€60.80m
Sandro Tonali,21/22,08/07/2021,Brescia,AC Milan,€27.00m,€14.28m
Javier Pastore,18/19,01/07/2018,PSG,Roma,€15.00m,€24.70m
Javier Pastore,11/12,06/08/2011,US Palermo,PSG,€21.00m,€42.00m
Javier Pastore,09/10,11/07/2009,Huracán,US Palermo,€3.00m,€7.00m
Javier Pastore,07/08,01/07/2007,CA Talleres,Huracán,-,€400k
Lucas Torró,20/21,04/08/2020,Frankfurt,CA Osasuna,€2.40m,€2.00m
Lucas Torró,18/19,05/07/2018,Real Madrid,Frankfurt,€800k,€3.50m
Lucas Torró,18/19,01/07/2018,CA Osasuna,Real Madrid,€800k,€1.75m
Lucas Torró,12/13,01/08/2012,Alcoyano U19,Real Madrid U19,-,€100k
Hiroki Sakai,21/22,12/07/2021,Marseille,Urawa Reds,€4.00m,€1.50m
Hiroki Sakai,12/13,01/07/2012,Kashiwa Reysol,Hannover 96,€2.00m,€1.20m
Pierre Kunde,21/22,01/07/2021,Mainz,Olympiacos,€3.50m,€1.80m
Pierre Kunde,18/19,06/07/2018,Atl. Madrileño,Mainz,€2.00m,€7.50m
Charles Traore,18/19,31/08/2018,Troyes,FC Nantes,€2.00m,€500k
Juninho Bacuna,21/22,19/08/2021,Huddersfield,Rangers,€5.00m,€2.30m
Juninho Bacuna,18/19,01/07/2018,FC Groningen,Huddersfield,€1.50m,€2.50m
Luan Peres Petroni,22/23,29/07/2022,Marseille,Fenerbahçe,€7.00m,€5.23m
Luan Peres Petroni,21/22,14/07/2021,Santos,Marseille,€2.00m,€4.50m
Luan Peres Petroni,20/21,12/02/2021,Club Brugge,Santos,€1.50m,€2.80m
Luan Peres Petroni,18/19,01/07/2018,Ituano,Club Brugge,€700k,€500k
Vitorino Hilton,N/A,N/A,N/A,N/A,N/A,N/A
John McGinn,18/19,08/08/2018,Hibernian FC,Aston Villa,€1.75m,€3.10m
John McGinn,15/16,31/07/2015,St. Mirren,Hibernian FC,€450k,€1.16m
Francesco Caputo,23/24,01/07/2023,Sampdoria,FC Empoli,€1.50m,€1.50m
Francesco Caputo,22/23,01/07/2022,Sassuolo,Sampdoria,€2.50m,€4.00m
Francesco Caputo,19/20,13/07/2019,FC Empoli,Sassuolo,€4.00m,€7.75m
Francesco Caputo,17/18,18/08/2017,Virtus Entella,FC Empoli,€1.40m,€3.00m
Francesco Caputo,16/17,01/07/2016,Bari,Virtus Entella,€1.20m,€250k
Mark Uth,15/16,02/07/2015,Heerenveen,Hoffenheim,€2.50m,€2.20m
Mirko Valdifiori,18/19,16/08/2018,Torino,SPAL,€1.00m,€1.00m
Mirko Valdifiori,16/17,31/08/2016,Napoli,Torino,€4.00m,€3.40m
Mirko Valdifiori,15/16,01/07/2015,FC Empoli,Napoli,€6.00m,€5.50m
Matt Doherty,20/21,30/08/2020,Wolves,Tottenham,€16.00m,€16.80m
Matt Doherty,10/11,22/08/2010,Bohemians,Wolves,-,€90k
Nadiem Amiri,23/24,31/01/2024,Leverkusen,Mainz,€4.00m,€1.00m
Nadiem Amiri,19/20,30/07/2019,Hoffenheim,Leverkusen,€17.00m,€10.50m
Anaitz Arbilla,16/17,30/08/2016,Espanyol,SD Eibar,€1.50m,€700k
Anaitz Arbilla,14/15,01/07/2014,Rayo Vallecano,Espanyol,€1.00m,€300k
Anaitz Arbilla,11/12,01/07/2011,UD Salamanca,Hércules CF,€500k,€200k
Jordan Amavi,18/19,01/07/2018,Aston Villa,Marseille,€16.00m,€10.00m
Jordan Amavi,15/16,18/07/2015,Nice,Aston Villa,€4.00m,€11.00m
Mathieu Debuchy,14/15,17/07/2014,Newcastle,Arsenal,€10.00m,€15.00m
Mathieu Debuchy,12/13,04/01/2013,Lille,Newcastle,€15.00m,€6.20m
William Saliba,19/20,25/07/2019,Saint-Étienne,Arsenal,€12.00m,€30.00m
Milan Škriniar,25/26,30/07/2025,PSG,Fenerbahçe,€15.00m,€6.00m
Milan Škriniar,17/18,07/07/2017,Sampdoria,Inter,€7.00m,€34.00m
Milan Škriniar,15/16,29/01/2016,MSK Zilina,Sampdoria,€600k,€5.20m
Federico Valverde,16/17,22/07/2016,Peñarol,RM Castilla,€450k,€5.00m
Kaan Ayhan,23/24,01/07/2023,Sassuolo,Galatasaray,€3.70m,€2.80m
Kaan Ayhan,20/21,01/09/2020,F. Düsseldorf,Sassuolo,€7.00m,€2.66m
Kaan Ayhan,16/17,31/08/2016,FC Schalke 04,F. Düsseldorf,€2.00m,€500k
Moussa Dembélé,18/19,31/08/2018,Celtic,Lyon,€7.00m,€22.00m
Moussa Dembélé,12/13,15/07/2012,Paris SG U17,Fulham U18,-,€360k
Riccardo Orsolini,19/20,01/07/2019,Juventus,Bologna,€15.00m,€15.00m
Riccardo Orsolini,16/17,30/01/2017,Ascoli,Juventus,€1.50m,€6.00m
Bartosz Bereszyński,16/17,03/01/2017,Legia Warszawa,Sampdoria,€1.50m,€1.80m
Bartosz Bereszyński,12/13,23/01/2013,Lech Poznan,Legia Warszawa,€100k,€100k
Toby Alderweireld,22/23,15/07/2022,Al-Duhail SC,Royal Antwerp,€7.00m,€4.00m
Toby Alderweireld,21/22,27/07/2021,Tottenham,Al-Duhail SC,€11.00m,€13.00m
Toby Alderweireld,15/16,08/07/2015,Atlético,Tottenham,€15.00m,€16.00m
Toby Alderweireld,13/14,02/09/2013,Ajax,Atlético,€10.00m,€7.00m
Sergi Gómez,21/22,28/07/2021,Sevilla FC,Espanyol,€3.00m,€1.00m
Sergi Gómez,18/19,25/07/2018,Celta de Vigo,Sevilla FC,€5.00m,€5.50m
Sergi Gómez,14/15,01/07/2014,Barcelona B,Celta de Vigo,€1.00m,€100k
Robin Koch,20/21,29/08/2020,Freiburg,Leeds,€17.00m,€13.00m
Robin Koch,17/18,22/08/2017,1.FC K'lautern,Freiburg,€800k,€3.50m
Atakan Karazor,19/20,01/07/2019,Holstein Kiel,Stuttgart,€1.00m,€800k
Christopher Trimmel,N/A,N/A,N/A,N/A,N/A,N/A
Aleksandr Golovin,18/19,27/07/2018,CSKA Moscow,Monaco,€25.00m,€30.00m
Jorge,84/85,01/07/1984,Real Zaragoza,Real Madrid,-,€120k
Jorge,79/80,01/07/1979,Alavés,Real Zaragoza,-,€105k
Jorge,75/76,01/07/1975,Newell's,Alavés,-,€36k
Matheus Pereira,24/25,01/07/2024,Al-Hilal,Cruzeiro,€7.00m,€5.00m
Matheus Pereira,21/22,06/08/2021,West Brom,Al-Hilal,€15.00m,€18.00m
Matheus Pereira,20/21,17/08/2020,Sporting,West Brom,€9.50m,€8.25m
Conor Townsend,24/25,01/08/2024,West Brom,Ipswich,€1.50m,€590k
Conor Townsend,18/19,28/07/2018,Scunthorpe Utd.,West Brom,€200k,€840k
Simon Francis,06/07,01/07/2006,Sheff Utd,Southend United,€50k,€100k
Simon Francis,03/04,01/03/2004,Bradford,Sheff Utd,-,€250k
Ronaël Pierre-Gabriel,19/20,01/07/2019,Monaco,Mainz,€4.00m,€5.50m
Ronaël Pierre-Gabriel,18/19,09/07/2018,Saint-Étienne,Monaco,€4.00m,€6.00m
Juanfran,10/11,11/01/2011,CA Osasuna,Atlético,€6.00m,€4.25m
Juanfran,06/07,29/08/2006,Real Madrid,CA Osasuna,€6.00m,€400k
Lars Stindl,15/16,01/07/2015,Hannover 96,Mönchengladbach,€8.50m,€3.00m
Mato Jajalo,11/12,01/07/2011,AC Siena,1.FC Köln,€2.50m,€2.00m
Mato Jajalo,09/10,01/07/2009,Slaven Belupo,AC Siena,€1.50m,€2.00m
Joel Ward,12/13,01/07/2012,Portsmouth,Crystal Palace,€1.00m,€650k
Jony,N/A,N/A,N/A,N/A,N/A,N/A
Ali Adnan Kadhim,19/20,09/07/2019,Udinese,Vancouver,€1.60m,€1.82m
Ali Adnan Kadhim,15/16,01/07/2015,C. Rizespor,Udinese,€2.25m,€2.20m
Ali Adnan Kadhim,13/14,02/08/2013,A. Baghdad SC,C. Rizespor,€500k,€500k
Amine Gouiri,24/25,31/01/2025,Stade Rennais,Marseille,€20.00m,€19.00m
Amine Gouiri,22/23,01/09/2022,Nice,Stade Rennais,€42.00m,€28.00m
Amine Gouiri,20/21,01/07/2020,Lyon,Nice,€4.00m,€7.00m
Quentin Merlin,25/26,22/07/2025,Marseille,Stade Rennais,€15.00m,€13.00m
Quentin Merlin,23/24,26/01/2024,FC Nantes,Marseille,€10.00m,€10.00m
Arkadiusz Milik,23/24,01/07/2023,Marseille,Juventus,€8.00m,€7.30m
Arkadiusz Milik,22/23,01/07/2022,Napoli,Marseille,€16.00m,€9.70m
Arkadiusz Milik,16/17,01/08/2016,Ajax,Napoli,€12.00m,€32.00m
Arkadiusz Milik,15/16,01/07/2015,Leverkusen,Ajax,€6.50m,€2.80m
Arkadiusz Milik,12/13,01/01/2013,Górnik Zabrze,Leverkusen,€2.50m,€2.60m
Arkadiusz Milik,11/12,01/07/2011,Rozwój Katowice,Górnik Zabrze,-,€75k
Aymeric Laporte,25/26,01/09/2025,Al-Nassr,Athletic Club,€15.00m,€10.00m
Aymeric Laporte,23/24,24/08/2023,Man City,Al-Nassr,€25.00m,€27.50m
Aymeric Laporte,17/18,30/01/2018,Athletic Club,Man City,€25.00m,€65.00m
Vincent Pajot,20/21,01/07/2020,Angers SCO,FC Metz,€1.60m,€700k
Vincent Pajot,18/19,01/07/2018,Saint-Étienne,Angers SCO,€2.50m,€1.00m
Philipp Max,24/25,05/08/2024,Frankfurt,Panathinaikos,€2.00m,€1.00m
Philipp Max,23/24,01/07/2023,PSV,Frankfurt,€3.00m,€2.00m
Philipp Max,20/21,02/09/2020,Augsburg,PSV,€15.00m,€10.00m
Philipp Max,15/16,04/08/2015,Karlsruher SC,Augsburg,€900k,€3.80m
Philipp Max,14/15,01/07/2014,Schalke 04 II,Karlsruher SC,€150k,€750k
Simone Missiroli,11/12,01/01/2012,Reggina,Sassuolo,€1.20m,€3.50m
David Juncà,N/A,N/A,N/A,N/A,N/A,N/A
Robin Le Normand,24/25,27/07/2024,Real Sociedad,Atlético,€40.00m,€34.50m
Valter Birsa,18/19,09/01/2019,Chievo Verona,Cagliari,€3.00m,€300k
Valter Birsa,13/14,31/08/2013,Genoa,AC Milan,€1.50m,€3.00m
Valter Birsa,09/10,01/07/2009,FC Sochaux,AJ Auxerre,€1.70m,€1.50m
Valter Birsa,06/07,10/07/2006,ND Gorica,FC Sochaux,-,€1.30m
Ibrahim Amadou,18/19,01/07/2018,Lille,Sevilla FC,€3.50m,€14.40m
Ibrahim Amadou,15/16,16/07/2015,AS Nancy,Lille,€600k,€2.00m
Kevin Strootman,18/19,28/08/2018,Roma,Marseille,€28.00m,€25.00m
Kevin Strootman,13/14,16/07/2013,PSV,Roma,€13.00m,€17.50m
Kevin Strootman,11/12,01/07/2011,Utrecht,PSV,€4.00m,€4.50m
Kevin Strootman,10/11,01/01/2011,Sparta R.,Utrecht,€1.50m,€700k
Marco Friedl,19/20,01/07/2019,Bayern Munich,Werder Bremen,€2.50m,€3.50m
Jhon Córdoba,21/22,23/07/2021,Hertha BSC,Krasnodar,€15.00m,€20.00m
Jhon Córdoba,20/21,15/09/2020,1.FC Köln,Hertha BSC,€12.00m,€15.00m
Jhon Córdoba,17/18,01/07/2017,Mainz,1.FC Köln,€7.00m,€17.00m
Jhon Córdoba,16/17,01/07/2016,Granada CF,Mainz,€3.50m,€6.50m
Jhon Córdoba,14/15,12/08/2014,Chiapas FC,Granada CF,€1.00m,€1.83m
Stefan Ilsanker,19/20,31/01/2020,Leipzig,Frankfurt,€3.00m,€500k
Stefan Ilsanker,15/16,01/07/2015,Salzburg,Leipzig,€1.50m,€3.00m
Alessio Romagnoli,15/16,11/08/2015,Roma,AC Milan,€8.50m,€25.00m
Sam Byram,19/20,16/07/2019,West Ham,Norwich,€3.50m,€830k
Sam Byram,15/16,20/01/2016,Leeds,West Ham,€3.50m,€4.80m
Daniel Brosinski,14/15,03/07/2014,Greuther Fürth,Mainz,€1.50m,€1.50m
Daniel Brosinski,11/12,01/07/2011,Wehen Wiesbaden,MSV Duisburg,€600k,€30k
Andreas Cornelius,22/23,31/08/2022,Trabzonspor,Copenhagen,€9.00m,€6.00m
Andreas Cornelius,21/22,10/08/2021,Parma,Trabzonspor,€6.00m,€5.12m
Andreas Cornelius,21/22,01/07/2021,Atalanta,Parma,€6.00m,€8.40m
Andreas Cornelius,17/18,01/07/2017,Copenhagen,Atalanta,€3.00m,€6.00m
Andreas Cornelius,13/14,31/01/2014,Cardiff,Copenhagen,€6.00m,€3.50m
Andreas Cornelius,13/14,01/07/2013,Copenhagen,Cardiff,€4.50m,€8.70m
Tomás Rincón,18/19,01/07/2018,Juventus,Torino,€8.00m,€5.90m
Tomás Rincón,16/17,03/01/2017,Genoa,Juventus,€9.00m,€8.00m
Tomás Rincón,09/10,01/01/2010,Táchira,Hamburg,€1.00m,€450k
Matthias Zimmermann,11/12,01/07/2011,Karlsruher SC,Mönchengladbach,€1.75m,€1.00m
Nabil Bentaleb,23/24,28/08/2023,Angers SCO,Lille,€7.00m,€4.50m
Nabil Bentaleb,17/18,01/07/2017,Tottenham,FC Schalke 04,€18.00m,€19.00m
Simone Verdi,23/24,25/08/2023,Torino,Como,€4.00m,€1.80m
Simone Verdi,20/21,01/09/2020,Napoli,Torino,€13.00m,€22.00m
Simone Verdi,18/19,01/07/2018,Bologna,Napoli,€25.00m,€24.50m
Simone Verdi,16/17,11/07/2016,AC Milan,Bologna,€2.00m,€6.40m
Simone Verdi,15/16,01/07/2015,Torino,AC Milan,€3.00m,€450k
Simone Verdi,11/12,01/07/2011,Milan U19,Torino,€400k,€1.00m
Valentin Rosier,22/23,01/07/2022,Sporting,Besiktas,€6.00m,€4.80m
Valentin Rosier,19/20,01/07/2019,Dijon,Sporting,€8.00m,€5.00m
Gleison Bremer,22/23,20/07/2022,Torino,Juventus,€35.00m,€51.30m
Gleison Bremer,18/19,10/07/2018,Atlético-MG,Torino,€1.00m,€5.80m
Gleison Bremer,16/17,01/01/2017,Desportivo U20,Atlético-MG U20,-,€86k
Elseid Hysaj,15/16,02/08/2015,FC Empoli,Napoli,€4.50m,€5.00m
Elseid Hysaj,09/10,01/07/2009,Vllaznia U15,Empoli U17,-,€50k
Presnel Kimpembe,N/A,N/A,N/A,N/A,N/A,N/A
Karim Onisiwo,N/A,N/A,N/A,N/A,N/A,N/A
Erik Pieters,19/20,08/07/2019,Stoke City,Burnley,€5.00m,€1.10m
Erik Pieters,13/14,01/07/2013,PSV,Stoke City,€3.50m,€3.60m
Erik Pieters,08/09,01/07/2008,Utrecht,PSV,€1.25m,€2.50m
Cristián Zapata,13/14,01/07/2013,Villarreal,AC Milan,€6.00m,€10.00m
Cristián Zapata,11/12,12/07/2011,Udinese,Villarreal,€9.00m,€9.00m
Cristián Zapata,05/06,31/08/2005,Deportivo Cali,Udinese,-,€500k
Xaver Schlager,22/23,01/07/2022,Wolfsburg,Leipzig,€27.00m,€12.00m
Xaver Schlager,19/20,01/07/2019,Salzburg,Wolfsburg,€15.00m,€12.00m
Lebogang Phiri,17/18,01/07/2017,Bröndby IF,Guingamp,€1.50m,€225k
Jonathan Martins Pereira,N/A,N/A,N/A,N/A,N/A,N/A
Denis Suárez,19/20,01/07/2019,Barcelona,Celta de Vigo,€12.00m,€12.90m
Denis Suárez,16/17,04/07/2016,Villarreal,Barcelona,€12.00m,€3.25m
Denis Suárez,15/16,29/08/2015,Barcelona,Villarreal,€12.00m,€4.00m
Denis Suárez,13/14,22/08/2013,Man City U21,Barcelona B,€1.00m,€1.50m
Denis Suárez,11/12,01/07/2011,Celta U19,Man City U18,-,€1.00m
Kevin Vogt,16/17,01/07/2016,1.FC Köln,Hoffenheim,€4.00m,€3.00m
Kevin Vogt,14/15,01/07/2014,Augsburg,1.FC Köln,€1.75m,€1.80m
Kevin Vogt,12/13,01/07/2012,VfL Bochum,Augsburg,€1.00m,€600k
Marc Muniesa,19/20,19/08/2019,Girona,Al-Arabi SC,€3.00m,€1.20m
Marc Muniesa,18/19,01/07/2018,Stoke City,Girona,€2.50m,€5.00m
Pierrick Capelle,N/A,N/A,N/A,N/A,N/A,N/A
Raphaël Varane,21/22,14/08/2021,Real Madrid,Man Utd,€70.00m,€40.00m
Raphaël Varane,11/12,01/07/2011,Lens,Real Madrid,€4.00m,€11.00m
Lucien Agoume,24/25,06/08/2024,Inter,Sevilla FC,€6.00m,€8.00m
Lucien Agoume,19/20,05/07/2019,FC Sochaux,Inter,€3.50m,€4.50m
Mehdi Abeid,20/21,29/01/2021,FC Nantes,Al-Nasr,€2.50m,€1.50m
Mehdi Abeid,16/17,31/08/2016,Panathinaikos,Dijon,€1.75m,€250k
Mehdi Abeid,15/16,21/08/2015,Newcastle,Panathinaikos,€2.00m,€600k
Jaume Costa,N/A,N/A,N/A,N/A,N/A,N/A
Rodrigo Becão,23/24,20/07/2023,Udinese,Fenerbahçe,€10.00m,€8.31m
Rodrigo Becão,19/20,06/07/2019,EC Bahia,Udinese,€7.00m,€2.85m
Malang Sarr,N/A,N/A,N/A,N/A,N/A,N/A
Robert Andrich,21/22,16/08/2021,Union Berlin,Leverkusen,€7.00m,€6.50m
Robert Andrich,19/20,01/07/2019,Heidenheim,Union Berlin,€600k,€3.15m
Arthur Theate,24/25,02/02/2025,Stade Rennais,Frankfurt,€20.00m,€13.00m
Arthur Theate,22/23,29/07/2022,Bologna,Stade Rennais,€15.00m,€19.00m
Arthur Theate,22/23,01/07/2022,KV Oostende,Bologna,€15.00m,€6.75m
Vukašin Jovanović,17/18,14/07/2017,Zenit S-Pb,G. Bordeaux,€1.00m,€3.00m
Vukašin Jovanović,15/16,20/02/2016,Red Star,Zenit S-Pb,€1.00m,€2.00m
Kevin Danso,25/26,01/07/2025,Lens,Tottenham,€25.00m,€25.00m
Kevin Danso,21/22,06/08/2021,Augsburg,Lens,€5.00m,€8.00m
Giorgio Altare,24/25,01/07/2024,Cagliari,Venezia,€2.00m,€1.50m
Giorgio Altare,21/22,18/07/2021,Genoa,Cagliari,€175k,€1.00m
Oier Sanjurjo,N/A,N/A,N/A,N/A,N/A,N/A
Wahbi Khazri,18/19,17/07/2018,Sunderland,Saint-Étienne,€10.00m,€7.00m
Wahbi Khazri,15/16,30/01/2016,G. Bordeaux,Sunderland,€7.50m,€11.80m
Wahbi Khazri,14/15,01/07/2014,SC Bastia,G. Bordeaux,€5.00m,€2.00m
Pablo Hervías,22/23,01/01/2023,Málaga CF,Bolívar,€600k,€50k
Pablo Hervías,19/20,01/07/2019,SD Eibar,Real Valladolid,€700k,€1.00m
Damián Suárez,11/12,01/07/2011,Defensor SC,Sporting Gijón,€450k,€500k
Gil Bastião Dias,24/25,02/07/2024,Stuttgart,Famalicão,€900k,€920k
Gil Bastião Dias,22/23,30/01/2023,Benfica,Stuttgart,€2.00m,€1.00m
Gil Bastião Dias,21/22,01/07/2021,Monaco,Benfica,€3.00m,€1.50m
Gil Bastião Dias,15/16,01/07/2015,Braga B,Monaco,-,€5.00m
Ibrahima Diallo,20/21,04/10/2020,Stade Brestois,Southampton,€15.00m,€12.00m
Ibrahima Diallo,19/20,08/07/2019,Monaco,Stade Brestois,€2.50m,€2.00m
Andrés Iniesta,N/A,N/A,N/A,N/A,N/A,N/A
Abdoulaye Ba,N/A,N/A,N/A,N/A,N/A,N/A
Sergio Reguilón,20/21,19/09/2020,Real Madrid,Tottenham,€25.00m,€30.00m
Mathieu Deplagne,N/A,N/A,N/A,N/A,N/A,N/A
Igor Zubeldia,N/A,N/A,N/A,N/A,N/A,N/A
Filip Bradarić,21/22,01/07/2021,Cagliari,Al-Ahli,€2.70m,€2.00m
Filip Bradarić,18/19,19/01/2019,HNK Rijeka,Cagliari,€5.00m,€5.90m
Filip Bradarić,14/15,02/02/2015,Hajduk Split,HNK Rijeka,€600k,€300k
Alexander Tettey,12/13,24/08/2012,Stade Rennais,Norwich,€2.25m,€1.50m
Alexander Tettey,09/10,01/08/2009,Rosenborg BK,Stade Rennais,€3.00m,€3.50m
Alberto Grassi,25/26,19/07/2025,FC Empoli,Cremonese,€1.80m,€1.00m
Alberto Grassi,20/21,01/09/2020,Napoli,Parma,€5.50m,€8.45m
Alberto Grassi,15/16,27/01/2016,Atalanta,Napoli,€2.00m,€8.00m
Paulo Otávio,19/20,01/07/2019,FC Ingolstadt,Wolfsburg,€1.00m,€1.10m
Paulo Otávio,17/18,24/07/2017,LASK,FC Ingolstadt,€500k,€1.35m
Miha Zajc,18/19,31/01/2019,FC Empoli,Fenerbahçe,€6.00m,€3.50m
Miha Zajc,16/17,25/01/2017,NK Olimpija,FC Empoli,€800k,€2.30m
Miha Zajc,14/15,08/08/2014,NK Bravo,NK Olimpija,€400k,€400k
Yerry Mina,23/24,01/02/2024,Fiorentina,Cagliari,€5.00m,€500k
Yerry Mina,18/19,09/08/2018,Barcelona,Everton,€20.00m,€30.25m
Yerry Mina,17/18,11/01/2018,Palmeiras,Barcelona,€9.00m,€12.40m
Yerry Mina,15/16,01/05/2016,Indep. Santa Fe,Palmeiras,€650k,€3.20m
Xherdan Shaqiri,21/22,09/02/2022,Lyon,Chicago,€8.00m,€7.00m
Xherdan Shaqiri,21/22,23/08/2021,Liverpool,Lyon,€12.00m,€6.00m
Xherdan Shaqiri,18/19,13/07/2018,Stoke City,Liverpool,€18.00m,€14.70m
Xherdan Shaqiri,15/16,11/08/2015,Inter,Stoke City,€17.00m,€17.00m
Xherdan Shaqiri,15/16,01/07/2015,Bayern Munich,Inter,€17.00m,€15.00m
Xherdan Shaqiri,12/13,01/07/2012,Basel,Bayern Munich,€12.50m,€11.80m
Pervis Estupiñán,25/26,24/07/2025,Brighton,AC Milan,€30.00m,€17.00m
Pervis Estupiñán,22/23,16/08/2022,Villarreal,Brighton,€20.00m,€17.80m
Pervis Estupiñán,20/21,16/09/2020,Watford,Villarreal,€15.00m,€16.40m
Pervis Estupiñán,16/17,01/07/2016,LDU Quito,Udinese,€600k,€500k
Igor,24/25,01/07/2024,Club Brugge,Brentford,€25.00m,€33.00m
Igor,23/24,01/07/2023,Ludogorets,Club Brugge,€4.00m,€11.00m
Igor,21/22,28/02/2022,Cruzeiro,Ludogorets,€400k,€1.32m
Fabio Quagliarella,16/17,01/07/2016,Torino,Sampdoria,€3.00m,€2.75m
Fabio Quagliarella,14/15,18/07/2014,Juventus,Torino,€6.00m,€3.50m
Fabio Quagliarella,11/12,01/07/2011,Napoli,Juventus,€17.50m,€10.50m
Fabio Quagliarella,09/10,01/07/2009,Udinese,Napoli,€14.00m,€18.00m
Fabio Quagliarella,07/08,01/07/2007,Sampdoria,Udinese,€10.50m,€7.30m
Fabio Quagliarella,06/07,01/07/2006,Udinese,Sampdoria,€1.80m,€1.50m
Obite N'Dicka,N/A,N/A,N/A,N/A,N/A,N/A
Marko Rog,20/21,01/09/2020,Napoli,Cagliari,€13.00m,€15.00m
Marko Rog,17/18,01/07/2017,Dinamo Zagreb,Napoli,€10.00m,€13.50m
Marko Rog,15/16,09/07/2015,RNK Split,Dinamo Zagreb,€1.00m,€5.00m
Facundo Medina,20/21,02/07/2020,CA Talleres,Lens,€4.50m,€3.50m
Facundo Medina,17/18,30/01/2018,River Plate II,CA Talleres,-,€800k
Romain Faivre,23/24,13/07/2023,Lyon,Bournemouth,€10.00m,€15.00m
Romain Faivre,21/22,31/01/2022,Stade Brestois,Lyon,€15.00m,€15.00m
Romain Faivre,20/21,01/07/2020,Monaco B,Stade Brestois,€450k,€400k
Gian Marco Ferrari,16/17,30/08/2016,Crotone,Sassuolo,€1.00m,€4.00m
Matteo Politano,21/22,01/07/2021,Inter,Napoli,€30.00m,€22.10m
Matteo Politano,19/20,01/07/2019,Sassuolo,Inter,€30.00m,€21.10m
Matteo Politano,16/17,01/07/2016,Roma,Sassuolo,€2.50m,€8.10m
Matteo Politano,15/16,01/07/2015,Pescara,Roma,€2.00m,€600k
Matteo Politano,13/14,01/07/2013,Roma,Pescara,€750k,€500k
Pirmin Schwegler,14/15,01/07/2014,Frankfurt,Hoffenheim,€6.00m,€1.90m
Pirmin Schwegler,09/10,01/07/2009,Leverkusen,Frankfurt,€1.50m,€500k
Tammy Abraham,25/26,27/01/2026,Besiktas,Aston Villa,€14.00m,€21.00m
Tammy Abraham,25/26,26/01/2026,Roma,Besiktas,€14.00m,€15.00m
Tammy Abraham,21/22,17/08/2021,Chelsea,Roma,€38.00m,€41.00m
Lukas Lerager,22/23,01/07/2022,Genoa,Copenhagen,€3.00m,€2.00m
Lukas Lerager,19/20,01/07/2019,G. Bordeaux,Genoa,€6.00m,€6.00m
Lukas Lerager,17/18,01/07/2017,Zulte Waregem,G. Bordeaux,€2.50m,€3.50m
Lukas Lerager,16/17,01/07/2016,Viborg FF,Zulte Waregem,€400k,€400k
Ben Chilwell,20/21,26/08/2020,Leicester,Chelsea,€40.00m,€50.20m
Haris Belkebla,N/A,N/A,N/A,N/A,N/A,N/A
Cristian Battocchio,N/A,N/A,N/A,N/A,N/A,N/A
Ross Barkley,24/25,01/07/2024,Luton,Aston Villa,€8.00m,€5.90m
Ross Barkley,17/18,05/01/2018,Everton,Chelsea,€25.00m,€16.80m
Rubén Rochina,18/19,01/07/2018,Rubin Kazan,Levante,€1.50m,€1.40m
Rubén Rochina,16/17,20/07/2016,Granada CF,Rubin Kazan,€3.00m,€10.00m
Rubén Rochina,10/11,01/01/2011,Barcelona B,Blackburn,€500k,€450k
Michael Keane,17/18,03/07/2017,Burnley,Everton,€18.00m,€28.50m
Michael Keane,14/15,12/01/2015,Man Utd U21,Burnley,€500k,€2.56m
Kenny Lala,20/21,01/02/2021,R. Strasbourg,Olympiacos,€9.00m,€500k
Kenny Lala,11/12,01/07/2011,Paris FC,Valenciennes FC,-,€100k
Ashley Westwood,16/17,31/01/2017,Aston Villa,Burnley,€4.00m,€5.80m
Ashley Westwood,12/13,31/08/2012,Crewe Alexandra,Aston Villa,-,€2.50m
Luke Thomas,N/A,N/A,N/A,N/A,N/A,N/A
Nicolas Viola,12/13,31/07/2012,Racing Club,Sporting,€1.40m,€4.00m
Carlos Bacca,18/19,17/08/2018,AC Milan,Villarreal,€10.00m,€7.00m
Carlos Bacca,15/16,03/07/2015,Sevilla FC,AC Milan,€25.00m,€33.30m
Carlos Bacca,13/14,09/07/2013,Club Brugge,Sevilla FC,€8.00m,€10.00m
Carlos Bacca,11/12,01/01/2012,Junior FC,Club Brugge,€2.00m,€1.50m
Jules Koundé,22/23,28/07/2022,Sevilla FC,Barcelona,€60.00m,€50.00m
Jules Koundé,19/20,03/07/2019,G. Bordeaux,Sevilla FC,€15.00m,€35.00m
Damien Da Silva,14/15,01/07/2014,Clermont Foot,SM Caen,€300k,€300k
Jean-Philippe Gbamin,19/20,02/08/2019,Mainz,Everton,€28.00m,€25.00m
Jean-Philippe Gbamin,16/17,13/07/2016,Lens,Mainz,€2.50m,€5.00m
Alexander Hack,23/24,14/08/2023,Mainz,Al-Qadsiah,€2.50m,€1.50m
Jetro Willems,17/18,21/07/2017,PSV,Frankfurt,€7.50m,€4.50m
Jetro Willems,11/12,31/08/2011,Sparta R.,PSV,€300k,€800k
Sheraldo Becker,26/27,01/07/2026,CA Osasuna,Mainz,€1.50m,€500k
Sheraldo Becker,23/24,18/01/2024,Union Berlin,Real Sociedad,€12.00m,€3.00m
Sheraldo Becker,16/17,21/08/2016,Ajax U21,ADO Den Haag,€800k,€200k
Juan Mata,13/14,24/01/2014,Chelsea,Man Utd,€38.00m,€44.73m
Juan Mata,11/12,24/08/2011,Valencia,Chelsea,€26.00m,€26.70m
Stanley N'Soki,N/A,N/A,N/A,N/A,N/A,N/A
Riccardo Montolivo,05/06,01/07/2005,Atalanta,Fiorentina,€5.00m,€5.50m
Diogo Jota,20/21,19/09/2020,Wolves,Liverpool,€28.00m,€44.70m
Diogo Jota,18/19,01/07/2018,Atlético,Wolves,€12.00m,€14.00m
Diogo Jota,16/17,06/07/2016,Paços Ferreira,Atlético,€3.00m,€7.00m
Nicola Sansone,19/20,01/07/2019,Villarreal,Bologna,€7.50m,€8.00m
Nicola Sansone,16/17,07/08/2016,Sassuolo,Villarreal,€12.00m,€13.00m
Nicola Sansone,13/14,21/01/2014,Parma,Sassuolo,€5.00m,€8.25m
Yangel Herrera,25/26,01/09/2025,Girona,Real Sociedad,€15.00m,€11.00m
Yangel Herrera,23/24,14/07/2023,Man City,Girona,€5.00m,€5.00m
Yangel Herrera,16/17,01/02/2017,Atl. Venezuela,Man City,€900k,€1.00m
Victor Wanyama,16/17,01/07/2016,Southampton,Tottenham,€15.00m,€14.40m
Victor Wanyama,13/14,11/07/2013,Celtic,Southampton,€5.00m,€14.50m
Victor Wanyama,11/12,04/07/2011,Beerschot AC,Celtic,€1.20m,€1.10m
Arnaud Souquet,19/20,06/08/2019,KAA Gent,Montpellier,€3.50m,€2.80m
Arnaud Souquet,18/19,31/08/2018,Nice,KAA Gent,€4.50m,€3.00m
Arnaud Souquet,16/17,25/07/2016,Dijon,Nice,€700k,€1.25m
Lilian Brassier,25/26,01/07/2025,Stade Brestois,Stade Rennais,€10.00m,€12.00m
Lilian Brassier,21/22,01/07/2021,Stade Rennais,Stade Brestois,€2.50m,€1.75m
Lewis Cook,16/17,08/07/2016,Leeds,Bournemouth,€4.00m,€7.00m
Ander Guevara,23/24,09/07/2023,Real Sociedad,Alavés,€2.50m,€1.80m
Patrik Schick,20/21,08/09/2020,Roma,Leverkusen,€25.00m,€26.50m
Patrik Schick,18/19,01/07/2018,Sampdoria,Roma,€20.00m,€42.00m
Patrik Schick,16/17,13/07/2016,Sparta Prague,Sampdoria,€500k,€4.00m
Callum Hudson-Odoi,23/24,01/09/2023,Chelsea,Nott'm Forest,€15.00m,€3.50m
Armand Lauriente,22/23,31/08/2022,FC Lorient,Sassuolo,€7.00m,€10.10m
Armand Lauriente,20/21,08/09/2020,Stade Rennais,FC Lorient,€1.00m,€3.00m
Jan Bednarek,25/26,28/07/2025,Southampton,Porto,€9.00m,€7.50m
Jan Bednarek,17/18,01/07/2017,Lech Poznan,Southampton,€500k,€6.00m
Jean-Philippe Mateta,21/22,31/01/2022,Mainz,Crystal Palace,€5.00m,€11.00m
Jean-Philippe Mateta,18/19,01/07/2018,Lyon,Mainz,€2.50m,€8.00m
Jean-Philippe Mateta,16/17,16/09/2016,LB Châteauroux,Lyon,-,€4.10m
Petar Stojanović,22/23,01/07/2022,Dinamo Zagreb,FC Empoli,€3.00m,€1.20m
Petar Stojanović,15/16,01/02/2016,NK Maribor,Dinamo Zagreb,€2.00m,€2.00m
Catena,N/A,N/A,N/A,N/A,N/A,N/A
Jason Berthomier,N/A,N/A,N/A,N/A,N/A,N/A
Ángel Correa,25/26,09/07/2025,Atlético,Tigres UANL,€10.00m,€8.00m
Ángel Correa,14/15,01/01/2015,San Lorenzo,Atlético,€5.00m,€10.50m
Hirving Lozano,24/25,31/01/2025,PSV,San Diego,€12.00m,€12.00m
Hirving Lozano,23/24,01/09/2023,Napoli,PSV,€25.00m,€15.00m
Hirving Lozano,19/20,23/08/2019,PSV,Napoli,€40.00m,€50.00m
Hirving Lozano,17/18,01/07/2017,Pachuca,PSV,€10.00m,€12.50m
Gustavo Cabral,07/08,01/01/2008,Racing Club,River Plate,€3.00m,€1.03m
Romain Amalfitano,N/A,N/A,N/A,N/A,N/A,N/A
Joe Allen,16/17,25/07/2016,Liverpool,Stoke City,€8.00m,€15.50m
Joe Allen,12/13,10/08/2012,Swansea,Liverpool,€4.00m,€19.00m
Abdoulaye Touré,21/22,31/08/2021,FC Nantes,Genoa,€4.00m,€3.50m
Jordi Amat,20/21,01/07/2020,Rayo Vallecano,KAS Eupen,€1.60m,€1.00m
Jordi Amat,18/19,09/08/2018,Swansea,Rayo Vallecano,€5.00m,€1.00m
Jordi Amat,13/14,01/07/2013,Espanyol,Swansea,€3.00m,€2.90m
Alaixys Romao,12/13,31/01/2013,FC Lorient,Marseille,€3.50m,€2.00m
Alaixys Romao,10/11,01/07/2010,Grenoble,FC Lorient,€3.00m,€1.00m
Kelechi Iheanacho,17/18,03/08/2017,Man City,Leicester,€15.00m,€27.70m
Kelechi Iheanacho,13/14,10/01/2014,Taye Academy,Man City U18,-,€1.10m
Alexis Blin,24/25,25/07/2024,Lecce,Palermo,€3.00m,€1.50m
Alexis Blin,21/22,01/07/2021,Amiens SC,Lecce,€2.50m,€300k
Alexis Blin,19/20,01/07/2019,Toulouse,Amiens SC,€5.00m,€1.65m
Janik Haberer,16/17,01/07/2016,Hoffenheim,Freiburg,€1.00m,€2.00m
Janik Haberer,14/15,01/07/2014,Unterhaching,Hoffenheim,€225k,€500k
Riccardo Saponara,18/19,01/07/2018,FC Empoli,Fiorentina,€9.00m,€9.00m
Riccardo Saponara,15/16,01/07/2015,AC Milan,FC Empoli,€8.00m,€4.00m
Riccardo Saponara,13/14,01/07/2013,FC Empoli,AC Milan,€7.00m,€4.80m
Riccardo Saponara,08/09,01/01/2009,Ravenna,Empoli U19,-,€1.35m
Niklas Dorsch,24/25,30/08/2024,Augsburg,Heidenheim,€4.00m,€3.50m
Niklas Dorsch,21/22,08/07/2021,KAA Gent,Augsburg,€8.00m,€7.00m
Niklas Dorsch,20/21,22/07/2020,Heidenheim,KAA Gent,€6.00m,€3.50m
Nathaniel Phillips,25/26,01/07/2025,Liverpool,West Brom,€3.00m,€3.50m
Christopher Schindler,16/17,01/07/2016,1860 Munich,Huddersfield,€900k,€2.20m
Rubén García,19/20,01/07/2019,Levante,CA Osasuna,€3.50m,€3.50m
Armando Izzo,23/24,05/07/2023,Torino,Monza,€3.00m,€3.00m
Armando Izzo,18/19,04/07/2018,Genoa,Torino,€8.50m,€10.70m
Armando Izzo,14/15,14/07/2014,AS Avellino,Genoa,€800k,€400k
Armando Izzo,11/12,31/01/2012,Napoli,AS Avellino,€175k,€90k
Jean-Kévin Augustin,20/21,01/07/2020,Leipzig,Leeds,€9.50m,€21.00m
Jean-Kévin Augustin,17/18,06/07/2017,PSG,Leipzig,€3.00m,€16.00m
Kiko Femenía,22/23,28/07/2022,Watford,Villarreal,€2.50m,€980k
Kiko Femenía,11/12,01/07/2011,Hércules CF,Barcelona B,€2.00m,€2.00m
Hernani,20/21,01/09/2020,Zenit S-Pb,Parma,€5.50m,€6.47m
Hernani,16/17,01/01/2017,Atlético-PR,Zenit S-Pb,€1.75m,€8.00m
Davide Faraoni,19/20,01/07/2019,Crotone,Hellas Verona,€900k,€300k
Davide Faraoni,12/13,09/07/2012,Inter,Udinese,€4.00m,€8.00m
Tosin Adarabioyo,20/21,05/10/2020,Man City U23,Fulham,€2.80m,€1.65m
Andriy Yarmolenko,18/19,11/07/2018,Dortmund,West Ham,€23.00m,€20.00m
Andriy Yarmolenko,17/18,28/08/2017,Dynamo Kyiv,Dortmund,€18.00m,€25.00m
Andriy Yarmolenko,06/07,01/01/2007,Desna,Dynamo-2 Kyiv,-,€250k
Aleix García,24/25,01/07/2024,Girona,Leverkusen,€25.00m,€18.00m
Aleix García,15/16,27/08/2015,Villarreal CF B,Man City U21,-,€4.00m
David López,16/17,26/08/2016,Napoli,Espanyol,€6.50m,€4.00m
David López,14/15,31/08/2014,Espanyol,Napoli,€5.00m,€5.30m
David López,13/14,01/07/2013,SD Huesca,Espanyol,€800k,€250k
Bartosz Salamon,18/19,01/07/2018,Cagliari,SPAL,€1.40m,€2.00m
Bartosz Salamon,15/16,31/08/2015,Sampdoria,Cagliari,€1.50m,€1.50m
Bartosz Salamon,13/14,11/07/2013,AC Milan,Sampdoria,€3.00m,€3.40m
Bartosz Salamon,12/13,31/01/2013,Brescia,AC Milan,€2.80m,€3.50m
Adil Aouchiche,N/A,N/A,N/A,N/A,N/A,N/A
Tomáš Souček,20/21,27/07/2020,Slavia Praha,West Ham,€12.00m,€16.20m
Leonardo Spinazzola,19/20,01/07/2019,Juventus,Roma,€15.00m,€29.50m
Leonardo Spinazzola,12/13,01/07/2012,Siena U19,Juventus U19,€100k,€400k
Samuele Ricci,25/26,03/07/2025,Torino,AC Milan,€30.00m,€23.00m
Samuele Ricci,22/23,01/07/2022,FC Empoli,Torino,€12.00m,€10.80m
Silvan Widmer,21/22,09/07/2021,Basel,Mainz,€4.00m,€2.50m
Silvan Widmer,18/19,12/07/2018,Udinese,Basel,€8.50m,€4.50m
Silvan Widmer,12/13,01/07/2012,FC Aarau,Granada CF,€800k,€750k
Álvaro Medrán,16/17,11/07/2016,Real Madrid,Valencia,€400k,€1.50m
Alfonso Espino,N/A,N/A,N/A,N/A,N/A,N/A
Azor Matusiwa,25/26,13/07/2025,Stade Rennais,Ipswich,€8.00m,€11.50m
Azor Matusiwa,23/24,22/01/2024,Stade Reims,Stade Rennais,€10.00m,€15.50m
Azor Matusiwa,21/22,31/08/2021,FC Groningen,Stade Reims,€5.00m,€4.00m
Azor Matusiwa,19/20,01/07/2019,Ajax U21,FC Groningen,€1.00m,€700k
Amos Pieper,18/19,28/01/2019,B. Dortmund II,Arm. Bielefeld,€100k,€50k
Edimilson Fernandes,25/26,14/07/2025,Mainz,Young Boys,€3.00m,€600k
Edimilson Fernandes,19/20,01/07/2019,West Ham,Mainz,€8.00m,€7.50m
Edimilson Fernandes,16/17,25/08/2016,FC Sion,West Ham,€4.50m,€6.40m
Christian Gentner,08/09,11/08/2008,Stuttgart,Wolfsburg,€4.00m,€2.50m
Yvan Neyou,20/21,02/01/2021,Braga B,Saint-Étienne,€2.50m,€1.00m
Jack Harrison,21/22,02/07/2021,Man City,Leeds,€15.00m,€12.80m
Jack Harrison,17/18,30/01/2018,New York City,Man City,€1.75m,€4.00m
Fabian Schär,18/19,26/07/2018,Dep. La Coruña,Newcastle,€3.00m,€4.00m
Fabian Schär,17/18,21/07/2017,Hoffenheim,Dep. La Coruña,€2.50m,€3.00m
Fabian Schär,15/16,01/07/2015,Basel,Hoffenheim,€8.00m,€4.00m
Junior Firpo,21/22,06/07/2021,Barcelona,Leeds,€8.00m,€15.00m
Junior Firpo,19/20,04/08/2019,Real Betis,Barcelona,€25.00m,€20.00m
Brais Méndez,22/23,06/07/2022,Celta de Vigo,Real Sociedad,€18.00m,€14.00m
Warmed Omari,25/26,02/02/2026,Stade Rennais,Hamburg,€3.00m,€2.00m
Marcus Rashford,N/A,N/A,N/A,N/A,N/A,N/A
Fábio,06/07,19/07/2006,Juventus,Real Madrid,€14.00m,€7.00m
Fábio,04/05,01/08/2004,Inter,Juventus,-,€10.00m
Fábio,02/03,09/08/2002,AC Parma,Inter,-,€23.00m
Fábio,95/96,01/07/1995,Napoli,AC Parma,-,€6.70m
Dominick Drexler,18/19,20/07/2018,Midtjylland,1.FC Köln,€2.50m,€4.50m
Dominick Drexler,18/19,01/07/2018,Holstein Kiel,Midtjylland,€2.50m,€2.50m
Dominick Drexler,14/15,01/07/2014,Greuther Fürth,VfR Aalen,€400k,€50k
Recio,18/19,31/08/2018,Málaga CF,CD Leganés,€2.00m,€1.50m
Omar Colley,22/23,09/02/2023,Sampdoria,Besiktas,€3.50m,€2.30m
Omar Colley,18/19,01/07/2018,Genk,Sampdoria,€5.00m,€9.25m
Omar Colley,16/17,15/08/2016,Djurgården,Genk,€700k,€1.70m
Unai López,N/A,N/A,N/A,N/A,N/A,N/A
Jordan Marié,N/A,N/A,N/A,N/A,N/A,N/A
Tom Trybull,13/14,03/01/2014,Werder Bremen,St. Pauli,€1.50m,€100k
Tom Trybull,11/12,01/07/2011,Hansa Rostock,Werder Bremen,€500k,€200k
Lukas Kübler,N/A,N/A,N/A,N/A,N/A,N/A
Massadio Haïdara,12/13,24/01/2013,AS Nancy,Newcastle,€2.00m,€2.50m
Koffi Djidji,19/20,01/07/2019,FC Nantes,Torino,€5.00m,€3.00m
Lucas Martínez Quarta,24/25,15/01/2025,Fiorentina,River Plate,€10.00m,€7.00m
Lucas Martínez Quarta,20/21,05/10/2020,River Plate,Fiorentina,€10.00m,€13.00m
Fabián Orellana,18/19,01/07/2018,Valencia,SD Eibar,€2.00m,€2.00m
Fabián Orellana,17/18,01/07/2017,Celta de Vigo,Valencia,€3.00m,€3.00m
Fabián Orellana,12/13,31/01/2013,Granada CF,Celta de Vigo,€3.00m,€1.20m
Fabián Orellana,09/10,01/07/2009,Audax Italiano,Udinese,€800k,€3.50m
Mert Müldür,23/24,02/08/2023,Sassuolo,Fenerbahçe,€4.00m,€3.00m
Mert Müldür,19/20,20/08/2019,Rapid Vienna,Sassuolo,€3.00m,€4.98m
Matthijs de Ligt,24/25,13/08/2024,Bayern Munich,Man Utd,€65.00m,€45.00m
Matthijs de Ligt,22/23,19/07/2022,Juventus,Bayern Munich,€70.00m,€67.00m
Matthijs de Ligt,19/20,18/07/2019,Ajax,Juventus,€75.00m,€85.50m
Yordan Osorio,20/21,05/10/2020,Porto,Parma,€2.50m,€4.10m
Yordan Osorio,18/19,01/07/2018,Tondela,Porto,€1.00m,€2.00m
Simon Kjær,N/A,N/A,N/A,N/A,N/A,N/A
Per Ciljan Skjelbred,14/15,01/09/2014,Hamburg,Hertha BSC,€3.50m,€1.30m
Per Ciljan Skjelbred,11/12,01/08/2011,Rosenborg BK,Hamburg,€2.30m,€500k
Joseba Zaldúa,N/A,N/A,N/A,N/A,N/A,N/A
Robin Knoche,N/A,N/A,N/A,N/A,N/A,N/A
Facundo Roncaglia,19/20,08/08/2019,Celta de Vigo,CA Osasuna,€2.50m,€250k
Cédric Brunner,N/A,N/A,N/A,N/A,N/A,N/A
Jonjoe Kenny,N/A,N/A,N/A,N/A,N/A,N/A
Marco Parolo,14/15,01/07/2014,Parma,Lazio,€6.00m,€4.50m
Marco Parolo,13/14,01/07/2013,Cesena,Parma,€4.50m,€3.00m
Marco Parolo,09/10,01/08/2009,Chievo Verona,Cesena,-,€3.50m
Will Hughes,21/22,28/08/2021,Watford,Crystal Palace,€7.00m,€7.00m
Will Hughes,17/18,01/07/2017,Derby,Watford,€8.00m,€9.10m
Ryan Sessegnon,19/20,08/08/2019,Fulham,Tottenham,€35.00m,€27.00m
Alexander Isak,25/26,01/09/2025,Newcastle,Liverpool,€120.00m,€145.00m
Alexander Isak,22/23,26/08/2022,Real Sociedad,Newcastle,€30.00m,€77.50m
Alexander Isak,19/20,01/07/2019,Dortmund,Real Sociedad,€8.00m,€15.00m
Alexander Isak,16/17,23/01/2017,AIK,Dortmund,€1.75m,€8.60m
Benito Raman,21/22,15/07/2021,FC Schalke 04,RSC Anderlecht,€3.00m,€3.00m
Benito Raman,19/20,05/07/2019,F. Düsseldorf,FC Schalke 04,€12.00m,€10.00m
Benito Raman,18/19,01/07/2018,Standard Liège,F. Düsseldorf,€2.50m,€1.50m
Benito Raman,16/17,27/07/2016,KAA Gent,Standard Liège,€1.50m,€800k
Dominique Heintz,21/22,01/01/2022,Freiburg,Union Berlin,€3.00m,€150k
Dominique Heintz,18/19,01/07/2018,1.FC Köln,Freiburg,€7.50m,€3.00m
Dominique Heintz,15/16,01/07/2015,1.FC K'lautern,1.FC Köln,€2.00m,€1.50m
Kevin Volland,23/24,17/08/2023,Monaco,Union Berlin,€8.00m,€4.00m
Kevin Volland,20/21,02/09/2020,Leverkusen,Monaco,€28.00m,€11.00m
Kevin Volland,16/17,01/07/2016,Hoffenheim,Leverkusen,€17.00m,€20.00m
Kevin Volland,10/11,13/01/2011,1860 Munich,Hoffenheim,€350k,€700k
Nicolò Casale,25/26,01/07/2025,Lazio,Bologna,€6.00m,€6.50m
Nicolò Casale,22/23,08/07/2022,Hellas Verona,Lazio,€7.50m,€8.00m
Michael Olise,24/25,07/07/2024,Crystal Palace,Bayern Munich,€55.00m,€53.00m
Michael Olise,21/22,08/07/2021,Reading,Crystal Palace,€15.00m,€9.30m
Ivan Radovanović,18/19,31/01/2019,Chievo Verona,Genoa,€3.00m,€5.00m
Ivan Radovanović,13/14,17/07/2013,Atalanta,Chievo Verona,€600k,€800k
Ivan Radovanović,07/08,01/01/2008,Partizan,Atalanta,€300k,€1.50m
Gerónimo Poblete,N/A,N/A,N/A,N/A,N/A,N/A
Pablo de Blasis,18/19,30/08/2018,Mainz,SD Eibar,€3.00m,€2.00m
Pablo de Blasis,14/15,31/08/2014,Asteras Tripoli,Mainz,€1.00m,€1.20m
Josh Brownhill,19/20,30/01/2020,Bristol City,Burnley,€4.50m,€10.00m
Saša Lukić,22/23,31/01/2023,Torino,Fulham,€13.00m,€9.80m
Saša Lukić,16/17,29/07/2016,Partizan,Torino,€700k,€1.70m
Samuel Chukwueze,23/24,27/07/2023,Villarreal,AC Milan,€25.00m,€21.10m
Samuel Chukwueze,17/18,10/08/2017,Diamond Academy,Villarreal U19,-,€500k
John Lundstram,17/18,25/07/2017,Oxford United,Sheff Utd,€500k,€560k
Nemanja Radoja,14/15,12/08/2014,Vojvodina,Celta de Vigo,€700k,€900k
Ezgjan Alioski,17/18,13/07/2017,FC Lugano,Leeds,€3.00m,€2.50m
Kyle Walker,17/18,14/07/2017,Tottenham,Man City,€30.00m,€52.70m
Kyle Walker,09/10,22/07/2009,Sheff Utd,Tottenham,€50k,€5.90m
Víctor Díaz,N/A,N/A,N/A,N/A,N/A,N/A
Thomas Meunier,16/17,03/07/2016,Club Brugge,PSG,€6.00m,€6.00m
Thomas Meunier,11/12,01/07/2011,RE Virton,Club Brugge,€300k,€200k
Jordan Torunarigha,22/23,19/07/2022,Hertha BSC,KAA Gent,€5.00m,€3.00m
Radamel Falcao,13/14,01/07/2013,Atlético,Monaco,€60.00m,€43.00m
Radamel Falcao,11/12,18/08/2011,Porto,Atlético,€25.00m,€40.00m
Radamel Falcao,09/10,15/07/2009,River Plate,Porto,€6.50m,€5.43m
Darko Lazović,09/10,01/07/2009,Borac Cacak,Red Star,€800k,€472k
Julian Chabot,24/25,01/07/2024,1.FC Köln,Stuttgart,€9.00m,€4.00m
Julian Chabot,23/24,01/07/2023,Sampdoria,1.FC Köln,€5.50m,€2.50m
Julian Chabot,19/20,01/07/2019,FC Groningen,Sampdoria,€3.50m,€3.70m
Julian Chabot,18/19,16/07/2018,Sparta R.,FC Groningen,€500k,€1.20m
Mehdi Bourabia,22/23,01/07/2022,Sassuolo,Spezia Calcio,€900k,€1.65m
Mehdi Bourabia,18/19,17/07/2018,Konyaspor,Sassuolo,€750k,€2.20m
Mehdi Bourabia,17/18,01/07/2017,Levski Sofia,Konyaspor,€300k,€550k
Mehdi Bourabia,15/16,10/01/2016,Cherno More,Levski Sofia,€250k,€100k
Boubakar Kouyaté,N/A,N/A,N/A,N/A,N/A,N/A
Unai Núñez,24/25,01/07/2024,Athletic Club,Celta de Vigo,€7.00m,€7.00m
Tolgay Arslan,18/19,31/01/2019,Besiktas,Fenerbahçe,€5.00m,€3.20m
Tolgay Arslan,14/15,27/01/2015,Hamburg,Besiktas,€2.50m,€450k
Rafael,19/20,01/08/2019,Lille,AC Milan,€15.00m,€49.50m
Rafael,18/19,08/08/2018,Sporting,Lille,€6.00m,€20.20m
Sofiane Diop,22/23,29/08/2022,Monaco,Nice,€20.00m,€22.00m
Philipp Lienhart,18/19,01/07/2018,Real Madrid,Freiburg,€2.50m,€2.00m
Philipp Lienhart,15/16,01/07/2015,Rapid Wien II,RM Castilla,-,€800k
Ibrahima Sissoko,25/26,12/01/2026,VfL Bochum,FC Nantes,€3.00m,€2.00m
Ibrahima Sissoko,18/19,01/07/2018,Stade Brestois,R. Strasbourg,€700k,€2.00m
Chris Brunt,07/08,15/08/2007,Sheff Wed,West Brom,€1.00m,€3.75m
Yoann Andreu,N/A,N/A,N/A,N/A,N/A,N/A
Raúl Navas,21/22,19/07/2021,FC Cartagena,UD Las Palmas,€300k,€15k
Raúl Navas,20/21,01/07/2020,Real Sociedad,CA Osasuna,€1.20m,€250k
Lucas Moura,17/18,31/01/2018,PSG,Tottenham,€28.00m,€28.40m
Lucas Moura,12/13,01/01/2013,São Paulo,PSG,€35.00m,€40.00m
Darijo Srna,03/04,01/07/2003,Hajduk Split,Shakhtar D.,-,€1.20m
Pedri,19/20,02/09/2019,UD Las Palmas,Barcelona,-,€23.00m
Séamus Coleman,08/09,01/01/2009,Sligo Rovers,Everton,€125k,€70k
Mehdi Léris,24/25,13/08/2024,Stoke City,Pisa,€2.50m,€3.00m
Mehdi Léris,23/24,22/08/2023,Sampdoria,Stoke City,€2.50m,€2.50m
Mehdi Léris,19/20,12/08/2019,Chievo Verona,Sampdoria,€2.50m,€3.10m
Ronald Araújo,18/19,29/08/2018,Boston River,Barcelona B,€175k,€4.70m
Ronald Araújo,17/18,28/07/2017,Rentistas,Boston River,€100k,€395k
Pedro Neto,24/25,11/08/2024,Wolves,Chelsea,€55.00m,€60.00m
Pedro Neto,19/20,02/08/2019,Lazio,Wolves,€2.50m,€17.90m
Pedro Neto,19/20,01/07/2019,Braga,Lazio,€2.50m,€11.00m
Yuri Berchiche,18/19,02/07/2018,PSG,Athletic Club,€17.00m,€24.75m
Yuri Berchiche,17/18,07/07/2017,Real Sociedad,PSG,€10.00m,€16.00m
Miguel Trauco,19/20,06/08/2019,Flamengo,Saint-Étienne,€1.75m,€1.00m
Përparim Hetemaj,11/12,01/07/2011,Brescia,Chievo Verona,€1.20m,€2.00m
Përparim Hetemaj,06/07,01/07/2006,HJK Helsinki,AEK Athens,€450k,€450k
Lyanco,24/25,10/07/2024,Southampton,Atlético-MG,€3.00m,€4.50m
Lyanco,21/22,25/08/2021,Torino,Southampton,€5.00m,€7.50m
Lyanco,17/18,01/07/2017,São Paulo,Torino,€750k,€7.75m
Adrien Thomasson,22/23,12/01/2023,R. Strasbourg,Lens,€5.00m,€3.90m
Adrien Thomasson,15/16,01/07/2015,Évian,FC Nantes,€1.00m,€800k
Damien Le Tallec,15/16,29/01/2016,Mordovia,Red Star,€1.00m,€250k
Iñigo Martínez,17/18,30/01/2018,Real Sociedad,Athletic Club,€25.00m,€32.00m
Timothy Castagne,23/24,29/08/2023,Leicester,Fulham,€25.00m,€13.00m
Timothy Castagne,20/21,03/09/2020,Atalanta,Leicester,€18.00m,€20.90m
Timothy Castagne,17/18,07/07/2017,Genk,Atalanta,€3.00m,€6.50m
Simone Bastoni,24/25,26/07/2024,Spezia Calcio,Cesena,€1.50m,€100k
Bongani Zungu,17/18,31/08/2017,Vit. Guimarães,Amiens SC,€2.00m,€2.00m
Jaroslav Plašil,09/10,08/07/2009,CA Osasuna,G. Bordeaux,€4.00m,€3.00m
Jaroslav Plašil,07/08,25/08/2007,Monaco,CA Osasuna,€3.00m,€2.20m
David Pereira da Costa,24/25,17/02/2025,Lens,Portland,€7.00m,€5.74m
Pedro,15/16,20/08/2015,Barcelona,Chelsea,€20.00m,€27.00m
Leandro Trossard,22/23,20/01/2023,Brighton,Arsenal,€30.00m,€24.00m
Leandro Trossard,19/20,01/07/2019,Genk,Brighton,€16.00m,€15.56m
Kenny McLean,17/18,22/01/2018,Aberdeen FC,Norwich,€600k,€230k
Kenny McLean,14/15,02/02/2015,St. Mirren,Aberdeen FC,€600k,€400k
Benno Schmitz,18/19,01/07/2018,Leipzig,1.FC Köln,€1.00m,€200k
Benno Schmitz,16/17,01/07/2016,Salzburg,Leipzig,€900k,€800k
Joelinton,19/20,23/07/2019,Hoffenheim,Newcastle,€35.00m,€43.50m
Joelinton,15/16,01/07/2015,Sport Recife,Hoffenheim,€1.25m,€2.20m
Waldemar Anton,24/25,08/07/2024,Stuttgart,Dortmund,€20.00m,€22.50m
Waldemar Anton,20/21,28/07/2020,Hannover 96,Stuttgart,€5.50m,€4.00m
Faouzi Ghoulam,13/14,31/01/2014,Saint-Étienne,Napoli,€3.00m,€5.00m
Christophe Jallet,14/15,23/07/2014,PSG,Lyon,€5.00m,€1.50m
Christophe Jallet,09/10,06/07/2009,FC Lorient,PSG,€2.50m,€2.50m
Dominic Calvert-Lewin,16/17,31/08/2016,Sheff Utd,Everton,€100k,€1.80m
Sebastian Langkamp,17/18,31/01/2018,Hertha BSC,Werder Bremen,€3.00m,€1.00m
Sebastian Langkamp,11/12,01/07/2011,Karlsruher SC,Augsburg,€1.00m,€100k
Steven Davis,12/13,06/07/2012,Rangers,Southampton,€5.00m,€1.00m
Steven Davis,08/09,01/08/2008,Fulham,Rangers,€4.50m,€3.80m
Steven Davis,07/08,01/07/2007,Aston Villa,Fulham,€4.60m,€5.90m
David Abraham,15/16,02/07/2015,Hoffenheim,Frankfurt,€2.00m,€1.50m
David Abraham,12/13,22/01/2013,Getafe,Hoffenheim,€3.00m,€4.00m
David Abraham,08/09,08/07/2008,Independiente,Basel,€600k,€2.70m
Nicolas Cozza,22/23,25/01/2023,Montpellier,Wolfsburg,€5.00m,€500k
Dennis Appiah,19/20,01/07/2019,RSC Anderlecht,FC Nantes,€1.50m,€750k
Dennis Appiah,16/17,01/07/2016,SM Caen,RSC Anderlecht,€2.50m,€3.00m
Víctor Ruiz,19/20,07/08/2019,Villarreal,Besiktas,€7.00m,€2.50m
Víctor Ruiz,15/16,01/07/2015,Valencia,Villarreal,€4.00m,€2.70m
Víctor Ruiz,11/12,01/08/2011,Napoli,Valencia,€8.00m,€8.00m
Víctor Ruiz,10/11,01/01/2011,Espanyol,Napoli,€4.00m,€8.50m
David Ferreiro,N/A,N/A,N/A,N/A,N/A,N/A
Charlie Taylor,N/A,N/A,N/A,N/A,N/A,N/A
Cristhian Stuani,17/18,21/07/2017,Middlesbrough,Girona,€3.50m,€2.50m
Cristhian Stuani,15/16,07/08/2015,Espanyol,Middlesbrough,€4.00m,€3.00m
Cristhian Stuani,12/13,28/08/2012,Reggina,Espanyol,€3.00m,€2.70m
Cristhian Stuani,07/08,03/01/2008,Danubio FC,Reggina,-,€1.38m
Admir Mehmedi,17/18,31/01/2018,Leverkusen,Wolfsburg,€3.50m,€8.00m
Admir Mehmedi,15/16,01/07/2015,Freiburg,Leverkusen,€6.00m,€8.00m
Admir Mehmedi,14/15,01/07/2014,Dynamo Kyiv,Freiburg,€5.50m,€6.00m
Admir Mehmedi,11/12,06/01/2012,FC Zürich,Dynamo Kyiv,€3.00m,€3.50m
Aleksandar Dragović,16/17,23/08/2016,Dynamo Kyiv,Leverkusen,€15.00m,€21.00m
Aleksandar Dragović,13/14,26/07/2013,Basel,Dynamo Kyiv,€7.00m,€10.00m
Aleksandar Dragović,10/11,31/01/2011,Austria Vienna,Basel,€3.00m,€1.00m
Mattia Bani,25/26,27/07/2025,Genoa,Palermo,€1.80m,€1.50m
Mattia Bani,20/21,05/10/2020,Bologna,Genoa,€3.20m,€5.00m
Mattia Bani,19/20,01/07/2019,Chievo Verona,Bologna,€2.50m,€2.70m
Mattia Bani,16/17,28/07/2016,Pro Vercelli,Chievo Verona,€500k,€6.15m
Mattia Bani,13/14,03/07/2013,Reggiana,Pro Vercelli,€150k,€100k
Mattia Bani,12/13,09/07/2012,Genoa U19,Reggiana,€75k,€500
Mattia Bani,10/11,01/01/2011,Fortis Juventus,Genoa U19,-,€93k
Kyle Walker-Peters,20/21,11/08/2020,Tottenham,Southampton,€8.00m,€13.30m
Gabriel Dos Santos,20/21,01/09/2020,Lille,Arsenal,€20.00m,€26.00m
Gabriel Dos Santos,16/17,31/01/2017,Avaí FC,Lille,€350k,€3.00m
Bryan,25/26,21/07/2025,Brentford,Man Utd,€55.00m,€75.00m
Bryan,19/20,05/08/2019,Troyes,Brentford,€3.50m,€6.50m
Mohamed Simakan,25/26,01/07/2025,Leipzig,Al-Nassr,€23.00m,€35.00m
Mohamed Simakan,21/22,01/07/2021,R. Strasbourg,Leipzig,€18.00m,€15.00m
Mariano,25/26,08/08/2025,Udinese,Lens,€5.00m,€6.00m
Mariano,17/18,01/07/2017,Newcastle,Marseille,€18.00m,€11.00m
Mariano,15/16,19/08/2015,Marseille,Newcastle,€12.00m,€18.35m
Mariano,13/14,02/09/2013,Lille,Marseille,€6.00m,€12.00m
Mariano,12/13,30/01/2013,SC Bastia,Lille,€3.00m,€3.50m
Ohis Felix Uduokhai,25/26,01/07/2025,Augsburg,Besiktas,€7.00m,€5.00m
Ohis Felix Uduokhai,20/21,01/07/2020,Wolfsburg,Augsburg,€6.80m,€7.00m
Ohis Felix Uduokhai,17/18,01/07/2017,1860 Munich,Wolfsburg,€800k,€1.00m
Aïssa Mandi,16/17,01/07/2016,Stade Reims,Real Betis,€4.50m,€2.80m
Franco Vázquez,16/17,16/07/2016,US Palermo,Sevilla FC,€15.00m,€16.80m
Franco Vázquez,11/12,03/01/2012,Belgrano,US Palermo,€2.40m,€4.50m
Tom Davies,N/A,N/A,N/A,N/A,N/A,N/A
Raffaele Maiello,17/18,11/07/2017,Napoli,Frosinone,€1.20m,€1.20m
Raffaele Maiello,15/16,09/08/2015,Crotone,Napoli,€1.50m,€1.50m
Raffaele Maiello,15/16,01/07/2015,Napoli,Crotone,€1.50m,€60k
Guillermo Maripán,24/25,29/08/2024,Monaco,Torino,€10.00m,€4.60m
Guillermo Maripán,19/20,24/08/2019,Alavés,Monaco,€15.00m,€18.00m
Guillermo Maripán,17/18,07/07/2017,U. Católica,Alavés,€550k,€2.50m
Fikayo Tomori,21/22,01/07/2021,Chelsea,AC Milan,€28.00m,€35.30m
Eric García,17/18,01/07/2017,Barça U16,Man City U18,-,€1.70m
Clinton N'Jie,19/20,25/07/2019,Marseille,Dinamo Moscow,€3.50m,€6.00m
Clinton N'Jie,17/18,01/07/2017,Tottenham,Marseille,€7.00m,€7.00m
Clinton N'Jie,15/16,15/08/2015,Lyon,Tottenham,€5.00m,€14.10m
Chris Basham,10/11,13/08/2010,Bolton,Blackpool,€1.00m,€1.40m
Fayçal Fajr,19/20,01/08/2019,SM Caen,Getafe,€4.50m,€1.50m
Fayçal Fajr,18/19,03/08/2018,Getafe,SM Caen,€2.50m,€1.50m
Nacho,N/A,N/A,N/A,N/A,N/A,N/A
Marcus Thuram,19/20,22/07/2019,Guingamp,Mönchengladbach,€9.00m,€9.00m
Marcus Thuram,17/18,05/07/2017,FC Sochaux,Guingamp,€600k,€600k
Robert Snodgrass,20/21,08/01/2021,West Ham,West Brom,€4.00m,€110k
Robert Snodgrass,16/17,27/01/2017,Hull City,West Ham,€5.00m,€12.00m
Robert Snodgrass,14/15,01/07/2014,Norwich,Hull City,€5.50m,€7.50m
Robert Snodgrass,12/13,26/07/2012,Leeds,Norwich,€3.00m,€3.20m
Robert Snodgrass,08/09,25/07/2008,Livingston FC,Leeds,€50k,€300k
Álex Gálvez,N/A,N/A,N/A,N/A,N/A,N/A
Antonee Robinson,20/21,20/08/2020,Wigan,Fulham,€3.50m,€2.10m
Antonee Robinson,19/20,15/07/2019,Everton U23,Wigan,€1.00m,€2.20m
Sofyan Amrabat,25/26,01/07/2025,Fiorentina,Fenerbahçe,€17.00m,€12.00m
Sofyan Amrabat,19/20,31/01/2020,Hellas Verona,Fiorentina,€10.00m,€19.50m
Sofyan Amrabat,19/20,28/01/2020,Club Brugge,Hellas Verona,€10.00m,€3.65m
Sofyan Amrabat,18/19,24/08/2018,Feyenoord,Club Brugge,€4.50m,€2.50m
Sofyan Amrabat,17/18,01/07/2017,Utrecht,Feyenoord,€3.00m,€4.00m
David Zurutuza,N/A,N/A,N/A,N/A,N/A,N/A
Ben White,21/22,30/07/2021,Brighton,Arsenal,€28.00m,€58.50m
Rubén Pardo,N/A,N/A,N/A,N/A,N/A,N/A
Almamy Touré,18/19,31/01/2019,Monaco,Frankfurt,€8.00m,€750k
Pape Abou Cissé,23/24,15/09/2023,Olympiacos,Adana Demirspor,€4.00m,€600k
Pape Abou Cissé,17/18,01/07/2017,AC Ajaccio,Olympiacos,€600k,€700k
Ola Aina,19/20,01/07/2019,Chelsea,Torino,€10.00m,€9.80m
Alfreð Finnbogason,23/24,18/08/2023,Lyngby BK,KAS Eupen,€350k,€200k
Alfreð Finnbogason,16/17,01/07/2016,Real Sociedad,Augsburg,€5.00m,€4.00m
Alfreð Finnbogason,14/15,02/07/2014,Heerenveen,Real Sociedad,€9.00m,€8.00m
Alfreð Finnbogason,12/13,16/08/2012,KSC Lokeren,Heerenveen,€600k,€500k
Matheus Cunha,25/26,01/07/2025,Wolves,Man Utd,€60.00m,€74.20m
Matheus Cunha,23/24,01/07/2023,Atlético,Wolves,€25.00m,€50.00m
Matheus Cunha,21/22,25/08/2021,Hertha BSC,Atlético,€30.00m,€35.00m
Matheus Cunha,19/20,31/01/2020,Leipzig,Hertha BSC,€13.00m,€18.00m
Matheus Cunha,18/19,01/07/2018,FC Sion,Leipzig,€1.50m,€15.00m
Dan Gosling,07/08,03/01/2008,Plymouth,Everton,€300k,€1.50m
Rúben Vezo,19/20,01/07/2019,Valencia,Levante,€6.00m,€5.00m
Rúben Vezo,13/14,01/01/2014,Vitória Setúbal,Valencia,€700k,€2.05m
Paolo Faragò,17/18,01/07/2017,Novara,Cagliari,€2.50m,€2.30m
Harvey Barnes,23/24,23/07/2023,Leicester,Newcastle,€35.00m,€44.00m
Thomas Monconduit,22/23,30/08/2022,FC Lorient,Saint-Étienne,€1.50m,€500k
Thomas Monconduit,20/21,26/08/2020,Amiens SC,FC Lorient,€2.00m,€2.00m
Dídac Vilà,17/18,30/08/2017,AEK Athens,Espanyol,€1.00m,€250k
Dídac Vilà,10/11,28/01/2011,Espanyol,AC Milan,€800k,€4.00m
Sergi Darder,23/24,11/08/2023,Espanyol,RCD Mallorca,€16.00m,€8.00m
Sergi Darder,18/19,01/07/2018,Lyon,Espanyol,€11.00m,€8.00m
Sergi Darder,15/16,29/08/2015,Málaga CF,Lyon,€7.50m,€13.10m
Thiago Motta,11/12,31/01/2012,Inter,PSG,€15.00m,€11.50m
Thiago Motta,09/10,01/07/2009,Genoa,Inter,€7.00m,€10.20m
Thiago Motta,07/08,24/08/2007,Barcelona,Atlético,€7.50m,€2.00m
Jérémy Morel,11/12,01/07/2011,FC Lorient,Marseille,€3.30m,€2.50m
Miloš Veljković,15/16,01/02/2016,Tottenham U21,Werder Bremen,€250k,€330k
Juan Foyth,21/22,01/07/2021,Tottenham,Villarreal,€12.00m,€15.00m
Juan Foyth,17/18,30/08/2017,Estudiantes LP,Tottenham,€5.00m,€10.50m
Ștefan Radu,08/09,01/07/2008,FC Dinamo,Lazio,€1.40m,€4.75m
Aaron Cresswell,14/15,03/07/2014,Ipswich,West Ham,€1.50m,€4.75m
Aaron Cresswell,11/12,01/07/2011,Tranmere,Ipswich,€50k,€275k
Ante Budimir,21/22,01/07/2021,RCD Mallorca,CA Osasuna,€9.00m,€8.00m
Ante Budimir,19/20,01/07/2019,Crotone,RCD Mallorca,€1.40m,€2.20m
Ante Budimir,18/19,01/07/2018,Sampdoria,Crotone,€1.50m,€1.70m
Ante Budimir,16/17,05/07/2016,Crotone,Sampdoria,€3.00m,€1.80m
Ante Budimir,16/17,01/07/2016,St. Pauli,Crotone,€3.00m,€1.00m
Ante Budimir,14/15,04/08/2014,NK Lokomotiva,St. Pauli,€950k,€1.00m
Ante Budimir,10/11,28/01/2011,HNK Gorica,Inter Zapresic,€50k,€20k
Max Kilman,24/25,06/07/2024,Wolves,West Ham,€32.00m,€47.50m
Max Kilman,18/19,09/08/2018,Maidenhead Utd.,Wolves,-,€4.75m
Antonio Barragán,18/19,01/07/2018,Middlesbrough,Real Betis,€2.50m,€1.00m
Antonio Barragán,16/17,15/07/2016,Valencia,Middlesbrough,€4.00m,€2.70m
Antonio Barragán,11/12,01/08/2011,Real Valladolid,Valencia,€600k,€1.50m
Antonio Barragán,06/07,01/07/2006,Liverpool,Dep. La Coruña,€250k,€2.50m
Norbert Gyömbér,20/21,12/09/2020,Perugia,Salernitana,€500k,€700k
Norbert Gyömbér,18/19,14/08/2018,Roma,Perugia,€1.00m,€500k
Norbert Gyömbér,16/17,01/07/2016,Catania,Roma,€700k,€1.50m
Norbert Gyömbér,13/14,01/07/2013,Banska Bystrica,Catania,€500k,€350k
Mathías Olivera,22/23,01/07/2022,Getafe,Napoli,€15.00m,€16.50m
Mathías Olivera,17/18,14/08/2017,Nacional,Getafe,€300k,€850k
Lucas Alario,23/24,11/01/2024,Frankfurt,Internacional,€1.50m,€500k
Lucas Alario,22/23,01/07/2022,Leverkusen,Frankfurt,€8.00m,€6.00m
Lucas Alario,17/18,31/08/2017,River Plate,Leverkusen,€12.00m,€19.00m
Lucas Alario,15/16,01/07/2015,Colon,River Plate,€50k,€2.00m
Edu Expósito,22/23,08/08/2022,SD Eibar,Espanyol,€4.00m,€4.50m
Edu Expósito,19/20,13/07/2019,Dep. La Coruña,SD Eibar,€4.00m,€4.00m
Mohamed Diamé,16/17,03/08/2016,Hull City,Newcastle,€6.00m,€5.40m
Mohamed Diamé,14/15,01/09/2014,West Ham,Hull City,€7.00m,€4.40m
Mohamed Diamé,09/10,22/08/2009,Rayo Vallecano,Wigan,€2.00m,€3.00m
Karol Linetty,20/21,01/09/2020,Sampdoria,Torino,€10.00m,€7.50m
Karol Linetty,16/17,29/07/2016,Lech Poznan,Sampdoria,€3.20m,€3.10m
Mario Suárez,15/16,30/01/2016,Fiorentina,Watford,€8.00m,€5.30m
Mario Suárez,15/16,24/07/2015,Atlético,Fiorentina,€10.00m,€5.00m
Mario Suárez,10/11,01/07/2010,RCD Mallorca,Atlético,€4.00m,€1.80m
Mario Suárez,08/09,03/07/2008,Atlético,RCD Mallorca,€900k,€800k
Billy Gilmour,24/25,30/08/2024,Brighton,Napoli,€18.00m,€14.75m
Billy Gilmour,22/23,01/09/2022,Chelsea,Brighton,€12.00m,€8.30m
Billy Gilmour,17/18,01/07/2017,Rangers FC U17,Chelsea U18,-,€1.70m
Florian Lejeune,23/24,28/07/2023,Alavés,Rayo Vallecano,€4.00m,€2.50m
Florian Lejeune,17/18,04/07/2017,SD Eibar,Newcastle,€5.00m,€10.00m
Florian Lejeune,16/17,01/07/2016,Man City,SD Eibar,€800k,€1.50m
Florian Lejeune,15/16,28/08/2015,Girona,Man City,€800k,€300k
Florian Lejeune,11/12,07/07/2011,FC Istres,Villarreal,€1.00m,€1.00m
Haitam Aleesami,24/25,18/03/2025,KFUM Oslo,Bodø/Glimt,€300k,€260k
Haitam Aleesami,16/17,05/08/2016,IFK Göteborg,US Palermo,€900k,€1.38m
Haitam Aleesami,14/15,01/01/2015,Fredrikstad FK,IFK Göteborg,€400k,€120k
Suat Serdar,24/25,01/07/2024,Hertha BSC,Hellas Verona,€5.00m,€5.75m
Suat Serdar,21/22,01/07/2021,FC Schalke 04,Hertha BSC,€9.00m,€8.00m
Suat Serdar,18/19,01/07/2018,Mainz,FC Schalke 04,€7.50m,€11.00m
Rúben Dias,20/21,29/09/2020,Benfica,Man City,€35.00m,€71.60m
Rob Holding,23/24,01/09/2023,Arsenal,Crystal Palace,€8.00m,€1.20m
Rob Holding,16/17,22/07/2016,Bolton,Arsenal,€250k,€3.00m
Moussa Sissoko,22/23,01/07/2022,Watford,FC Nantes,€4.50m,€2.00m
Moussa Sissoko,21/22,27/08/2021,Tottenham,Watford,€10.00m,€3.50m
Moussa Sissoko,16/17,31/08/2016,Newcastle,Tottenham,€13.00m,€35.00m
Moussa Sissoko,12/13,21/01/2013,Toulouse,Newcastle,€10.00m,€2.00m
Alex Telles,23/24,23/07/2023,Man Utd,Al-Nassr,€7.50m,€4.60m
Alex Telles,20/21,05/10/2020,Porto,Man Utd,€40.00m,€15.00m
Alex Telles,16/17,12/07/2016,Galatasaray,Porto,€8.50m,€7.35m
Alex Telles,13/14,23/01/2014,Grêmio,Galatasaray,€1.50m,€6.15m
Dimitris Siovas,20/21,17/09/2020,CD Leganés,SD Huesca,€4.80m,€1.00m
Dimitris Siovas,17/18,01/07/2017,Olympiacos,CD Leganés,€2.00m,€3.00m
Dimitris Siovas,12/13,01/07/2012,Panionios,Olympiacos,€1.75m,€300k
Tom Cleverley,17/18,01/07/2017,Everton,Watford,€8.00m,€9.30m
James Tarkowski,15/16,01/02/2016,Brentford,Burnley,€350k,€4.00m
Rominigue Kouamé,23/24,01/09/2023,Troyes,Cádiz CF,€4.50m,€2.50m
Rominigue Kouamé,21/22,01/07/2021,Lille,Troyes,€2.00m,€2.50m
Max Christiansen,19/20,26/07/2019,Arm. Bielefeld,W. Mannheim,€450k,€80k
Max Christiansen,14/15,09/01/2015,Hansa Rostock,FC Ingolstadt,€350k,€500k
André Gomes,19/20,01/07/2019,Barcelona,Everton,€28.00m,€25.00m
André Gomes,16/17,21/07/2016,Valencia,Barcelona,€30.00m,€37.00m
André Gomes,15/16,01/07/2015,Benfica,Valencia,€20.00m,€20.00m
Andrés Guardado,17/18,07/07/2017,PSV,Real Betis,€6.00m,€2.50m
Andrés Guardado,15/16,01/07/2015,Valencia,PSV,€7.50m,€2.80m
Andrés Guardado,07/08,01/07/2007,Atlas,Dep. La Coruña,€600k,€7.00m
Federico Bernardeschi,17/18,24/07/2017,Fiorentina,Juventus,€30.00m,€40.00m
Adil Rami,17/18,13/07/2017,Sevilla FC,Marseille,€5.00m,€6.00m
Adil Rami,15/16,01/07/2015,AC Milan,Sevilla FC,€4.00m,€2.50m
Adil Rami,14/15,12/07/2014,Valencia,AC Milan,€8.00m,€4.25m
Adil Rami,11/12,01/07/2011,Lille,Valencia,€12.00m,€6.00m
Cheikhou Kouyaté,18/19,02/08/2018,West Ham,Crystal Palace,€12.00m,€10.70m
Cheikhou Kouyaté,14/15,01/07/2014,RSC Anderlecht,West Ham,€7.00m,€7.50m
Steven Defour,16/17,16/08/2016,RSC Anderlecht,Burnley,€6.00m,€8.60m
Steven Defour,14/15,13/08/2014,Porto,RSC Anderlecht,€6.00m,€6.00m
Steven Defour,11/12,01/08/2011,Standard Liège,Porto,€12.00m,€6.00m
Steven Defour,06/07,01/07/2006,Genk,Standard Liège,€3.00m,€1.50m
Leonardo Bonucci,18/19,02/08/2018,AC Milan,Juventus,€35.00m,€35.00m
Leonardo Bonucci,17/18,21/07/2017,Juventus,AC Milan,€45.00m,€42.00m
Leonardo Bonucci,10/11,01/07/2010,Bari,Juventus,€8.00m,€15.50m
Leonardo Bonucci,09/10,01/08/2009,Genoa,Bari,€400k,€10.50m
Leonardo Bonucci,09/10,01/07/2009,Inter,Genoa,€400k,€4.00m
Leonardo Bonucci,05/06,01/07/2005,Viterbese Yth.,Inter U19,-,€40k
Ryad Boudebouz,19/20,27/07/2019,Real Betis,Saint-Étienne,€6.00m,€3.50m
Ryad Boudebouz,17/18,09/08/2017,Montpellier,Real Betis,€10.00m,€7.00m
Ryad Boudebouz,15/16,07/07/2015,SC Bastia,Montpellier,€3.00m,€1.70m
Ryad Boudebouz,13/14,02/09/2013,FC Sochaux,SC Bastia,€4.50m,€1.00m
Keita Baldé,17/18,29/08/2017,Lazio,Monaco,€25.00m,€30.00m
Keita Baldé,11/12,01/07/2011,Barça U16,Lazio U19,-,€300k
Karim Bellarabi,N/A,N/A,N/A,N/A,N/A,N/A
Santiago Arias,18/19,31/07/2018,PSV,Atlético,€18.00m,€11.00m
Santiago Arias,13/14,13/07/2013,Sporting,PSV,€1.50m,€1.93m
Santiago Arias,11/12,01/07/2011,Inter Bogotá,Sporting,€300k,€920k
Victor Osimhen,25/26,31/07/2025,Napoli,Galatasaray,€70.00m,€75.00m
Victor Osimhen,20/21,01/09/2020,Lille,Napoli,€40.00m,€78.90m
Victor Osimhen,19/20,01/08/2019,R Charleroi SC,Lille,€13.00m,€22.40m
Victor Osimhen,19/20,01/07/2019,Wolfsburg,R Charleroi SC,€13.00m,€3.50m
Victor Osimhen,16/17,01/01/2017,Ult. Strikers,Wolfsburg,-,€3.50m
Christopher Jullien,22/23,23/08/2022,Celtic,Montpellier,€4.50m,€1.00m
Christopher Jullien,19/20,01/07/2019,Toulouse,Celtic,€6.00m,€8.00m
Christopher Jullien,16/17,01/07/2016,Freiburg,Toulouse,€1.00m,€2.80m
Papakouli Diop,12/13,13/07/2012,Crystal Palace,Birmingham,€1.50m,€320k
Papakouli Diop,05/06,08/07/2005,Newcastle,Charlton,€1.75m,€1.60m
Papakouli Diop,02/03,25/03/2003,Ipswich,Newcastle,-,€1.50m
Roberto Soriano,19/20,01/07/2019,Villarreal,Bologna,€7.00m,€8.00m
Roberto Soriano,16/17,02/08/2016,Sampdoria,Villarreal,€14.00m,€13.75m
Roberto Soriano,08/09,02/02/2009,FC Bayern U19,Sampdoria U19,-,€500k
Carlos Clerc,N/A,N/A,N/A,N/A,N/A,N/A
Steven Fortes,19/20,01/07/2019,Toulouse,Lens,€1.00m,€1.00m
Felipe Caicedo,21/22,31/08/2021,Lazio,Genoa,€4.00m,€2.00m
Felipe Caicedo,17/18,02/08/2017,Espanyol,Lazio,€3.00m,€2.50m
Felipe Caicedo,13/14,16/01/2014,Loko Moskau,Al-Jazira,€8.00m,€4.70m
Felipe Caicedo,11/12,15/07/2011,Levante,Loko Moskau,€5.00m,€7.50m
Felipe Caicedo,11/12,01/07/2011,Man City,Levante,€5.00m,€1.00m
Felipe Caicedo,07/08,31/01/2008,Basel,Man City,€5.00m,€7.00m
Felipe Caicedo,06/07,31/08/2006,Rocafuerte FC,Basel,€400k,€330k
Castello Lukeba,23/24,11/08/2023,Lyon,Leipzig,€25.00m,€30.00m
Grzegorz Krychowiak,21/22,02/08/2021,Loko Moscow,Krasnodar,€15.00m,€4.00m
Grzegorz Krychowiak,19/20,03/07/2019,PSG,Loko Moscow,€18.00m,€12.00m
Grzegorz Krychowiak,16/17,03/07/2016,Sevilla FC,PSG,€30.00m,€27.50m
Grzegorz Krychowiak,14/15,23/07/2014,Stade Reims,Sevilla FC,€5.00m,€5.50m
Grzegorz Krychowiak,12/13,01/07/2012,G. Bordeaux,Stade Reims,€1.00m,€800k
Grzegorz Krychowiak,06/07,01/01/2007,Arka Gdynia U19,Bordeaux U19,-,€270k
Dušan Vlahović,21/22,28/01/2022,Fiorentina,Juventus,€70.00m,€85.40m
Dušan Vlahović,18/19,01/07/2018,Partizan,Fiorentina,€1.00m,€3.20m
Batista Mendy,23/24,07/09/2023,Angers SCO,Trabzonspor,€3.00m,€4.40m
Patrick Bamford,18/19,31/07/2018,Middlesbrough,Leeds,€4.00m,€7.90m
Patrick Bamford,16/17,18/01/2017,Chelsea,Middlesbrough,€5.00m,€6.90m
Patrick Bamford,11/12,31/01/2012,Nott'm Forest,Chelsea,-,€1.80m
Layvin Kurzawa,15/16,27/08/2015,Monaco,PSG,€10.00m,€25.00m
Saïd Benrahma,25/26,03/07/2025,Lyon,NEOM SC,€10.00m,€12.00m
Saïd Benrahma,24/25,01/07/2024,West Ham,Lyon,€20.00m,€14.40m
Saïd Benrahma,20/21,29/01/2021,Brentford,West Ham,€22.00m,€23.10m
Saïd Benrahma,18/19,06/07/2018,Nice,Brentford,€1.00m,€1.70m
Isaac Hayden,16/17,11/07/2016,Arsenal U23,Newcastle,€500k,€2.90m
Jimmy Cabot,22/23,01/07/2022,Angers SCO,Lens,€5.00m,€2.00m
Jimmy Cabot,15/16,30/01/2016,Troyes,FC Lorient,€500k,€1.80m
László Bénes,24/25,01/07/2024,Hamburg,Union Berlin,€5.00m,€3.00m
László Bénes,22/23,01/07/2022,Mönchengladbach,Hamburg,€3.00m,€1.50m
László Bénes,16/17,01/07/2016,MSK Zilina,Mönchengladbach,€500k,€5.00m
Adama Traoré,25/26,28/01/2026,Fulham,West Ham,€8.00m,€2.30m
Adama Traoré,18/19,08/08/2018,Middlesbrough,Wolves,€8.00m,€20.00m
Adama Traoré,16/17,31/08/2016,Aston Villa,Middlesbrough,€8.00m,€8.25m
Adama Traoré,15/16,14/08/2015,Barcelona B,Aston Villa,€5.00m,€10.00m
Andrés Cubas,21/22,28/04/2022,Nîmes Olympique,Vancouver,€2.50m,€2.73m
Andrés Cubas,20/21,17/07/2020,CA Talleres,Nîmes Olympique,€3.20m,€2.90m
David García,24/25,01/08/2024,CA Osasuna,Al-Rayyan,€10.00m,€8.75m
Pedro Mosquera,N/A,N/A,N/A,N/A,N/A,N/A
Giacomo Bonaventura,14/15,01/09/2014,Atalanta,AC Milan,€10.00m,€5.30m
Marc Guéhi,25/26,19/01/2026,Crystal Palace,Man City,€55.00m,€23.00m
Marc Guéhi,21/22,18/07/2021,Chelsea,Crystal Palace,€10.00m,€23.34m
Mario Balotelli,22/23,31/08/2022,Adana Demirspor,FC Sion,€2.80m,€2.62m
Mario Balotelli,14/15,25/08/2014,AC Milan,Liverpool,€27.00m,€20.00m
Mario Balotelli,12/13,31/01/2013,Man City,AC Milan,€24.00m,€20.00m
Mario Balotelli,10/11,12/08/2010,Inter,Man City,€26.00m,€29.50m
Mario Balotelli,06/07,31/08/2006,Lumezzane,Inter U19,-,€360k
Alexis Mac Allister,23/24,01/07/2023,Brighton,Liverpool,€65.00m,€42.00m
Alexis Mac Allister,18/19,24/01/2019,Argentinos Jrs.,Brighton,€5.00m,€8.00m
Juanpe,N/A,N/A,N/A,N/A,N/A,N/A
Karl Toko Ekambi,23/24,24/08/2023,Lyon,Abha,€8.00m,€1.50m
Karl Toko Ekambi,20/21,01/07/2020,Villarreal,Lyon,€14.00m,€11.50m
Karl Toko Ekambi,18/19,01/07/2018,Angers SCO,Villarreal,€18.00m,€18.00m
Karl Toko Ekambi,16/17,01/07/2016,FC Sochaux,Angers SCO,€1.25m,€1.00m
Karl Toko Ekambi,14/15,01/07/2014,Paris FC,FC Sochaux,-,€400k
Aaron Hunt,15/16,31/08/2015,Wolfsburg,Hamburg,€3.50m,€3.00m
Daniele Verde,21/22,01/07/2021,AEK Athens,Spezia Calcio,€1.50m,€600k
Daniele Verde,19/20,17/07/2019,Roma,AEK Athens,€2.50m,€700k
Victor Lindelöf,17/18,01/07/2017,Benfica,Man Utd,€22.00m,€35.00m
Victor Lindelöf,12/13,01/07/2012,Västerås SK,Benfica B,-,€3.06m
Celso Borges,18/19,15/08/2018,Dep. La Coruña,Göztepe,€4.00m,€1.50m
Celso Borges,08/09,01/04/2009,Saprissa,Fredrikstad FK,-,€125k
Stefan de Vrij,14/15,30/07/2014,Feyenoord,Lazio,€6.00m,€7.00m
Paul Seguin,25/26,01/07/2025,FC Schalke 04,Hertha BSC,€900k,€400k
Paul Seguin,23/24,01/07/2023,Union Berlin,FC Schalke 04,€2.50m,€750k
Paul Seguin,19/20,01/07/2019,Wolfsburg,Greuther Fürth,€1.00m,€300k
Federico Ricca,19/20,14/08/2019,Málaga CF,Club Brugge,€2.50m,€3.00m
Federico Ricca,15/16,01/02/2016,Danubio FC,Málaga CF,€1.20m,€2.50m
Davy Klaassen,20/21,05/10/2020,Werder Bremen,Ajax,€12.00m,€11.70m
Davy Klaassen,18/19,27/07/2018,Everton,Werder Bremen,€15.00m,€13.50m
Davy Klaassen,17/18,01/07/2017,Ajax,Everton,€18.00m,€27.00m
Steve Cook,11/12,03/01/2012,Brighton,Bournemouth,€50k,€167k
Abdoul Kader Bamba,N/A,N/A,N/A,N/A,N/A,N/A
Sofiane Alakouch,N/A,N/A,N/A,N/A,N/A,N/A
Niko Gießelmann,N/A,N/A,N/A,N/A,N/A,N/A
Juan Jesus,17/18,01/07/2017,Inter,Roma,€7.50m,€8.00m
Juan Jesus,11/12,30/01/2012,Internacional,Inter,€3.00m,€3.80m
Bertrand Traoré,25/26,01/09/2025,Ajax,Sunderland,€8.00m,€2.90m
Bertrand Traoré,20/21,19/09/2020,Lyon,Aston Villa,€9.50m,€18.40m
Bertrand Traoré,17/18,01/07/2017,Chelsea,Lyon,€8.00m,€10.00m
Gaetano Letizia,17/18,07/07/2017,Carpi,Benevento,€2.30m,€1.75m
Mamadou Sakho,17/18,31/08/2017,Liverpool,Crystal Palace,€15.00m,€28.20m
Mamadou Sakho,13/14,02/09/2013,PSG,Liverpool,€15.00m,€19.00m
Trevoh Chalobah,N/A,N/A,N/A,N/A,N/A,N/A
Cristian Ansaldi,19/20,01/07/2019,Inter,Torino,€5.00m,€2.50m
Cristian Ansaldi,16/17,30/07/2016,Genoa,Inter,€6.00m,€10.50m
Cristian Ansaldi,16/17,29/07/2016,Zenit S-Pb,Genoa,€6.00m,€4.00m
Cristian Ansaldi,13/14,05/08/2013,Rubin Kazan,Zenit S-Pb,€10.00m,€8.00m
Cristian Ansaldi,07/08,06/01/2008,Newell's,Rubin Kazan,€1.20m,€3.60m
Adam Lallana,14/15,01/07/2014,Southampton,Liverpool,€7.50m,€31.00m
Azzedine Ounahi,25/26,30/08/2025,Marseille,Girona,€10.00m,€6.00m
Azzedine Ounahi,22/23,29/01/2023,Angers SCO,Marseille,€15.00m,€8.00m
Azzedine Ounahi,21/22,14/07/2021,US Avranches,Angers SCO,€350k,€70k
Jean-Eudes Aholou,22/23,01/07/2022,Monaco,R. Strasbourg,€3.00m,€3.00m
Jean-Eudes Aholou,18/19,24/07/2018,R. Strasbourg,Monaco,€3.00m,€14.00m
Jean-Eudes Aholou,16/17,16/01/2017,US Orléans,R. Strasbourg,€400k,€500k
Martinelli,19/20,02/07/2019,Ituano,Arsenal,-,€7.10m
Manuel Lanzini,16/17,01/07/2016,Al-Jazira,West Ham,€9.00m,€12.00m
Manuel Lanzini,14/15,09/08/2014,River Plate,Al-Jazira,€6.00m,€7.50m
Adam Forshaw,17/18,18/01/2018,Middlesbrough,Leeds,€3.00m,€5.10m
Adam Forshaw,14/15,28/01/2015,Wigan,Middlesbrough,€2.00m,€2.67m
Adam Forshaw,14/15,01/09/2014,Brentford,Wigan,€2.00m,€3.80m
Ander Capa,18/19,01/07/2018,SD Eibar,Athletic Club,€3.00m,€3.00m
Mitchel Bakker,23/24,07/07/2023,Leverkusen,Atalanta,€9.00m,€8.80m
Mitchel Bakker,21/22,12/07/2021,PSG,Leverkusen,€10.00m,€7.00m
Ángel Montoro,N/A,N/A,N/A,N/A,N/A,N/A
Imran Louza,21/22,01/07/2021,FC Nantes,Watford,€12.00m,€10.00m
Kwadwo Asamoah,12/13,02/07/2012,Udinese,Juventus,€15.00m,€18.00m
Kwadwo Asamoah,09/10,01/07/2009,AC Bellinzona,Udinese,€1.00m,€1.00m
Álex Fernández,13/14,29/08/2013,RM Castilla,Espanyol,€2.50m,€500k
Álex Gallar,19/20,21/08/2019,SD Huesca,Girona,€1.40m,€1.90m
Álex Gallar,17/18,10/07/2017,CyD Leonesa,SD Huesca,€500k,€400k
Marco Meyerhöfer,N/A,N/A,N/A,N/A,N/A,N/A
Daniel Podence,24/25,02/09/2024,Wolves,Al-Shabab,€13.00m,€5.00m
Daniel Podence,19/20,30/01/2020,Olympiacos,Wolves,€6.00m,€19.60m
Daniel Podence,18/19,09/07/2018,Sporting,Olympiacos,€4.50m,€7.00m
Pablo Martinez,N/A,N/A,N/A,N/A,N/A,N/A
Thierry Correia,19/20,02/09/2019,Sporting,Valencia,€400k,€12.00m
Matija Nastasić,21/22,21/08/2021,FC Schalke 04,Fiorentina,€5.00m,€500k
Matija Nastasić,15/16,01/07/2015,Man City,FC Schalke 04,€14.00m,€9.50m
Matija Nastasić,12/13,31/08/2012,Fiorentina,Man City,€5.50m,€15.20m
Matija Nastasić,11/12,11/07/2011,Partizan,Fiorentina,€1.00m,€2.50m
Olivier Boscagli,19/20,17/07/2019,Nice,PSV,€3.00m,€2.00m
Marvin Friedrich,21/22,11/01/2022,Union Berlin,Mönchengladbach,€10.00m,€5.50m
Marvin Friedrich,19/20,05/07/2019,Augsburg,Union Berlin,€3.00m,€2.50m
Marvin Friedrich,19/20,01/07/2019,Union Berlin,Augsburg,€3.00m,€1.00m
Marvin Friedrich,17/18,27/01/2018,Augsburg,Union Berlin,€500k,€300k
Marvin Friedrich,16/17,01/07/2016,FC Schalke 04,Augsburg,€750k,€1.00m
Djené,17/18,24/07/2017,Sint-Truiden,Getafe,€800k,€2.50m
Maxime Poundjé,N/A,N/A,N/A,N/A,N/A,N/A
Ricardo Rodríguez,20/21,01/09/2020,AC Milan,Torino,€3.50m,€1.95m
Ricardo Rodríguez,17/18,01/07/2017,Wolfsburg,AC Milan,€17.00m,€15.00m
Ricardo Rodríguez,11/12,13/01/2012,FC Zürich,Wolfsburg,€7.50m,€8.50m
Fabio Pisacane,15/16,14/07/2015,Avellino,Cagliari,€700k,€150k
Ben Mee,N/A,N/A,N/A,N/A,N/A,N/A
Iddrisu Baba,N/A,N/A,N/A,N/A,N/A,N/A
Curtis Jones,N/A,N/A,N/A,N/A,N/A,N/A
Lassana Coulibaly,24/25,14/08/2024,Salernitana,Lecce,€3.50m,€1.80m
Lassana Coulibaly,17/18,05/07/2017,SC Bastia,Angers SCO,€1.25m,€2.00m
Solly March,11/12,01/11/2011,Lewes U18,Brighton U18,-,€5k
Gōtoku Sakai,19/20,14/08/2019,Hamburg,Vissel Kobe,€1.25m,€500k
Gōtoku Sakai,15/16,06/07/2015,Stuttgart,Hamburg,€2.00m,€700k
Gōtoku Sakai,13/14,01/07/2013,Albirex Niigata,Stuttgart,€4.00m,€1.20m
Birger Meling,23/24,14/08/2023,Stade Rennais,Copenhagen,€5.00m,€2.00m
Birger Meling,21/22,20/07/2021,Nîmes Olympique,Stade Rennais,€3.50m,€3.00m
Birger Meling,20/21,06/07/2020,Rosenborg BK,Nîmes Olympique,€1.20m,€1.00m
Birger Meling,16/17,08/02/2017,Stabæk,Rosenborg BK,€1.00m,€500k
Moses Simon,25/26,01/07/2025,FC Nantes,Paris FC,€12.00m,€7.00m
Moses Simon,20/21,01/07/2020,Levante,FC Nantes,€6.50m,€5.00m
Moses Simon,18/19,06/08/2018,KAA Gent,Levante,€6.00m,€3.50m
Moses Simon,14/15,07/01/2015,AS Trencin,KAA Gent,€600k,€800k
Adama Soumaoro,21/22,01/07/2021,Lille,Bologna,€4.00m,€2.10m
Duje Ćaleta-Car,24/25,08/07/2024,Southampton,Lyon,€7.00m,€3.59m
Duje Ćaleta-Car,22/23,01/09/2022,Marseille,Southampton,€16.00m,€8.00m
Duje Ćaleta-Car,18/19,20/07/2018,Salzburg,Marseille,€10.00m,€19.00m
Duje Ćaleta-Car,13/14,05/07/2013,HNK Sibenik,Salzburg,-,€50k
Gaël Kakuta,21/22,01/07/2021,Amiens SC,Lens,€8.00m,€5.00m
Gaël Kakuta,19/20,09/08/2019,Rayo Vallecano,Amiens SC,€2.00m,€3.00m
Gaël Kakuta,18/19,13/07/2018,HB CFFC,Rayo Vallecano,€6.00m,€2.00m
Gaël Kakuta,15/16,05/02/2016,Sevilla FC,HB CFFC,€6.00m,€5.00m
Gaël Kakuta,15/16,01/07/2015,Chelsea,Sevilla FC,€3.50m,€6.00m
Gaël Kakuta,07/08,01/07/2007,RC Lens U19,Chelsea U18,-,€115k
Ermin Bičakčić,14/15,01/07/2014,E. Braunschweig,Hoffenheim,€2.50m,€400k
Ermin Bičakčić,11/12,01/01/2012,Stuttgart,E. Braunschweig,€250k,€100k
Romain Hamouma,12/13,19/07/2012,SM Caen,Saint-Étienne,€4.50m,€4.00m
Romain Hamouma,10/11,01/07/2010,Stade Lavallois,SM Caen,€1.00m,€1.20m
Sebastian Vasiliadis,N/A,N/A,N/A,N/A,N/A,N/A
Borja Mayoral,22/23,01/08/2022,Real Madrid,Getafe,€9.00m,€10.00m
Shane Duffy,16/17,26/08/2016,Blackburn,Brighton,€1.50m,€5.25m
Shane Duffy,14/15,01/09/2014,Everton,Blackburn,€1.50m,€1.90m
Khéphren Thuram-Ulie,24/25,10/07/2024,Nice,Juventus,€35.00m,€20.60m
Iván Ramis,12/13,02/08/2012,RCD Mallorca,Wigan,€6.00m,€6.00m
Timothée Kolodziejczak,20/21,01/07/2020,Tigres UANL,Saint-Étienne,€4.80m,€4.50m
Timothée Kolodziejczak,17/18,05/09/2017,Mönchengladbach,Tigres UANL,€6.00m,€5.00m
Timothée Kolodziejczak,16/17,04/01/2017,Sevilla FC,Mönchengladbach,€7.00m,€7.50m
Timothée Kolodziejczak,14/15,29/08/2014,Nice,Sevilla FC,€4.50m,€3.00m
Timothée Kolodziejczak,09/10,01/07/2009,Lens,Lyon,€600k,€2.50m
Thomas Foket,18/19,31/08/2018,KAA Gent,Stade Reims,€3.50m,€3.50m
Terem Moffi,23/24,01/07/2023,FC Lorient,Nice,€20.00m,€22.50m
Terem Moffi,20/21,01/10/2020,KV Kortrijk,FC Lorient,€3.00m,€8.00m
Terem Moffi,19/20,08/01/2020,Riteriai,KV Kortrijk,€350k,€1.35m
Amine Harit,23/24,01/07/2023,FC Schalke 04,Marseille,€12.00m,€5.00m
Amine Harit,17/18,10/07/2017,FC Nantes,FC Schalke 04,€2.00m,€8.00m
Daniel Didavi,N/A,N/A,N/A,N/A,N/A,N/A
Damián Musto,19/20,01/07/2019,Club Tijuana,SD Huesca,€1.20m,€500k
Damián Musto,17/18,05/07/2017,Rosario Central,Club Tijuana,€700k,€1.75m
Leander Dendoncker,22/23,01/09/2022,Wolves,Aston Villa,€28.00m,€15.00m
Leander Dendoncker,19/20,01/07/2019,RSC Anderlecht,Wolves,€18.00m,€13.80m
Jeffrey Gouweleeuw,15/16,09/01/2016,AZ Alkmaar,Augsburg,€3.00m,€3.00m
Jeffrey Gouweleeuw,13/14,01/07/2013,Heerenveen,AZ Alkmaar,€2.50m,€1.50m
Stevan Jovetić,17/18,29/08/2017,Inter,Monaco,€10.00m,€10.50m
Stevan Jovetić,16/17,03/01/2017,Man City,Inter,€10.00m,€13.50m
Stevan Jovetić,13/14,19/07/2013,Fiorentina,Man City,€28.00m,€26.00m
Stevan Jovetić,08/09,01/07/2008,Partizan,Fiorentina,€7.00m,€8.00m
Nicolas Pallois,17/18,27/07/2017,G. Bordeaux,FC Nantes,€3.50m,€2.00m
Nicolas Pallois,14/15,01/07/2014,Chamois Niort,G. Bordeaux,€300k,€500k
Pablo Fornals,23/24,01/02/2024,West Ham,Real Betis,€17.00m,€8.00m
Pablo Fornals,19/20,01/07/2019,Villarreal,West Ham,€25.00m,€28.00m
Pablo Fornals,17/18,24/07/2017,Málaga CF,Villarreal,€10.00m,€12.00m
Miranda,N/A,N/A,N/A,N/A,N/A,N/A
Felipe,21/22,16/07/2021,West Ham,Lazio,€10.00m,€3.00m
Felipe,18/19,15/07/2018,Lazio,West Ham,€30.00m,€38.00m
Felipe,13/14,09/07/2013,Santos,Lazio,€6.00m,€7.50m
Marlon,21/22,01/07/2021,Sassuolo,Shakhtar D.,€6.50m,€12.00m
Marlon,18/19,16/08/2018,Barcelona,Sassuolo,€10.00m,€12.00m
Marlon,17/18,01/07/2017,Fluminense,Barcelona,€5.00m,€5.00m
Vladimír Coufal,20/21,02/10/2020,Slavia Praha,West Ham,€2.00m,€6.00m
Vladimír Coufal,18/19,01/07/2018,Slovan Liberec,Slavia Praha,€900k,€700k
Esteban Granero,14/15,27/07/2014,QPR,Real Sociedad,€5.00m,€4.00m
Esteban Granero,12/13,30/08/2012,Real Madrid,QPR,€7.00m,€8.00m
Esteban Granero,09/10,21/07/2009,Getafe,Real Madrid,€5.00m,€4.00m
Esteban Granero,08/09,13/07/2008,Real Madrid,Getafe,€4.00m,€3.00m
Szymon Żurkowski,23/24,01/07/2023,Fiorentina,Spezia Calcio,€3.50m,€3.38m
Szymon Żurkowski,18/19,28/01/2019,Górnik Zabrze,Fiorentina,€4.00m,€4.50m
Fouad Chafik,N/A,N/A,N/A,N/A,N/A,N/A
Javi Galán,25/26,01/01/2026,Atlético,CA Osasuna,€3.50m,€500k
Javi Galán,23/24,03/07/2023,Celta de Vigo,Atlético,€12.00m,€5.00m
Javi Galán,21/22,31/07/2021,SD Huesca,Celta de Vigo,€6.00m,€4.00m
Javi Galán,18/19,29/01/2019,Córdoba CF,SD Huesca,€400k,€1.00m
Mauricio Lemos,20/21,26/08/2020,UD Las Palmas,Fenerbahçe,€1.60m,€1.50m
Mauricio Lemos,16/17,01/07/2016,Rubin Kazan,UD Las Palmas,€800k,€2.00m
Mauricio Lemos,15/16,27/01/2016,Defensor SC,Rubin Kazan,€750k,€400k
Mikel San José,10/11,01/07/2010,Liverpool Res.,Athletic Club,€3.40m,€2.70m
Mikel San José,07/08,01/08/2007,Bilbao U19,Liverpool U18,-,€450k
Marcos Llorente,19/20,01/07/2019,Real Madrid,Atlético,€20.00m,€30.00m
Diego Llorente,24/25,09/07/2024,Leeds,Real Betis,€7.00m,€3.25m
Diego Llorente,20/21,24/09/2020,Real Sociedad,Leeds,€20.00m,€20.00m
Diego Llorente,17/18,01/07/2017,Real Madrid,Real Sociedad,€7.50m,€11.00m
Bas Dost,20/21,04/01/2021,Frankfurt,Club Brugge,€5.50m,€4.00m
Bas Dost,19/20,26/08/2019,Sporting,Frankfurt,€17.00m,€7.00m
Bas Dost,16/17,28/08/2016,Wolfsburg,Sporting,€7.50m,€11.85m
Bas Dost,12/13,01/07/2012,Heerenveen,Wolfsburg,€8.00m,€7.00m
Bas Dost,10/11,01/07/2010,Heracles Almelo,Heerenveen,€1.50m,€2.75m
Bas Dost,08/09,01/07/2008,FC Emmen,Heracles Almelo,-,€300k
Rolando Mandragora,22/23,04/07/2022,Juventus,Fiorentina,€10.00m,€8.20m
Rolando Mandragora,20/21,03/10/2020,Udinese,Juventus,€12.00m,€15.00m
Rolando Mandragora,18/19,26/07/2018,Juventus,Udinese,€10.00m,€20.00m
Rolando Mandragora,15/16,19/01/2016,Genoa,Juventus,€2.00m,€9.00m
Ivan Ilić,23/24,01/07/2023,Hellas Verona,Torino,€19.00m,€16.50m
Ivan Ilić,21/22,12/08/2021,Man City U23,Hellas Verona,€8.00m,€7.50m
Ivan Ilić,17/18,10/07/2017,Red Star U17,Man City U18,€50k,€2.50m
Jonathan Gradit,19/20,20/08/2019,SM Caen,Lens,€2.00m,€400k
Borja García,20/21,15/09/2020,Girona,SD Huesca,€3.20m,€1.50m
Borja García,12/13,31/07/2012,Córdoba CF,RM Castilla,€1.00m,€1.00m
Jean-Ricner Bellegarde,23/24,01/09/2023,R. Strasbourg,Wolves,€10.00m,€15.00m
Jean-Ricner Bellegarde,19/20,02/07/2019,Lens,R. Strasbourg,€1.50m,€2.00m
Stefan Lainer,19/20,01/07/2019,Salzburg,Mönchengladbach,€12.50m,€12.50m
Stefan Lainer,15/16,01/07/2015,SV Ried,Salzburg,€650k,€200k
Maximilian Philipp,24/25,01/07/2024,Wolfsburg,Freiburg,€2.00m,€1.00m
Maximilian Philipp,21/22,01/07/2021,Dynamo Moscow,Wolfsburg,€7.00m,€7.50m
Maximilian Philipp,19/20,09/08/2019,Dortmund,Dinamo Moscow,€13.00m,€20.00m
Maximilian Philipp,17/18,01/07/2017,Freiburg,Dortmund,€15.00m,€20.00m
Aymen Barkok,N/A,N/A,N/A,N/A,N/A,N/A
Gabriele Angella,10/11,01/08/2010,FC Empoli,Udinese,€800k,€2.00m
Theodor Gebre Selassie,12/13,01/07/2012,Slovan Liberec,Werder Bremen,€1.50m,€1.80m
Theodor Gebre Selassie,08/09,16/09/2008,Slavia Praha,Slovan Liberec,€500k,€500k
Theodor Gebre Selassie,07/08,25/09/2007,Jihlava,Slavia Praha,-,€200k
André Hoffmann,17/18,01/07/2017,Hannover 96,F. Düsseldorf,€500k,€250k
André Hoffmann,12/13,03/01/2013,MSV Duisburg,Hannover 96,€800k,€800k
Anthony Losilla,N/A,N/A,N/A,N/A,N/A,N/A
Jean-Paul Boëtius,18/19,27/08/2018,Feyenoord,Mainz,€2.00m,€3.50m
Jean-Paul Boëtius,17/18,01/07/2017,Basel,Feyenoord,€2.20m,€1.50m
Jean-Paul Boëtius,15/16,03/08/2015,Feyenoord,Basel,€4.50m,€2.00m
Gonzalo Castro,18/19,01/07/2018,Dortmund,Stuttgart,€8.00m,€5.00m
Gonzalo Castro,15/16,01/07/2015,Leverkusen,Dortmund,€14.00m,€11.00m
Sandro,17/18,31/08/2017,Atalanta,Inter,€1.50m,€40.70m
Rachid Ghezzal,21/22,12/08/2021,Leicester,Besiktas,€12.00m,€3.00m
Rachid Ghezzal,18/19,05/08/2018,Monaco,Leicester,€4.00m,€14.00m
Rani Khedira,14/15,01/07/2014,Stuttgart,Leipzig,€750k,€500k
Ferland Mendy,19/20,01/07/2019,Lyon,Real Madrid,€30.00m,€48.00m
Ferland Mendy,17/18,01/07/2017,Le Havre AC,Lyon,€1.25m,€5.00m
Santiago Cáseres,21/22,19/02/2022,Villarreal,Vélez Sarsfield,€5.00m,€2.50m
Santiago Cáseres,18/19,16/07/2018,Vélez Sarsfield,Villarreal,€6.00m,€10.00m
Álex Berenguer,20/21,02/10/2020,Torino,Athletic Club,€6.00m,€11.13m
Álex Berenguer,17/18,17/07/2017,CA Osasuna,Torino,€6.00m,€7.00m
Vedad Ibišević,11/12,25/01/2012,Hoffenheim,Stuttgart,€6.00m,€4.50m
Vedad Ibišević,07/08,12/07/2007,Alem. Aachen,Hoffenheim,€1.00m,€1.00m
James Tomkins,16/17,05/07/2016,West Ham,Crystal Palace,€6.00m,€11.70m
Jonathan Panzo,21/22,31/01/2022,Dijon,Nott'm Forest,€2.50m,€1.70m
Jonathan Panzo,20/21,26/08/2020,Monaco B,Dijon,€2.70m,€3.40m
Jonathan Panzo,18/19,06/07/2018,Chelsea U18,Monaco B,-,€3.00m
Joris Chotard,25/26,23/08/2025,Montpellier,Stade Brestois,€6.00m,€2.40m
Christian Günter,N/A,N/A,N/A,N/A,N/A,N/A
Tobias Strobl,N/A,N/A,N/A,N/A,N/A,N/A
Jesper Lindstrøm,23/24,29/08/2023,Frankfurt,Napoli,€28.00m,€30.00m
Jesper Lindstrøm,21/22,11/07/2021,Bröndby IF,Frankfurt,€7.00m,€7.00m
Rade Krunić,24/25,01/07/2024,AC Milan,Fenerbahçe,€6.00m,€3.50m
Rade Krunić,19/20,08/07/2019,FC Empoli,AC Milan,€8.00m,€8.60m
Gelson Fernandes,17/18,01/07/2017,Stade Rennais,Frankfurt,€2.50m,€350k
Gelson Fernandes,14/15,04/08/2014,Freiburg,Stade Rennais,€3.00m,€1.60m
Gelson Fernandes,13/14,01/07/2013,Sporting,Freiburg,€3.00m,€400k
Gelson Fernandes,09/10,09/07/2009,Man City,Saint-Étienne,€5.50m,€3.50m
Gelson Fernandes,07/08,14/07/2007,FC Sion,Man City,€1.00m,€5.50m
Coke,18/19,02/07/2018,FC Schalke 04,Levante,€2.00m,€1.50m
Coke,16/17,03/08/2016,Sevilla FC,FC Schalke 04,€4.00m,€4.00m
Coke,11/12,01/07/2011,Rayo Vallecano,Sevilla FC,€2.50m,€1.80m
Cristian Rivera,N/A,N/A,N/A,N/A,N/A,N/A
Édgar Barreto,11/12,31/08/2011,Atalanta,US Palermo,€3.50m,€5.30m
Édgar Barreto,09/10,11/07/2009,Reggina,Atalanta,€2.50m,€4.50m
Édgar Barreto,07/08,19/07/2007,NEC Nijmegen,Reggina,€2.60m,€2.00m
Édgar Barreto,03/04,01/01/2004,Cerro Porteño,NEC Nijmegen,-,€800k
Thilo Kehrer,24/25,01/07/2024,West Ham,Monaco,€10.00m,€11.00m
Thilo Kehrer,22/23,17/08/2022,PSG,West Ham,€22.00m,€12.00m
Thilo Kehrer,18/19,16/08/2018,FC Schalke 04,PSG,€18.00m,€37.00m
Bruno Alves,13/14,01/07/2013,Zenit S-Pb,Fenerbahçe,€6.50m,€5.50m
Bruno Alves,10/11,03/08/2010,Porto,Zenit S-Pb,€18.00m,€22.00m
Keven Schlotterbeck,24/25,01/07/2024,Freiburg,Augsburg,€6.00m,€2.50m
Jorge Molina,10/11,01/07/2010,Elche CF,Real Betis,€1.20m,€1.60m
Grant Hanley,17/18,30/08/2017,Newcastle,Norwich,€4.50m,€3.80m
Grant Hanley,16/17,21/07/2016,Blackburn,Newcastle,€2.50m,€6.60m
Grant Hanley,08/09,01/07/2008,Rangers FC U17,Blackburn U18,-,€50k
Salvador Ferrer,19/20,09/08/2019,Gimnàstic,Spezia Calcio,€200k,€380k
Simone Zaza,19/20,01/07/2019,Valencia,Torino,€10.00m,€12.00m
Simone Zaza,17/18,01/07/2017,Juventus,Valencia,€15.00m,€16.00m
Simone Zaza,15/16,07/07/2015,Sassuolo,Juventus,€11.00m,€18.00m
Simone Zaza,13/14,09/07/2013,Juventus,Sassuolo,€4.50m,€10.00m
Simone Zaza,13/14,09/07/2013,Sampdoria,Juventus,€4.50m,€3.50m
Manuel Prietl,N/A,N/A,N/A,N/A,N/A,N/A
Rayan Aït Nouri,N/A,N/A,N/A,N/A,N/A,N/A
Gabriel,19/20,02/07/2019,Ituano,Arsenal,-,€7.10m
Maximilian Eggestein,21/22,18/08/2021,Werder Bremen,Freiburg,€7.50m,€5.00m
Bruno Zuculini,17/18,29/01/2018,Hellas Verona,River Plate,€1.70m,€3.25m
Bruno Zuculini,17/18,11/07/2017,Man City,Hellas Verona,€1.20m,€1.25m
Bruno Zuculini,14/15,01/07/2014,Racing Club,Man City,€4.00m,€2.50m
Tommaso Pobega,26/27,01/07/2026,AC Milan,Bologna,€9.00m,€7.00m
Camillo Ciano,22/23,27/08/2022,Frosinone,Benevento,€500k,€500k
Camillo Ciano,17/18,10/07/2017,Cesena,Frosinone,€2.30m,€1.30m
Camillo Ciano,15/16,10/08/2015,Crotone,Cesena,€1.80m,€300k
Roque Mesa,18/19,01/07/2018,Swansea,Sevilla FC,€7.00m,€6.00m
Roque Mesa,17/18,06/07/2017,UD Las Palmas,Swansea,€12.00m,€12.50m
Roberto Insigne,23/24,12/07/2023,Frosinone,Palermo,€1.80m,€1.00m
Roberto Insigne,22/23,27/08/2022,Benevento,Frosinone,€1.50m,€900k
Roberto Insigne,19/20,01/07/2019,Napoli,Benevento,€1.60m,€1.50m
Rafa Soares,18/19,01/07/2018,Portimonense,Porto,€1.50m,€1.50m
Matías Viña,23/24,25/01/2024,Roma,Flamengo,€8.00m,€8.10m
Matías Viña,21/22,08/08/2021,Palmeiras,Roma,€5.00m,€13.00m
Matías Viña,19/20,31/01/2020,Nacional,Palmeiras,€2.50m,€8.36m
Jon Moncayola,N/A,N/A,N/A,N/A,N/A,N/A
Claudio Terzi,13/14,19/07/2013,AC Siena,US Palermo,€500k,€500k
Claudio Terzi,09/10,19/08/2009,Bologna,AC Siena,€1.30m,€2.50m
Étienne Didot,08/09,01/07/2008,Stade Rennais,Toulouse,€3.50m,€3.00m
Ervin Zukanović,18/19,01/07/2018,Roma,Genoa,€2.00m,€1.50m
Ervin Zukanović,16/17,01/07/2016,Sampdoria,Roma,€4.00m,€2.80m
Ervin Zukanović,15/16,16/07/2015,Chievo Verona,Sampdoria,€3.50m,€3.28m
Ervin Zukanović,15/16,01/07/2015,KAA Gent,Chievo Verona,€3.50m,€1.00m
Ervin Zukanović,12/13,01/01/2013,KV Kortrijk,KAA Gent,€1.30m,€625k
Ervin Zukanović,11/12,11/07/2011,KAS Eupen,KV Kortrijk,€700k,€200k
Ervin Zukanović,10/11,12/07/2010,FCV Dender EH,KAS Eupen,€300k,€80k
Fran Gámez,N/A,N/A,N/A,N/A,N/A,N/A
Georginio Wijnaldum,23/24,02/09/2023,PSG,Al-Ettifaq,€8.00m,€8.00m
Georginio Wijnaldum,16/17,22/07/2016,Newcastle,Liverpool,€20.00m,€27.50m
Georginio Wijnaldum,15/16,11/07/2015,PSV,Newcastle,€15.00m,€20.00m
Georginio Wijnaldum,11/12,01/07/2011,Feyenoord,PSV,€6.50m,€8.00m
Léo Sena,21/22,01/07/2021,Atlético-MG,Spezia Calcio,€2.00m,€1.25m
Léo Sena,19/20,18/06/2020,Goiás,Atlético-MG,€1.00m,€680k
Maya Yoshida,12/13,30/08/2012,VVV-Venlo,Southampton,€1.25m,€2.80m
Vladimír Darida,15/16,18/07/2015,Freiburg,Hertha BSC,€5.50m,€3.80m
Vladimír Darida,13/14,28/08/2013,Viktoria Plzeň,Freiburg,€7.50m,€4.00m
Ragnar Klavan,18/19,17/08/2018,Liverpool,Cagliari,€3.50m,€1.52m
Ragnar Klavan,16/17,20/07/2016,Augsburg,Liverpool,€3.50m,€5.00m
Ragnar Klavan,12/13,02/07/2012,AZ Alkmaar,Augsburg,€1.50m,€250k
Ragnar Klavan,09/10,01/07/2009,Heracles Almelo,AZ Alkmaar,€1.50m,€500k
Ragnar Klavan,05/06,04/08/2005,FC Flora,Heracles Almelo,€125k,€200k
Lucas Perrin,22/23,01/07/2022,Marseille,R. Strasbourg,€5.00m,€1.50m
Nahuel Molina,22/23,28/07/2022,Udinese,Atlético,€20.00m,€20.00m
Arne Maier,22/23,01/07/2022,Hertha BSC,Augsburg,€5.50m,€5.00m
Nicolas Nkoulou,18/19,01/07/2018,Lyon,Torino,€10.00m,€3.50m
Nicolas Nkoulou,11/12,01/07/2011,Monaco,Marseille,€5.00m,€3.50m
Mateusz Klich,17/18,01/07/2017,FC Twente,Leeds,€2.25m,€1.70m
Mateusz Klich,16/17,26/08/2016,1.FC K'lautern,FC Twente,€500k,€50k
Mateusz Klich,14/15,06/01/2015,Wolfsburg,1.FC K'lautern,€1.50m,€250k
Mateusz Klich,14/15,01/07/2014,PEC Zwolle,Wolfsburg,€2.00m,€750k
Mateusz Klich,13/14,01/07/2013,Wolfsburg,PEC Zwolle,€750k,€200k
Mateusz Klich,11/12,01/07/2011,Cracovia,Wolfsburg,€1.50m,€1.50m
Ramiro Funes Mori,22/23,04/08/2022,Al-Nassr,CD Cruz Azul,€1.50m,€1.50m
Ramiro Funes Mori,21/22,22/07/2021,Villarreal,Al-Nassr,€2.00m,€2.50m
Ramiro Funes Mori,18/19,01/07/2018,Everton,Villarreal,€10.00m,€9.00m
Ramiro Funes Mori,15/16,01/09/2015,River Plate,Everton,€6.00m,€12.20m
Vitaly Janelt,20/21,03/10/2020,VfL Bochum,Brentford,€675k,€600k
Vitaly Janelt,18/19,01/07/2018,Leipzig,VfL Bochum,€600k,€150k
Vitaly Janelt,14/15,01/07/2014,Hamburg U17,RB Leipzig U17,-,€100k
Georg Margreitter,12/13,24/08/2012,Austria Vienna,Wolves,€1.10m,€2.50m
Tino Kadewere,19/20,22/01/2020,Le Havre AC,Lyon,€4.00m,€12.00m
Tino Kadewere,18/19,27/07/2018,Djurgården,Le Havre AC,€800k,€2.00m
Wout Faes,22/23,01/09/2022,Stade Reims,Leicester,€10.00m,€17.00m
Wout Faes,19/20,30/01/2020,KV Oostende,Stade Reims,€3.00m,€3.00m
Wout Faes,18/19,01/07/2018,RSC Anderlecht,KV Oostende,€800k,€300k
Chris Löwe,19/20,01/07/2019,Huddersfield,Dynamo Dresden,€2.00m,€900k
Chris Löwe,12/13,12/01/2013,Dortmund,1.FC K'lautern,€500k,€500k
Chris Löwe,11/12,01/07/2011,Chemnitzer FC,Dortmund,€200k,€225k
Pedro Alcalá,15/16,30/08/2015,UE Llagostera,Girona,€400k,€100k
Marco Fossati,18/19,05/01/2019,Hellas Verona,Monza,€700k,€150k
Marco Fossati,17/18,01/07/2017,Cagliari,Hellas Verona,€2.50m,€300k
Marco Fossati,10/11,16/07/2010,Inter Youth,Milan U19,€300k,€4.00m
Lucas Pérez,22/23,01/01/2023,Cádiz CF,Dep. La Coruña,€2.00m,€1.00m
Lucas Pérez,21/22,31/01/2022,Elche CF,Cádiz CF,€2.50m,€200k
Lucas Pérez,19/20,01/07/2019,West Ham,Alavés,€4.00m,€2.30m
Lucas Pérez,18/19,09/08/2018,Arsenal,West Ham,€7.50m,€4.40m
Lucas Pérez,16/17,30/08/2016,Dep. La Coruña,Arsenal,€12.00m,€20.00m
Lucas Pérez,15/16,12/08/2015,PAOK,Dep. La Coruña,€3.00m,€1.50m
Lucas Pérez,13/14,05/07/2013,Karpaty Lviv,PAOK,€2.50m,€800k
Steven Alzate,25/26,04/08/2025,Hull City,Atlanta,€3.50m,€1.70m
Steven Alzate,17/18,31/07/2017,Leyton Orient,Brighton U23,-,€110k
Leandro Cabrera,19/20,20/01/2020,Getafe,Espanyol,€10.00m,€9.00m
Leandro Cabrera,18/19,05/07/2018,Crotone,Getafe,€600k,€600k
Leandro Cabrera,09/10,16/07/2009,Defensor SC,Atlético,-,€1.50m
Luca Kilian,22/23,01/07/2022,Mainz,1.FC Köln,€4.50m,€2.00m
Luca Kilian,20/21,10/08/2020,SC Paderborn,Mainz,€1.30m,€2.00m
Antonio Sánchez,N/A,N/A,N/A,N/A,N/A,N/A
Javairô Dilrosun,23/24,02/02/2024,Feyenoord,América,€4.00m,€4.60m
Javairô Dilrosun,22/23,11/07/2022,Hertha BSC,Feyenoord,€6.00m,€4.00m
Javairô Dilrosun,14/15,01/07/2014,Ajax U17,Man City U18,-,€230k
Wallace,72/73,01/10/1972,Crystal Palace,Dumbarton,-,€15k
Wallace,71/72,01/10/1971,Celtic,Crystal Palace,-,€23k
Wallace,66/67,01/12/1966,Heart of Midl.,Celtic,-,€44k
Wallace,60/61,01/04/1961,Raith Rovers,Heart of Midl.,-,€23k
Antonio Vacca,N/A,N/A,N/A,N/A,N/A,N/A
Simon Falette,17/18,16/08/2017,FC Metz,Frankfurt,€3.00m,€2.70m
Iñigo Ruiz de Galarreta,18/19,07/08/2018,Barcelona B,UD Las Palmas,€800k,€500k
Iñigo Ruiz de Galarreta,17/18,17/07/2017,CD Numancia,Barcelona B,€800k,€700k
Lucas Gourna-Douath,22/23,13/07/2022,Saint-Étienne,Salzburg,€10.00m,€13.00m
Emerson Palmieri,25/26,01/09/2025,West Ham,Marseille,€10.00m,€700k
Emerson Palmieri,22/23,23/08/2022,Chelsea,West Ham,€14.00m,€15.40m
Emerson Palmieri,17/18,30/01/2018,Roma,Chelsea,€14.00m,€20.00m
Emerson Palmieri,16/17,03/01/2017,Santos,Roma,€3.00m,€2.00m
Valentino Livramento,23/24,08/08/2023,Southampton,Newcastle,€25.00m,€37.20m
Valentino Livramento,21/22,02/08/2021,Chelsea U23,Southampton,-,€26.20m
Valon Berisha,20/21,09/07/2020,Lazio,Stade Reims,€4.00m,€4.50m
Valon Berisha,18/19,03/07/2018,Salzburg,Lazio,€10.00m,€7.60m
Valon Berisha,12/13,26/07/2012,Viking FK,Salzburg,€1.00m,€2.80m
Zaydou Youssouf,24/25,31/01/2025,Famalicão,Al-Fateh,€7.00m,€6.00m
Zaydou Youssouf,22/23,04/08/2022,Saint-Étienne,Famalicão,€4.00m,€1.00m
Zaydou Youssouf,19/20,05/07/2019,G. Bordeaux,Saint-Étienne,€4.00m,€2.00m
Pau Torres,23/24,12/07/2023,Villarreal,Aston Villa,€45.00m,€33.00m
Ibrahima Konaté,21/22,01/07/2021,Leipzig,Liverpool,€35.00m,€40.00m
Ademola Lookman,25/26,02/02/2026,Atalanta,Atlético,€35.00m,€35.00m
Ademola Lookman,22/23,04/08/2022,Leipzig,Atalanta,€10.00m,€16.10m
Ademola Lookman,19/20,25/07/2019,Everton,Leipzig,€20.00m,€18.00m
Ademola Lookman,16/17,05/01/2017,Charlton,Everton,€1.50m,€8.80m
Blaise Matuidi,17/18,18/08/2017,PSG,Juventus,€30.00m,€25.00m
Blaise Matuidi,11/12,25/07/2011,Saint-Étienne,PSG,€8.00m,€8.00m
Blaise Matuidi,07/08,09/07/2007,Troyes,Saint-Étienne,€1.85m,€5.00m
Anthony Briançon,N/A,N/A,N/A,N/A,N/A,N/A
Edgar Ié,17/18,05/07/2017,Belenenses,Lille,€500k,€3.50m
Edgar Ié,12/13,18/07/2012,Sporting U19,Barcelona B,-,€1.75m
Carlos Akapo,14/15,06/08/2014,CD Numancia,Valencia B,€400k,€200k
Stefan Posch,25/26,21/01/2026,Bologna,Como,€5.50m,€5.50m
Stefan Posch,23/24,01/07/2023,Hoffenheim,Bologna,€14.00m,€5.00m
Stefan Posch,15/16,06/08/2015,Admira Wacker,Hoffenheim U19,-,€200k
Paul Baysse,17/18,10/01/2018,Málaga CF,G. Bordeaux,€2.50m,€1.00m
Paul Baysse,16/17,01/07/2016,Saint-Étienne,Nice,€1.50m,€500k
Paul Baysse,13/14,10/07/2013,Stade Brestois,Saint-Étienne,€2.50m,€1.00m
Paul Baysse,10/11,30/08/2010,CS Sedan,Stade Brestois,€900k,€1.00m
Tommaso Augello,23/24,18/07/2023,Sampdoria,Cagliari,€2.00m,€2.40m
Tommaso Augello,20/21,01/09/2020,Spezia Calcio,Sampdoria,€1.20m,€1.50m
Tommaso Augello,17/18,24/07/2017,Giana Erminio,Spezia Calcio,€275k,€80k
Goran Pandev,21/22,31/01/2022,Genoa,Parma,€500k,€130k
Goran Pandev,12/13,02/07/2012,Inter,Napoli,€11.00m,€7.50m
Goran Pandev,04/05,01/07/2004,Inter,Lazio,-,€8.00m
Goran Pandev,01/02,01/07/2001,Belasica,Inter U19,-,€25k
Axel Disasi,23/24,04/08/2023,Monaco,Chelsea,€30.00m,€45.00m
Axel Disasi,20/21,07/08/2020,Stade Reims,Monaco,€13.50m,€13.00m
Yeray Álvarez,N/A,N/A,N/A,N/A,N/A,N/A
Mikel Vesga,N/A,N/A,N/A,N/A,N/A,N/A
Óscar Duarte,15/16,26/01/2016,Club Brugge,Espanyol,€4.00m,€1.15m
Óscar Duarte,12/13,15/01/2013,Saprissa,Club Brugge,€225k,€150k
Ruben Loftus-Cheek,23/24,01/07/2023,Chelsea,AC Milan,€25.00m,€18.90m
Ryan Fredericks,15/16,31/08/2015,Bristol City,Fulham,€250k,€250k
Ryan Fredericks,15/16,06/08/2015,Tottenham,Bristol City,€250k,€250k
Aarón Martín,19/20,01/07/2019,Espanyol,Mainz,€20.00m,€8.00m
Gonzalo Higuaín,16/17,26/07/2016,Napoli,Juventus,€65.00m,€90.00m
Gonzalo Higuaín,13/14,27/07/2013,Real Madrid,Napoli,€30.00m,€39.00m
Gonzalo Higuaín,06/07,01/01/2007,River Plate,Real Madrid,€12.00m,€12.00m
Dušan Tadić,18/19,03/07/2018,Southampton,Ajax,€15.00m,€13.70m
Dušan Tadić,14/15,08/07/2014,FC Twente,Southampton,€10.00m,€14.00m
Dušan Tadić,12/13,01/07/2012,FC Groningen,FC Twente,€7.50m,€5.50m
Dušan Tadić,10/11,01/07/2010,Vojvodina,FC Groningen,€2.75m,€1.10m
Mason Holgate,15/16,13/08/2015,Barnsley,Everton,€75k,€1.40m
Sead Kolašinac,N/A,N/A,N/A,N/A,N/A,N/A
Arnaud Kalimuendo,25/26,18/08/2025,Stade Rennais,Nott'm Forest,€22.00m,€30.00m
Arnaud Kalimuendo,22/23,11/08/2022,PSG,Stade Rennais,€18.00m,€20.00m
Marko Arnautović,24/25,01/07/2024,Bologna,Inter,€4.00m,€10.90m
Marko Arnautović,21/22,01/08/2021,SH Port,Bologna,€10.00m,€6.00m
Marko Arnautović,19/20,08/07/2019,West Ham,SH SIPG,€35.00m,€25.00m
Marko Arnautović,17/18,22/07/2017,Stoke City,West Ham,€15.00m,€22.30m
Marko Arnautović,13/14,02/09/2013,Werder Bremen,Stoke City,€7.00m,€2.80m
Marko Arnautović,10/11,01/07/2010,FC Twente,Werder Bremen,€6.50m,€6.20m
Tyrone Mings,19/20,08/07/2019,Bournemouth,Aston Villa,€5.00m,€22.30m
Tyrone Mings,15/16,01/07/2015,Ipswich,Bournemouth,€6.00m,€11.30m
Nils Petersen,15/16,01/07/2015,Werder Bremen,Freiburg,€3.00m,€2.80m
Nils Petersen,13/14,01/07/2013,Bayern Munich,Werder Bremen,€5.00m,€3.00m
Nils Petersen,11/12,01/07/2011,Energie Cottbus,Bayern Munich,€4.00m,€2.80m
Nils Petersen,08/09,06/01/2009,Carl Zeiss Jena,Energie Cottbus,€250k,€300k
Anton Stach,25/26,22/07/2025,Hoffenheim,Leeds,€14.00m,€20.00m
Anton Stach,23/24,01/09/2023,Mainz,Hoffenheim,€15.00m,€12.00m
Anton Stach,21/22,31/07/2021,Greuther Fürth,Mainz,€2.50m,€4.50m
Nampalys Mendy,16/17,03/07/2016,Nice,Leicester,€7.50m,€15.50m
Pablo Zabaleta,08/09,31/08/2008,Espanyol,Man City,€8.00m,€8.70m
Pablo Zabaleta,05/06,20/08/2005,San Lorenzo,Espanyol,-,€3.50m
Tony Jantschke,N/A,N/A,N/A,N/A,N/A,N/A
Matteo Pessina,23/24,01/07/2023,Atalanta,Monza,€15.00m,€12.00m
Matteo Pessina,17/18,07/07/2017,AC Milan,Atalanta,€600k,€7.00m
Matteo Pessina,15/16,01/07/2015,Monza,AC Milan,€250k,€30k
Andrea Rispoli,10/11,01/07/2010,Brescia,Parma,€1.50m,€7.00m
Hugo Guillamón,N/A,N/A,N/A,N/A,N/A,N/A
Mamadou Fofana,24/25,31/01/2025,Amiens SC,New England,€1.80m,€1.70m
Mamadou Fofana,21/22,12/08/2021,FC Metz,Amiens SC,€2.80m,€2.00m
Mamadou Fofana,18/19,26/07/2018,Alanyaspor,FC Metz,€500k,€500k
Mamadou Fofana,15/16,22/01/2016,S. Malien U20,Alanyaspor,-,€150k
Romaine Sawyers,19/20,27/07/2019,Brentford,West Brom,€3.00m,€3.20m
Olivier Giroud,21/22,17/07/2021,Chelsea,AC Milan,€4.00m,€4.80m
Olivier Giroud,17/18,31/01/2018,Arsenal,Chelsea,€20.00m,€17.00m
Olivier Giroud,12/13,01/07/2012,Montpellier,Arsenal,€13.00m,€12.00m
Olivier Giroud,10/11,01/07/2010,Tours FC,Montpellier,€3.00m,€2.00m
Olivier Giroud,08/09,01/09/2008,Grenoble,Tours FC,€50k,€150k
Sinaly Diomande,19/20,02/09/2019,Guidars FC,Olymp. Lyon B,-,€550k
Danny Latza,N/A,N/A,N/A,N/A,N/A,N/A
Timo Baumgartl,19/20,26/07/2019,Stuttgart,PSV,€9.00m,€12.00m
Niklas Stark,15/16,24/08/2015,1.FC Nuremberg,Hertha BSC,€2.00m,€3.00m
Luiz Felipe,23/24,07/09/2023,Real Betis,Al-Ittihad,€15.00m,€22.00m
Luiz Felipe,16/17,30/08/2016,Ituano,Lazio,€50k,€750k
Tim Leibold,19/20,01/07/2019,1.FC Nuremberg,Hamburg,€3.50m,€1.80m
José Luis Morales,N/A,N/A,N/A,N/A,N/A,N/A
Luis Milla,90/91,01/07/1990,Barcelona,Real Madrid,-,€1.86m
Aleix Vidal,18/19,04/08/2018,Barcelona,Sevilla FC,€7.50m,€9.30m
Aleix Vidal,15/16,01/07/2015,Sevilla FC,Barcelona,€10.00m,€17.00m
Aleix Vidal,14/15,01/07/2014,UD Almería,Sevilla FC,€2.50m,€3.00m
Mario Mandžukić,15/16,01/07/2015,Atlético,Juventus,€20.00m,€19.00m
Mario Mandžukić,14/15,10/07/2014,Bayern Munich,Atlético,€30.00m,€22.00m
Mario Mandžukić,12/13,01/07/2012,Wolfsburg,Bayern Munich,€14.00m,€13.00m
Mario Mandžukić,10/11,16/07/2010,Dinamo Zagreb,Wolfsburg,€7.50m,€7.00m
Mario Mandžukić,07/08,01/07/2007,NK Zagreb,Dinamo Zagreb,€600k,€1.50m
Shinji Kagawa,19/20,09/08/2019,Dortmund,Real Zaragoza,€6.00m,€3.00m
Shinji Kagawa,14/15,31/08/2014,Man Utd,Dortmund,€15.00m,€8.00m
Shinji Kagawa,12/13,01/07/2012,Dortmund,Man Utd,€22.00m,€16.00m
Adam Marušić,17/18,01/07/2017,KV Oostende,Lazio,€2.50m,€5.50m
Adam Marušić,16/17,01/07/2016,KV Kortrijk,KV Oostende,€900k,€2.00m
Adam Marušić,14/15,01/07/2014,Vozdovac,KV Kortrijk,€450k,€450k
Adama Mbengue,N/A,N/A,N/A,N/A,N/A,N/A
Ihlas Bebou,19/20,01/07/2019,Hannover 96,Hoffenheim,€12.00m,€9.00m
Ihlas Bebou,17/18,31/08/2017,F. Düsseldorf,Hannover 96,€1.50m,€5.88m
Lukas Klostermann,14/15,22/08/2014,VfL Bochum,Leipzig,€350k,€1.00m
Kyriakos Papadopoulos,17/18,01/07/2017,Leverkusen,Hamburg,€7.00m,€6.50m
Kyriakos Papadopoulos,15/16,01/07/2015,FC Schalke 04,Leverkusen,€7.50m,€6.50m
Kyriakos Papadopoulos,10/11,01/07/2010,Olympiacos,FC Schalke 04,€1.50m,€2.00m
Davide Santon,18/19,01/07/2018,Inter,Roma,€3.00m,€9.50m
Davide Santon,15/16,01/07/2015,Newcastle,Inter,€7.00m,€3.70m
Davide Santon,11/12,30/08/2011,Inter,Newcastle,€7.50m,€5.65m
Kevin Möhwald,21/22,30/08/2021,Werder Bremen,Union Berlin,€3.00m,€1.00m
Daniel Wass,22/23,12/08/2022,Atlético,Bröndby IF,€6.00m,€1.75m
Daniel Wass,21/22,27/01/2022,Valencia,Atlético,€6.00m,€2.70m
Daniel Wass,18/19,10/07/2018,Celta de Vigo,Valencia,€15.00m,€6.00m
Daniel Wass,15/16,01/07/2015,Évian,Celta de Vigo,€5.00m,€3.00m
Daniel Wass,12/13,01/07/2012,Benfica,Évian,€3.00m,€1.20m
Albert Sambi Lokonga,25/26,01/09/2025,Arsenal,Hamburg,€8.00m,€300k
Albert Sambi Lokonga,21/22,19/07/2021,RSC Anderlecht,Arsenal,€12.00m,€17.50m
Daniel Congré,12/13,01/07/2012,Toulouse,Montpellier,€4.50m,€5.00m
Morten Thorsby,25/26,02/02/2026,Genoa,Cremonese,€3.00m,€2.20m
Morten Thorsby,24/25,01/07/2024,Union Berlin,Genoa,€3.00m,€3.10m
Morten Thorsby,22/23,19/07/2022,Sampdoria,Union Berlin,€7.00m,€3.00m
Morten Thorsby,14/15,01/07/2014,Stabæk,Heerenveen,€50k,€600k
Valentino Lazaro,23/24,23/08/2023,Inter,Torino,€5.00m,€3.40m
Valentino Lazaro,19/20,01/07/2019,Hertha BSC,Inter,€17.00m,€22.40m
Valentino Lazaro,18/19,01/07/2018,Salzburg,Hertha BSC,€9.00m,€10.50m
Valentino Lazaro,10/11,01/01/2011,GAK Youth,AKA Salzb. U15,-,€6k
Enric Saborit,N/A,N/A,N/A,N/A,N/A,N/A
Joaquín Fernández,20/21,21/07/2020,AC Milan,Sevilla FC,€17.50m,€21.70m
Joaquín Fernández,14/15,17/01/2015,Liverpool,AC Milan,€6.00m,€1.30m
Joaquín Fernández,10/11,01/07/2010,Cádiz U19,Liverpool Res.,-,€60k
Charlie Daniels,11/12,01/01/2012,Leyton Orient,Bournemouth,€50k,€225k
Charles,24/25,01/07/2024,AC Milan,Atalanta,€34.00m,€23.70m
Charles,22/23,02/08/2022,Club Brugge,AC Milan,€30.00m,€37.50m
Jacob Ramsey,25/26,17/08/2025,Aston Villa,Newcastle,€32.00m,€45.15m
Denis Cheryshev,19/20,01/07/2019,Villarreal,Valencia,€6.00m,€6.00m
Denis Cheryshev,16/17,01/07/2016,Real Madrid,Villarreal,€10.00m,€7.00m
Carlos Gruezo,22/23,31/01/2023,Augsburg,SJ Earthquakes,€4.00m,€2.70m
Carlos Gruezo,19/20,02/07/2019,Dallas,Augsburg,€2.00m,€5.50m
Carlos Gruezo,15/16,23/01/2016,Stuttgart,Dallas,€2.00m,€1.50m
Carlos Gruezo,13/14,30/01/2014,Barcelona SC,Stuttgart,€1.00m,€1.00m
Seko Fofana,24/25,01/01/2025,Al-Nassr,Stade Rennais,€12.00m,€20.00m
Seko Fofana,23/24,18/07/2023,Lens,Al-Nassr,€32.00m,€25.00m
Seko Fofana,20/21,18/08/2020,Udinese,Lens,€9.50m,€8.50m
Seko Fofana,16/17,01/07/2016,Man City U23,Udinese,€1.50m,€3.50m
Fallou Diagne,16/17,08/07/2016,Stade Rennais,Werder Bremen,€2.00m,€1.50m
Fallou Diagne,14/15,26/08/2014,Freiburg,Stade Rennais,€2.50m,€1.50m
Fallou Diagne,11/12,06/01/2012,FC Metz,Freiburg,€500k,€500k
Rony Lopes,19/20,14/08/2019,Monaco,Sevilla FC,€25.00m,€25.00m
Rony Lopes,15/16,28/08/2015,Man City,Monaco,€4.50m,€12.00m
Rony Lopes,11/12,01/01/2012,Benfica U17,Man City U18,-,€1.00m
Niclas Füllkrug,24/25,05/08/2024,Dortmund,West Ham,€15.00m,€27.00m
Niclas Füllkrug,23/24,31/08/2023,Werder Bremen,Dortmund,€13.00m,€17.25m
Niclas Füllkrug,19/20,01/07/2019,Hannover 96,Werder Bremen,€8.00m,€6.50m
Niclas Füllkrug,16/17,18/07/2016,1.FC Nuremberg,Hannover 96,€1.30m,€2.20m
Niclas Füllkrug,14/15,01/07/2014,Werder Bremen,1.FC Nuremberg,€700k,€300k
Robert Berić,19/20,18/01/2020,Saint-Étienne,Chicago,€4.00m,€2.00m
Robert Berić,15/16,31/08/2015,Rapid Vienna,Saint-Étienne,€3.00m,€7.50m
Robert Berić,14/15,03/07/2014,Sturm Graz,Rapid Vienna,€1.00m,€750k
Robert Berić,13/14,03/07/2013,NK Maribor,Sturm Graz,€1.20m,€1.00m
Franck Tabanou,15/16,01/07/2015,Saint-Étienne,Swansea,€6.00m,€4.90m
Franck Tabanou,13/14,29/07/2013,Toulouse,Saint-Étienne,€6.00m,€5.00m
Jérémy Toulalan,13/14,06/07/2013,Málaga CF,Monaco,€15.00m,€5.00m
Jérémy Toulalan,11/12,01/07/2011,Lyon,Málaga CF,€18.00m,€11.00m
Jérémy Toulalan,06/07,01/07/2006,FC Nantes,Lyon,€7.00m,€7.00m
Jemerson,24/25,10/07/2024,Atlético-MG,Grêmio,€1.70m,€700k
Jemerson,20/21,06/11/2020,Monaco,Corinthians,€4.00m,€680k
Jemerson,15/16,31/01/2016,Atlético-MG,Monaco,€5.00m,€11.00m
Julien Féret,11/12,01/07/2011,AS Nancy,Stade Rennais,€5.00m,€4.00m
Julien Féret,08/09,01/07/2008,Stade Reims,AS Nancy,€1.50m,€1.60m
Julien Féret,05/06,01/07/2005,Chamois Niort,Stade Reims,-,€40k
David Costas,N/A,N/A,N/A,N/A,N/A,N/A
Angelo Fulgini,23/24,01/07/2023,Mainz,Lens,€9.00m,€7.20m
Angelo Fulgini,22/23,12/07/2022,Angers SCO,Mainz,€12.00m,€6.00m
Angelo Fulgini,17/18,06/07/2017,Valenciennes FC,Angers SCO,€1.25m,€1.40m
Breel Embolo,25/26,01/09/2025,Monaco,Stade Rennais,€12.00m,€13.00m
Breel Embolo,22/23,15/07/2022,Mönchengladbach,Monaco,€15.00m,€12.50m
Breel Embolo,19/20,01/07/2019,FC Schalke 04,Mönchengladbach,€14.00m,€11.00m
Breel Embolo,16/17,01/07/2016,Basel,FC Schalke 04,€20.00m,€26.50m
John Egan,18/19,19/07/2018,Brentford,Sheff Utd,€1.50m,€4.50m
Juan Bernat,18/19,31/08/2018,Bayern Munich,PSG,€12.00m,€5.00m
Juan Bernat,14/15,07/07/2014,Valencia,Bayern Munich,€4.00m,€10.00m
Marcel Tisserand,22/23,21/08/2022,Fenerbahçe,Al-Ettifaq,€2.80m,€3.00m
Marcel Tisserand,20/21,15/09/2020,Wolfsburg,Fenerbahçe,€6.00m,€4.00m
Marcel Tisserand,18/19,01/07/2018,FC Ingolstadt,Wolfsburg,€7.50m,€7.00m
Marcel Tisserand,16/17,31/08/2016,Monaco,FC Ingolstadt,€2.00m,€3.50m
Alfie Mawson,18/19,02/08/2018,Swansea,Fulham,€15.00m,€16.85m
Alfie Mawson,16/17,30/08/2016,Barnsley,Swansea,€300k,€5.90m
Andrea Barzagli,10/11,01/01/2011,Wolfsburg,Juventus,€8.50m,€300k
Andrea Barzagli,08/09,01/07/2008,US Palermo,Wolfsburg,€11.00m,€14.00m
Andrea Barzagli,04/05,01/07/2004,Chievo Verona,US Palermo,-,€5.50m
Andrea Barzagli,01/02,01/01/2002,Rondinella,Ascoli,-,€100k
Óscar de Marcos,09/10,01/07/2009,Alavés,Athletic Club,€500k,€300k
Héctor Bellerín,22/23,31/01/2023,Barcelona,Sporting,€15.00m,€1.00m
Héctor Bellerín,11/12,01/07/2011,Barça U16,Arsenal U18,-,€500k
Adam Ounas,22/23,01/09/2022,Napoli,Lille,€7.00m,€2.50m
Adam Ounas,17/18,04/07/2017,G. Bordeaux,Napoli,€4.00m,€12.00m
Victorien Angban,21/22,03/07/2021,FC Metz,FK Sochi,€3.50m,€4.10m
Victorien Angban,19/20,01/07/2019,Chelsea U23,FC Metz,€1.25m,€6.00m
Patrick Wimmer,22/23,01/07/2022,Arm. Bielefeld,Wolfsburg,€8.00m,€5.00m
Patrick Wimmer,21/22,10/08/2021,Austria Vienna,Arm. Bielefeld,€1.50m,€700k
Patrick Herrmann,N/A,N/A,N/A,N/A,N/A,N/A
Chris Wood,23/24,01/07/2023,Newcastle,Nott'm Forest,€8.00m,€17.00m
Chris Wood,21/22,13/01/2022,Burnley,Newcastle,€6.00m,€30.00m
Chris Wood,17/18,21/08/2017,Leeds,Burnley,€6.00m,€16.40m
Chris Wood,15/16,01/07/2015,Leicester,Leeds,€1.00m,€3.60m
Chris Wood,12/13,01/01/2013,West Brom,Leicester,€1.00m,€1.23m
Giacomo Raspadori,25/26,15/01/2026,Atlético,Atalanta,€22.00m,€22.00m
Giacomo Raspadori,25/26,11/08/2025,Napoli,Atlético,€25.00m,€22.00m
Giacomo Raspadori,23/24,01/07/2023,Sassuolo,Napoli,€35.00m,€28.00m
Néstor Araujo,22/23,01/07/2022,Celta de Vigo,América,€4.00m,€3.00m
Néstor Araujo,18/19,01/07/2018,Santos Laguna,Celta de Vigo,€2.80m,€7.00m
Maxi Gómez,25/26,01/07/2025,Defensor SC,Nacional,€1.50m,€430k
Maxi Gómez,22/23,01/09/2022,Valencia,Trabzonspor,€12.00m,€3.00m
Maxi Gómez,19/20,14/07/2019,Celta de Vigo,Valencia,€40.00m,€14.50m
Maxi Gómez,17/18,01/07/2017,Defensor SC,Celta de Vigo,€1.10m,€4.30m
Tuta,25/26,04/08/2025,Frankfurt,Al-Duhail SC,€15.00m,€15.00m
Tuta,18/19,31/01/2019,São Paulo U20,Frankfurt,-,€3.80m
Ayoze Pérez,24/25,13/08/2024,Real Betis,Villarreal,€7.00m,€4.00m
Ayoze Pérez,19/20,04/07/2019,Newcastle,Leicester,€20.00m,€33.40m
Ayoze Pérez,14/15,01/07/2014,CD Tenerife,Newcastle,€1.00m,€2.00m
Joakim Nilsson,19/20,11/07/2019,Elfsborg,Arm. Bielefeld,€800k,€400k
Manu García,24/25,03/02/2025,Aris Saloniki,Kansas City,€3.00m,€3.60m
Manu García,22/23,24/07/2022,Sporting Gijón,Aris Saloniki,€3.00m,€3.20m
Manu García,19/20,19/07/2019,Man City,Sporting Gijón,€5.00m,€4.00m
Manu García,13/14,01/07/2013,Sporting Yth.,Man City U18,-,€250k
Boubacar Traoré,23/24,01/07/2023,FC Metz,Wolves,€5.00m,€11.00m
Boubacar Traoré,19/20,22/08/2019,AS Bamako,FC Metz,€100k,€350k
Emanuel Vignato,23/24,01/09/2023,Bologna,Pisa,€2.00m,€400k
Emanuel Vignato,19/20,20/01/2020,Chievo Verona,Bologna,€4.20m,€1.10m
Kiernan Dewsbury-Hall,25/26,06/08/2025,Chelsea,Everton,€20.00m,€28.65m
Kiernan Dewsbury-Hall,24/25,02/07/2024,Leicester,Chelsea,€30.00m,€35.40m
Martin Erlic,25/26,04/08/2025,Bologna,Midtjylland,€4.00m,€5.00m
Martin Erlic,24/25,02/08/2024,Sassuolo,Bologna,€3.00m,€7.70m
Martin Erlic,21/22,31/08/2021,Spezia Calcio,Sassuolo,€3.00m,€3.00m
Martin Erlic,19/20,15/07/2019,Sassuolo,Spezia Calcio,€150k,€1k
Hatem Ben Arfa,10/11,01/01/2011,Marseille,Newcastle,€7.00m,€6.00m
Hatem Ben Arfa,08/09,01/07/2008,Lyon,Marseille,€10.00m,€12.00m
Alberto Moreno,14/15,13/08/2014,Sevilla FC,Liverpool,€15.00m,€18.00m
Jeffrey Schlupp,16/17,13/01/2017,Leicester,Crystal Palace,€8.00m,€13.80m
Oliver Skipp,24/25,19/08/2024,Tottenham,Leicester,€15.00m,€23.50m
Andreas Pereira,25/26,29/08/2025,Fulham,Palmeiras,€18.00m,€10.00m
Andreas Pereira,22/23,11/07/2022,Man Utd,Fulham,€7.50m,€9.50m
Andreas Pereira,11/12,01/01/2012,PSV U17,Man Utd U18,-,€150k
Matteo Scozzarella,16/17,08/01/2017,Trapani,Parma,€400k,€280k
Alberto de la Bella,N/A,N/A,N/A,N/A,N/A,N/A
Abdou Diallo,23/24,15/08/2023,PSG,Al-Arabi SC,€10.00m,€15.00m
Abdou Diallo,19/20,16/07/2019,Dortmund,PSG,€35.00m,€32.00m
Abdou Diallo,18/19,01/07/2018,Mainz,Dortmund,€12.00m,€28.00m
Abdou Diallo,17/18,14/07/2017,Monaco,Mainz,€1.00m,€5.00m
Panagiotis Retsos,17/18,31/08/2017,Olympiacos,Leverkusen,€5.00m,€17.50m
Jawad El Yamiq,23/24,15/08/2023,Real Valladolid,Al-Wehda,€2.00m,€1.20m
Jawad El Yamiq,20/21,24/09/2020,Genoa,Real Valladolid,€800k,€250k
Jawad El Yamiq,17/18,31/01/2018,Raja Casablanca,Genoa,€900k,€650k
Jawad El Yamiq,16/17,01/08/2016,O. Khouribga,Raja Casablanca,€50k,€323k
Oscar Hiljemark,17/18,01/07/2017,US Palermo,Genoa,€3.50m,€2.50m
Oscar Hiljemark,15/16,13/07/2015,PSV,US Palermo,€2.25m,€2.50m
Oscar Hiljemark,12/13,04/01/2013,Elfsborg,PSV,€1.75m,€2.20m
Burak Yılmaz,18/19,04/01/2019,Trabzonspor,Besiktas,€2.00m,€1.36m
Burak Yılmaz,17/18,02/08/2017,BJ Guoan,Trabzonspor,€5.20m,€4.00m
Burak Yılmaz,15/16,22/02/2016,Galatasaray,BJ Guoan,€7.00m,€8.00m
Burak Yılmaz,12/13,19/07/2012,Trabzonspor,Galatasaray,€12.00m,€7.00m
Burak Yılmaz,06/07,01/07/2006,Antalyaspor,Besiktas,€50k,€1.00m
Renato Steffen,22/23,30/08/2022,Wolfsburg,FC Lugano,€2.00m,€300k
Renato Steffen,17/18,10/01/2018,Basel,Wolfsburg,€3.50m,€1.75m
Renato Steffen,15/16,12/01/2016,Young Boys,Basel,€3.25m,€1.20m
Renato Steffen,13/14,01/07/2013,FC Thun,Young Boys,€600k,€500k
Mauro Arambarri,18/19,01/07/2018,Boston River,Getafe,€3.00m,€2.15m
Mauro Arambarri,17/18,08/08/2017,G. Bordeaux,Boston River,€1.25m,€1.00m
Mauro Arambarri,15/16,31/01/2016,Defensor SC,G. Bordeaux,€1.25m,€3.00m
Yannick Gerhardt,16/17,01/07/2016,1.FC Köln,Wolfsburg,€4.50m,€13.00m
João Mário,25/26,01/07/2025,Benfica,Besiktas,€2.10m,€2.00m
João Mário,16/17,28/08/2016,Sporting,Inter,€30.00m,€44.78m
Érik Lamela,13/14,30/08/2013,Roma,Tottenham,€23.00m,€30.00m
Érik Lamela,11/12,06/08/2011,River Plate,Roma,€5.00m,€17.00m
Maxime Busi,22/23,01/07/2022,Parma,Stade Reims,€3.50m,€2.00m
Maxime Busi,20/21,05/10/2020,R Charleroi SC,Parma,€2.50m,€6.90m
Adam Smith,N/A,N/A,N/A,N/A,N/A,N/A
Jack O'Connell,N/A,N/A,N/A,N/A,N/A,N/A
Ben Godfrey,24/25,01/07/2024,Everton,Atalanta,€10.00m,€12.50m
Ben Godfrey,20/21,05/10/2020,Norwich,Everton,€16.00m,€27.50m
Ben Godfrey,15/16,15/01/2016,York City,Norwich,-,€2.95m
Danny da Costa,17/18,01/07/2017,Leverkusen,Frankfurt,€1.00m,€1.00m
Danny da Costa,16/17,01/07/2016,FC Ingolstadt,Leverkusen,€1.00m,€500k
Davie Selke,17/18,01/07/2017,Leipzig,Hertha BSC,€6.00m,€8.00m
Davie Selke,15/16,01/07/2015,Werder Bremen,Leipzig,€5.00m,€8.00m
Davie Selke,12/13,31/01/2013,Hoffenheim U19,W. Bremen U19,€100k,€50k
Juraj Kucka,18/19,15/01/2019,Trabzonspor,Parma,€2.50m,€6.40m
Juraj Kucka,17/18,07/07/2017,AC Milan,Trabzonspor,€9.00m,€5.00m
Juraj Kucka,15/16,28/08/2015,Genoa,AC Milan,€6.00m,€4.00m
Juraj Kucka,10/11,01/01/2011,Sparta Prague,Genoa,€2.30m,€4.00m
Sebastiaan Bornauw,25/26,01/07/2025,Wolfsburg,Leeds,€6.00m,€6.00m
Sebastiaan Bornauw,21/22,16/07/2021,1.FC Köln,Wolfsburg,€12.00m,€14.10m
Sebastiaan Bornauw,19/20,06/08/2019,RSC Anderlecht,1.FC Köln,€4.00m,€8.25m
Dennis Geiger,N/A,N/A,N/A,N/A,N/A,N/A
Kingsley Ehizibue,22/23,29/08/2022,1.FC Köln,Udinese,€1.30m,€1.50m
Kingsley Ehizibue,19/20,01/07/2019,PEC Zwolle,1.FC Köln,€2.00m,€2.00m
Mike van der Hoorn,22/23,01/07/2022,Arm. Bielefeld,Utrecht,€1.60m,€150k
Mike van der Hoorn,16/17,06/07/2016,Ajax,Swansea,€2.00m,€2.50m
Mike van der Hoorn,13/14,01/07/2013,Utrecht,Ajax,€3.00m,€3.80m
Romain Perraud,25/26,08/08/2025,Real Betis,Lille,€5.00m,€3.00m
Romain Perraud,24/25,01/07/2024,Southampton,Real Betis,€5.00m,€3.50m
Romain Perraud,21/22,02/07/2021,Stade Brestois,Southampton,€8.00m,€12.00m
Romain Perraud,19/20,16/07/2019,Nice,Stade Brestois,€1.50m,€2.00m
Aritz Elustondo,N/A,N/A,N/A,N/A,N/A,N/A
Nicolas de Préville,17/18,31/08/2017,Lille,G. Bordeaux,€5.50m,€8.00m
Nicolas de Préville,17/18,01/07/2017,KV Oostende,Lille,€5.50m,€4.50m
Nicolas de Préville,16/17,10/08/2016,Stade Reims,KV Oostende,€2.50m,€4.50m
Nicolas de Préville,12/13,23/01/2013,FC Istres,Stade Reims,€900k,€1.10m
Michael Gregoritsch,25/26,20/08/2025,Freiburg,Bröndby IF,€3.00m,€1.50m
Michael Gregoritsch,22/23,08/07/2022,Augsburg,Freiburg,€4.50m,€150k
Michael Gregoritsch,17/18,04/07/2017,Hamburg,Augsburg,€3.50m,€5.50m
Michael Gregoritsch,15/16,23/07/2015,VfL Bochum,Hamburg,€1.50m,€3.00m
Michael Gregoritsch,15/16,01/07/2015,Hoffenheim,VfL Bochum,€1.50m,€500k
Michael Gregoritsch,11/12,01/07/2011,SV Kapfenberg,Hoffenheim,€250k,€200k
Daley Sinkgraven,19/20,01/07/2019,Ajax,Leverkusen,€3.00m,€5.00m
Daley Sinkgraven,14/15,31/01/2015,Heerenveen,Ajax,€1.50m,€7.00m
Nicolas Benezet,21/22,05/08/2021,Colorado,Seattle,€700k,€45k
Nicolas Benezet,19/20,14/01/2020,Guingamp,Colorado,€1.00m,€500k
Nicolas Benezet,15/16,03/07/2015,Évian,Guingamp,€1.50m,€1.20m
Nicolas Benezet,13/14,01/07/2013,Nîmes Olympique,Évian,€1.00m,€1.50m
José María Giménez,13/14,25/04/2013,Danubio FC,Atlético,€100k,€995k
Bernardo Espinosa,17/18,07/07/2017,Middlesbrough,Girona,€2.50m,€4.50m
Jérémy Gélin,N/A,N/A,N/A,N/A,N/A,N/A
Manuel Gulde,16/17,01/07/2016,Karlsruher SC,Freiburg,€1.00m,€1.20m
Dimitris Giannoulis,21/22,01/07/2021,PAOK,Norwich,€7.00m,€7.50m
Dimitris Giannoulis,14/15,01/07/2014,Vataniakos,PAOK,-,€20k
Christian Benteke,22/23,04/08/2022,Crystal Palace,D.C. United,€6.00m,€5.46m
Christian Benteke,16/17,20/08/2016,Liverpool,Crystal Palace,€27.00m,€31.20m
Christian Benteke,15/16,22/07/2015,Aston Villa,Liverpool,€20.00m,€46.50m
Christian Benteke,12/13,31/08/2012,Genk,Aston Villa,€3.00m,€8.80m
Christian Benteke,11/12,31/08/2011,Standard Liège,Genk,€1.20m,€1.00m
Christian Benteke,08/09,01/01/2009,Genk,Standard Liège,€250k,€150k
Conor Hourihane,16/17,26/01/2017,Barnsley,Aston Villa,€500k,€3.50m
Conor Hourihane,14/15,01/07/2014,Plymouth,Barnsley,€100k,€250k
Manuel Iturra,N/A,N/A,N/A,N/A,N/A,N/A
Souleyman Doumbia,20/21,08/07/2020,Stade Rennais,Angers SCO,€1.60m,€3.00m
Souleyman Doumbia,18/19,15/01/2019,Grasshoppers,Stade Rennais,€500k,€3.00m
Souleyman Doumbia,18/19,01/07/2018,Bari,Grasshoppers,€500k,€300k
Riccardo Gagliolo,23/24,24/01/2024,AEK Larnaca,Ascoli,€400k,€100k
Riccardo Gagliolo,22/23,24/07/2022,Salernitana,Reggina,€800k,€1.20m
Riccardo Gagliolo,21/22,31/08/2021,Parma,Salernitana,€2.00m,€2.00m
Riccardo Gagliolo,18/19,01/07/2018,Carpi,Parma,€1.20m,€1.15m
Antonio Valencia,09/10,01/07/2009,Wigan,Man Utd,€11.00m,€18.80m
Antonio Valencia,07/08,18/01/2008,Villarreal,Wigan,€2.50m,€2.00m
Antonio Valencia,05/06,01/07/2005,CD El Nacional,Villarreal,-,€2.00m
Leonardo Pavoletti,17/18,30/08/2017,Napoli,Cagliari,€11.00m,€9.80m
Leonardo Pavoletti,16/17,03/01/2017,Genoa,Napoli,€13.00m,€18.00m
Leonardo Pavoletti,15/16,01/07/2015,Sassuolo,Genoa,€3.50m,€3.00m
Rogério,N/A,N/A,N/A,N/A,N/A,N/A
Omar Alderete,25/26,12/08/2025,Getafe,Sunderland,€8.00m,€11.60m
Omar Alderete,23/24,01/07/2023,Hertha BSC,Getafe,€4.00m,€4.00m
Omar Alderete,20/21,05/10/2020,Basel,Hertha BSC,€3.00m,€4.00m
Omar Alderete,19/20,01/07/2019,Huracán,Basel,€900k,€1.70m
Omar Alderete,18/19,20/07/2018,Cerro Porteño,Huracán,€900k,€1.38m
Lisandro Magallán,23/24,01/07/2023,Elche CF,UNAM Pumas,€1.80m,€200k
Lisandro Magallán,18/19,01/01/2019,Boca Juniors,Ajax,€6.00m,€9.00m
Lisandro Magallán,12/13,25/07/2012,Gimnasia,Boca Juniors,€200k,€1.14m
Joel Obi,18/19,11/08/2018,Torino,Chievo Verona,€5.00m,€2.00m
Joel Obi,15/16,02/07/2015,Inter,Torino,€2.00m,€2.20m
Joel Obi,05/06,01/07/2005,FC Castello,Inter U19,-,€100k
Bruno Peres,17/18,01/07/2017,Torino,Roma,€11.00m,€12.50m
Bruno Peres,14/15,01/09/2014,Santos,Torino,€600k,€2.00m
Neven Subotić,08/09,01/07/2008,Mainz,Dortmund,€2.50m,€4.50m
Youcef Atal,18/19,17/07/2018,KV Kortrijk,Nice,€800k,€3.00m
Youcef Atal,18/19,01/07/2018,Paradou AC,KV Kortrijk,€800k,€550k
Jacob Rasmussen,25/26,30/01/2026,Salzburg,1.FC K'lautern,€1.80m,€1.00m
Jacob Rasmussen,25/26,09/06/2025,Bröndby IF,Salzburg,€3.50m,€1.60m
Jacob Rasmussen,23/24,14/07/2023,Fiorentina,Bröndby IF,€3.00m,€1.30m
Jacob Rasmussen,18/19,30/01/2019,FC Empoli,Fiorentina,€900k,€7.00m
Jacob Rasmussen,18/19,05/07/2018,Rosenborg BK,FC Empoli,€1.00m,€1.00m
Andoni Gorosabel,23/24,11/08/2023,Real Sociedad,Alavés,€9.00m,€1.50m
Bernard,23/24,09/07/2023,Bayern Munich,PSG,€45.00m,€45.00m
Bernard,19/20,01/07/2019,Atlético,Bayern Munich,€70.00m,€80.00m
Kortney Hause,19/20,01/07/2019,Wolves,Aston Villa,€1.00m,€3.40m
Nemanja Gudelj,17/18,28/01/2018,TJ Teda,GZ Evergrande,€5.00m,€4.30m
Nemanja Gudelj,16/17,25/01/2017,Ajax,TJ Teda,€6.50m,€5.50m
Nemanja Gudelj,15/16,01/07/2015,AZ Alkmaar,Ajax,€6.00m,€6.00m
Nemanja Gudelj,13/14,01/07/2013,NAC Breda,AZ Alkmaar,€3.00m,€3.00m
Nicolò Zaniolo,22/23,08/02/2023,Roma,Galatasaray,€30.00m,€15.00m
Nicolò Zaniolo,18/19,02/07/2018,Inter,Roma,€1.00m,€6.75m
Nicolò Zaniolo,17/18,05/07/2017,Entella U19,Inter U19,€500k,€1.80m
Issa Diop,22/23,10/08/2022,West Ham,Fulham,€10.00m,€17.80m
Issa Diop,18/19,01/07/2018,Toulouse,West Ham,€22.00m,€25.00m
Jeremy Doku,23/24,24/08/2023,Stade Rennais,Man City,€28.00m,€60.00m
Jeremy Doku,20/21,05/10/2020,RSC Anderlecht,Stade Rennais,€9.00m,€26.00m
Hugo Magnetti,N/A,N/A,N/A,N/A,N/A,N/A
Alexander Sørloth,24/25,03/08/2024,Villarreal,Atlético,€25.00m,€32.00m
Alexander Sørloth,23/24,25/07/2023,Leipzig,Villarreal,€12.00m,€10.00m
Alexander Sørloth,20/21,22/09/2020,Crystal Palace,Leipzig,€20.00m,€20.00m
Alexander Sørloth,17/18,31/01/2018,Midtjylland,Crystal Palace,€2.00m,€16.00m
Alexander Sørloth,17/18,01/07/2017,FC Groningen,Midtjylland,€850k,€450k
Alexander Sørloth,15/16,01/01/2016,Rosenborg BK,FC Groningen,€700k,€550k
Merih Demiral,23/24,19/08/2023,Atalanta,Al-Ahli,€20.00m,€17.00m
Merih Demiral,22/23,01/07/2022,Juventus,Atalanta,€25.00m,€21.00m
Merih Demiral,19/20,05/07/2019,Sassuolo,Juventus,€15.00m,€19.50m
Merih Demiral,19/20,01/07/2019,Alanyaspor,Sassuolo,€15.00m,€8.00m
Merih Demiral,18/19,29/01/2019,Sporting,Alanyaspor,€1.50m,€3.50m
Merih Demiral,17/18,01/07/2017,Alcanenense,Sporting B,€50k,€200k
Cengiz Ünder,23/24,13/08/2023,Marseille,Fenerbahçe,€20.00m,€15.00m
Cengiz Ünder,22/23,01/07/2022,Roma,Marseille,€22.00m,€11.40m
Cengiz Ünder,17/18,16/07/2017,Basaksehir,Roma,€5.00m,€14.25m
Cengiz Ünder,16/17,01/07/2016,Altinordu,Basaksehir,€1.50m,€4.80m
Javi García,17/18,14/08/2017,Zenit S-Pb,Real Betis,€7.00m,€1.50m
Javi García,14/15,14/08/2014,Man City,Zenit S-Pb,€12.00m,€16.80m
Javi García,12/13,31/08/2012,Benfica,Man City,€15.00m,€20.20m
Javi García,09/10,21/07/2009,Real Madrid,Benfica,€4.00m,€7.00m
Javi García,08/09,01/07/2008,CA Osasuna,Real Madrid,€5.00m,€4.00m
Javi García,07/08,31/08/2007,RM Castilla,CA Osasuna,€2.00m,€2.50m
Adri Embarba,N/A,N/A,N/A,N/A,N/A,N/A
Liam Henderson,21/22,11/08/2021,Lecce,FC Empoli,€2.20m,€1.50m
Liam Henderson,20/21,11/09/2020,Hellas Verona,Lecce,€1.50m,€600k
Liam Henderson,17/18,17/01/2018,Celtic,Bari,€450k,€120k
Marash Kumbulla,21/22,01/07/2021,Hellas Verona,Roma,€25.00m,€26.50m
Fabrizio Cacciatore,19/20,01/07/2019,Chievo Verona,Cagliari,€800k,€800k
Fabrizio Cacciatore,16/17,01/07/2016,Sampdoria,Chievo Verona,€1.30m,€522k
Fabrizio Cacciatore,14/15,01/07/2014,Hellas Verona,Sampdoria,€1.40m,€400k
Fabrizio Cacciatore,13/14,01/07/2013,Sampdoria,Hellas Verona,€1.00m,€500k
Joe Bryan,18/19,09/08/2018,Bristol City,Fulham,€5.00m,€6.70m
Zlatko Junuzović,11/12,27/01/2012,Austria Vienna,Werder Bremen,€2.50m,€800k
Žan Majer,17/18,01/07/2017,NK Domzale,Rostov,€400k,€250k
Gaëtan Laborde,25/26,21/07/2025,Nice,Al-Diraiyah FC,€6.00m,€4.00m
Gaëtan Laborde,22/23,01/09/2022,Stade Rennais,Nice,€18.00m,€15.00m
Gaëtan Laborde,21/22,31/08/2021,Montpellier,Stade Rennais,€15.00m,€15.00m
Gaëtan Laborde,18/19,16/08/2018,G. Bordeaux,Montpellier,€4.00m,€3.00m
Jamal Lewis,20/21,08/09/2020,Norwich,Newcastle,€11.00m,€16.50m
Ludovic Ajorque,25/26,01/07/2025,Mainz,Stade Brestois,€4.00m,€2.00m
Ludovic Ajorque,22/23,24/01/2023,R. Strasbourg,Mainz,€11.00m,€6.00m
Ludovic Ajorque,18/19,01/07/2018,Clermont Foot,R. Strasbourg,€900k,€2.00m
Pablo Maffeo,22/23,01/07/2022,Stuttgart,RCD Mallorca,€5.00m,€3.00m
Pablo Maffeo,18/19,01/07/2018,Man City,Stuttgart,€10.00m,€9.00m
Pablo Maffeo,13/14,02/07/2013,Espanyol U18,Man City U18,-,€100k
Allan Saint-Maximin,25/26,12/08/2025,Al-Ahli,América,€13.00m,€10.30m
Allan Saint-Maximin,23/24,30/07/2023,Newcastle,Al-Ahli,€32.00m,€27.20m
Allan Saint-Maximin,19/20,02/08/2019,Nice,Newcastle,€25.00m,€18.00m
Allan Saint-Maximin,17/18,07/08/2017,Monaco,Nice,€3.00m,€10.00m
Allan Saint-Maximin,15/16,30/07/2015,Saint-Étienne,Monaco,€1.00m,€5.00m
Matt Ritchie,16/17,01/07/2016,Bournemouth,Newcastle,€6.00m,€12.00m
Matt Ritchie,12/13,30/01/2013,Swindon Town,Bournemouth,€200k,€470k
Matt Ritchie,10/11,07/01/2011,Portsmouth,Swindon Town,€50k,€300k
Francisco Garcia,19/20,30/01/2020,Dortmund,Villarreal,€42.00m,€25.00m
Francisco Garcia,19/20,01/07/2019,Barcelona,Dortmund,€37.00m,€21.00m
Francisco Garcia,16/17,30/08/2016,Valencia,Barcelona,€25.00m,€30.00m
Hamza Mendyl,18/19,17/08/2018,Lille,FC Schalke 04,€600k,€6.00m
Alexis Flips,23/24,12/08/2023,Stade Reims,RSC Anderlecht,€6.00m,€3.50m
Fidel,N/A,N/A,N/A,N/A,N/A,N/A
Jack Stephens,10/11,05/04/2011,Plymouth,Southampton Res.,€50k,€170k
Amadou Onana,24/25,22/07/2024,Everton,Aston Villa,€50.00m,€59.35m
Amadou Onana,22/23,09/08/2022,Lille,Everton,€10.00m,€39.87m
Amadou Onana,21/22,05/08/2021,Hamburg,Lille,€3.00m,€13.57m
Kevin Bonifazi,21/22,02/07/2021,SPAL,Bologna,€7.00m,€5.85m
Kevin Bonifazi,20/21,01/09/2020,Torino,SPAL,€4.00m,€11.00m
Holger Badstuber,N/A,N/A,N/A,N/A,N/A,N/A
Borja Iglesias,25/26,12/08/2025,Real Betis,Celta de Vigo,€3.00m,€2.00m
Borja Iglesias,19/20,14/08/2019,Espanyol,Real Betis,€28.00m,€28.00m
Borja Iglesias,18/19,09/07/2018,Celta de Vigo,Espanyol,€1.00m,€10.00m
Jorge de Frutos,23/24,17/08/2023,Levante,Rayo Vallecano,€8.00m,€8.00m
Jorge de Frutos,20/21,04/08/2020,Real Madrid,Levante,€2.00m,€6.00m
Jorge de Frutos,18/19,01/07/2018,R. Majadahonda,RM Castilla,€300k,€100k
Gonzalo Escalante,23/24,01/07/2023,Lazio,Cádiz CF,€2.00m,€2.50m
Gonzalo Escalante,15/16,11/01/2016,Catania,SD Eibar,€500k,€1.00m
Gonzalo Escalante,14/15,29/01/2015,Boca Juniors,Catania,€400k,€500k
Ollie Watkins,20/21,09/09/2020,Brentford,Aston Villa,€12.00m,€34.00m
Ollie Watkins,17/18,18/07/2017,Exeter City,Brentford,€150k,€7.22m
Amin Younes,15/16,16/07/2015,Mönchengladbach,Ajax,€1.00m,€2.50m
Amin Younes,00/01,01/07/2000,Unterrath Yth.,M'gladbach Yth.,-,€10k
Andrea Carboni,22/23,01/07/2022,Cagliari,Monza,€5.00m,€4.00m
Soualiho Meïté,25/26,01/07/2025,Benfica,PAOK,€2.00m,€1.00m
Soualiho Meïté,21/22,23/07/2021,Torino,Benfica,€5.00m,€6.00m
Soualiho Meïté,18/19,10/07/2018,Monaco,Torino,€8.00m,€11.50m
Soualiho Meïté,17/18,02/07/2017,Zulte Waregem,Monaco,€7.00m,€8.00m
Soualiho Meïté,17/18,01/07/2017,Lille,Zulte Waregem,€7.00m,€5.10m
Soualiho Meïté,12/13,28/01/2013,AJ Auxerre,Lille,€400k,€2.70m
Lorenzo Tonelli,21/22,27/08/2021,Sampdoria,FC Empoli,€2.00m,€2.40m
Lorenzo Tonelli,20/21,01/09/2020,Napoli,Sampdoria,€2.40m,€2.00m
Lorenzo Tonelli,16/17,01/07/2016,FC Empoli,Napoli,€5.50m,€10.00m
Kasim Nuhu,18/19,25/07/2018,Young Boys,Hoffenheim,€8.50m,€8.00m
Kasim Nuhu,17/18,01/07/2017,RCD Mallorca,Young Boys,€800k,€4.50m
Kasim Nuhu,13/14,30/01/2014,Leganés U19,RCD Mallorca B ,-,€4.00m
Alessandro Schöpf,15/16,07/01/2016,1.FC Nuremberg,FC Schalke 04,€1.50m,€5.00m
Alessandro Schöpf,14/15,01/07/2014,Bayern Munich,1.FC Nuremberg,€400k,€400k
Iván Balliu,N/A,N/A,N/A,N/A,N/A,N/A
Ewerton,N/A,N/A,N/A,N/A,N/A,N/A
Wakaso,19/20,18/01/2020,Alavés,JS Suning,€2.50m,€4.00m
Wakaso,13/14,28/08/2013,Espanyol,Rubin Kazan,€5.00m,€6.00m
Wakaso,12/13,11/07/2012,Villarreal,Espanyol,€2.00m,€300k
Daniel Opare,08/09,01/07/2008,CS Sfaxien,Real Madrid C,-,€400k
Krzysztof Piątek,25/26,01/07/2025,Basaksehir,Al-Duhail SC,€8.50m,€10.00m
Krzysztof Piątek,23/24,18/07/2023,Hertha BSC,Basaksehir,€7.00m,€2.00m
Krzysztof Piątek,19/20,30/01/2020,AC Milan,Hertha BSC,€32.00m,€24.00m
Krzysztof Piątek,18/19,23/01/2019,Genoa,AC Milan,€15.00m,€35.00m
Krzysztof Piątek,18/19,01/07/2018,Cracovia,Genoa,€900k,€4.50m
Krzysztof Piątek,16/17,28/08/2016,Zaglebie Lubin,Cracovia,€500k,€700k
Krzysztof Piątek,12/13,20/02/2013,L. Dzierzoniow,Lubin II,-,€12k
Vital N'Simba,N/A,N/A,N/A,N/A,N/A,N/A
Álvaro Tejero,N/A,N/A,N/A,N/A,N/A,N/A
Kostas Tsimikas,20/21,10/08/2020,Olympiacos,Liverpool,€9.00m,€13.00m
Kostas Tsimikas,14/15,01/07/2014,Panserraik. U19,Olympiacos U20,-,€35k
Yohann Magnin,N/A,N/A,N/A,N/A,N/A,N/A
Ángel Rodríguez,N/A,N/A,N/A,N/A,N/A,N/A
Peter Pekarík,08/09,01/01/2009,MSK Zilina,Wolfsburg,-,€850k
Jorge Meré,21/22,18/01/2022,1.FC Köln,América,€2.50m,€900k
Jorge Meré,17/18,20/07/2017,Sporting Gijón,1.FC Köln,€6.00m,€7.00m
Bram Nuytinck,17/18,29/07/2017,RSC Anderlecht,Udinese,€2.00m,€3.00m
Bram Nuytinck,12/13,31/08/2012,NEC Nijmegen,RSC Anderlecht,€2.50m,€1.75m
Mathias Autret,N/A,N/A,N/A,N/A,N/A,N/A
Rolando,N/A,N/A,N/A,N/A,N/A,N/A
Hugo Ekitike,25/26,23/07/2025,Frankfurt,Liverpool,€75.00m,€95.00m
Hugo Ekitike,24/25,01/07/2024,PSG,Frankfurt,€20.00m,€31.50m
Hugo Ekitike,23/24,01/07/2023,Stade Reims,PSG,€20.00m,€28.50m
Kamaldeen Sulemana,25/26,02/07/2025,Southampton,Atalanta,€13.00m,€17.50m
Kamaldeen Sulemana,22/23,31/01/2023,Stade Rennais,Southampton,€18.00m,€25.00m
Kamaldeen Sulemana,21/22,16/07/2021,Nordsjaelland,Stade Rennais,€9.00m,€17.00m
Frederik Sørensen,15/16,11/07/2015,Juventus,1.FC Köln,€2.00m,€1.78m
Frederik Sørensen,14/15,01/07/2014,Bologna,Juventus,€4.50m,€800k
Frederik Sørensen,11/12,17/01/2012,Juventus,Bologna,€3.00m,€2.50m
Frederik Sørensen,11/12,01/07/2011,Lyngby BK,Juventus,€3.00m,€500k
Kostas Stafylidis,N/A,N/A,N/A,N/A,N/A,N/A
Sergio Álvarez,N/A,N/A,N/A,N/A,N/A,N/A
Tom Carroll,16/17,17/01/2017,Tottenham,Swansea,€5.00m,€5.20m
Adel Taarabt,10/11,05/08/2010,Tottenham,QPR,€2.20m,€1.20m
Adel Taarabt,07/08,01/07/2007,Lens,Tottenham,€50k,€4.00m
Nathan Redmond,16/17,01/07/2016,Norwich,Southampton,€7.50m,€13.50m
Nathan Redmond,13/14,04/07/2013,Birmingham,Norwich,€2.50m,€2.30m
Mohamed Elneny,15/16,14/01/2016,Basel,Arsenal,€4.00m,€12.50m
Mohamed Elneny,13/14,01/07/2013,El Mokawloon,Basel,€2.00m,€640k
Fodé Ballo-Touré,21/22,18/07/2021,Monaco,AC Milan,€6.50m,€5.40m
Fodé Ballo-Touré,18/19,10/01/2019,Lille,Monaco,€7.00m,€11.00m
Sidy Sarr,19/20,06/08/2019,LB Châteauroux,Nîmes Olympique,€600k,€2.00m
Danny Rose,07/08,25/07/2007,Leeds U18,Tottenham,-,€1.00m
Ádám Nagy,24/25,01/07/2024,Pisa,Spezia Calcio,€900k,€1.00m
Ádám Nagy,19/20,08/08/2019,Bologna,Bristol City,€2.00m,€2.00m
Ádám Nagy,16/17,14/07/2016,Ferencváros,Bologna,€1.50m,€1.80m
Blerim Džemaili,16/17,17/08/2016,Galatasaray,Bologna,€3.50m,€1.30m
Blerim Džemaili,14/15,31/08/2014,Napoli,Galatasaray,€9.50m,€2.35m
Blerim Džemaili,11/12,01/07/2011,Parma,Napoli,€5.00m,€9.00m
Blerim Džemaili,10/11,01/07/2010,Torino,Parma,€5.00m,€7.00m
Blerim Džemaili,09/10,01/07/2009,Bolton,Torino,€2.20m,€2.00m
Sol Bamba,12/13,01/07/2012,Leicester,Trabzonspor,€1.00m,€900k
Sol Bamba,10/11,02/01/2011,Hibernian FC,Leicester,€2.50m,€290k
Sol Bamba,08/09,01/09/2008,Dunfermline A.,Hibernian FC,€200k,€90k
Isaac Carcelen,18/19,21/07/2018,CyD Leonesa,R. Majadahonda,€600k,€70k
Patrick Cutrone,22/23,29/08/2022,Wolves,Como,€3.50m,€2.00m
Patrick Cutrone,19/20,30/07/2019,AC Milan,Wolves,€28.00m,€18.00m
Zinedine Ferhat,N/A,N/A,N/A,N/A,N/A,N/A
Rick Karsdorp,17/18,01/07/2017,Feyenoord,Roma,€9.00m,€16.00m
Ignatius Ganago,22/23,01/09/2022,Lens,FC Nantes,€5.00m,€4.40m
Ignatius Ganago,20/21,10/07/2020,Nice,Lens,€3.60m,€6.00m
Manolo Gabbiadini,18/19,11/01/2019,Southampton,Sampdoria,€10.00m,€11.90m
Manolo Gabbiadini,16/17,31/01/2017,Napoli,Southampton,€15.00m,€17.00m
Manolo Gabbiadini,14/15,05/01/2015,Sampdoria,Napoli,€12.00m,€12.50m
Manolo Gabbiadini,13/14,09/07/2013,Juventus,Sampdoria,€7.00m,€11.50m
Manolo Gabbiadini,12/13,24/08/2012,Atalanta,Juventus,€4.50m,€11.00m
Manolo Gabbiadini,11/12,01/07/2011,Cittadella,Atalanta,€800k,€1.00m
Valon Behrami,17/18,16/08/2017,Watford,Udinese,€2.50m,€2.00m
Valon Behrami,15/16,11/07/2015,Hamburg,Watford,€3.50m,€3.50m
Valon Behrami,14/15,03/08/2014,Napoli,Hamburg,€12.00m,€6.00m
Valon Behrami,12/13,16/07/2012,Fiorentina,Napoli,€8.00m,€8.00m
Valon Behrami,10/11,26/01/2011,West Ham,Fiorentina,€8.00m,€2.00m
Valon Behrami,08/09,23/07/2008,Lazio,West Ham,€8.00m,€6.30m
Valon Behrami,05/06,25/07/2005,Genoa,Lazio,€500k,€6.00m
Giorgos Kyriakopoulos,25/26,01/07/2025,Monza,Panathinaikos,€2.50m,€2.00m
Giorgos Kyriakopoulos,24/25,01/07/2024,Sassuolo,Monza,€3.50m,€3.68m
Giorgos Kyriakopoulos,20/21,01/09/2020,Asteras Tripoli,Sassuolo,€3.00m,€500k
Nathan Aké,20/21,05/08/2020,Bournemouth,Man City,€28.00m,€45.30m
Nathan Aké,17/18,01/07/2017,Chelsea,Bournemouth,€8.00m,€22.80m
Nathan Aké,11/12,01/07/2011,Feyenoord U17,Chelsea U18,-,€800k
Jasmin Kurtić,20/21,01/09/2020,SPAL,Parma,€3.50m,€4.90m
Jasmin Kurtić,18/19,01/07/2018,Atalanta,SPAL,€5.00m,€5.30m
Jasmin Kurtić,15/16,01/07/2015,Sassuolo,Atalanta,€3.50m,€3.20m
Jasmin Kurtić,13/14,01/07/2013,US Palermo,Sassuolo,€2.00m,€4.00m
Jasmin Kurtić,10/11,03/01/2011,ND Gorica,US Palermo,€400k,€800k
Oghenekaro Etebo,18/19,01/07/2018,Feirense,Stoke City,€1.50m,€7.20m
Álvaro González,20/21,01/07/2020,Villarreal,Marseille,€6.50m,€4.00m
Álvaro González,16/17,31/08/2016,Espanyol,Villarreal,€4.00m,€4.00m
Álvaro González,14/15,28/07/2014,Real Zaragoza,Espanyol,€2.50m,€1.10m
Abdoulaye Bamba,N/A,N/A,N/A,N/A,N/A,N/A
Dwight McNeil,22/23,28/07/2022,Burnley,Everton,€18.00m,€17.00m
Stephen Ward,14/15,15/08/2014,Wolves,Burnley,€2.00m,€630k
Stephen Ward,06/07,01/01/2007,Bohemians,Wolves,-,€10k
Helibelton Palacios,N/A,N/A,N/A,N/A,N/A,N/A
Moise Kean,24/25,09/07/2024,Juventus,Fiorentina,€14.00m,€14.50m
Moise Kean,23/24,01/07/2023,Everton,Juventus,€18.00m,€30.00m
Moise Kean,19/20,04/08/2019,Juventus,Everton,€40.00m,€27.50m
Kevin Lasagna,21/22,01/07/2021,Udinese,Hellas Verona,€6.00m,€6.50m
Kevin Lasagna,16/17,14/01/2017,Carpi,Udinese,€2.80m,€5.00m
Kevin Lasagna,14/15,11/07/2014,Cerea,Carpi,€75k,€25k
Vitorino Antunes,18/19,01/07/2018,Dynamo Kyiv,Getafe,€3.50m,€2.50m
Vitorino Antunes,14/15,01/02/2015,Málaga CF,Dynamo Kyiv,€3.00m,€6.00m
Vitorino Antunes,13/14,01/07/2013,Paços Ferreira,Málaga CF,€3.00m,€1.25m
Vitorino Antunes,08/09,01/07/2008,Paços Ferreira,Roma,€1.00m,€1.20m
Stefan Savić,15/16,20/07/2015,Fiorentina,Atlético,€15.00m,€12.00m
Stefan Savić,11/12,06/07/2011,Partizan,Man City,€6.00m,€12.00m
Stefan Savić,10/11,30/08/2010,BSK Borca,Partizan,€450k,€300k
Vincent Laurini,19/20,08/07/2019,Fiorentina,Parma,€1.50m,€440k
Vincent Laurini,18/19,01/07/2018,FC Empoli,Fiorentina,€2.00m,€1.60m
Jesse Lingard,N/A,N/A,N/A,N/A,N/A,N/A
Reece Oxford,19/20,02/08/2019,West Ham,Augsburg,€4.00m,€2.00m
Matthias Ostrzolek,14/15,12/08/2014,Augsburg,Hamburg,€4.50m,€2.75m
Matthias Ostrzolek,11/12,01/01/2012,VfL Bochum,Augsburg,€1.00m,€500k
Jordan Lukaku,16/17,22/07/2016,KV Oostende,Lazio,€4.00m,€4.00m
Paul Jaeckel,25/26,15/07/2025,Union Berlin,Pr. Münster,€1.00m,€300k
Paul Jaeckel,18/19,30/08/2018,Wolfsburg,Greuther Fürth,€500k,€200k
Răzvan Marin,25/26,23/07/2025,Cagliari,AEK Athens,€3.50m,€1.70m
Răzvan Marin,21/22,01/07/2021,Ajax,Cagliari,€15.00m,€6.90m
Răzvan Marin,19/20,01/07/2019,Standard Liège,Ajax,€13.50m,€12.50m
Răzvan Marin,16/17,20/01/2017,FC Viitorul,Standard Liège,€2.00m,€4.80m
Jack Wilshere,N/A,N/A,N/A,N/A,N/A,N/A
Sebastian Griesbeck,21/22,31/08/2021,Union Berlin,Greuther Fürth,€1.00m,€250k
Mounir Chouiar,25/26,25/08/2025,Ludogorets,RS Berkane,€3.00m,€1.40m
Mounir Chouiar,23/24,05/09/2023,Basaksehir,Ludogorets,€3.20m,€1.10m
Mounir Chouiar,22/23,08/07/2022,Dijon,Basaksehir,€2.50m,€1.50m
Mounir Chouiar,19/20,02/09/2019,Lens,Dijon,€1.00m,€3.50m
Pere Pons,19/20,04/07/2019,Girona,Alavés,€4.00m,€2.00m
Mattia Valoti,22/23,01/07/2022,SPAL,Monza,€2.00m,€2.75m
Mattia Valoti,19/20,01/07/2019,Hellas Verona,SPAL,€1.00m,€3.00m
Markel Susaeta,N/A,N/A,N/A,N/A,N/A,N/A
Moi Gómez,22/23,28/07/2022,Villarreal,CA Osasuna,€8.00m,€1.80m
Moi Gómez,19/20,18/07/2019,Sporting Gijón,Villarreal,€5.00m,€1.30m
Xabi Prieto,N/A,N/A,N/A,N/A,N/A,N/A
Andros Townsend,16/17,01/07/2016,Newcastle,Crystal Palace,€9.00m,€15.60m
Andros Townsend,15/16,27/01/2016,Tottenham,Newcastle,€8.00m,€15.70m
Sean Longstaff,25/26,18/07/2025,Newcastle,Leeds,€20.00m,€13.80m
Akim Zedadka,N/A,N/A,N/A,N/A,N/A,N/A
Manuel Lazzari,19/20,12/07/2019,SPAL,Lazio,€18.00m,€15.00m
Sergi Palencia,19/20,05/07/2019,Barcelona,Saint-Étienne,€6.00m,€2.00m
Yann Karamoh,22/23,01/09/2022,Parma,Torino,€4.00m,€1.00m
Yann Karamoh,20/21,01/09/2020,Inter,Parma,€7.50m,€8.00m
Yann Karamoh,18/19,01/07/2018,SM Caen,Inter,€7.00m,€6.50m
Felipe dal Belo,05/06,01/01/2006,Ajax,Sevilla FC,€3.00m,€1.90m
Jimmy Durmaz,16/17,20/08/2016,Olympiacos,Toulouse,€3.75m,€2.00m
Jimmy Durmaz,14/15,25/08/2014,Genclerbirligi,Olympiacos,€4.50m,€2.00m
Jimmy Durmaz,12/13,14/08/2012,Malmö,Genclerbirligi,€1.50m,€580k
Tom Cairney,15/16,01/07/2015,Blackburn,Fulham,€3.00m,€4.20m
Dénys Bain,N/A,N/A,N/A,N/A,N/A,N/A
Lamine Fomba,22/23,28/01/2023,Nîmes Olympique,Saint-Étienne,€2.50m,€500k
Lamine Fomba,19/20,20/08/2019,AJ Auxerre,Nîmes Olympique,€2.50m,€4.00m
Andrea Belotti,24/25,01/07/2024,Roma,Como,€5.00m,€4.10m
Andrea Belotti,15/16,18/08/2015,US Palermo,Torino,€5.00m,€8.40m
Andrea Belotti,14/15,01/07/2014,UC AlbinoLeffe,US Palermo,€2.50m,€5.50m
M'Baye Niang,23/24,31/01/2024,Adana Demirspor,FC Empoli,€2.70m,€250k
M'Baye Niang,19/20,01/07/2019,Torino,Stade Rennais,€12.00m,€15.00m
M'Baye Niang,18/19,01/07/2018,AC Milan,Torino,€10.00m,€12.00m
M'Baye Niang,12/13,28/08/2012,SM Caen,AC Milan,€1.75m,€3.30m
Dimitri Bisoli,17/18,01/07/2017,Andria,Brescia,€2.00m,€250k
Paweł Jaroszyński,23/24,01/07/2023,Salernitana,Cracovia,€450k,€450k
Paweł Jaroszyński,22/23,01/07/2022,Genoa,Salernitana,€600k,€1.45m
Paweł Jaroszyński,19/20,01/07/2019,Chievo Verona,Genoa,€400k,€4.00m
Paweł Jaroszyński,17/18,18/07/2017,Cracovia,Chievo Verona,€400k,€400k
Jonathan de Guzmán,17/18,10/07/2017,Napoli,Frankfurt,€2.00m,€1.00m
Jonathan de Guzmán,14/15,20/08/2014,Villarreal,Napoli,€10.00m,€6.00m
Jonathan de Guzmán,11/12,31/08/2011,RCD Mallorca,Villarreal,€5.00m,€8.00m
Salomón Rondón,19/20,19/07/2019,West Brom,DL Pro,€15.00m,€18.27m
Salomón Rondón,15/16,10/08/2015,Zenit S-Pb,West Brom,€15.00m,€17.00m
Salomón Rondón,13/14,31/01/2014,Rubin Kazan,Zenit S-Pb,€11.00m,€18.00m
Salomón Rondón,12/13,05/08/2012,Málaga CF,Rubin Kazan,€9.00m,€9.00m
Salomón Rondón,10/11,19/07/2010,UD Las Palmas,Málaga CF,€1.00m,€3.50m
Mustapha Diallo,06/07,01/07/2006,ASC Jaraaf,Club Brugge,€50k,€125k
Faitout Maouassa,21/22,31/08/2021,Stade Rennais,Club Brugge,€12.00m,€4.00m
Faitout Maouassa,17/18,01/07/2017,AS Nancy,Stade Rennais,€800k,€7.00m
Mickael Nade,N/A,N/A,N/A,N/A,N/A,N/A
Philipp Förster,22/23,01/07/2022,Stuttgart,VfL Bochum,€2.50m,€500k
Philipp Förster,19/20,02/09/2019,SV Sandhausen,Stuttgart,€1.50m,€3.00m
Philipp Förster,16/17,31/01/2017,W. Mannheim,1.FC Nuremberg,€250k,€90k
Ondřej Petrák,13/14,07/01/2014,Slavia Praha,1.FC Nuremberg,€600k,€1.00m
Brahim Díaz,18/19,06/01/2019,Man City,Real Madrid,€5.00m,€17.00m
Brahim Díaz,13/14,01/01/2014,Málaga CF Youth,Man City Youth,-,€350k
Oihan Sancet,15/16,01/07/2015,CA Osasuna Yout,Bilbao Youth,-,€300k
Gavi,15/16,01/07/2015,Real Betis Yth.,Barça Youth,-,€10k
Marcel Büchel,16/17,01/07/2016,Juventus,FC Empoli,€1.50m,€1.50m
Marcel Büchel,13/14,01/07/2013,AC Siena,Juventus,€300k,€1.50m
Emiliano Sala,18/19,19/01/2019,FC Nantes,Cardiff,€16.00m,€17.00m
Emiliano Sala,15/16,20/07/2015,G. Bordeaux,FC Nantes,€1.50m,€1.00m
Jonathan David,20/21,11/08/2020,KAA Gent,Lille,€25.00m,€27.00m
Stefano Okaka,21/22,08/09/2021,Udinese,Basaksehir,€2.00m,€1.50m
Stefano Okaka,19/20,02/09/2019,Watford,Udinese,€5.00m,€4.00m
Stefano Okaka,16/17,29/08/2016,RSC Anderlecht,Watford,€6.50m,€6.00m
Stefano Okaka,15/16,27/07/2015,Sampdoria,RSC Anderlecht,€6.00m,€3.30m
Stefano Okaka,13/14,31/01/2014,Parma,Sampdoria,€1.20m,€3.00m
Kévin Rodrigues,N/A,N/A,N/A,N/A,N/A,N/A
Paulinho,18/19,01/01/2019,Barcelona,GZ Evergrande,€38.00m,€42.00m
Paulinho,17/18,14/08/2017,GZ Evergrande,Barcelona,€15.00m,€40.00m
Paulinho,15/16,01/07/2015,Tottenham,GZ Evergrande,€9.00m,€14.00m
Paulinho,13/14,01/07/2013,Corinthians,Tottenham,€12.00m,€19.75m
Paulinho,12/13,02/10/2012,Coimbra,Corinthians,€7.50m,€5.00m
Paulinho,09/10,30/04/2010,GO Audax,Coimbra,€400k,€650k
Karim Rekik,23/24,30/07/2023,Sevilla FC,Al-Jazira,€4.00m,€2.00m
Karim Rekik,20/21,05/10/2020,Hertha BSC,Sevilla FC,€8.50m,€2.00m
Karim Rekik,17/18,01/07/2017,Marseille,Hertha BSC,€2.50m,€2.50m
Karim Rekik,15/16,01/07/2015,Man City,Marseille,€4.00m,€5.00m
Karim Rekik,11/12,01/07/2011,Feyenoord U17,Man City U18,-,€450k
Jozabed,17/18,04/07/2017,Fulham,Celta de Vigo,€3.50m,€3.50m
Jozabed,16/17,12/08/2016,Rayo Vallecano,Fulham,€5.00m,€4.00m
Koo Ja-cheol,N/A,N/A,N/A,N/A,N/A,N/A
Emiliano Moretti,13/14,11/07/2013,Genoa,Torino,€1.20m,€700k
Emiliano Moretti,09/10,01/07/2009,Valencia,Genoa,€8.00m,€3.70m
Emiliano Moretti,03/04,01/07/2003,Juventus,AC Parma,-,€1.80m
Conor Gallagher,25/26,14/01/2026,Atlético,Tottenham,€35.00m,€40.00m
Conor Gallagher,24/25,21/08/2024,Chelsea,Atlético,€50.00m,€42.00m
Conor Coady,25/26,01/08/2025,Leicester,Wrexham,€2.20m,€2.30m
Conor Coady,23/24,01/07/2023,Wolves,Leicester,€12.00m,€8.70m
Conor Coady,15/16,03/07/2015,Huddersfield,Wolves,€750k,€2.80m
Conor Coady,14/15,06/08/2014,Liverpool U21,Huddersfield,€300k,€470k
Todd Cantwell,24/25,30/08/2024,Rangers,Blackburn,€8.50m,€590k
Todd Cantwell,22/23,23/01/2023,Norwich,Rangers,€8.00m,€1.71m
Raúl Guti,20/21,20/09/2020,Real Zaragoza,Elche CF,€800k,€5.00m
Kamil Glik,20/21,01/09/2020,Monaco,Benevento,€3.50m,€3.00m
Kamil Glik,16/17,04/07/2016,Torino,Monaco,€10.00m,€11.00m
Kamil Glik,11/12,01/07/2011,US Palermo,Torino,€1.20m,€2.35m
Kamil Glik,10/11,01/07/2010,Piast Gliwice,US Palermo,€500k,€1.00m
Jonathan Ikone,25/26,01/09/2025,Fiorentina,Paris FC,€7.00m,€2.00m
Jonathan Ikone,21/22,03/01/2022,Lille,Fiorentina,€22.00m,€15.40m
Jonathan Ikone,18/19,02/07/2018,PSG,Lille,€700k,€5.00m
Florent Ogier,N/A,N/A,N/A,N/A,N/A,N/A
Gonzalo Melero,25/26,13/08/2025,UD Almería,CD Leganés,€1.00m,€650k
Gonzalo Melero,22/23,01/09/2022,Levante,UD Almería,€4.00m,€1.90m
Gonzalo Melero,19/20,03/07/2019,SD Huesca,Levante,€4.00m,€3.60m
Julien Faussurier,13/14,01/07/2013,Troyes,FC Sochaux,€1.50m,€400k
Mason Greenwood,24/25,18/07/2024,Man Utd,Marseille,€25.00m,€26.00m
Ilan Kebbal,23/24,10/07/2023,Stade Reims,Paris FC,€2.00m,€2.00m
Joseph Aidoo,19/20,11/07/2019,Genk,Celta de Vigo,€4.00m,€8.00m
Joseph Aidoo,17/18,24/07/2017,Hammarby,Genk,€500k,€1.25m
Erik Thommy,17/18,18/01/2018,Augsburg,Stuttgart,€750k,€500k
Gio Reyna,25/26,23/08/2025,Dortmund,Mönchengladbach,€7.00m,€4.00m
Ashley Barnes,13/14,10/01/2014,Brighton,Burnley,€1.20m,€545k
Ashley Barnes,10/11,08/07/2010,Plymouth,Brighton,€100k,€470k
Aurélien Chedjou,19/20,01/09/2019,Basaksehir,Amiens SC,€400k,€200k
Aurélien Chedjou,13/14,19/07/2013,Lille,Galatasaray,€12.00m,€6.30m
Benjamin Mendy,17/18,24/07/2017,Monaco,Man City,€13.00m,€57.50m
Benjamin Mendy,16/17,01/07/2016,Marseille,Monaco,€6.50m,€13.00m
Benjamin Mendy,13/14,09/07/2013,Le Havre AC,Marseille,€2.00m,€4.00m
Carlos Salcedo,23/24,01/07/2023,FC Juárez,CD Cruz Azul,€4.00m,€3.72m
Carlos Salcedo,18/19,22/01/2019,Frankfurt,Tigres UANL,€10.00m,€8.80m
Carlos Salcedo,18/19,01/07/2018,Chivas,Frankfurt,€7.00m,€5.00m
Carlos Salcedo,14/15,06/01/2015,Salt Lake,Chivas,-,€2.50m
Facundo Píriz,18/19,01/07/2018,Akhmat Grozny,Montpellier,€1.50m,€1.00m
Facundo Píriz,12/13,20/01/2013,Nacional,Terek Grozny,€2.80m,€2.80m
Emmanuel Boateng,24/25,13/01/2025,Al-Orobah,Gaziantep FK,€1.20m,€1.50m
Emmanuel Boateng,18/19,20/02/2019,Levante,DL Yifang,€3.00m,€11.00m
Emmanuel Boateng,17/18,16/08/2017,Moreirense ,Levante,€1.50m,€2.90m
Enda Stevens,11/12,01/01/2012,Shamrock Rovers,Aston Villa,€50k,€285k
Assane Dioussé,23/24,10/08/2023,OFI Crete,AJ Auxerre,€900k,€500k
Assane Dioussé,17/18,01/08/2017,FC Empoli,Saint-Étienne,€4.00m,€5.00m
Phil Jagielka,07/08,04/07/2007,Sheff Utd,Everton,€2.75m,€6.00m
Dominic Maroh,N/A,N/A,N/A,N/A,N/A,N/A
Pedro Mendes,09/10,30/01/2010,Rangers,Sporting,€6.25m,€1.70m
Pedro Mendes,08/09,11/08/2008,Portsmouth,Rangers,€3.50m,€3.75m
Pedro Mendes,04/05,01/07/2004,Porto,Tottenham,-,€3.00m
Gianluca Lapadula,24/25,31/01/2025,Cagliari,Spezia Calcio,€1.00m,€300k
Gianluca Lapadula,22/23,25/07/2022,Benevento,Cagliari,€2.50m,€1.60m
Gianluca Lapadula,20/21,02/09/2020,Genoa,Benevento,€5.00m,€4.00m
Gianluca Lapadula,18/19,17/08/2018,AC Milan,Genoa,€7.00m,€11.00m
Gianluca Lapadula,16/17,01/07/2016,Pescara,AC Milan,€6.50m,€9.50m
Gianluca Lapadula,12/13,01/07/2012,Parma,Cesena,€50k,€1.40m
Giulio Maggiore,22/23,16/08/2022,Spezia Calcio,Salernitana,€8.50m,€3.50m
Adam Bodzek,10/11,01/01/2011,MSV Duisburg,F. Düsseldorf,€800k,€250k
Ibrahima Mbaye,15/16,01/07/2015,Inter,Bologna,€4.00m,€3.50m
Fabio Depaoli,19/20,01/07/2019,Chievo Verona,Sampdoria,€5.00m,€4.50m
Cédric Soares,15/16,01/07/2015,Sporting,Southampton,€9.50m,€7.00m
Franco Cervi,21/22,05/07/2021,Benfica,Celta de Vigo,€5.00m,€5.00m
Franco Cervi,16/17,01/07/2016,Rosario Central,Benfica,€5.50m,€5.70m
Matías Aguirregaray,13/14,27/07/2013,Peñarol,Estudiantes LP,€1.30m,€375k
Matías Aguirregaray,12/13,02/09/2012,Wanderers,CFR Cluj,€800k,€800k
Marshall Munetsi,24/25,03/02/2025,Stade Reims,Wolves,€10.00m,€18.00m
Orel Mangala,24/25,02/07/2024,Nott'm Forest,Lyon,€20.00m,€23.40m
Orel Mangala,22/23,31/07/2022,Stuttgart,Nott'm Forest,€15.00m,€13.00m
Orel Mangala,17/18,01/07/2017,Anderlecht U21,Stuttgart,-,€1.80m
Federico Fernández,18/19,09/08/2018,Swansea,Newcastle,€8.00m,€6.70m
Federico Fernández,14/15,20/08/2014,Napoli,Swansea,€5.00m,€10.00m
Federico Fernández,11/12,01/07/2011,Estudiantes LP,Napoli,€2.50m,€3.30m
Max Aarons,23/24,10/08/2023,Norwich,Bournemouth,€16.00m,€8.10m
Junior Sambia,18/19,01/07/2018,Chamois Niort,Montpellier,€2.50m,€2.00m
Andrew Surman,14/15,01/09/2014,Norwich,Bournemouth,€900k,€630k
Andrew Surman,10/11,01/07/2010,Wolves,Norwich,€1.50m,€1.68m
Andrew Surman,09/10,01/07/2009,Southampton,Wolves,€1.25m,€1.40m
Dani Rodríguez,N/A,N/A,N/A,N/A,N/A,N/A
Emiliano Insúa,12/13,25/01/2013,Sporting,Atlético,€10.00m,€3.50m
Emiliano Insúa,11/12,27/08/2011,Liverpool,Sporting,€4.80m,€1.50m
Emiliano Insúa,08/09,01/07/2008,Boca Juniors,Liverpool,€400k,€2.00m
Marvin Zeegelaar,19/20,24/01/2020,Watford,Udinese,€1.50m,€2.00m
Marvin Zeegelaar,17/18,31/08/2017,Sporting,Watford,€3.50m,€3.00m
Marvin Zeegelaar,15/16,01/01/2016,Rio Ave,Sporting,€1.00m,€300k
Manuel Pasqual,05/06,01/07/2005,Arezzo,Fiorentina,€1.70m,€6.00m
Vincent Le Goff,N/A,N/A,N/A,N/A,N/A,N/A
Mattia Caldara,18/19,02/08/2018,Juventus,AC Milan,€25.00m,€37.74m
Mattia Caldara,16/17,12/01/2017,Atalanta,Juventus,€8.00m,€19.00m
Simeon Nwankwo,N/A,N/A,N/A,N/A,N/A,N/A
Iñigo Lekue,N/A,N/A,N/A,N/A,N/A,N/A
Allan Nyom,19/20,24/07/2019,West Brom,Getafe,€3.00m,€3.00m
Allan Nyom,16/17,31/08/2016,Watford,West Brom,€4.00m,€4.70m
Harold Moukoudi,N/A,N/A,N/A,N/A,N/A,N/A
Kelvin Amian,23/24,25/01/2024,Spezia Calcio,FC Nantes,€2.20m,€3.00m
Kelvin Amian,21/22,22/07/2021,Toulouse,Spezia Calcio,€3.50m,€3.90m
Grégoire Defrel,20/21,01/09/2020,Roma,Sassuolo,€8.00m,€11.00m
Grégoire Defrel,18/19,01/07/2018,Sassuolo,Roma,€10.00m,€15.00m
Grégoire Defrel,15/16,05/08/2015,Cesena,Sassuolo,€6.00m,€7.00m
Grégoire Defrel,12/13,01/07/2012,Parma,Cesena,€125k,€1.20m
Ximo Navarro,18/19,06/07/2018,UD Las Palmas,Alavés,€2.00m,€1.50m
Eddy Gnahoré,19/20,01/07/2019,Palermo,Amiens SC,€4.00m,€2.50m
Eddy Gnahoré,17/18,18/07/2017,Napoli,US Palermo,€500k,€1.50m
Eddy Gnahoré,15/16,25/01/2016,Carrarese,Napoli,€300k,€150k
Enis Bardhi,22/23,11/08/2022,Levante,Trabzonspor,€8.00m,€3.00m
Enis Bardhi,17/18,17/07/2017,Újpest FC,Levante,€700k,€1.50m
Ahmad Benali,18/19,01/07/2018,Pescara,Crotone,€2.50m,€1.50m
Ahmad Benali,16/17,01/07/2016,US Palermo,Pescara,€1.20m,€1.00m
Tin Jedvaj,24/25,01/07/2024,Loko Moscow,Panathinaikos,€2.50m,€500k
Tin Jedvaj,21/22,24/07/2021,Leverkusen,Loko Moscow,€3.00m,€4.00m
Tin Jedvaj,14/15,20/01/2015,Roma,Leverkusen,€6.50m,€7.00m
Tin Jedvaj,13/14,12/07/2013,Dinamo Zagreb,Roma,€750k,€5.00m
Aron Gunnarsson,08/09,01/07/2008,AZ Alkmaar U21,Coventry,€100k,€250k
Miloš Jojić,18/19,10/07/2018,1.FC Köln,Basaksehir,€2.50m,€2.00m
Miloš Jojić,15/16,05/07/2015,Dortmund,1.FC Köln,€2.50m,€3.00m
Miloš Jojić,13/14,31/01/2014,Partizan,Dortmund,€1.50m,€2.20m
Mehdi Lacen,08/09,15/08/2008,Alavés,Racing,€800k,€650k
Ismaila Sarr,24/25,01/08/2024,Marseille,Crystal Palace,€18.00m,€15.00m
Ismaila Sarr,23/24,24/07/2023,Watford,Marseille,€20.00m,€13.00m
Ismaila Sarr,19/20,08/08/2019,Stade Rennais,Watford,€30.00m,€30.00m
Ismaila Sarr,17/18,26/07/2017,FC Metz,Stade Rennais,€2.50m,€17.00m
Gianluca Scamacca,23/24,07/08/2023,West Ham,Atalanta,€22.00m,€28.00m
Gianluca Scamacca,22/23,26/07/2022,Sassuolo,West Ham,€30.00m,€38.60m
Gianluca Scamacca,16/17,31/01/2017,PSV U19,Sassuolo U20,€100k,€4.10m
Gianluca Scamacca,14/15,09/01/2015,AS Rom Youth,PSV U17,-,€270k
Jonathan Bamba,24/25,31/01/2025,Celta de Vigo,Chicago,€4.00m,€3.50m
Cristiano Piccini,18/19,23/07/2018,Sporting,Valencia,€7.50m,€8.00m
Cristiano Piccini,17/18,01/07/2017,Real Betis,Sporting,€3.00m,€2.87m
Cristiano Piccini,15/16,09/07/2015,Fiorentina,Real Betis,€700k,€1.50m
Bastos,13/14,01/07/2013,Braga,Sevilla FC,€4.00m,€2.00m
Bastos,09/10,01/07/2009,Leixões,Porto,€3.50m,€400k
Dario Dainelli,09/10,01/01/2010,Fiorentina,Genoa,€4.00m,€2.50m
Dario Dainelli,04/05,01/07/2004,Brescia,Fiorentina,-,€5.50m
Dario Dainelli,01/02,02/07/2001,FC Empoli,Brescia,-,€4.65m
Dario Dainelli,01/02,01/07/2001,Lecce,FC Empoli,-,€2.32m
Samir Santos,25/26,13/08/2025,Tigres UANL,Al-Najma,€1.80m,€5.10m
Samir Santos,22/23,13/08/2022,Watford,Tigres UANL,€5.00m,€6.50m
Samir Santos,21/22,06/01/2022,Udinese,Watford,€5.00m,€5.00m
Samir Santos,15/16,13/01/2016,Flamengo,Udinese,€4.50m,€4.00m
Samir Santos,12/13,08/08/2012,Audax-RJ U20,Flamengo U20,-,€59k
Mathias Jensen,19/20,10/07/2019,Celta de Vigo,Brentford,€2.50m,€3.80m
Mathias Jensen,18/19,08/08/2018,Nordsjaelland,Celta de Vigo,€1.50m,€5.00m
Lucas Olaza,23/24,06/08/2023,Real Valladolid,Krasnodar,€2.50m,€2.50m
Lucas Olaza,21/22,01/07/2021,Boca Juniors,Real Valladolid,€6.00m,€2.00m
Lucas Olaza,18/19,30/01/2019,CA Talleres,Boca Juniors,€3.50m,€3.20m
Lucas Olaza,17/18,27/07/2017,Danubio FC,CA Talleres,€450k,€640k
Davide Zappacosta,21/22,24/08/2021,Chelsea,Atalanta,€8.00m,€9.00m
Davide Zappacosta,17/18,31/08/2017,Torino,Chelsea,€8.50m,€25.00m
Davide Zappacosta,15/16,10/07/2015,Atalanta,Torino,€5.50m,€4.30m
Davide Zappacosta,14/15,02/07/2014,AS Avellino,Atalanta,€1.30m,€900k
Davide Zappacosta,12/13,12/07/2012,Atalanta,AS Avellino,€225k,€40k
Davide Zappacosta,10/11,01/01/2011,Isola Liri,Atalanta U19,-,€60k
Daniel Amartey,15/16,22/01/2016,Copenhagen,Leicester,€3.00m,€6.60m
Daniel Amartey,14/15,01/07/2014,Djurgården,Copenhagen,€500k,€1.80m
Mathias Jørgensen,19/20,10/08/2019,Huddersfield,Fenerbahçe,€5.00m,€2.00m
Mathias Jørgensen,17/18,07/07/2017,Copenhagen,Huddersfield,€2.50m,€2.70m
Mathias Jørgensen,14/15,07/07/2014,PSV,Copenhagen,€1.50m,€700k
Mathias Jørgensen,07/08,01/07/2007,B.93,Copenhagen,-,€500k
Unai Vencedor Paris,N/A,N/A,N/A,N/A,N/A,N/A
Jan Thielmann,N/A,N/A,N/A,N/A,N/A,N/A
Mario Gómez,17/18,01/01/2018,Wolfsburg,Stuttgart,€6.00m,€3.00m
Mario Gómez,16/17,17/08/2016,Fiorentina,Wolfsburg,€12.00m,€1.05m
Mario Gómez,13/14,16/07/2013,Bayern Munich,Fiorentina,€28.00m,€15.50m
Mario Gómez,09/10,01/07/2009,Stuttgart,Bayern Munich,€30.00m,€30.00m
Marcin Kamiński,N/A,N/A,N/A,N/A,N/A,N/A
Dennis Aogo,14/15,01/07/2014,Hamburg,FC Schalke 04,€6.50m,€1.90m
Dennis Aogo,08/09,01/07/2008,Freiburg,Hamburg,€1.50m,€1.30m
Alfred Duncan,20/21,01/09/2020,Sassuolo,Fiorentina,€15.00m,€15.00m
Alfred Duncan,16/17,01/07/2016,Sampdoria,Sassuolo,€5.50m,€6.00m
Alfred Duncan,15/16,01/07/2015,Inter,Sampdoria,€5.00m,€2.60m
Quentin Boisgard,20/21,02/07/2020,Toulouse,FC Lorient,€1.60m,€2.00m
Luis Hernández,16/17,24/01/2017,Leicester,Málaga CF,€3.00m,€2.00m
Jordan Lotomba,24/25,02/09/2024,Nice,Feyenoord,€8.00m,€2.20m
Jordan Lotomba,20/21,03/08/2020,Young Boys,Nice,€4.00m,€7.00m
Mërgim Mavraj,19/20,01/07/2019,FC Ingolstadt,Greuther Fürth,€350k,€100k
Mërgim Mavraj,18/19,03/01/2019,Aris Saloniki,FC Ingolstadt,€500k,€70k
Mërgim Mavraj,16/17,01/01/2017,1.FC Köln,Hamburg,€1.75m,€1.80m
Mërgim Mavraj,10/11,19/01/2011,VfL Bochum,Greuther Fürth,€1.50m,€200k
Mërgim Mavraj,07/08,01/07/2007,Darmstadt 98,VfL Bochum,€250k,€350k
Gonçalo Paciência,22/23,06/08/2022,Frankfurt,Celta de Vigo,€3.00m,€790k
Gonçalo Paciência,18/19,12/07/2018,Porto,Frankfurt,€3.00m,€3.00m
Šime Vrsaljko,16/17,05/07/2016,Sassuolo,Atlético,€13.00m,€14.00m
Šime Vrsaljko,14/15,22/07/2014,Genoa,Sassuolo,€7.50m,€5.50m
Šime Vrsaljko,13/14,11/07/2013,Dinamo Zagreb,Genoa,€5.00m,€4.88m
Paulo Oliveira,17/18,17/07/2017,Sporting,SD Eibar,€4.00m,€4.00m
Paulo Oliveira,14/15,01/07/2014,Vit. Guimarães,Sporting,€3.00m,€1.80m
Stuart Armstrong,24/25,31/01/2025,Vancouver,Sheff Wed,€1.50m,€580k
Stuart Armstrong,18/19,01/07/2018,Celtic,Southampton,€2.00m,€7.95m
Stuart Armstrong,14/15,02/02/2015,Dundee United,Celtic,€600k,€2.32m
Adrien Hunou,22/23,01/07/2022,Minnesota,Angers SCO,€3.50m,€1.50m
Adrien Hunou,20/21,23/04/2021,Stade Rennais,Minnesota,€6.00m,€3.27m
Caio Henrique Oliveira Silva,20/21,27/08/2020,Atlético,Monaco,€1.20m,€8.00m
Caio Henrique Oliveira Silva,15/16,02/02/2016,Santos B,Atl. Madrid U19,-,€300k
Clément Michelin,23/24,03/07/2023,AEK Athens,G. Bordeaux,€1.20m,€1.00m
Clément Michelin,21/22,05/08/2021,Lens,AEK Athens,€2.50m,€1.00m
Danilo Larangeira,19/20,01/07/2019,Udinese,Bologna,€800k,€415k
Danilo Larangeira,11/12,01/07/2011,Desp. Brasil,Udinese,€3.50m,€2.00m
Danilo Larangeira,09/10,01/01/2010,Atlético-PR,Desp. Brasil,€4.00m,€1.00m
David Lombán,13/14,08/07/2013,Barcelona B,Elche CF,€1.00m,€50k
Noah Katterbach,N/A,N/A,N/A,N/A,N/A,N/A
Leonardo Bittencourt,20/21,15/07/2020,Hoffenheim,Werder Bremen,€4.80m,€7.00m
Leonardo Bittencourt,18/19,01/07/2018,1.FC Köln,Hoffenheim,€6.00m,€6.00m
Leonardo Bittencourt,15/16,14/07/2015,Hannover 96,1.FC Köln,€4.00m,€2.50m
Leonardo Bittencourt,13/14,01/07/2013,Dortmund,Hannover 96,€2.75m,€2.80m
Leonardo Bittencourt,12/13,01/07/2012,Energie Cottbus,Dortmund,€2.50m,€2.70m
Domenico Maietta,14/15,22/07/2014,Hellas Verona,Bologna,€900k,€100k
Mihailo Ristić,23/24,01/09/2023,Benfica,Celta de Vigo,€3.00m,€1.50m
Mihailo Ristić,18/19,12/01/2019,Krasnodar,Montpellier,€800k,€600k
Mihailo Ristić,17/18,01/07/2017,Red Star,Krasnodar,€1.75m,€2.00m
Richarlison,22/23,01/07/2022,Everton,Tottenham,€48.00m,€58.00m
Richarlison,18/19,24/07/2018,Watford,Everton,€25.00m,€39.20m
Richarlison,17/18,08/08/2017,Fluminense,Watford,€2.00m,€12.40m
Richarlison,15/16,01/01/2016,América-MG,Fluminense,€700k,€2.38m
Kenedy,22/23,01/09/2022,Chelsea,Real Valladolid,€7.00m,€500k
Kenedy,15/16,22/08/2015,Fluminense,Chelsea,€6.00m,€8.00m
Nicola Rigoni,19/20,24/07/2019,Chievo Verona,Monza,€800k,€300k
Nicola Rigoni,12/13,05/09/2012,Vicenza,Chievo Verona,€550k,€800k
Nicola Rigoni,11/12,01/07/2011,US Palermo,Vicenza,€500k,€200k
Nicola Rigoni,10/11,01/07/2010,Vicenza,US Palermo,€600k,€990k
Cyrus Christie,17/18,31/01/2018,Middlesbrough,Fulham,€2.00m,€3.40m
Cyrus Christie,17/18,07/07/2017,Derby,Middlesbrough,€1.00m,€2.80m
Cyrus Christie,14/15,10/07/2014,Coventry,Derby,€500k,€111k
Darwin Machís,22/23,01/07/2022,Granada CF,FC Juárez,€6.00m,€3.50m
Darwin Machís,19/20,28/07/2019,Udinese,Granada CF,€3.00m,€5.00m
Bruno Martella,21/22,23/08/2021,Brescia,Ternana,€1.00m,€800k
Bruno Martella,19/20,01/07/2019,Crotone,Brescia,€1.80m,€800k
Bruno Martella,11/12,01/12/2011,Pescara,Sampdoria,€75k,€500k
John Fleck,N/A,N/A,N/A,N/A,N/A,N/A
Jérôme Roussillon,18/19,06/08/2018,Montpellier,Wolfsburg,€8.00m,€5.00m
Fabián Balbuena,18/19,14/07/2018,Corinthians,West Ham,€5.00m,€4.00m
Fabián Balbuena,15/16,08/02/2016,Libertad,Corinthians,-,€1.40m
Nicolás González,24/25,03/02/2025,Porto,Man City,€18.00m,€60.00m
Nicolás González,23/24,29/07/2023,Barcelona,Porto,€10.00m,€21.20m
Jordan Ikoko,N/A,N/A,N/A,N/A,N/A,N/A
Renan Lodi,23/24,17/01/2024,Marseille,Al-Hilal,€20.00m,€23.00m
Renan Lodi,23/24,14/07/2023,Atlético,Marseille,€20.00m,€20.60m
Renan Lodi,19/20,07/07/2019,Athletico-PR,Atlético,€4.00m,€21.75m
Alessandro Murgia,19/20,12/07/2019,Lazio,SPAL,€5.00m,€4.00m
Iván Marcano,19/20,11/07/2019,Roma,Porto,€4.00m,€3.08m
Iván Marcano,14/15,11/08/2014,Rubin Kazan,Porto,€4.00m,€2.65m
Iván Marcano,12/13,01/07/2012,Villarreal,Rubin Kazan,€3.75m,€5.00m
Iván Marcano,09/10,03/07/2009,Racing,Villarreal,€3.00m,€6.00m
Grigoris Kastanos,25/26,01/07/2025,Salernitana,Hellas Verona,€1.50m,€1.20m
Grigoris Kastanos,22/23,02/08/2022,Juve Next Gen,Salernitana,€1.50m,€300k
Grigoris Kastanos,13/14,30/01/2014,Paralimni U21,Juventus U17,-,€60k
Alin Toșca,16/17,23/01/2017,Steaua Bucharest,Real Betis,€1.80m,€1.00m
Alin Toșca,14/15,01/07/2014,FC Viitorul,Steaua Bucharest,€600k,€400k
Ryan Babel,18/19,15/01/2019,Besiktas,Fulham,€5.00m,€2.00m
Ryan Babel,15/16,01/07/2015,Kasimpasa,Al-Ain,€5.00m,€2.50m
Ryan Babel,10/11,25/01/2011,Liverpool,Hoffenheim,€6.50m,€7.00m
Ryan Babel,07/08,01/07/2007,Ajax,Liverpool,€5.00m,€17.25m
Marin Pongračić,24/25,19/07/2024,Lecce,Fiorentina,€7.00m,€15.00m
Marin Pongračić,23/24,01/07/2023,Wolfsburg,Lecce,€4.00m,€1.60m
Marin Pongračić,19/20,15/01/2020,Salzburg,Wolfsburg,€6.00m,€9.00m
Marin Pongračić,17/18,01/07/2017,1860 Munich,Salzburg,€250k,€1.00m
Michy Batshuayi,24/25,03/02/2025,Galatasaray,Frankfurt,€7.00m,€3.00m
Michy Batshuayi,22/23,02/09/2022,Chelsea,Fenerbahçe,€10.00m,€3.50m
Michy Batshuayi,16/17,03/07/2016,Marseille,Chelsea,€15.00m,€39.00m
Michy Batshuayi,14/15,01/07/2014,Standard Liège,Marseille,€8.00m,€6.00m
Roger Martí,22/23,26/01/2023,Elche CF,Cádiz CF,€2.50m,€2.00m
Roger Martí,22/23,04/08/2022,Levante,Elche CF,€5.00m,€3.00m
Antoñito,N/A,N/A,N/A,N/A,N/A,N/A
Jean-Charles Castelletto,25/26,23/07/2025,FC Nantes,Al-Duhail SC,€3.50m,€4.00m
Jean-Charles Castelletto,15/16,23/07/2015,AJ Auxerre,Club Brugge,€800k,€800k
David Brooks,18/19,01/07/2018,Sheff Utd,Bournemouth,€5.00m,€11.30m
Fabiano Parisi,23/24,14/07/2023,FC Empoli,Fiorentina,€10.00m,€10.00m
Fabiano Parisi,20/21,22/09/2020,Avellino,Empoli,€250k,€450k
Julian Palmieri,N/A,N/A,N/A,N/A,N/A,N/A
Sergio Postigo,16/17,16/07/2016,Spezia Calcio,Levante,€600k,€350k
Sergio Postigo,15/16,20/07/2015,CD Leganés,Spezia Calcio,€400k,€300k
Jean Lucas,23/24,11/01/2024,Santos,EC Bahia,€6.00m,€4.50m
Jean Lucas,23/24,16/07/2023,Monaco,Santos,€5.00m,€6.00m
Jean Lucas,21/22,02/08/2021,Lyon,Monaco,€4.50m,€11.00m
Jean Lucas,19/20,01/07/2019,Flamengo,Lyon,€1.00m,€8.00m
Júlio Tavares,20/21,13/09/2020,Dijon,Al-Faisaly,€2.20m,€1.00m
Matthieu Udol,25/26,15/07/2025,FC Metz,Lens,€3.50m,€3.50m
Emiliano Velázquez,14/15,27/08/2014,Danubio FC,Atlético,€1.50m,€1.00m
Christian Strohdiek,N/A,N/A,N/A,N/A,N/A,N/A
Jarrod Bowen,19/20,31/01/2020,Hull City,West Ham,€10.00m,€21.30m
Raúl Jiménez,23/24,25/07/2023,Wolves,Fulham,€6.00m,€6.40m
Raúl Jiménez,19/20,01/07/2019,Benfica,Wolves,€35.00m,€38.00m
Raúl Jiménez,15/16,13/08/2015,Atlético,Benfica,€5.00m,€22.00m
Raúl Jiménez,14/15,13/08/2014,América,Atlético,€10.00m,€10.50m
Domagoj Bradarić,25/26,03/08/2025,Salernitana,Hellas Verona,€4.00m,€750k
Domagoj Bradarić,22/23,15/07/2022,Lille,Salernitana,€3.50m,€5.00m
Domagoj Bradarić,19/20,19/07/2019,Hajduk Split,Lille,€1.00m,€6.50m
Yeremi Pino,N/A,N/A,N/A,N/A,N/A,N/A
Christophe Kerbrat,N/A,N/A,N/A,N/A,N/A,N/A
Pedro Porro,23/24,01/07/2023,Sporting,Tottenham,€40.00m,€40.00m
Pedro Porro,22/23,01/07/2022,Man City,Sporting,€25.00m,€8.77m
Pedro Porro,19/20,08/08/2019,Girona,Man City,€10.00m,€12.00m
Pedro Porro,17/18,01/07/2017,Rayo U19,Girona U19,-,€100k
Gerard Gumbau,19/20,14/08/2019,CD Leganés,Girona,€2.50m,€500k
Gerard Gumbau,14/15,01/07/2014,Girona FC B,Barcelona B,-,€25k
Johan Mojica,24/25,23/07/2024,Villarreal,RCD Mallorca,€2.20m,€1.50m
Johan Mojica,22/23,01/09/2022,Elche CF,Villarreal,€5.00m,€5.50m
Johan Mojica,21/22,08/08/2021,Girona,Elche CF,€2.00m,€1.20m
Johan Mojica,18/19,01/07/2018,Rayo Vallecano,Girona,€4.00m,€5.00m
Johan Mojica,14/15,28/07/2014,Deportivo Cali,Rayo Vallecano,€500k,€500k
Pedro Rebocho,21/22,23/08/2021,Guingamp,Lech Poznan,€1.50m,€150k
Pedro Rebocho,17/18,02/07/2017,Benfica,Guingamp,€1.50m,€550k
Pedro Rebocho,17/18,01/07/2017,Moreirense ,Benfica,€1.50m,€150k
Uroš Račić,25/26,14/07/2025,Sassuolo,Aris Saloniki,€3.50m,€2.50m
Uroš Račić,23/24,16/08/2023,Valencia,Sassuolo,€6.50m,€2.50m
Uroš Račić,18/19,01/07/2018,Red Star,Valencia,€1.00m,€2.20m
Uroš Račić,15/16,13/03/2016,OFK Beograd U19,Red Star U19,-,€90k
Hicham Boudaoui,19/20,02/09/2019,Paradou AC,Nice,€1.40m,€4.00m
Antonio Sanabria,25/26,21/08/2025,Torino,Cremonese,€2.80m,€2.50m
Antonio Sanabria,20/21,31/01/2021,Real Betis,Torino,€6.50m,€6.50m
Antonio Sanabria,16/17,15/07/2016,Roma,Real Betis,€7.50m,€7.50m
Antonio Sanabria,14/15,01/07/2014,Sassuolo,Roma,€4.50m,€6.20m
Antonio Sanabria,13/14,29/01/2014,Barcelona B,Sassuolo,€600k,€5.70m
Rene Krhin,18/19,01/07/2018,Granada CF,FC Nantes,€1.50m,€300k
Rene Krhin,15/16,23/07/2015,Inter,Granada CF,€3.00m,€1.30m
Rene Krhin,14/15,01/07/2014,Bologna,Inter,€3.30m,€1.20m
Rene Krhin,10/11,01/07/2010,Inter,Bologna,€1.50m,€2.50m
Rene Krhin,06/07,01/07/2006,NK Maribor U19,Inter U19,-,€200k
Vincent Bessat,N/A,N/A,N/A,N/A,N/A,N/A
Gabriel Strefezza,25/26,31/07/2025,Como,Olympiacos,€6.00m,€8.00m
Gabriel Strefezza,24/25,01/07/2024,Lecce,Como,€6.00m,€4.78m
Gabriel Strefezza,21/22,12/08/2021,SPAL,Lecce,€3.20m,€550k
Ezequiel Ávila,23/24,01/02/2024,CA Osasuna,Real Betis,€3.50m,€4.70m
Ezequiel Ávila,19/20,01/07/2019,San Lorenzo,CA Osasuna,€5.00m,€2.70m
Jamilu Collins,N/A,N/A,N/A,N/A,N/A,N/A
Nicolás Burdisso,10/11,28/08/2010,Inter,Roma,€7.50m,€8.00m
Nicolás Burdisso,04/05,07/07/2004,Boca Juniors,Inter,-,€3.50m
Mijat Gaćinović,22/23,01/07/2022,Hoffenheim,AEK Athens,€2.50m,€1.00m
Mijat Gaćinović,20/21,04/08/2020,Frankfurt,Hoffenheim,€7.00m,€3.00m
Mijat Gaćinović,15/16,12/08/2015,Apol. Limassol,Frankfurt,€1.75m,€1.25m
Mijat Gaćinović,15/16,03/08/2015,Vojvodina,Apol. Limassol,€1.75m,€1.25m
Roberto Pereyra,20/21,28/09/2020,Watford,Udinese,€9.00m,€1.50m
Roberto Pereyra,16/17,19/08/2016,Juventus,Watford,€16.00m,€13.50m
Roberto Pereyra,15/16,01/07/2015,Udinese,Juventus,€17.00m,€15.00m
Roberto Pereyra,11/12,31/08/2011,River Plate,Udinese,€1.20m,€2.00m
Jaime Mata,N/A,N/A,N/A,N/A,N/A,N/A
Dion Lopy,23/24,05/08/2023,Stade Reims,UD Almería,€4.00m,€6.50m
Dion Lopy,20/21,05/10/2020,Oslo FA Dakar ,Stade Reims B,€150k,€500k
Max Gradel,18/19,01/07/2018,Bournemouth,Toulouse,€7.00m,€2.00m
Max Gradel,15/16,04/08/2015,Saint-Étienne,Bournemouth,€6.50m,€10.00m
Max Gradel,11/12,31/08/2011,Leeds,Saint-Étienne,€750k,€2.00m
Denis Odoi,21/22,31/01/2022,Fulham,Club Brugge,€500k,€700k
Denis Odoi,16/17,14/07/2016,KSC Lokeren,Fulham,€1.50m,€1.00m
Denis Odoi,11/12,01/07/2011,Sint-Truiden,RSC Anderlecht,€1.50m,€1.50m
Emile Smith Rowe,24/25,02/08/2024,Arsenal,Fulham,€22.00m,€31.80m
Dara O'Shea,24/25,25/08/2024,Burnley,Ipswich,€7.00m,€14.20m
Dara O'Shea,23/24,01/07/2023,West Brom,Burnley,€5.00m,€7.80m
Fabian Kunze,19/20,01/07/2019,SV Rödinghausen,Arm. Bielefeld,€150k,€150k
Denis Bouanga,22/23,04/08/2022,Saint-Étienne,LAFC,€8.00m,€4.55m
Denis Bouanga,19/20,09/07/2019,Nîmes Olympique,Saint-Étienne,€6.00m,€4.50m
Denis Bouanga,18/19,17/07/2018,FC Lorient,Nîmes Olympique,€1.75m,€3.00m
Oussama Haddadi,21/22,01/07/2021,Al-Ettifaq,Y. Malatyaspor,€2.50m,€384k
Nahitan Nández,19/20,09/08/2019,Boca Juniors,Cagliari,€18.00m,€16.20m
Nahitan Nández,17/18,23/08/2017,Peñarol,Boca Juniors,€2.75m,€2.50m
Nahitan Nández,12/13,28/03/2013,CA Ituzaingó,CA Peñarol U19,-,€645k
Jimmy Giraudon,N/A,N/A,N/A,N/A,N/A,N/A
Cristian Molinaro,10/11,01/07/2010,Juventus,Stuttgart,€5.00m,€3.90m
Cristian Molinaro,07/08,01/07/2007,AC Siena,Juventus,€2.00m,€2.50m
Gaëtan Paquiez,N/A,N/A,N/A,N/A,N/A,N/A
Pablo Piatti,17/18,01/07/2017,Valencia,Espanyol,€6.00m,€1.30m
Pablo Piatti,11/12,06/07/2011,UD Almería,Valencia,€9.00m,€7.50m
Pablo Piatti,08/09,01/07/2008,Estudiantes LP,UD Almería,€6.50m,€7.00m
José Holebas,15/16,02/07/2015,Roma,Watford,€2.00m,€2.50m
José Holebas,14/15,30/08/2014,Olympiacos,Roma,€2.50m,€1.00m
José Holebas,10/11,13/07/2010,1860 Munich,Olympiacos,€1.00m,€900k
Georginio Rutter,24/25,19/08/2024,Leeds,Brighton,€18.00m,€46.70m
Georginio Rutter,22/23,14/01/2023,Hoffenheim,Leeds,€16.00m,€40.50m
Georginio Rutter,20/21,01/02/2021,Stade Rennais,Hoffenheim,€1.50m,€750k
Pathé Ciss,21/22,28/07/2021,CF Fuenlabrada,Rayo Vallecano,€800k,€1.00m
Amir Rrahmani,19/20,20/01/2020,Hellas Verona,Napoli,€6.00m,€15.30m
Amir Rrahmani,19/20,01/07/2019,Dinamo Zagreb,Hellas Verona,€1.50m,€3.52m
Amir Rrahmani,16/17,30/08/2016,RNK Split,Dinamo Zagreb,€1.75m,€1.60m
Matthias Lehmann,11/12,01/07/2011,St. Pauli,Frankfurt,€2.00m,€500k
Matthias Lehmann,06/07,01/07/2006,1860 Munich,Alem. Aachen,€1.60m,€900k
Matthias Lehmann,03/04,01/07/2003,Stuttgart II,1860 Munich,-,€25k
Gian-Luca Itter,22/23,01/07/2022,Freiburg,Greuther Fürth,€1.50m,€300k
Gian-Luca Itter,19/20,01/07/2019,Wolfsburg,Freiburg,€2.00m,€2.50m
Pontus Jansson,19/20,08/07/2019,Leeds,Brentford,€6.00m,€6.15m
Pontus Jansson,17/18,01/07/2017,Torino,Leeds,€2.50m,€4.00m
Yan Brice Eteki,19/20,18/07/2019,Sevilla FC,Granada CF,€1.00m,€1.00m
Yan Brice Eteki,19/20,17/07/2019,UD Almería,Sevilla FC,€1.00m,€500k
Giovanni Simeone,26/27,01/07/2026,Napoli,Torino,€5.00m,€7.20m
Giovanni Simeone,23/24,01/07/2023,Hellas Verona,Napoli,€15.00m,€12.00m
Giovanni Simeone,22/23,01/07/2022,Cagliari,Hellas Verona,€17.00m,€10.50m
Giovanni Simeone,20/21,01/09/2020,Fiorentina,Cagliari,€15.00m,€13.00m
Giovanni Simeone,17/18,16/08/2017,Genoa,Fiorentina,€10.00m,€17.00m
Giovanni Simeone,16/17,18/08/2016,River Plate,Genoa,€8.00m,€5.10m
Gianluca Busio,21/22,09/08/2021,Kansas City,Venezia,€6.00m,€6.00m
Malick Thiaw,25/26,12/08/2025,AC Milan,Newcastle,€18.00m,€35.00m
Malick Thiaw,22/23,29/08/2022,FC Schalke 04,AC Milan,€6.00m,€12.80m
Luca Vignali,N/A,N/A,N/A,N/A,N/A,N/A
Gaetano Castrovilli,17/18,01/07/2017,Bari,Fiorentina,€700k,€1.90m
Jamaal Lascelles,14/15,09/08/2014,Nott'm Forest,Newcastle,€600k,€5.00m
Lucas Ocampos,24/25,03/09/2024,Sevilla FC,Monterrey,€9.00m,€7.25m
Lucas Ocampos,19/20,03/07/2019,Marseille,Sevilla FC,€15.00m,€15.00m
Lucas Ocampos,15/16,01/07/2015,Monaco,Marseille,€6.50m,€7.50m
Lucas Ocampos,12/13,16/08/2012,River Plate,Monaco,€9.00m,€13.00m
Manu Morlanes,23/24,01/07/2023,Villarreal,RCD Mallorca,€4.00m,€2.50m
Manu Morlanes,21/22,07/07/2021,UD Almería,Villarreal,€5.00m,€4.00m
Manu Morlanes,21/22,01/07/2021,Villarreal,UD Almería,€5.00m,€3.00m
Kevin Wimmer,17/18,29/08/2017,Tottenham,Stoke City,€7.00m,€19.40m
Kevin Wimmer,15/16,01/07/2015,1.FC Köln,Tottenham,€7.50m,€6.00m
Kevin Wimmer,12/13,01/07/2012,LASK,1.FC Köln,€300k,€250k
Mikel Rico,13/14,21/08/2013,Granada CF,Athletic Club,€4.00m,€2.90m
Mikel Rico,10/11,01/07/2010,SD Huesca,Granada CF,€500k,€600k
Carlos Soler,25/26,01/09/2025,PSG,Real Sociedad,€18.00m,€6.00m
Carlos Soler,22/23,01/09/2022,Valencia,PSG,€50.00m,€18.00m
Andrés Andrade Cedeño,N/A,N/A,N/A,N/A,N/A,N/A
Valerio Verre,16/17,30/01/2017,Pescara,Sampdoria,€4.00m,€4.10m
Valerio Verre,16/17,01/07/2016,Udinese,Pescara,€2.40m,€4.00m
Valerio Verre,14/15,12/07/2014,Roma,Udinese,€2.00m,€900k
Valerio Verre,14/15,01/07/2014,Udinese,Roma,€2.00m,€1.50m
Valerio Verre,13/14,13/07/2013,Roma,Udinese,€1.20m,€2.50m
Valerio Verre,13/14,01/07/2013,Genoa,Roma,€1.20m,€2.50m
Valerio Verre,12/13,31/07/2012,Roma,Genoa,€1.00m,€1.50m
Hamza Choudhury,N/A,N/A,N/A,N/A,N/A,N/A
Giancarlo González,18/19,11/04/2019,Bologna,LA Galaxy,€1.20m,€931k
Giancarlo González,17/18,01/07/2017,US Palermo,Bologna,€2.00m,€1.50m
Giancarlo González,14/15,26/08/2014,Columbus Crew,US Palermo,€600k,€3.80m
Ondrej Duda,23/24,01/07/2023,1.FC Köln,Hellas Verona,€3.40m,€3.10m
Ondrej Duda,20/21,16/09/2020,Hertha BSC,1.FC Köln,€7.00m,€7.00m
Ondrej Duda,16/17,20/07/2016,Legia Warszawa,Hertha BSC,€3.20m,€4.20m
Ondrej Duda,13/14,28/02/2014,MFK Kosice,Legia Warszawa,€200k,€300k
Tariq Lamptey,25/26,01/09/2025,Brighton,Fiorentina,€11.00m,€3.00m
Tariq Lamptey,19/20,31/01/2020,Chelsea U23,Brighton,-,€1.20m
Jakub Jankto,23/24,15/07/2023,Getafe,Cagliari,€1.00m,€540k
Jakub Jankto,21/22,20/08/2021,Sampdoria,Getafe,€11.00m,€5.16m
Jakub Jankto,19/20,01/07/2019,Udinese,Sampdoria,€12.00m,€14.50m
Jakub Jankto,14/15,16/07/2014,Slavia U19,Udinese U19,-,€700k
Kévin Gameiro,18/19,12/08/2018,Atlético,Valencia,€20.00m,€16.00m
Kévin Gameiro,16/17,30/07/2016,Sevilla FC,Atlético,€20.00m,€32.00m
Kévin Gameiro,13/14,25/07/2013,PSG,Sevilla FC,€10.00m,€7.50m
Kévin Gameiro,11/12,01/07/2011,FC Lorient,PSG,€13.50m,€11.00m
Kévin Gameiro,08/09,01/07/2008,R. Strasbourg,FC Lorient,€1.80m,€3.00m
Ferrán Torres,21/22,01/01/2022,Man City,Barcelona,€45.00m,€55.00m
Ferrán Torres,20/21,04/08/2020,Valencia,Man City,€45.00m,€33.50m
Marcel Hartel,21/22,10/08/2021,Arm. Bielefeld,St. Pauli,€1.80m,€350k
Marcel Hartel,19/20,27/07/2019,Union Berlin,Arm. Bielefeld,€1.25m,€250k
Marcel Hartel,17/18,01/07/2017,1.FC Köln,Union Berlin,€300k,€250k
Cristian Tello,17/18,01/07/2017,Barcelona,Real Betis,€8.00m,€4.00m
Ismail Jakobs,25/26,01/07/2025,Monaco,Galatasaray,€7.00m,€8.00m
Ismail Jakobs,21/22,12/07/2021,1.FC Köln,Monaco,€7.00m,€7.30m
Iago,20/21,18/09/2020,Bayern Munich,Liverpool,€48.00m,€22.00m
Iago,13/14,14/07/2013,Barcelona,Bayern Munich,€22.00m,€25.00m
Federico Barba,23/24,01/08/2023,Pisa,Como,€1.10m,€800k
Federico Barba,22/23,01/09/2022,Benevento,Pisa,€1.40m,€500k
Federico Barba,18/19,14/08/2018,Sporting Gijón,Chievo Verona,€1.50m,€1.70m
Federico Barba,17/18,25/07/2017,FC Empoli,Sporting Gijón,€1.20m,€1.75m
Federico Barba,13/14,14/08/2013,Roma,FC Empoli,€500k,€1.15m
Federico Barba,13/14,13/08/2013,Grosseto,Roma,€500k,€400k
Federico Barba,13/14,01/07/2013,Roma,Grosseto,€450k,€200k
Kristijan Jakić,24/25,01/07/2024,Frankfurt,Augsburg,€6.50m,€5.00m
Kristijan Jakić,22/23,01/07/2022,Dinamo Zagreb,Frankfurt,€9.00m,€3.50m
Kristijan Jakić,20/21,11/08/2020,NK Lokomotiva,Dinamo Zagreb,€1.20m,€1.20m
Kristijan Jakić,17/18,05/07/2017,RNK Split,NK Lokomotiva,€350k,€135k
Miguel Almirón,24/25,31/01/2025,Newcastle,Atlanta,€16.00m,€9.55m
Miguel Almirón,18/19,31/01/2019,Atlanta,Newcastle,€15.00m,€24.00m
Miguel Almirón,16/17,01/01/2017,Lanús,Atlanta,€5.50m,€7.50m
Miguel Almirón,15/16,14/08/2015,Cerro Porteño,Lanús,-,€800k
Giangiacomo Magnani,24/25,28/01/2025,Hellas Verona,Palermo,€2.50m,€310k
Giangiacomo Magnani,21/22,01/07/2021,Sassuolo,Hellas Verona,€5.00m,€4.00m
Giangiacomo Magnani,18/19,27/07/2018,Juventus,Sassuolo,€600k,€5.00m
Giangiacomo Magnani,18/19,01/07/2018,Perugia,Juventus,€600k,€5.00m
Giangiacomo Magnani,17/18,31/01/2018,Siracusa,Perugia,€125k,€500k
Kenneth Omeruo,23/24,28/07/2023,CD Leganés,Kasimpasa,€1.50m,€1.00m
Kenneth Omeruo,19/20,13/08/2019,Chelsea,CD Leganés,€5.00m,€7.00m
Luca Mazzitelli,25/26,01/07/2025,Frosinone,Como,€1.50m,€2.00m
Luca Mazzitelli,21/22,09/07/2021,Sassuolo,Monza,€2.80m,€300k
Luca Mazzitelli,15/16,01/02/2016,Roma,Sassuolo,€1.00m,€3.50m
Jason Denayer,18/19,21/08/2018,Man City,Lyon,€3.00m,€10.00m
Jason Denayer,13/14,01/07/2013,JMG Lier,Man City U18,-,€275k
Habib Diallo,23/24,13/08/2023,R. Strasbourg,Al-Shabab,€18.00m,€18.00m
Habib Diallo,20/21,05/10/2020,FC Metz,R. Strasbourg,€12.00m,€10.00m
Eduard Löwen,22/23,01/07/2022,Hertha BSC,St. Louis CITY,€2.00m,€1.00m
Eduard Löwen,19/20,01/07/2019,1.FC Nuremberg,Hertha BSC,€7.00m,€7.00m
Fabio Lucioni,N/A,N/A,N/A,N/A,N/A,N/A
Craig Dawson,22/23,22/01/2023,West Ham,Wolves,€2.50m,€3.75m
Craig Dawson,21/22,01/07/2021,Watford,West Ham,€3.00m,€2.30m
Craig Dawson,19/20,01/07/2019,West Brom,Watford,€6.00m,€6.00m
Craig Dawson,10/11,31/08/2010,Rochdale,West Brom,€200k,€300k
Craig Dawson,08/09,23/02/2009,Radcliffe,Rochdale,-,€10k
Gonzalo Verdú,N/A,N/A,N/A,N/A,N/A,N/A
Nathaniel Chalobah,17/18,13/07/2017,Chelsea,Watford,€5.00m,€6.30m
Somália,18/19,19/08/2018,Toulouse,Al-Shabab,€2.00m,€1.50m
Somália,15/16,07/08/2015,Ferencváros,Toulouse,€800k,€2.40m
Somália,12/13,01/07/2012,Bangu-RJ,Ferencváros,€200k,€300k
Ivan Toney,24/25,31/08/2024,Brentford,Al-Ahli,€50.00m,€42.00m
Ivan Toney,20/21,01/09/2020,Peterborough,Brentford,€400k,€5.60m
Ivan Toney,18/19,09/08/2018,Newcastle,Peterborough,€500k,€390k
Ivan Toney,15/16,06/08/2015,Northampton,Newcastle,€150k,€360k
Julian Korb,17/18,01/07/2017,Mönchengladbach,Hannover 96,€3.00m,€3.00m
Jordon Ibe,16/17,14/07/2016,Liverpool,Bournemouth,€7.00m,€18.00m
Jordon Ibe,11/12,20/12/2011,Wycombe,Liverpool U18,€250k,€600k
Angelo Stiller,23/24,25/08/2023,Hoffenheim,Stuttgart,€5.00m,€5.50m
Takefusa Kubo,22/23,19/07/2022,Real Madrid,Real Sociedad,€7.50m,€6.50m
Amine Adli,25/26,21/08/2025,Leverkusen,Bournemouth,€18.00m,€21.00m
Amine Adli,21/22,26/08/2021,Toulouse,Leverkusen,€6.00m,€7.50m
Simone Iacoponi,16/17,31/01/2017,Virtus Entella,Parma,€400k,€70k
Aleix Febas,N/A,N/A,N/A,N/A,N/A,N/A
Jerry St. Juste,22/23,01/07/2022,Mainz,Sporting,€16.00m,€10.00m
Jerry St. Juste,19/20,07/08/2019,Feyenoord,Mainz,€7.50m,€8.00m
Jerry St. Juste,17/18,18/07/2017,Heerenveen,Feyenoord,€3.50m,€4.80m
Yannick Cahuzac,N/A,N/A,N/A,N/A,N/A,N/A
Davide Frattesi,24/25,01/07/2024,Sassuolo,Inter,€35.00m,€31.40m
Davide Frattesi,17/18,13/07/2017,Roma,Sassuolo,€200k,€14.60m
Federico Cartabia,N/A,N/A,N/A,N/A,N/A,N/A
Andrea Barberis,N/A,N/A,N/A,N/A,N/A,N/A
Carlos Sánchez,18/19,24/07/2018,Monterrey,Santos,€1.50m,€850k
Carlos Sánchez,11/12,23/07/2011,Godoy Cruz,River Plate,€2.00m,€1.45m
Munir El Haddadi,18/19,11/01/2019,Barcelona,Sevilla FC,€12.00m,€1.05m
Lamine Koné,19/20,01/07/2019,Sunderland,R. Strasbourg,€3.00m,€1.50m
Lamine Koné,15/16,27/01/2016,FC Lorient,Sunderland,€2.50m,€6.50m
Lamine Koné,10/11,02/08/2010,LB Châteauroux,FC Lorient,€900k,€1.00m
Cédric Yamberé,17/18,01/07/2017,G. Bordeaux,Dijon,€2.00m,€500k
Emanuele Giaccherini,16/17,16/07/2016,Sunderland,Napoli,€4.00m,€1.50m
Emanuele Giaccherini,13/14,16/07/2013,Juventus,Sunderland,€7.50m,€7.50m
Emanuele Giaccherini,11/12,25/08/2011,Cesena,Juventus,€5.00m,€7.25m
Son,18/19,19/07/2018,Roma,Liverpool,€60.00m,€72.50m
Son,16/17,06/07/2016,Internacional,Roma,€7.00m,€8.00m
Jason,18/19,21/08/2018,Man City,Lyon,€3.00m,€10.00m
Jason,13/14,01/07/2013,JMG Lier,Man City U18,-,€275k
Angelo Ogbonna,15/16,10/07/2015,Juventus,West Ham,€9.00m,€11.00m
Angelo Ogbonna,13/14,11/07/2013,Torino,Juventus,€12.00m,€15.00m
DeAndre Yedlin,25/26,21/08/2025,Cincinnati,Salt Lake,€1.50m,€260k
DeAndre Yedlin,23/24,04/03/2024,Miami,Cincinnati,€2.00m,€160k
DeAndre Yedlin,16/17,24/08/2016,Tottenham,Newcastle,€3.00m,€5.90m
DeAndre Yedlin,14/15,13/08/2014,Seattle,Tottenham,€250k,€2.60m
Claudio Yacob,N/A,N/A,N/A,N/A,N/A,N/A
Kevin Vázquez,N/A,N/A,N/A,N/A,N/A,N/A
Nahuel Tenaglia,23/24,20/08/2023,CA Talleres,Alavés,€3.00m,€1.00m
Jordan Lefort,20/21,13/08/2020,Amiens SC,Young Boys,€1.60m,€1.00m
Gelson Martins,23/24,02/01/2024,Monaco,Olympiacos,€2.50m,€3.00m
Gelson Martins,19/20,01/07/2019,Atlético,Monaco,€28.00m,€30.00m
Gelson Martins,18/19,25/07/2018,Sporting,Atlético,€35.00m,€22.00m
Claudio Marchisio,N/A,N/A,N/A,N/A,N/A,N/A
Marco Calderoni,18/19,18/07/2018,Novara,Lecce,€450k,€500k
Marco Calderoni,17/18,01/07/2017,Chievo Verona,Novara,€500k,€500k
Marco Calderoni,15/16,25/06/2015,Bari,Chievo Verona,€500k,€80k
Marco Calderoni,13/14,15/08/2013,Chievo Verona,Bari,€400k,€90k
Marco Calderoni,13/14,14/08/2013,Grosseto,Piacenza,€400k,€80k
Patric,06/07,02/08/2006,Juventus,Inter,€28.00m,€9.50m
Patric,05/06,15/07/2005,Arsenal,Juventus,€35.00m,€20.00m
Patric,96/97,14/08/1996,Milan,Arsenal,-,€5.35m
Patric,95/96,07/11/1995,Cannes,Milan,-,€3.60m
Steven Moreira,16/17,30/08/2016,Stade Rennais,FC Lorient,€1.50m,€1.20m
Anthony Knockaert,20/21,27/07/2020,Brighton,Fulham,€6.50m,€11.70m
Anthony Knockaert,15/16,07/01/2016,Standard Liège,Brighton,€3.50m,€3.50m
Anthony Knockaert,12/13,01/08/2012,Guingamp,Leicester,€1.50m,€900k
Jean-Daniel Akpa-Akpro,N/A,N/A,N/A,N/A,N/A,N/A
Iñaki Williams,N/A,N/A,N/A,N/A,N/A,N/A
Mërgim Vojvoda,24/25,03/02/2025,Torino,Como,€3.00m,€2.00m
Mërgim Vojvoda,20/21,01/09/2020,Standard Liège,Torino,€4.00m,€5.20m
Mërgim Vojvoda,19/20,01/07/2019,Mouscron,Standard Liège,€1.00m,€1.20m
Thomas Vermaelen,14/15,09/08/2014,Arsenal,Barcelona,€15.00m,€19.00m
Thomas Vermaelen,09/10,01/07/2009,Ajax,Arsenal,€6.00m,€12.00m
Mamadou Loum,25/26,12/08/2025,Arouca,Sporting Gijón,€1.20m,€500k
Mamadou Loum,19/20,01/07/2019,Braga,Porto,€5.00m,€7.50m
Mamadou Loum,15/16,15/07/2015,Ouakam,Braga B,-,€130k
Dani Raba,N/A,N/A,N/A,N/A,N/A,N/A
Leonardo Balerdi,21/22,03/07/2021,Dortmund,Marseille,€8.00m,€11.00m
Leonardo Balerdi,18/19,14/01/2019,Boca Juniors,Dortmund,€2.50m,€15.50m
Luciano Vietto,20/21,25/10/2020,Sporting,Al-Hilal,€7.00m,€7.00m
Luciano Vietto,19/20,01/07/2019,Atlético,Sporting,€7.00m,€11.00m
Luciano Vietto,15/16,07/07/2015,Villarreal,Atlético,€20.00m,€20.00m
Luciano Vietto,14/15,04/08/2014,Racing Club,Villarreal,€8.50m,€5.50m
Nikola Kalinić,20/21,05/10/2020,Atlético,Hellas Verona,€5.50m,€1.80m
Nikola Kalinić,18/19,09/08/2018,AC Milan,Atlético,€14.00m,€14.50m
Nikola Kalinić,18/19,01/07/2018,Fiorentina,AC Milan,€14.00m,€22.50m
Nikola Kalinić,15/16,14/08/2015,Dnipro,Fiorentina,€7.00m,€5.50m
Nikola Kalinić,11/12,12/08/2011,Blackburn,Dnipro,€4.50m,€6.00m
Nikola Kalinić,09/10,03/08/2009,Hajduk Split,Blackburn,€6.00m,€7.00m
Christian Kabasele,23/24,25/07/2023,Watford,Udinese,€1.00m,€6.50m
Christian Kabasele,16/17,01/07/2016,Genk,Watford,€6.00m,€6.95m
Lumor Agbenyenu,17/18,31/01/2018,Portimonense,Sporting,€800k,€2.50m
Óscar Plano,N/A,N/A,N/A,N/A,N/A,N/A
Paul Verhaegh,17/18,06/08/2017,Augsburg,Wolfsburg,€1.00m,€1.50m
Paul Verhaegh,10/11,01/07/2010,Vitesse,Augsburg,€1.50m,€300k
Kostas Mitroglou,17/18,31/08/2017,Benfica,Marseille,€12.00m,€15.00m
Kostas Mitroglou,16/17,01/07/2016,Fulham,Benfica,€9.50m,€7.00m
Kostas Mitroglou,13/14,31/01/2014,Olympiacos,Fulham,€7.20m,€15.20m
Kostas Mitroglou,07/08,01/07/2007,M'gladbach II,Olympiacos,€100k,€200k
Gideon Mensah,N/A,N/A,N/A,N/A,N/A,N/A
Harry Arter,20/21,22/09/2020,Bournemouth,Nott'm Forest,€3.50m,€5.50m
Harry Arter,10/11,01/07/2010,Woking,Bournemouth,€50k,€140k
Bruma,24/25,03/02/2025,Braga,Benfica,€8.00m,€6.50m
Bruma,23/24,01/07/2023,Fenerbahçe,Braga,€6.00m,€6.55m
Bruma,22/23,20/01/2023,PSV,Fenerbahçe,€3.60m,€4.25m
Bruma,19/20,01/07/2019,Leipzig,PSV,€10.00m,€12.00m
Bruma,17/18,01/07/2017,Galatasaray,Leipzig,€11.00m,€15.00m
Bruma,13/14,03/09/2013,Sporting,Galatasaray,€2.50m,€13.00m
Ádám Szalai,14/15,04/07/2014,FC Schalke 04,Hoffenheim,€7.00m,€6.00m
Ádám Szalai,13/14,01/07/2013,Mainz,FC Schalke 04,€7.00m,€8.00m
Ádám Szalai,10/11,01/07/2010,RM Castilla,Mainz,€2.00m,€600k
Ádám Szalai,07/08,11/08/2007,Stuttgart II,RM Castilla,€100k,€500k
Gerrit Holtmann,16/17,01/07/2016,E. Braunschweig,Mainz,€600k,€3.00m
Quini,N/A,N/A,N/A,N/A,N/A,N/A
Daniel Bessa,16/17,03/01/2017,Inter,Hellas Verona,€2.20m,€1.20m
Youcef Belaïli,24/25,31/07/2024,MC Algiers,Esperance,€1.80m,€679k
Youcef Belaïli,19/20,29/08/2019,Esperance,Al-Ahli,€1.50m,€3.00m
Silas Katompa,25/26,06/01/2026,Stuttgart,Mainz,€3.00m,€150k
Silas Katompa,19/20,13/08/2019,Paris FC,Stuttgart,€3.00m,€8.00m
Isaac Success,21/22,26/08/2021,Watford,Udinese,€1.80m,€1.80m
Isaac Success,16/17,01/07/2016,Granada CF,Watford,€3.00m,€15.00m
Isaac Success,13/14,02/01/2014,BJ FA,Udinese U19,-,€400k
Jaïro Riedewald,17/18,24/07/2017,Ajax,Crystal Palace,€5.00m,€9.00m
Pione Sisto,20/21,05/09/2020,Celta de Vigo,Midtjylland,€4.80m,€2.50m
Pione Sisto,16/17,31/07/2016,Midtjylland,Celta de Vigo,€3.50m,€6.00m
Bebé,97/98,07/01/1998,EC Vitória,Botafogo,-,€500k
Bebé,96/97,21/01/1997,Sevilla FC,EC Vitória,-,€3.00m
Bebé,96/97,05/11/1996,Flamengo,Sevilla FC,-,€3.60m
Bebé,95/96,03/06/1996,Dep. La Coruña,Flamengo,-,€2.50m
Bebé,92/93,16/07/1992,Vasco da Gama,Dep. La Coruña,-,€1.50m
Alejandro Pozo Pozo,22/23,01/07/2022,Sevilla FC,UD Almería,€4.00m,€3.00m
Markus Suttner,17/18,13/07/2017,FC Ingolstadt,Brighton,€2.00m,€4.50m
Markus Suttner,15/16,01/07/2015,Austria Vienna,FC Ingolstadt,€1.00m,€700k
Alfonso Pedraza,N/A,N/A,N/A,N/A,N/A,N/A
Marco Russ,13/14,01/07/2013,Wolfsburg,Frankfurt,€1.50m,€400k
Marco Russ,11/12,16/07/2011,Frankfurt,Wolfsburg,€2.75m,€3.00m
Ludovic Blas,23/24,05/07/2023,FC Nantes,Stade Rennais,€20.00m,€15.00m
Ludovic Blas,19/20,02/09/2019,Guingamp,FC Nantes,€5.00m,€8.00m
Hans Hateboer,24/25,06/08/2024,Atalanta,Stade Rennais,€3.50m,€2.80m
Hans Hateboer,16/17,31/01/2017,FC Groningen,Atalanta,€1.00m,€1.04m
Théo Pellenard,N/A,N/A,N/A,N/A,N/A,N/A
Rober,22/23,19/07/2022,Bayern Munich,Barcelona,€45.00m,€45.00m
Rober,10/11,01/07/2010,Lech Poznan,Dortmund,€4.50m,€4.75m
Rober,08/09,01/07/2008,Znicz Pruszkow,Lech Poznan,€500k,€380k
Grischa Prömel,N/A,N/A,N/A,N/A,N/A,N/A
Michel,N/A,N/A,N/A,N/A,N/A,N/A
Martin Harnik,18/19,01/07/2018,Hannover 96,Werder Bremen,€3.00m,€2.25m
Martin Harnik,10/11,01/07/2010,Werder Bremen,Stuttgart,€1.60m,€300k
Martin Harnik,05/06,01/01/2006,SC V.-M. U19,W. Bremen II,€150k,€12k
Kevin Akpoguma,13/14,01/07/2013,Karlsruher SC,Hoffenheim,€450k,€1.00m
Yannis Salibur,19/20,22/08/2019,Guingamp,RCD Mallorca,€3.50m,€2.00m
Jack Cork,17/18,11/07/2017,Swansea,Burnley,€5.00m,€9.10m
Jack Cork,14/15,30/01/2015,Southampton,Swansea,€3.50m,€4.00m
Jack Cork,11/12,07/07/2011,Chelsea Res.,Southampton,€1.00m,€840k
Junior Messias,23/24,13/01/2024,AC Milan,Genoa,€3.00m,€1.50m
Junior Messias,22/23,07/07/2022,Crotone,AC Milan,€6.00m,€6.20m
Junior Messias,18/19,30/01/2019,Gozzano,Crotone,€150k,€400k
Junior Messias,16/17,23/07/2016,Casale,Chieri,-,€120k
Rodrygo,19/20,01/07/2019,Santos,Real Madrid,€40.00m,€45.00m
Dodi Lukebakio,25/26,01/09/2025,Sevilla FC,Benfica,€20.00m,€20.00m
Dodi Lukebakio,23/24,24/08/2023,Hertha BSC,Sevilla FC,€12.00m,€10.00m
Dodi Lukebakio,19/20,01/08/2019,Watford,Hertha BSC,€18.00m,€20.00m
Dodi Lukebakio,17/18,30/01/2018,R Charleroi SC,Watford,€3.00m,€5.00m
Dodi Lukebakio,17/18,29/01/2018,RSC Anderlecht,R Charleroi SC,€3.00m,€2.60m
Ciaran Clark,16/17,03/08/2016,Aston Villa,Newcastle,€4.50m,€6.00m
Florian Niederlechner,22/23,18/01/2023,Augsburg,Hertha BSC,€2.20m,€800k
Florian Niederlechner,19/20,01/07/2019,Freiburg,Augsburg,€3.50m,€2.50m
Florian Niederlechner,17/18,01/07/2017,Mainz,Freiburg,€5.50m,€2.30m
Florian Niederlechner,15/16,01/07/2015,Heidenheim,Mainz,€2.00m,€2.00m
Florian Niederlechner,12/13,03/01/2013,Unterhaching,Heidenheim,€400k,€300k
Florian Niederlechner,11/12,05/07/2011,FC Ismaning,Unterhaching,€50k,€20k
Tana,25/26,02/09/2025,Man City,Fenerbahçe,€20.00m,€11.00m
Tana,17/18,01/07/2017,Benfica,Man City,€22.00m,€40.00m
Tana,15/16,01/07/2015,Rio Ave,Benfica,€1.20m,€500k
Federico Mattiello,17/18,30/01/2018,Juventus,Atalanta,€1.00m,€5.00m
Giannelli Imbula,15/16,01/02/2016,Porto,Stoke City,€16.00m,€24.25m
Giannelli Imbula,15/16,01/07/2015,Marseille,Porto,€12.00m,€20.00m
Giannelli Imbula,13/14,19/07/2013,Guingamp,Marseille,€3.00m,€7.50m
Badou Ndiaye,17/18,31/01/2018,Galatasaray,Stoke City,€7.00m,€16.00m
Badou Ndiaye,17/18,03/08/2017,Osmanlispor FK,Galatasaray,€5.00m,€7.50m
Badou Ndiaye,15/16,02/08/2015,Bodø/Glimt,Osmanlispor FK,€1.20m,€350k
Prince Oniangué,18/19,12/07/2018,Wolves,SM Caen,€1.50m,€500k
Prince Oniangué,16/17,15/08/2016,Stade Reims,Wolves,€2.00m,€2.20m
Yevhen Shakhov,N/A,N/A,N/A,N/A,N/A,N/A
Khaled Adénon,N/A,N/A,N/A,N/A,N/A,N/A
Antonino Barillà,N/A,N/A,N/A,N/A,N/A,N/A
Ezequiel Garay,16/17,31/08/2016,Zenit S-Pb,Valencia,€20.00m,€24.00m
Ezequiel Garay,14/15,01/07/2014,Benfica,Zenit S-Pb,€20.00m,€6.00m
Ezequiel Garay,11/12,01/07/2011,Real Madrid,Benfica,€10.00m,€5.50m
Ezequiel Garay,08/09,01/07/2008,Racing,Real Madrid,€10.00m,€10.00m
Ezequiel Garay,05/06,01/01/2006,Newell's,Racing,€300k,€1.40m
Younousse Sankharé,21/22,10/08/2021,Panathinaikos,Giresunspor,€2.00m,€350k
Younousse Sankharé,20/21,31/01/2021,CSKA-Sofia,Panathinaikos,€2.00m,€300k
Younousse Sankharé,16/17,30/01/2017,Lille,G. Bordeaux,€3.50m,€3.00m
Younousse Sankharé,13/14,18/07/2013,Dijon,Guingamp,€2.00m,€700k
Younousse Sankharé,11/12,04/07/2011,PSG,Dijon,€1.00m,€500k
Stephan Lichtsteiner,11/12,01/07/2011,Lazio,Juventus,€9.00m,€9.90m
Stephan Lichtsteiner,08/09,28/07/2008,Lille,Lazio,€5.00m,€1.20m
Stephan Lichtsteiner,05/06,01/07/2005,Grasshoppers,Lille,€1.40m,€650k
Chris Richards,22/23,27/07/2022,Bayern Munich,Crystal Palace,€7.50m,€12.00m
Chris Richards,18/19,24/01/2019,Dallas,FC Bayern U19,€50k,€5.30m
Claud Adjapong,N/A,N/A,N/A,N/A,N/A,N/A
Gideon Jung,14/15,01/07/2014,RW Oberhausen,Hamburg,€100k,€150k
Daniele Rugani,13/14,31/07/2013,FC Empoli,Juventus,€200k,€4.00m
Luca Marrone,20/21,01/09/2020,Hellas Verona,Crotone,€750k,€1.00m
Luca Marrone,19/20,01/07/2019,Juventus,Hellas Verona,€800k,€450k
Luca Marrone,14/15,03/07/2014,Sassuolo,Juventus,€4.50m,€5.00m
Luca Marrone,13/14,02/09/2013,Juventus,Sassuolo,€4.00m,€4.50m
Félix Eboa Eboa,N/A,N/A,N/A,N/A,N/A,N/A
Cucho,24/25,03/02/2025,Columbus,Real Betis,€18.00m,€13.00m
Cucho,22/23,07/07/2022,Watford,Columbus,€9.00m,€9.55m
Kristjan Asllani,23/24,01/07/2023,FC Empoli,Inter,€12.00m,€15.70m
Jesús Corona,23/24,01/09/2023,Sevilla FC,Monterrey,€8.00m,€3.50m
Jesús Corona,21/22,14/01/2022,Porto,Sevilla FC,€22.00m,€3.00m
Jesús Corona,15/16,31/08/2015,FC Twente,Porto,€6.50m,€10.50m
Jesús Corona,13/14,26/08/2013,Monterrey,FC Twente,€1.30m,€3.50m
Raffael,N/A,N/A,N/A,N/A,N/A,N/A
Pedro Bigas,19/20,01/07/2019,UD Las Palmas,SD Eibar,€3.00m,€3.00m
Andrea Petagna,23/24,01/07/2023,Napoli,Monza,€10.00m,€9.70m
Andrea Petagna,19/20,30/01/2020,SPAL,Napoli,€18.00m,€16.60m
Andrea Petagna,19/20,01/07/2019,Atalanta,SPAL,€20.00m,€12.00m
Andrea Petagna,15/16,25/01/2016,AC Milan,Atalanta,€600k,€1.00m
John Boye,N/A,N/A,N/A,N/A,N/A,N/A
Willian José,24/25,01/07/2024,Real Betis,Spartak Moscow,€5.00m,€2.00m
Willian José,22/23,01/07/2022,Real Sociedad,Real Betis,€12.00m,€10.00m
Willian José,16/17,31/07/2016,CD Maldonado,Real Sociedad,€3.00m,€9.63m
Willian José,10/11,01/01/2011,Barueri,CD Maldonado,€400k,€1.00m
Matías Silvestre,13/14,01/07/2013,US Palermo,Inter,€6.00m,€6.00m
Matías Silvestre,11/12,09/08/2011,Catania,US Palermo,€3.50m,€8.00m
Matías Silvestre,07/08,28/01/2008,Boca Juniors,Catania,€2.30m,€1.50m
Mateo Musacchio,17/18,01/07/2017,Villarreal,AC Milan,€18.00m,€18.00m
José Pozo,N/A,N/A,N/A,N/A,N/A,N/A
Ken Sema,18/19,05/07/2018,Östersund,Watford,€1.00m,€2.25m
Rodrigo Palacio,12/13,01/07/2012,Genoa,Inter,€12.00m,€10.50m
Rodrigo Palacio,09/10,15/07/2009,Boca Juniors,Genoa,€9.50m,€4.90m
Rodrigo Palacio,04/05,01/01/2005,Banfield,Boca Juniors,-,€3.00m
Rodrigo Palacio,03/04,01/01/2004,Huracan TA,Banfield,-,€250k
Pietro Ceccaroni,20/21,01/09/2020,Spezia Calcio,Venezia,€600k,€200k
Mikkel Damsgaard,22/23,10/08/2022,Sampdoria,Brentford,€15.00m,€15.00m
Mikkel Damsgaard,20/21,01/09/2020,Nordsjaelland,Sampdoria,€6.50m,€6.75m
Emmanuel Dennis,22/23,13/08/2022,Watford,Nott'm Forest,€14.00m,€14.80m
Emmanuel Dennis,21/22,01/07/2021,Club Brugge,Watford,€5.00m,€4.00m
Emmanuel Dennis,17/18,01/07/2017,Zorya Lugansk,Club Brugge,€1.20m,€1.40m
Anel Ahmedhodzic,25/26,05/08/2025,Sheff Utd,Feyenoord,€18.00m,€6.90m
Anel Ahmedhodzic,22/23,06/07/2022,Malmö,Sheff Utd,€6.00m,€4.50m
Anthony Gonçalves,N/A,N/A,N/A,N/A,N/A,N/A
Enzo Roco,N/A,N/A,N/A,N/A,N/A,N/A
Taiwo Awoniyi,22/23,01/07/2022,Union Berlin,Nott'm Forest,€20.00m,€20.50m
Taiwo Awoniyi,21/22,20/07/2021,Liverpool,Union Berlin,€5.00m,€8.55m
Taiwo Awoniyi,15/16,31/08/2015,Imperial Acad.,Liverpool,-,€1.10m
Alessandro Deiola,N/A,N/A,N/A,N/A,N/A,N/A
Jóhann Berg Guðmundsson,16/17,19/07/2016,Charlton,Burnley,€2.00m,€3.00m
Leandro Barreiro Martins,N/A,N/A,N/A,N/A,N/A,N/A
Sebastiano Luperto,25/26,02/02/2026,Cagliari,Cremonese,€4.00m,€4.60m
Sebastiano Luperto,24/25,08/07/2024,FC Empoli,Cagliari,€3.50m,€3.50m
Sebastiano Luperto,23/24,01/07/2023,Napoli,FC Empoli,€3.00m,€2.50m
Sebastiano Luperto,14/15,01/07/2014,Lecce U19,Napoli U19,€100k,€490k
Joe Ralls,N/A,N/A,N/A,N/A,N/A,N/A
Ludwig Augustinsson,21/22,15/08/2021,Werder Bremen,Sevilla FC,€10.00m,€5.50m
Ludwig Augustinsson,17/18,01/07/2017,Copenhagen,Werder Bremen,€4.00m,€4.50m
Ludwig Augustinsson,14/15,01/01/2015,IFK Göteborg,Copenhagen,€700k,€1.30m
Adrian Mariappa,13/14,02/09/2013,Reading,Crystal Palace,€2.50m,€3.50m
Adrian Mariappa,12/13,18/07/2012,Watford,Reading,€2.00m,€3.80m
Oscar Wendt,06/07,01/07/2006,IFK Göteborg,Copenhagen,€675k,€830k
Jonathan Schmid,19/20,01/07/2019,Augsburg,Freiburg,€5.00m,€4.00m
Jonathan Schmid,16/17,26/08/2016,Hoffenheim,Augsburg,€2.50m,€5.20m
Jonathan Schmid,15/16,01/07/2015,Freiburg,Hoffenheim,€4.50m,€3.50m
Yoann Salmier,19/20,01/07/2019,R. Strasbourg,Troyes,€1.50m,€500k
Aday,N/A,N/A,N/A,N/A,N/A,N/A
Terence Kongolo,20/21,16/10/2020,Huddersfield,Fulham,€6.50m,€4.40m
Terence Kongolo,18/19,01/07/2018,Monaco,Huddersfield,€10.00m,€20.00m
Terence Kongolo,17/18,03/07/2017,Feyenoord,Monaco,€10.00m,€15.00m
Ansu Fati,N/A,N/A,N/A,N/A,N/A,N/A
Ledian Memushaj,18/19,10/07/2018,Benevento,Pescara,€800k,€500k
Ledian Memushaj,18/19,01/07/2018,Pescara,Benevento,€800k,€800k
Ledian Memushaj,15/16,01/07/2015,Lecce,Pescara,€1.40m,€200k
Arber Zeneli,18/19,26/01/2019,Heerenveen,Stade Reims,€6.00m,€4.00m
Arber Zeneli,15/16,01/01/2016,Elfsborg,Heerenveen,€1.00m,€1.95m
Joakim Mæhle,N/A,N/A,N/A,N/A,N/A,N/A
Lee Jae-sung,N/A,N/A,N/A,N/A,N/A,N/A
Gerson,25/26,10/01/2026,Zenit S-Pb,Cruzeiro,€18.00m,€27.00m
Gerson,25/26,04/07/2025,Flamengo,Zenit S-Pb,€25.00m,€25.00m
Gerson,22/23,01/01/2023,Marseille,Flamengo,€18.00m,€15.00m
Gerson,21/22,01/07/2021,Flamengo,Marseille,€20.00m,€20.50m
Gerson,19/20,12/07/2019,Roma,Flamengo,€13.00m,€13.00m
Gerson,16/17,01/07/2016,Fluminense,Roma,€10.00m,€18.50m
Andrew Gravillon,23/24,21/07/2023,Stade Reims,Adana Demirspor,€4.00m,€2.50m
Andrew Gravillon,22/23,01/07/2022,Inter,Stade Reims,€6.50m,€3.00m
Andrew Gravillon,18/19,29/01/2019,Pescara,Inter,€5.00m,€6.10m
Andrew Gravillon,17/18,17/01/2018,Benevento,Pescara,€1.00m,€3.50m
Andrew Gravillon,17/18,01/07/2017,Inter,Benevento,€300k,€4.00m
Federico Ceccherini,21/22,01/07/2021,Fiorentina,Hellas Verona,€3.50m,€3.00m
Federico Ceccherini,18/19,12/07/2018,Crotone,Fiorentina,€2.80m,€3.60m
Federico Ceccherini,16/17,06/07/2016,AS Livorno,Crotone,€700k,€900k
Alexis Saelemaekers,20/21,01/09/2020,RSC Anderlecht,AC Milan,€8.00m,€7.65m
Houboulang Mendes,N/A,N/A,N/A,N/A,N/A,N/A
Toma Bašić,21/22,25/08/2021,G. Bordeaux,Lazio,€9.00m,€7.10m
Toma Bašić,18/19,08/08/2018,Hajduk Split,G. Bordeaux,€1.35m,€3.80m
Florian Sotoca,19/20,01/07/2019,Grenoble,Lens,€1.25m,€1.10m
Kalifa Coulibaly,17/18,18/08/2017,KAA Gent,FC Nantes,€3.00m,€4.50m
Kalifa Coulibaly,15/16,01/07/2015,R Charleroi SC,KAA Gent,€1.00m,€500k
Joe Willock,21/22,13/08/2021,Arsenal,Newcastle,€16.00m,€29.40m
Stefano Denswil,19/20,06/07/2019,Club Brugge,Bologna,€6.00m,€6.00m
Stefano Denswil,14/15,04/01/2015,Ajax,Club Brugge,€3.00m,€1.20m
Raúl de Tomás,22/23,13/09/2022,Espanyol,Rayo Vallecano,€25.00m,€11.00m
Raúl de Tomás,19/20,09/01/2020,Benfica,Espanyol,€15.00m,€22.50m
Raúl de Tomás,19/20,03/07/2019,Real Madrid,Benfica,€20.00m,€20.00m
Kike Pérez,24/25,29/01/2025,Real Valladolid,Venezia,€2.80m,€1.00m
Björn Engels,21/22,01/07/2021,Aston Villa,Royal Antwerp,€3.00m,€3.50m
Björn Engels,19/20,16/07/2019,Stade Reims,Aston Villa,€6.00m,€8.00m
Björn Engels,19/20,01/07/2019,Olympiacos,Stade Reims,€6.00m,€4.00m
Björn Engels,17/18,31/08/2017,Club Brugge,Olympiacos,€8.00m,€4.50m
Florent Balmont,08/09,01/07/2008,Nice,Lille,€6.00m,€3.00m
Florent Balmont,04/05,24/08/2004,Lyon,Nice,-,€1.50m
Javier Ontiveros,19/20,20/08/2019,Málaga CF,Villarreal,€6.00m,€7.50m
Ardian Ismajli,21/22,09/08/2021,Spezia Calcio,FC Empoli,€2.50m,€2.00m
Ardian Ismajli,20/21,14/09/2020,Hajduk Split,Spezia Calcio,€950k,€2.20m
Przemysław Frankowski,25/26,01/07/2025,Lens,Galatasaray,€7.00m,€7.00m
Przemysław Frankowski,21/22,05/08/2021,Chicago,Lens,€2.00m,€2.30m
Przemysław Frankowski,18/19,22/01/2019,Jagiellonia,Chicago,€1.50m,€1.50m
Przemysław Frankowski,14/15,01/08/2014,Lechia Gdansk,Jagiellonia,€300k,€75k
Leroy Fer,16/17,05/07/2016,QPR,Swansea,€8.50m,€5.60m
Leroy Fer,14/15,20/08/2014,Norwich,QPR,€8.50m,€10.00m
Leroy Fer,13/14,13/07/2013,FC Twente,Norwich,€7.50m,€5.50m
Leroy Fer,11/12,31/08/2011,Feyenoord,FC Twente,€5.50m,€5.50m
Jake Livermore,16/17,20/01/2017,Hull City,West Brom,€4.50m,€11.50m
Jake Livermore,14/15,01/07/2014,Tottenham,Hull City,€2.50m,€7.00m
Giovanni Sio,17/18,18/07/2017,Stade Rennais,Montpellier,€4.50m,€2.20m
Giovanni Sio,15/16,01/07/2015,Basel,Stade Rennais,€2.00m,€2.00m
Giovanni Sio,13/14,16/08/2013,Wolfsburg,Basel,€2.00m,€2.00m
Giovanni Sio,11/12,04/01/2012,FC Sion,Wolfsburg,€4.50m,€5.80m
Charlie Austin,19/20,08/08/2019,Southampton,West Brom,€8.00m,€4.30m
Charlie Austin,15/16,16/01/2016,QPR,Southampton,€13.00m,€5.20m
Charlie Austin,13/14,01/08/2013,Burnley,QPR,€4.50m,€4.65m
Charlie Austin,10/11,28/01/2011,Swindon Town,Burnley,€100k,€1.40m
Tristan Dingomé,18/19,01/07/2018,Troyes,Stade Reims,€1.00m,€1.00m
Federico Santander,18/19,01/07/2018,Copenhagen,Bologna,€2.00m,€6.50m
Federico Santander,15/16,22/07/2015,Guaraní,Copenhagen,€1.00m,€3.10m
Wilfried Singo,25/26,28/08/2025,Monaco,Galatasaray,€25.00m,€30.77m
Wilfried Singo,23/24,17/08/2023,Torino,Monaco,€12.00m,€9.10m
Wilfried Singo,18/19,30/01/2019,AS Denguélé,Torino U19,-,€200k
Nikola Vukčević,18/19,09/08/2018,Braga,Levante,€7.50m,€8.50m
Nikola Vukčević,13/14,01/09/2013,B. Podgorica,Braga B,-,€125k
Rômulo,25/26,15/08/2025,Göztepe,Leipzig,€11.00m,€20.00m
Rômulo,24/25,24/01/2025,Athletico-PR,Göztepe,€3.70m,€5.30m
Rômulo,19/20,12/07/2019,Maringá-PR U20,Athletico U20,-,€1.20m
Pol Lirola,21/22,23/08/2021,Fiorentina,Marseille,€9.00m,€13.00m
Pol Lirola,20/21,01/09/2020,Sassuolo,Fiorentina,€10.00m,€11.00m
Pol Lirola,17/18,31/01/2018,Juventus,Sassuolo,€5.00m,€7.00m
Pol Lirola,15/16,01/07/2015,Espanyol U19,Juventus U19,€200k,€500k
Steven Zuber,22/23,01/07/2022,Frankfurt,AEK Athens,€2.50m,€1.60m
Steven Zuber,20/21,04/08/2020,Hoffenheim,Frankfurt,€4.50m,€3.00m
Steven Zuber,14/15,14/08/2014,CSKA Moscow,Hoffenheim,€3.00m,€3.90m
Steven Zuber,13/14,05/07/2013,Grasshoppers,CSKA Moscow,€2.00m,€3.60m
Armel Bella Kotchap,25/26,02/02/2026,Southampton,Hellas Verona,€7.50m,€5.00m
Armel Bella Kotchap,22/23,01/07/2022,VfL Bochum,Southampton,€10.00m,€12.00m
Carlos Fernández,20/21,24/01/2021,Sevilla FC,Real Sociedad,€9.00m,€10.00m
Vincent Koziello,17/18,16/01/2018,Nice,1.FC Köln,€11.00m,€3.00m
Junior Stanislas,11/12,31/08/2011,West Ham,Burnley,€2.50m,€1.35m
Kristoffer Ajer,21/22,21/07/2021,Celtic,Brentford,€7.00m,€15.70m
Kristoffer Ajer,16/17,01/07/2016,IK Start,Celtic,€800k,€600k
Ignazio Abate,09/10,01/07/2009,Torino,AC Milan,€1.80m,€2.80m
Ignazio Abate,08/09,24/07/2008,AC Milan,Torino,€1.10m,€2.20m
Anwar El Ghazi,22/23,31/08/2022,Aston Villa,PSV,€9.00m,€2.50m
Anwar El Ghazi,19/20,01/07/2019,Lille,Aston Villa,€7.50m,€9.00m
Anwar El Ghazi,16/17,31/01/2017,Ajax,Lille,€6.50m,€7.00m
Anwar El Ghazi,13/14,01/07/2013,Sparta U19,Ajax U19,-,€5k
Jérémy Sorbon,N/A,N/A,N/A,N/A,N/A,N/A
Joel Pohjanpalo,24/25,03/02/2025,Venezia,Palermo,€5.00m,€4.75m
Joel Pohjanpalo,22/23,19/08/2022,Leverkusen,Venezia,€2.50m,€3.20m
Joel Pohjanpalo,14/15,01/07/2014,HJK Helsinki,Leverkusen,€700k,€1.50m
Robert Skov,19/20,29/07/2019,Copenhagen,Hoffenheim,€13.00m,€10.00m
Robert Skov,17/18,19/01/2018,Silkeborg IF,Copenhagen,€1.00m,€1.00m
Nemanja Maksimović,25/26,17/08/2025,Panathinaikos,Shabab Al-Ahli,€4.50m,€5.00m
Nemanja Maksimović,18/19,16/07/2018,Valencia,Getafe,€5.00m,€10.00m
Nemanja Maksimović,14/15,07/02/2015,NK Domzale,FC Astana,€500k,€2.00m
Carles Aleñá,25/26,24/07/2025,Getafe,Alavés,€2.50m,€1.00m
Carles Aleñá,21/22,10/07/2021,Barcelona,Getafe,€15.00m,€5.00m
Roberto Torres,N/A,N/A,N/A,N/A,N/A,N/A
Robson Bambu,25/26,12/09/2025,Braga,San Luis,€3.00m,€400k
Robson Bambu,24/25,01/07/2024,Nice,Braga,€3.00m,€1.20m
Robson Bambu,20/21,01/07/2020,Athletico-PR,Nice,€800k,€8.00m
Robson Bambu,18/19,01/01/2019,Santos,Athletico-PR,€50k,€850k
Marvin Plattenhardt,14/15,01/07/2014,1.FC Nuremberg,Hertha BSC,€3.00m,€500k
Loïc Rémy,18/19,13/07/2018,UD Las Palmas,Lille,€6.00m,€1.40m
Loïc Rémy,14/15,31/08/2014,QPR,Chelsea,€12.00m,€13.20m
Loïc Rémy,12/13,16/01/2013,Marseille,QPR,€15.00m,€10.50m
Loïc Rémy,10/11,19/08/2010,Nice,Marseille,€12.00m,€15.50m
Loïc Rémy,08/09,01/07/2008,Lyon,Nice,€6.00m,€8.00m
John Bostock,18/19,05/07/2018,Bursaspor,Toulouse,€750k,€700k
John Bostock,17/18,31/01/2018,Lens,Bursaspor,€2.00m,€175k
John Bostock,16/17,05/07/2016,OH Leuven,Lens,€800k,€150k
John Bostock,08/09,01/07/2008,Crystal Palace,Tottenham,€300k,€2.00m
Enrico Valentini,N/A,N/A,N/A,N/A,N/A,N/A
Samuel Moutoussamy,N/A,N/A,N/A,N/A,N/A,N/A
Giuseppe Pezzella,25/26,25/07/2025,FC Empoli,Cremonese,€2.50m,€2.00m
Giuseppe Pezzella,20/21,01/09/2020,Udinese,Parma,€3.50m,€5.75m
Giuseppe Pezzella,17/18,01/07/2017,US Palermo,Udinese,€1.00m,€4.50m
Giuseppe Pezzella,14/15,01/07/2014,Monteruscello,Palermo U19,-,€67k
Kevin McDonald,16/17,22/07/2016,Wolves,Fulham,€1.75m,€1.50m
Kevin McDonald,13/14,14/08/2013,Sheff Utd,Wolves,€1.50m,€900k
Kevin McDonald,08/09,01/07/2008,Dundee FC,Burnley,-,€630k
Sada Thioub,19/20,23/07/2019,Nîmes Olympique,Angers SCO,€5.50m,€3.50m
Andrija Balić,20/21,07/08/2020,Udinese,Dunajska Streda,€900k,€350k
Andrija Balić,15/16,01/02/2016,Hajduk Split,Udinese,€3.50m,€3.00m
Toño,25/26,14/08/2025,River Plate,Real Madrid,€30.00m,€45.00m
Guido Burgstaller,22/23,01/07/2022,St. Pauli,Rapid Vienna,€900k,€500k
Guido Burgstaller,16/17,09/01/2017,1.FC Nuremberg,FC Schalke 04,€2.00m,€1.50m
Guido Burgstaller,14/15,01/07/2014,Rapid Vienna,Cardiff,€1.50m,€700k
Artur Ioniță,25/26,08/01/2026,Triestina,Arezzo,€200k,€50k
Artur Ioniță,22/23,11/08/2022,Benevento,Pisa,€1.20m,€1.00m
Artur Ioniță,20/21,01/09/2020,Cagliari,Benevento,€2.50m,€1.50m
Artur Ioniță,16/17,01/07/2016,Hellas Verona,Cagliari,€1.80m,€4.50m
Artur Ioniță,09/10,01/07/2009,Iskra-Stali,FC Aarau,-,€200k
Christoph Baumgartner,23/24,01/07/2023,Hoffenheim,Leipzig,€24.00m,€25.50m
Mattia Destro,15/16,20/08/2015,Roma,Bologna,€13.00m,€8.50m
Mattia Destro,13/14,01/07/2013,Genoa,Roma,€11.50m,€4.50m
Mattia Destro,12/13,19/07/2012,AC Siena,Genoa,€10.00m,€7.00m
Mattia Destro,12/13,01/07/2012,Genoa,AC Siena,€10.00m,€1.30m
Mattia Destro,10/11,01/01/2011,Inter,Genoa,€1.00m,€6.50m
Dalbert Henrique,17/18,09/08/2017,Nice,Inter,€5.00m,€21.00m
Dalbert Henrique,16/17,06/07/2016,Vit. Guimarães,Nice,€750k,€2.00m
Dalbert Henrique,15/16,01/07/2015,Académico Viseu,Vit. Guimarães,€250k,€500k
Unai Bustinza,N/A,N/A,N/A,N/A,N/A,N/A
Theo Valls,N/A,N/A,N/A,N/A,N/A,N/A
Anthony Modeste,22/23,08/08/2022,1.FC Köln,Dortmund,€3.00m,€5.10m
Anthony Modeste,18/19,01/07/2018,1.FC Köln,TJ Tianhai,€16.00m,€29.00m
Anthony Modeste,15/16,01/07/2015,Hoffenheim,1.FC Köln,€4.50m,€4.50m
Anthony Modeste,13/14,09/07/2013,G. Bordeaux,Hoffenheim,€4.50m,€3.00m
Anthony Modeste,10/11,13/08/2010,Nice,G. Bordeaux,€2.30m,€3.50m
Oswaldo Vizcarrondo,13/14,06/07/2013,América,FC Nantes,€800k,€600k
Alfredo Morales,20/21,07/04/2021,F. Düsseldorf,New York City,€1.20m,€91k
Keidi Bare,20/21,22/09/2020,Málaga CF,Espanyol,€1.80m,€2.00m
Giuseppe Cuomo,N/A,N/A,N/A,N/A,N/A,N/A
Francesco Vicari,22/23,09/07/2022,SPAL,Bari,€2.00m,€100k
Francesco Vicari,16/17,11/08/2016,Novara,SPAL,€400k,€220k
Édgar González,23/24,06/07/2023,Real Betis,UD Almería,€9.00m,€4.50m
Stefano Sturaro,19/20,01/07/2019,Juventus,Genoa,€10.00m,€16.50m
Stefano Sturaro,14/15,01/07/2014,Genoa,Juventus,€3.50m,€10.60m
Ahmed Hegazi,21/22,01/07/2021,West Brom,Al-Ittihad,€4.00m,€2.50m
Ahmed Hegazi,17/18,01/01/2018,Al Ahly,West Brom,€3.00m,€5.00m
Ahmed Hegazi,12/13,01/07/2012,Ismaily,Fiorentina,€1.50m,€1.50m
Mario Sampirisi,N/A,N/A,N/A,N/A,N/A,N/A
Marco Capuano,18/19,17/08/2018,Cagliari,Frosinone,€1.00m,€500k
Marco Capuano,14/15,01/02/2015,Pescara,Cagliari,€1.20m,€750k
Mehdi Zeffane,15/16,12/08/2015,Lyon,Stade Rennais,€1.25m,€1.00m
Elvis Rexhbeçaj,22/23,27/07/2022,Wolfsburg,Augsburg,€4.00m,€1.70m
Wes Morgan,11/12,30/01/2012,Nott'm Forest,Leicester,€1.30m,€1.13m
Álvaro Odriozola,23/24,01/09/2023,Real Madrid,Real Sociedad,€5.00m,€3.00m
Álvaro Odriozola,18/19,05/07/2018,Real Sociedad,Real Madrid,€25.00m,€32.00m
Mohamed Dräger,23/24,25/08/2023,Nott'm Forest,Basel,€900k,€420k
Mohamed Dräger,21/22,31/08/2021,Olympiacos,Nott'm Forest,€1.00m,€1.00m
Mohamed Dräger,20/21,27/09/2020,Freiburg,Olympiacos,€1.60m,€1.00m
Antonín Barák,22/23,31/01/2023,Hellas Verona,Fiorentina,€12.00m,€7.86m
Antonín Barák,21/22,01/07/2021,Udinese,Hellas Verona,€14.00m,€6.00m
Antonín Barák,17/18,01/07/2017,Slavia Praha,Udinese,€2.50m,€3.00m
Antonín Barák,15/16,01/01/2016,Pribram,Slavia Praha,€250k,€400k
Francis Guerrero,N/A,N/A,N/A,N/A,N/A,N/A
Kevin Long,09/10,01/01/2010,Cork City,Burnley,-,€350k
João Pedro,24/25,05/08/2024,Benfica,PSG,€55.00m,€65.92m
Mohamed Fares,20/21,01/10/2020,SPAL,Lazio,€7.00m,€8.00m
Mohamed Fares,19/20,01/07/2019,Hellas Verona,SPAL,€6.00m,€3.50m
Yevhen Konoplyanka,19/20,02/09/2019,FC Schalke 04,Shakhtar D.,€6.50m,€1.80m
Yevhen Konoplyanka,17/18,01/07/2017,Sevilla FC,FC Schalke 04,€10.00m,€12.50m
Ismaël Traoré,N/A,N/A,N/A,N/A,N/A,N/A
Marco Richter,23/24,22/08/2023,Hertha BSC,Mainz,€5.00m,€3.00m
Marco Richter,21/22,09/08/2021,Augsburg,Hertha BSC,€5.00m,€7.10m
Jérôme Gondorf,20/21,01/07/2020,Freiburg,Karlsruher SC,€600k,€500k
Jérôme Gondorf,18/19,01/07/2018,Werder Bremen,Freiburg,€1.50m,€1.30m
Jérôme Gondorf,17/18,01/07/2017,Darmstadt 98,Werder Bremen,€2.00m,€1.20m
Sehrou Guirassy,24/25,18/07/2024,Stuttgart,Dortmund,€40.00m,€18.00m
Sehrou Guirassy,23/24,01/07/2023,Stade Rennais,Stuttgart,€14.00m,€9.00m
Sehrou Guirassy,20/21,27/08/2020,Amiens SC,Stade Rennais,€8.00m,€15.00m
Sehrou Guirassy,19/20,01/07/2019,1.FC Köln,Amiens SC,€3.50m,€6.00m
Sehrou Guirassy,16/17,20/07/2016,Lille,1.FC Köln,€2.00m,€3.80m
Sehrou Guirassy,15/16,02/07/2015,Stade Lavallois,Lille,€400k,€500k
Adrián González,N/A,N/A,N/A,N/A,N/A,N/A
Stef Peeters,20/21,07/07/2020,Cercle Brugge,KAS Eupen,€1.40m,€700k
Stef Peeters,19/20,15/07/2019,SM Caen,Cercle Brugge,€1.80m,€500k
Stef Peeters,17/18,01/07/2017,Sint-Truiden,SM Caen,€1.50m,€1.35m
Jakub Kiwior,26/27,01/07/2026,Arsenal,Porto,€27.00m,€17.00m
Jakub Kiwior,22/23,23/01/2023,Spezia Calcio,Arsenal,€8.00m,€19.50m
Jakub Kiwior,21/22,31/08/2021,MSK Zilina,Spezia Calcio,€400k,€2.40m
Jakub Kiwior,19/20,02/08/2019,Podbrezova,MSK Zilina,€200k,€250k
Jakub Kiwior,18/19,16/01/2019,Anderlecht U21,Podbrezova,-,€10k
Jakub Kiwior,16/17,15/07/2016,GKS Tychy,Anderlecht U17,-,€13k
Jacob Bruun Larsen,25/26,11/07/2025,Stuttgart,Burnley,€5.00m,€4.00m
Jacob Bruun Larsen,24/25,08/01/2025,Hoffenheim,Stuttgart,€6.00m,€1.70m
Jacob Bruun Larsen,19/20,31/01/2020,Dortmund,Hoffenheim,€12.00m,€9.00m
Glenn Murray,16/17,31/01/2017,Bournemouth,Brighton,€3.50m,€3.50m
Glenn Murray,15/16,01/09/2015,Crystal Palace,Bournemouth,€2.50m,€5.40m
Glenn Murray,07/08,29/01/2008,Rochdale,Brighton,-,€450k
Glenn Murray,06/07,20/10/2006,Carlisle United,Rochdale,-,€100k
Shinji Okazaki,15/16,01/07/2015,Mainz,Leicester,€8.00m,€11.00m
Shinji Okazaki,13/14,01/07/2013,Stuttgart,Mainz,€2.00m,€1.50m
Pedro López Muñoz,11/12,01/07/2011,Real Valladolid,Levante,€2.00m,€200k
Pavel Kadeřábek,15/16,01/07/2015,Sparta Prague,Hoffenheim,€3.50m,€3.50m
Gabriel Silva,23/24,25/01/2024,Corinthians,PSG,€15.00m,€20.00m
Jessy Deminguet,N/A,N/A,N/A,N/A,N/A,N/A
Marco Andreolli,10/11,24/08/2010,Roma,Chievo Verona,€2.50m,€800k
Marco Andreolli,07/08,01/07/2007,Inter,Roma,€950k,€5.50m
Marco Andreolli,05/06,01/07/2005,Padova U19,Inter,-,€400k
Óscar Rodríguez Arnaiz,20/21,29/08/2020,Real Madrid,Sevilla FC,€15.00m,€13.50m
Jérôme Hergault,N/A,N/A,N/A,N/A,N/A,N/A
Tommy Smith,N/A,N/A,N/A,N/A,N/A,N/A
Gervinho,15/16,26/01/2016,Roma,HB CFFC,€15.00m,€18.00m
Gervinho,13/14,08/08/2013,Arsenal,Roma,€10.00m,€8.00m
Gervinho,11/12,12/07/2011,Lille,Arsenal,€15.00m,€12.00m
Gervinho,09/10,21/07/2009,Le Mans UC 72,Lille,€6.00m,€6.50m
Gervinho,07/08,01/07/2007,KSK Beveren,Le Mans UC 72,€1.00m,€650k
Oussama Idrissi,20/21,05/10/2020,AZ Alkmaar,Sevilla FC,€12.00m,€12.00m
Oussama Idrissi,17/18,17/01/2018,FC Groningen,AZ Alkmaar,€2.00m,€2.00m
Rodrigo Ely,23/24,02/08/2023,UD Almería,Grêmio,€3.00m,€1.50m
Rodrigo Ely,17/18,01/08/2017,AC Milan,Alavés,€2.00m,€2.80m
Darko Brašanac,23/24,01/02/2024,CA Osasuna,CD Leganés,€1.50m,€200k
Darko Brašanac,19/20,22/07/2019,Real Betis,CA Osasuna,€2.00m,€1.00m
Darko Brašanac,16/17,24/08/2016,Partizan,Real Betis,€2.50m,€1.50m
José Mari,13/14,25/04/2013,Danubio FC,Atlético,€100k,€995k
Nehuén Paz,17/18,30/01/2018,Newell's,Bologna,€1.40m,€1.00m
Aridane Hernández,17/18,17/07/2017,Cádiz CF,CA Osasuna,€600k,€2.00m
Elif Elmas,23/24,01/01/2024,Napoli,Leipzig,€24.00m,€24.00m
Elif Elmas,19/20,24/07/2019,Fenerbahçe,Napoli,€10.00m,€17.70m
Elif Elmas,17/18,28/07/2017,Rabotnicki,Fenerbahçe,€500k,€180k
Yoane Wissa,25/26,01/09/2025,Brentford,Newcastle,€32.00m,€57.70m
Yoane Wissa,21/22,10/08/2021,FC Lorient,Brentford,€10.00m,€10.00m
Yoane Wissa,17/18,22/01/2018,Angers SCO,FC Lorient,€300k,€2.00m
Charalambos Lykogiannis,N/A,N/A,N/A,N/A,N/A,N/A
Filip Helander,19/20,13/07/2019,Bologna,Rangers,€2.00m,€3.35m
Filip Helander,17/18,01/07/2017,Hellas Verona,Bologna,€1.50m,€2.00m
Filip Helander,15/16,22/07/2015,Malmö,Hellas Verona,€1.50m,€1.00m
Sebastien De Maio,19/20,01/07/2019,Bologna,Udinese,€1.00m,€1.50m
Sebastien De Maio,17/18,01/07/2017,RSC Anderlecht,Bologna,€1.50m,€2.00m
Sebastien De Maio,16/17,06/07/2016,Genoa,RSC Anderlecht,€3.00m,€3.30m
Chris Mepham,25/26,28/08/2025,Bournemouth,West Brom,€6.00m,€1.15m
Chris Mepham,18/19,22/01/2019,Brentford,Bournemouth,€8.00m,€13.60m
Danny Welbeck,14/15,01/09/2014,Man Utd,Arsenal,€17.00m,€20.00m
François Bellugou,18/19,01/07/2018,Troyes,AJ Auxerre,€1.50m,€200k
Juanmi,25/26,01/07/2025,Real Betis,Getafe,€2.00m,€1.20m
Juanmi,19/20,01/07/2019,Real Sociedad,Real Betis,€8.00m,€8.00m
Juanmi,16/17,01/07/2016,Southampton,Real Sociedad,€7.00m,€5.00m
Juanmi,15/16,01/07/2015,Málaga CF,Southampton,€7.00m,€7.00m
Troy Deeney,10/11,06/08/2010,Walsall,Watford,€300k,€725k
Theo Walcott,17/18,17/01/2018,Arsenal,Everton,€20.00m,€22.50m
Theo Walcott,05/06,20/01/2006,Southampton,Arsenal,€2.50m,€10.50m
Samuel Kalu,21/22,26/01/2022,G. Bordeaux,Watford,€5.50m,€3.00m
Samuel Kalu,18/19,06/08/2018,KAA Gent,G. Bordeaux,€5.00m,€8.50m
Samuel Kalu,16/17,04/01/2017,AS Trencin,KAA Gent,€200k,€1.00m
Mattias Svanberg,22/23,16/07/2022,Bologna,Wolfsburg,€15.00m,€9.50m
Mattias Svanberg,18/19,05/07/2018,Malmö,Bologna,€750k,€4.50m
Lewis Holtby,15/16,01/07/2015,Tottenham,Hamburg,€4.00m,€6.50m
Lewis Holtby,12/13,28/01/2013,FC Schalke 04,Tottenham,€11.00m,€1.75m
Lewis Holtby,09/10,07/07/2009,Alem. Aachen,FC Schalke 04,€3.00m,€3.00m
Gerzino Nyamsi,23/24,01/02/2024,R. Strasbourg,Loko Moscow,€5.00m,€3.50m
Gerzino Nyamsi,21/22,30/08/2021,Stade Rennais,R. Strasbourg,€3.50m,€1.50m
Miloš Pantović,25/26,31/08/2025,FK TSC,Panathinaikos,€3.50m,€1.50m
Miloš Pantović,23/24,01/07/2023,Vozdovac,FK TSC,€2.20m,€300k
Florent Hadergjonaj,18/19,01/07/2018,FC Ingolstadt,Huddersfield,€5.00m,€5.00m
Florent Hadergjonaj,16/17,08/08/2016,Young Boys,FC Ingolstadt,€3.00m,€2.00m
Kiko Olivas,N/A,N/A,N/A,N/A,N/A,N/A
Eberechi Eze,25/26,23/08/2025,Crystal Palace,Arsenal,€55.00m,€69.30m
Eberechi Eze,20/21,28/08/2020,QPR,Crystal Palace,€9.00m,€17.80m
Ki Sung-yueng,N/A,N/A,N/A,N/A,N/A,N/A
Ashley Williams,16/17,10/08/2016,Swansea,Everton,€8.00m,€14.00m
Ashley Williams,08/09,01/07/2008,Stockport,Swansea,€600k,€500k
Ashley Williams,03/04,10/12/2003,Hednesford,Stockport,-,€40k
Eldor Shomurodov,26/27,01/07/2026,Roma,Basaksehir,€7.00m,€2.80m
Eldor Shomurodov,21/22,02/08/2021,Genoa,Roma,€7.00m,€19.78m
Eldor Shomurodov,20/21,01/10/2020,Rostov,Genoa,€6.50m,€9.50m
Eldor Shomurodov,17/18,15/07/2017,Bunyodkor,Rostov,€750k,€300k
Robert Gumny,20/21,02/09/2020,Lech Poznan,Augsburg,€3.50m,€2.00m
Chris Philipps,17/18,02/02/2018,FC Metz,Legia Warszawa,€1.25m,€250k
Mexer,N/A,N/A,N/A,N/A,N/A,N/A
Iñigo Córdoba,N/A,N/A,N/A,N/A,N/A,N/A
Leo Štulac,23/24,01/07/2023,FC Empoli,Palermo,€1.00m,€1.00m
Leo Štulac,19/20,26/07/2019,Parma,FC Empoli,€2.30m,€2.50m
Leo Štulac,18/19,01/07/2018,Venezia,Parma,€1.40m,€1.55m
Leo Štulac,16/17,15/07/2016,FC Koper,Venezia,€300k,€50k
André Carrillo,19/20,23/07/2019,Benfica,Al-Hilal,€7.00m,€9.50m
André Carrillo,11/12,01/07/2011,Alianza Lima,Sporting,€400k,€1.00m
Fabian Frei,17/18,01/01/2018,Mainz,Basel,€2.25m,€1.50m
Fabian Frei,15/16,01/07/2015,Basel,Mainz,€5.00m,€3.60m
Maximilian Bauer,N/A,N/A,N/A,N/A,N/A,N/A
Ben Gibson,21/22,01/07/2021,Burnley,Norwich,€7.00m,€9.30m
Ben Gibson,18/19,05/08/2018,Middlesbrough,Burnley,€10.00m,€16.90m
Adrien Truffert,25/26,01/07/2025,Stade Rennais,Bournemouth,€15.00m,€13.50m
Sergiño Dest,20/21,01/10/2020,Ajax,Barcelona,€18.00m,€21.00m
Rober Correa,N/A,N/A,N/A,N/A,N/A,N/A
Demarai Gray,23/24,07/09/2023,Everton,Al-Ettifaq,€20.00m,€9.30m
Demarai Gray,21/22,22/07/2021,Leverkusen,Everton,€8.00m,€2.00m
Demarai Gray,20/21,31/01/2021,Leicester,Leverkusen,€12.00m,€2.00m
Demarai Gray,15/16,04/01/2016,Birmingham,Leicester,€4.00m,€5.10m
Yoann Court,N/A,N/A,N/A,N/A,N/A,N/A
Joselu,24/25,02/07/2024,Real Madrid,Al-Gharafa,€5.00m,€1.50m
Joselu,24/25,01/07/2024,Espanyol,Real Madrid,€5.00m,€1.50m
Joselu,19/20,15/07/2019,Newcastle,Alavés,€4.00m,€2.24m
Joselu,17/18,16/08/2017,Stoke City,Newcastle,€3.50m,€5.50m
Joselu,15/16,01/07/2015,Hannover 96,Stoke City,€6.00m,€8.00m
Joselu,14/15,01/07/2014,Hoffenheim,Hannover 96,€3.00m,€5.00m
Joselu,12/13,08/08/2012,RM Castilla,Hoffenheim,-,€6.00m
Joselu,09/10,30/08/2009,Celta de Vigo,RM Castilla,€800k,€1.50m
Héctor Moreno,17/18,31/01/2018,Roma,Real Sociedad,€5.00m,€6.00m
Héctor Moreno,17/18,01/07/2017,PSV,Roma,€8.00m,€5.70m
Héctor Moreno,15/16,15/08/2015,Espanyol,PSV,€6.50m,€3.50m
Héctor Moreno,11/12,01/07/2011,AZ Alkmaar,Espanyol,€4.50m,€2.50m
Héctor Moreno,07/08,01/01/2008,UNAM Pumas,AZ Alkmaar,€2.00m,€4.00m
Ronny Rodelin,16/17,26/07/2016,Lille,SM Caen,€2.50m,€1.00m
Ronny Rodelin,11/12,01/07/2011,FC Nantes,Lille,€1.50m,€1.50m
Ignacio Pussetto,24/25,19/07/2024,Huracán,UNAM Pumas,€2.70m,€1.38m
Ignacio Pussetto,19/20,14/01/2020,Udinese,Watford,€8.00m,€8.50m
Ignacio Pussetto,18/19,17/07/2018,Huracán,Udinese,€7.00m,€8.00m
Ignacio Pussetto,16/17,18/07/2016,Atl. Rafaela,Huracán,€750k,€1.25m
Khouma Babacar,18/19,01/07/2018,Fiorentina,Sassuolo,€8.00m,€7.00m
Nuno Mendes,22/23,01/07/2022,Sporting,PSG,€40.00m,€38.00m
Gabriel Gudmundsson,25/26,08/07/2025,Lille,Leeds,€7.00m,€11.60m
Gabriel Gudmundsson,21/22,31/08/2021,FC Groningen,Lille,€1.80m,€6.00m
Sergio García,15/16,01/07/2015,Espanyol,Al-Rayyan,€6.00m,€1.50m
Sergio García,10/11,01/08/2010,Real Betis,Espanyol,€7.00m,€1.80m
Sergio García,08/09,01/09/2008,Real Zaragoza,Real Betis,€7.00m,€10.00m
Sergio García,05/06,01/07/2005,Barcelona,Real Zaragoza,€2.50m,€1.50m
Jaime Seoane,23/24,04/08/2023,Getafe,Pachuca,€2.50m,€2.50m
Alex Ferrari,19/20,01/07/2019,Bologna,Sampdoria,€1.50m,€3.60m
Lorenzo Venuti,N/A,N/A,N/A,N/A,N/A,N/A
Enes Ünal,24/25,01/07/2024,Getafe,Bournemouth,€18.00m,€16.50m
Enes Ünal,20/21,12/08/2020,Villarreal,Getafe,€8.00m,€9.00m
Enes Ünal,17/18,01/07/2017,Man City,Villarreal,€10.00m,€14.00m
Enes Ünal,15/16,06/07/2015,Bursaspor,Man City,€3.20m,€4.40m
Luca Waldschmidt,21/22,22/08/2021,Benfica,Wolfsburg,€15.00m,€12.00m
Luca Waldschmidt,20/21,14/08/2020,Freiburg,Benfica,€16.00m,€15.00m
Luca Waldschmidt,18/19,01/07/2018,Hamburg,Freiburg,€2.50m,€5.00m
Luca Waldschmidt,16/17,01/07/2016,Frankfurt,Hamburg,€1.00m,€1.30m
Pablo Insua,20/21,01/08/2020,FC Schalke 04,SD Huesca,€950k,€1.00m
Pablo Insua,17/18,01/07/2017,Dep. La Coruña,FC Schalke 04,€3.00m,€3.50m
Mouctar Diakhaby,18/19,01/07/2018,Lyon,Valencia,€10.00m,€15.00m
Fede San Emeterio,18/19,15/08/2018,Sevilla Atl.,Real Valladolid,€1.00m,€500k
Fede San Emeterio,16/17,16/08/2016,Racing,Sevilla Atl.,€300k,€400k
Ridgeciano Haps,21/22,31/08/2021,Feyenoord,Venezia,€4.50m,€500k
Ridgeciano Haps,17/18,18/07/2017,AZ Alkmaar,Feyenoord,€5.00m,€6.00m
Kieran Tierney,19/20,08/08/2019,Celtic,Arsenal,€12.50m,€27.00m
Arkadiusz Reca,22/23,01/07/2022,Atalanta,Spezia Calcio,€3.00m,€3.90m
Arkadiusz Reca,18/19,01/07/2018,Wisla Plock,Atalanta,€250k,€3.70m
Diego Farias,15/16,01/07/2015,Chievo Verona,Cagliari,€1.80m,€1.20m
Andre Gray,17/18,09/08/2017,Burnley,Watford,€10.00m,€20.40m
Andre Gray,15/16,21/08/2015,Brentford,Burnley,€1.00m,€12.40m
Andre Gray,14/15,01/07/2014,Luton,Brentford,€25k,€620k
Andre Gray,12/13,01/07/2012,Hinckley United,Luton,€25k,€40k
Roland Sallai,24/25,13/09/2024,Freiburg,Galatasaray,€15.00m,€6.00m
Roland Sallai,18/19,31/08/2018,APOEL Nicosia,Freiburg,€2.00m,€4.50m
Roland Sallai,17/18,29/08/2017,Puskás AFC,APOEL Nicosia,€1.00m,€2.00m
Bryan Dabo,20/21,15/09/2020,Fiorentina,Benevento,€2.00m,€500k
Bryan Dabo,17/18,30/01/2018,Saint-Étienne,Fiorentina,€4.00m,€3.00m
Bryan Dabo,16/17,01/07/2016,Montpellier,Saint-Étienne,€2.50m,€4.00m
Sander Berge,24/25,22/08/2024,Burnley,Fulham,€20.00m,€23.55m
Sander Berge,23/24,09/08/2023,Sheff Utd,Burnley,€20.00m,€13.90m
Sander Berge,19/20,30/01/2020,Genk,Sheff Utd,€22.00m,€25.00m
Sander Berge,16/17,02/01/2017,Vålerenga,Genk,€800k,€2.00m
Christoph Zimmermann,14/15,01/07/2014,M'gladbach II,B. Dortmund II,€100k,€25k
Lee Kangin,N/A,N/A,N/A,N/A,N/A,N/A
Jorge Cuenca,24/25,03/08/2024,Villarreal,Fulham,€6.00m,€6.70m
Jorge Cuenca,20/21,21/09/2020,Barcelona B,Villarreal,€2.30m,€3.84m
Jorge Cuenca,17/18,18/07/2017,AD Alcorcón B,Barcelona B,-,€400k
Filippo Romagna,20/21,17/09/2020,Cagliari,Sassuolo,€4.50m,€4.00m
Filippo Romagna,17/18,28/07/2017,Juventus,Cagliari,€1.00m,€7.40m
Kévin Théophile-Catherine,15/16,01/07/2015,Cardiff,Saint-Étienne,€4.00m,€2.00m
Kévin Théophile-Catherine,13/14,31/08/2013,Stade Rennais,Cardiff,€5.00m,€2.50m
Mattia Aramu,23/24,01/07/2023,Venezia,Genoa,€2.20m,€2.50m
Cédric Bakambu,23/24,01/02/2024,Galatasaray,Real Betis,€2.80m,€5.00m
Cédric Bakambu,23/24,23/07/2023,Al-Nasr,Galatasaray,€5.00m,€700k
Cédric Bakambu,17/18,17/01/2018,Villarreal,BJ Guoan,€25.00m,€40.00m
Cédric Bakambu,15/16,19/08/2015,Bursaspor,Villarreal,€5.50m,€7.50m
Cédric Bakambu,14/15,01/09/2014,FC Sochaux,Bursaspor,€3.00m,€1.80m
Darren Fletcher,N/A,N/A,N/A,N/A,N/A,N/A
Jeremy Toljan,21/22,01/07/2021,Dortmund,Sassuolo,€5.00m,€3.50m
Jeremy Toljan,17/18,30/08/2017,Hoffenheim,Dortmund,€3.50m,€7.00m
Jeremy Toljan,11/12,01/07/2011,Stuttgart U17,Hoffenheim U19,-,€500k
Bacary Sagna,07/08,12/07/2007,AJ Auxerre,Arsenal,€6.00m,€9.00m
Mikel Balenziaga,13/14,01/07/2013,Real Valladolid,Athletic Club,€2.50m,€500k
Mikel Balenziaga,08/09,01/08/2008,Real Sociedad B,Bilbao Athletic,-,€1.00m
Martin Valjent,19/20,01/07/2019,Chievo Verona,RCD Mallorca,€1.50m,€1.50m
Martin Valjent,17/18,30/08/2017,Ternana U.,Chievo Verona,€1.20m,€500k
Joan Sastre Vanrell,22/23,01/07/2022,RCD Mallorca,PAOK,€1.80m,€400k
Miiko Albornoz,14/15,01/07/2014,Malmö,Hannover 96,€1.00m,€1.50m
Sergio León,11/12,28/07/2011,Atlético,Man City,€36.00m,€40.00m
Sergio León,06/07,01/07/2006,Independiente,Atlético,€5.00m,€23.00m
Kwon Chang-hoon,N/A,N/A,N/A,N/A,N/A,N/A
Tiago Djaló,25/26,27/08/2025,Juventus,Besiktas,€8.00m,€3.50m
Tiago Djaló,23/24,22/01/2024,Lille,Juventus,€15.00m,€5.10m
Tiago Djaló,19/20,01/08/2019,Milan U19,Lille,€175k,€4.00m
Tiago Djaló,18/19,30/01/2019,Sporting CP U23,Milan U19,€200k,€1.00m
Luca Rossettini,19/20,12/07/2019,Genoa,Lecce,€500k,€500k
Luca Rossettini,17/18,18/08/2017,Torino,Genoa,€2.50m,€2.00m
Luca Rossettini,16/17,16/08/2016,Bologna,Torino,€2.00m,€1.98m
Luca Rossettini,15/16,01/07/2015,Cagliari,Bologna,€2.00m,€2.50m
Luca Rossettini,12/13,01/07/2012,AC Siena,Cagliari,€1.00m,€1.50m
Rouwen Hennings,15/16,14/08/2015,Karlsruher SC,Burnley,€1.50m,€2.50m
Rouwen Hennings,12/13,01/07/2012,St. Pauli,Karlsruher SC,€500k,€50k
Rouwen Hennings,09/10,01/07/2009,Hamburg,St. Pauli,€500k,€200k
Justin Kluivert,23/24,01/07/2023,Roma,Bournemouth,€14.00m,€10.80m
Justin Kluivert,18/19,01/07/2018,Ajax,Roma,€15.00m,€17.25m
Iñigo Pérez,18/19,02/07/2018,CD Numancia,CA Osasuna,€800k,€750k
Martin Agirregabiria,N/A,N/A,N/A,N/A,N/A,N/A
Mohamed Lamine Bayo,22/23,13/07/2022,Clermont Foot,Lille,€12.00m,€14.00m
Yunus Mallı,16/17,05/01/2017,Mainz,Wolfsburg,€10.00m,€12.50m
Sebastian Andersson,20/21,15/09/2020,Union Berlin,1.FC Köln,€7.00m,€6.50m
Sebastian Andersson,17/18,31/08/2017,Norrköping,1.FC K'lautern,€700k,€650k
Miguel Layún,18/19,30/01/2019,Villarreal,Monterrey,€3.00m,€4.00m
Miguel Layún,18/19,11/07/2018,Porto,Villarreal,€5.00m,€4.00m
Miguel Layún,16/17,01/07/2016,Watford,Porto,€7.00m,€6.00m
Miguel Layún,09/10,01/07/2009,Tiburones Rojos,Atalanta,€625k,€900k
M'Bala Nzola,23/24,10/08/2023,Spezia Calcio,Fiorentina,€8.00m,€12.60m
M'Bala Nzola,19/20,01/07/2019,Carpi,Trapani,€375k,€350k
M'Bala Nzola,17/18,07/08/2017,V. Francavilla,Carpi,€350k,€400k
Winston Reid,10/11,05/08/2010,Midtjylland,West Ham,€1.50m,€4.20m
David Timor,18/19,31/08/2018,Girona,UD Las Palmas,€2.00m,€1.50m
Romain Del Castillo,21/22,31/08/2021,Stade Rennais,Stade Brestois,€4.50m,€1.50m
Romain Del Castillo,18/19,01/07/2018,Lyon,Stade Rennais,€1.50m,€2.00m
Senou Coulibaly,N/A,N/A,N/A,N/A,N/A,N/A
Joris Gnagnon,18/19,25/07/2018,Stade Rennais,Sevilla FC,€15.00m,€13.50m
Emil Krafth,19/20,08/08/2019,Amiens SC,Newcastle,€2.50m,€5.40m
Emil Krafth,19/20,01/07/2019,Bologna,Amiens SC,€2.50m,€2.00m
Emil Krafth,15/16,21/08/2015,Helsingborgs IF,Bologna,€900k,€500k
Maxim Leitsch,22/23,01/07/2022,VfL Bochum,Mainz,€5.00m,€3.50m
Salvatore Molina,21/22,05/01/2022,Crotone,Monza,€1.00m,€450k
Florian Miguel,N/A,N/A,N/A,N/A,N/A,N/A
Esteban Rolón,21/22,01/07/2021,Huracán,Boca Juniors,€1.00m,€412k
Esteban Rolón,17/18,25/08/2017,Argentinos Jrs.,Málaga CF,€75k,€3.20m
Marcel Risse,13/14,01/07/2013,Mainz,1.FC Köln,€1.20m,€700k
Marcel Risse,11/12,01/07/2011,Leverkusen,Mainz,€1.75m,€800k
Rúben Semedo,22/23,01/08/2022,Olympiacos,Al-Duhail SC,€5.00m,€3.50m
Rúben Semedo,19/20,01/07/2019,Villarreal,Olympiacos,€2.00m,€4.50m
Rúben Semedo,17/18,01/07/2017,Sporting,Villarreal,€9.00m,€14.00m
Saidy Janko,23/24,01/07/2023,Real Valladolid,Young Boys,€1.00m,€500k
Saidy Janko,20/21,01/10/2020,Porto,Real Valladolid,€2.00m,€1.90m
Saidy Janko,18/19,01/07/2018,Saint-Étienne,Porto,€3.00m,€2.20m
Saidy Janko,15/16,01/07/2015,Man Utd U21,Celtic,€250k,€280k
Saidy Janko,13/14,02/09/2013,FC Zürich U18,Man Utd U21,-,€830k
Abdelhamid Sabiri,22/23,30/01/2023,Sampdoria,Fiorentina,€4.00m,€2.50m
Abdelhamid Sabiri,22/23,01/07/2022,Ascoli,Sampdoria,€3.00m,€1.00m
Abdelhamid Sabiri,17/18,23/08/2017,1.FC Nuremberg,Huddersfield,€400k,€1.50m
Marius Wolf,18/19,02/07/2018,Frankfurt,Dortmund,€10.00m,€5.00m
Marius Wolf,18/19,01/07/2018,Hannover 96,Frankfurt,€10.00m,€500k
Marius Wolf,15/16,08/01/2016,1860 Munich,Hannover 96,€800k,€1.50m
Paul Dummett,N/A,N/A,N/A,N/A,N/A,N/A
Adrián López,14/15,12/07/2014,Atlético,Porto,€8.00m,€11.00m
Adrián López,06/07,01/07/2006,Real Oviedo,Dep. La Coruña,-,€330k
Lukas Mühl,N/A,N/A,N/A,N/A,N/A,N/A
Jeffrey Bruma,16/17,01/07/2016,PSV,Wolfsburg,€7.75m,€11.50m
Jeffrey Bruma,13/14,13/07/2013,Chelsea,PSV,€2.25m,€3.50m
Jeffrey Bruma,07/08,01/07/2007,Feyenoord Youth,Chelsea U18,-,€120k
Kévin Monnet-Paquet,11/12,01/07/2011,Lens,FC Lorient,€2.50m,€3.00m
Diego González,25/26,04/01/2026,Lazio,Atlas,€4.00m,€1.20m
Diego González,23/24,01/07/2023,Celaya,Lazio,€750k,€1.28m
Pedrosa,N/A,N/A,N/A,N/A,N/A,N/A
Kieran Gibbs,17/18,30/08/2017,Arsenal,West Brom,€10.00m,€7.50m
Andrea Beghetto,21/22,01/07/2021,Frosinone,Pisa,€1.00m,€500k
Andrea Beghetto,18/19,01/07/2018,Genoa,Frosinone,€900k,€1.50m
Andrea Beghetto,16/17,05/01/2017,SPAL,Genoa,€600k,€350k
Jonas Wind,21/22,31/01/2022,Copenhagen,Wolfsburg,€7.00m,€12.00m
Darío Benedetto,21/22,21/01/2022,Marseille,Boca Juniors,€3.50m,€3.00m
Darío Benedetto,19/20,05/08/2019,Boca Juniors,Marseille,€15.00m,€14.00m
Darío Benedetto,16/17,01/07/2016,América,Boca Juniors,€2.80m,€4.40m
Darío Benedetto,14/15,01/01/2015,Club Tijuana,América,€1.80m,€6.60m
Darío Benedetto,13/14,01/07/2013,Arsenal Sarandí,Club Tijuana,€500k,€1.50m
Federico Peluso,14/15,03/07/2014,Juventus,Sassuolo,€3.80m,€4.50m
Federico Peluso,13/14,01/07/2013,Atalanta,Juventus,€5.00m,€4.80m
Federico Peluso,08/09,01/01/2009,UC AlbinoLeffe,Atalanta,€1.50m,€1.00m
Ben Osborn,19/20,26/07/2019,Nott'm Forest,Sheff Utd,€3.00m,€3.90m
Karim Azamoum,N/A,N/A,N/A,N/A,N/A,N/A
Jorge Pulido,13/14,16/07/2013,Atlético,RM Castilla,€1.00m,€600k
Ignacio Camacho,17/18,08/07/2017,Málaga CF,Wolfsburg,€10.00m,€14.00m
Ignacio Camacho,10/11,01/01/2011,Atlético,Málaga CF,€1.50m,€1.50m
Dejan Ljubicic,25/26,27/01/2026,Dinamo Zagreb,FC Schalke 04,€3.00m,€750k
Salomon Kalou,14/15,31/08/2014,Lille,Hertha BSC,€8.00m,€1.80m
Salomon Kalou,06/07,01/07/2006,Feyenoord,Chelsea,€8.50m,€4.00m
Jeremie Boga,23/24,25/07/2023,Atalanta,Nice,€14.00m,€17.50m
Jeremie Boga,22/23,01/07/2022,Sassuolo,Atalanta,€19.00m,€22.00m
Jeremie Boga,18/19,21/07/2018,Chelsea U23,Sassuolo,€2.50m,€10.00m
Alessandro Tuia,11/12,01/07/2011,Lazio,Foligno,€100k,€200k
Raman Chibsah,19/20,08/08/2019,Frosinone,Gaziantep FK,€1.50m,€500k
Raman Chibsah,18/19,01/07/2018,Benevento,Frosinone,€1.50m,€1.00m
Raman Chibsah,17/18,01/07/2017,Sassuolo,Benevento,€2.00m,€1.00m
Raman Chibsah,13/14,22/08/2013,Parma,Sassuolo,€1.50m,€5.00m
Raman Chibsah,12/13,17/08/2012,Juventus U19,Parma,€150k,€1.75m
Davide Biraschi,16/17,31/08/2016,Avellino,Genoa,€400k,€1.60m
Eric Bailly,16/17,01/07/2016,Villarreal,Man Utd,€8.00m,€38.00m
Eric Bailly,14/15,29/01/2015,Espanyol,Villarreal,€1.00m,€5.70m
Oliver Sorg,15/16,01/07/2015,Freiburg,Hannover 96,€3.50m,€3.50m
Javier Hernández,19/20,21/01/2020,Sevilla FC,LA Galaxy,€9.00m,€8.50m
Javier Hernández,19/20,02/09/2019,West Ham,Sevilla FC,€12.00m,€7.75m
Javier Hernández,17/18,24/07/2017,Leverkusen,West Ham,€18.00m,€17.80m
Javier Hernández,15/16,31/08/2015,Man Utd,Leverkusen,€10.00m,€12.00m
Javier Hernández,10/11,01/07/2010,Chivas,Man Utd,€6.00m,€7.50m
Valère Germain,17/18,01/07/2017,Monaco,Marseille,€10.00m,€8.00m
Álvaro García,18/19,23/08/2018,Cádiz CF,Rayo Vallecano,€5.00m,€4.50m
Rémi Walter,15/16,16/01/2016,AS Nancy,Nice,€2.00m,€1.00m
Dylan Bronn,22/23,12/08/2022,FC Metz,Salernitana,€4.00m,€1.56m
Dylan Bronn,19/20,03/01/2020,KAA Gent,FC Metz,€5.00m,€4.00m
Dylan Bronn,17/18,31/07/2017,Chamois Niort,KAA Gent,€800k,€1.00m
Mathias Normann,23/24,20/08/2023,Rostov,Al-Raed,€6.00m,€3.00m
Mathias Normann,18/19,28/01/2019,Brighton,Rostov,€400k,€1.70m
Mathias Normann,17/18,20/07/2017,Bodø/Glimt,Brighton,€400k,€1.40m
Vladimir Golemić,18/19,07/08/2018,FC Lugano,Crotone,€1.00m,€760k
Vladimir Golemić,16/17,01/07/2016,FC Chiasso,FC Lugano,€400k,€150k
Vladimir Golemić,15/16,08/02/2016,Mladost,FC Chiasso,€400k,€100k
Vladimir Golemić,10/11,01/07/2010,Sampion Celje,E. Cottbus II,-,€25k
Georges Mandjeck,17/18,18/07/2017,FC Metz,Sparta Prague,€1.25m,€1.30m
Georges Mandjeck,13/14,01/07/2013,AJ Auxerre,K. Erciyesspor,€1.50m,€1.00m
Georges Mandjeck,11/12,31/01/2012,Stade Rennais,AJ Auxerre,€2.00m,€1.00m
Georges Mandjeck,10/11,01/07/2010,Stuttgart,Stade Rennais,€2.00m,€1.20m
Georges Mandjeck,07/08,01/07/2007,Kadji SA,Stuttgart,-,€200k
Kasper Dolberg,25/26,02/09/2025,RSC Anderlecht,Ajax,€13.00m,€10.00m
Kasper Dolberg,23/24,07/07/2023,Nice,RSC Anderlecht,€7.00m,€5.00m
Kasper Dolberg,19/20,29/08/2019,Ajax,Nice,€18.00m,€20.50m
Kasper Dolberg,15/16,01/07/2015,Silkeborg U19,Ajax U19,-,€270k
Chory Castro,07/08,07/08/2007,Nacional,RCD Mallorca,€2.50m,€2.50m
Saidou Sow,23/24,09/08/2023,Saint-Étienne,R. Strasbourg,€3.50m,€3.00m
Odilon Kossonou,N/A,N/A,N/A,N/A,N/A,N/A
Kai Pröger,18/19,14/01/2019,RW Essen,SC Paderborn,€175k,€50k
Víctor Camarasa,17/18,01/07/2017,Levante,Real Betis,€5.00m,€7.00m
Kader Mangane,12/13,18/07/2012,Stade Rennais,Al-Hilal,€5.50m,€3.00m
Kader Mangane,08/09,10/08/2008,Lens,Stade Rennais,€2.00m,€2.00m
Kader Mangane,07/08,28/08/2007,Young Boys,Lens,€3.00m,€3.30m
Kader Mangane,07/08,01/07/2007,Neuchâtel Xamax,Young Boys,€900k,€200k
Simone Padoin,16/17,04/07/2016,Juventus,Cagliari,€1.50m,€590k
Simone Padoin,11/12,31/01/2012,Atalanta,Juventus,€3.70m,€5.00m
Simone Padoin,07/08,01/07/2007,Vicenza,Atalanta,-,€3.45m
James Lea Siliki,N/A,N/A,N/A,N/A,N/A,N/A
Joe Scally,20/21,01/01/2021,New York City,Mönchengladbach,€2.00m,€1.80m
Chris Führich,21/22,19/07/2021,SC Paderborn,Stuttgart,€2.50m,€2.50m
Chris Führich,21/22,01/07/2021,B. Dortmund II,SC Paderborn,€2.50m,€700k
Jhon Chancellor,19/20,21/07/2019,Al-Ahli SC,Brescia,€700k,€1.60m
Jacob Murphy,17/18,19/07/2017,Norwich,Newcastle,€1.00m,€11.30m
Joshua Brenet,18/19,01/07/2018,PSV,Hoffenheim,€5.00m,€3.50m
Marco Benassi,17/18,09/08/2017,Torino,Fiorentina,€9.50m,€12.00m
Marco Benassi,14/15,01/07/2014,Inter,Torino,€4.00m,€4.80m
Marco Benassi,11/12,01/07/2011,Modena U19,Inter U19,-,€1.25m
Trézéguet,00/01,01/07/2000,Monaco,Juventus,-,€23.24m
Sofian Kiyine,22/23,02/09/2022,Lazio,OH Leuven,€2.10m,€1.70m
Sofian Kiyine,19/20,16/07/2019,Chievo Verona,Lazio,€1.50m,€1.00m
Dimitris Nikolaou,24/25,14/07/2024,Spezia Calcio,Palermo,€2.00m,€1.60m
Dimitris Nikolaou,21/22,09/08/2021,FC Empoli,Spezia Calcio,€2.30m,€3.50m
Dimitris Nikolaou,19/20,01/07/2019,Olympiacos,FC Empoli,€2.50m,€4.00m
Prince-Désir Gouano,17/18,01/07/2017,Atalanta,Amiens SC,€1.25m,€130k
Prince-Désir Gouano,13/14,01/09/2013,Juventus,Atalanta,€200k,€1.45m
Prince-Désir Gouano,11/12,20/08/2011,Le Havre B,Juventus U19,€100k,€1.50m
Valentín Vada,19/20,23/08/2019,G. Bordeaux,UD Almería,€4.00m,€750k
Geoff Cameron,12/13,08/08/2012,Houston,Stoke City,€1.50m,€2.15m
Lukas Rupp,19/20,13/01/2020,Hoffenheim,Norwich,€3.00m,€500k
Lukas Rupp,16/17,01/07/2016,Stuttgart,Hoffenheim,€4.00m,€5.00m
Lukas Rupp,11/12,01/07/2011,Karlsruher SC,Mönchengladbach,€750k,€600k
Javi Fuego,17/18,30/01/2018,Espanyol,Villarreal,€1.00m,€1.50m
Javi Fuego,16/17,13/08/2016,Valencia,Espanyol,€4.00m,€1.00m
Javi Fuego,08/09,01/07/2008,Levante,Recr. Huelva,€800k,€140k
Javi Fuego,07/08,01/07/2007,Sporting Gijón,Levante,-,€550k
Jeremy Ngakia,N/A,N/A,N/A,N/A,N/A,N/A
Stian Rode Gregersen,23/24,31/01/2024,G. Bordeaux,Atlanta,€1.80m,€2.00m
Stian Rode Gregersen,21/22,31/08/2021,Molde FK,G. Bordeaux,€1.00m,€2.00m
Pedro León,13/14,11/07/2013,Real Madrid,Getafe,€3.00m,€6.00m
Pedro León,10/11,12/07/2010,Getafe,Real Madrid,€8.00m,€10.00m
Pedro León,09/10,25/08/2009,Real Valladolid,Getafe,€6.00m,€4.00m
Pedro León,08/09,01/09/2008,Levante,Real Valladolid,€3.60m,€300k
Pedro León,07/08,14/07/2007,Real Murcia,Levante,-,€2.20m
Keagan Dolly,16/17,27/01/2017,Sundowns,Montpellier,€800k,€1.70m
Keagan Dolly,14/15,01/07/2014,Ajax Cape Town,Sundowns,€225k,€598k
Ryan Bertrand,14/15,02/02/2015,Chelsea,Southampton,€6.00m,€13.30m
Ryan Bertrand,05/06,01/07/2005,Gillingham U18,Chelsea U18,-,€180k
Portu,23/24,01/09/2023,Getafe,Girona,€3.50m,€1.50m
Portu,23/24,01/07/2023,Real Sociedad,Getafe,€3.50m,€3.50m
Portu,19/20,01/07/2019,Girona,Real Sociedad,€10.00m,€10.00m
Vicente Gómez,18/19,17/08/2018,UD Las Palmas,Dep. La Coruña,€2.50m,€600k
Nathaniel Mendez-Laing,12/13,06/07/2012,Wolves U21,Peterborough,€150k,€315k
Patson Daka,21/22,01/07/2021,Salzburg,Leicester,€22.00m,€30.00m
Patson Daka,17/18,01/07/2017,Kafue Celtic FC,Salzburg,€250k,€250k
Yuya Osako,21/22,08/08/2021,Werder Bremen,Vissel Kobe,€1.00m,€800k
Yuya Osako,18/19,01/07/2018,1.FC Köln,Werder Bremen,€4.50m,€4.50m
Yuya Osako,14/15,01/07/2014,1860 Munich,1.FC Köln,€2.00m,€1.60m
Yuya Osako,13/14,06/01/2014,Kashima Antlers,1860 Munich,€1.25m,€500k
Remi Oudin,23/24,28/08/2023,G. Bordeaux,Lecce,€4.00m,€1.00m
Remi Oudin,19/20,09/01/2020,Stade Reims,G. Bordeaux,€11.00m,€10.00m
Marcus Coco,19/20,16/07/2019,Guingamp,FC Nantes,€3.00m,€3.00m
Dimitri Foulquier,21/22,30/08/2021,Granada CF,Valencia,€3.50m,€2.50m
Dimitri Foulquier,20/21,04/08/2020,Watford,Granada CF,€2.00m,€2.00m
Dimitri Foulquier,17/18,25/08/2017,Granada CF,Watford,€2.00m,€2.00m
Dimitri Foulquier,14/15,01/07/2014,Stade Rennais,Granada CF,€1.50m,€2.50m
Arnaut Danjuma,21/22,19/08/2021,Bournemouth,Villarreal,€15.00m,€23.50m
Arnaut Danjuma,19/20,01/08/2019,Club Brugge,Bournemouth,€12.00m,€16.46m
Arnaut Danjuma,18/19,01/07/2018,NEC Nijmegen,Club Brugge,€1.50m,€2.80m
Josema,13/14,25/04/2013,Danubio FC,Atlético,€100k,€995k
Stefan Mitrović,23/24,01/02/2024,Red Star,Hellas Verona,€3.00m,€1.30m
Stefan Mitrović,22/23,19/07/2022,Radnicki Nis,Red Star,€800k,€500k
Jakub Moder,24/25,20/01/2025,Brighton,Feyenoord,€10.00m,€1.50m
Jakub Moder,20/21,04/10/2020,Lech Poznan,Brighton,€3.00m,€11.00m
Victor Moses,21/22,01/07/2021,Chelsea,Spartak Moscow,€6.50m,€5.00m
Victor Moses,12/13,24/08/2012,Wigan,Chelsea,€6.50m,€11.50m
Victor Moses,09/10,31/01/2010,Crystal Palace,Wigan,€1.25m,€3.00m
Martín Cáceres,17/18,08/01/2018,Hellas Verona,Lazio,€3.00m,€600k
Martín Cáceres,12/13,01/07/2012,Sevilla FC,Juventus,€9.50m,€8.00m
Martín Cáceres,11/12,01/07/2011,Barcelona,Sevilla FC,€7.00m,€3.00m
Martín Cáceres,08/09,01/07/2008,Villarreal,Barcelona,€6.00m,€16.50m
Martín Cáceres,07/08,01/07/2007,Defensor SC,Villarreal,-,€900k
Nicolás Spolli,19/20,01/07/2019,Genoa,Crotone,€250k,€400k
Nicolás Spolli,09/10,01/07/2009,Newell's,Catania,€1.40m,€1.00m
Cala,N/A,N/A,N/A,N/A,N/A,N/A
Sergio Mora,N/A,N/A,N/A,N/A,N/A,N/A
Yvann Macon,19/20,31/01/2020,USL Dunkerque,Saint-Étienne,€50k,€450k
Márton Dárdai,N/A,N/A,N/A,N/A,N/A,N/A
Daniel Ginczek,18/19,01/07/2018,Stuttgart,Wolfsburg,€3.50m,€10.00m
Daniel Ginczek,14/15,01/07/2014,1.FC Nuremberg,Stuttgart,€2.50m,€2.50m
Daniel Ginczek,13/14,01/07/2013,Dortmund,1.FC Nuremberg,€2.00m,€1.50m
Andreu Fontàs,13/14,01/07/2013,Barcelona,Celta de Vigo,€1.50m,€1.00m
Ismaël Diomandé,16/17,01/07/2016,Saint-Étienne,SM Caen,€2.00m,€750k
Ramadan Sobhi,20/21,07/09/2020,Huddersfield,Pyramids FC,€3.20m,€5.00m
Ramadan Sobhi,18/19,01/07/2018,Stoke City,Huddersfield,€7.00m,€6.50m
Ramadan Sobhi,16/17,25/07/2016,Al Ahly,Stoke City,€1.50m,€5.00m
Nenad Tomović,18/19,01/07/2018,Fiorentina,Chievo Verona,€1.50m,€1.30m
Nenad Tomović,12/13,31/08/2012,Genoa,Fiorentina,€1.30m,€4.20m
Nenad Tomović,09/10,01/07/2009,Red Star,Genoa,€1.75m,€2.20m
Nenad Tomović,05/06,03/01/2006,Rad,Red Star,-,€55k
Jens Jønsson,16/17,26/08/2016,Aarhus GF,Konyaspor,€500k,€335k
Håvard Nordtveit,17/18,01/07/2017,West Ham,Hoffenheim,€5.00m,€8.00m
Moanes Dabbur,23/24,12/07/2023,Hoffenheim,Shabab Al-Ahli,€3.00m,€1.50m
Moanes Dabbur,19/20,07/01/2020,Sevilla FC,Hoffenheim,€10.00m,€12.00m
Moanes Dabbur,19/20,01/07/2019,Salzburg,Sevilla FC,€15.00m,€17.00m
Moanes Dabbur,16/17,01/07/2016,Grasshoppers,Salzburg,€7.00m,€5.00m
Moanes Dabbur,13/14,06/02/2014,M. Tel Aviv,Grasshoppers,€350k,€400k
Mattia Zaccagni,22/23,01/07/2022,Hellas Verona,Lazio,€18.00m,€7.10m
Mattia Zaccagni,13/14,07/01/2014,Bellaria IM,Verona U19,€75k,€10k
Gareth Barry,17/18,15/08/2017,Everton,West Brom,€1.50m,€1.10m
Gareth Barry,09/10,01/07/2009,Aston Villa,Man City,€18.50m,€13.90m
Aleksandar Mitrović,23/24,19/08/2023,Fulham,Al-Hilal,€28.00m,€52.60m
Aleksandar Mitrović,18/19,30/07/2018,Newcastle,Fulham,€15.00m,€24.70m
Aleksandar Mitrović,15/16,21/07/2015,RSC Anderlecht,Newcastle,€11.00m,€18.50m
Aleksandar Mitrović,13/14,30/08/2013,Partizan,RSC Anderlecht,€3.00m,€5.00m
Lorenzo De Silvestri,16/17,18/08/2016,Sampdoria,Torino,€5.00m,€3.50m
Lorenzo De Silvestri,14/15,01/07/2014,Fiorentina,Sampdoria,€4.00m,€2.35m
Lorenzo De Silvestri,09/10,26/08/2009,Lazio,Fiorentina,€3.20m,€5.50m
Gabriel Mercado,16/17,01/08/2016,River Plate,Sevilla FC,€4.50m,€2.50m
Gabriel Mercado,12/13,16/07/2012,Estudiantes LP,River Plate,€2.20m,€695k
Gabriel Mercado,10/11,01/07/2010,Racing Club,Estudiantes LP,€1.30m,€640k
Silvan Hefti,25/26,29/01/2026,Hamburg,D.C. United,€700k,€150k
Silvan Hefti,24/25,04/08/2024,Genoa,Hamburg,€2.50m,€1.65m
Silvan Hefti,21/22,03/01/2022,Young Boys,Genoa,€3.50m,€5.00m
Silvan Hefti,20/21,01/09/2020,FC St. Gallen,Young Boys,€3.50m,€1.25m
Osman Bukari,25/26,26/01/2026,Austin,Widzew Lodz,€4.50m,€5.50m
Osman Bukari,24/25,18/07/2024,Red Star,Austin,€7.00m,€7.00m
Osman Bukari,22/23,01/07/2022,KAA Gent,Red Star,€3.00m,€3.00m
Osman Bukari,20/21,04/09/2020,AS Trencin,KAA Gent,€1.10m,€1.00m
Osman Bukari,18/19,09/07/2018,Accra Lions,AS Trencin,-,€60k
Loren Morón,N/A,N/A,N/A,N/A,N/A,N/A
Leon Balogun,N/A,N/A,N/A,N/A,N/A,N/A
Sebastian Prödl,08/09,01/07/2008,Sturm Graz,Werder Bremen,€2.50m,€2.50m
Kevin-Prince Boateng,19/20,31/07/2019,Sassuolo,Fiorentina,€7.00m,€1.50m
Kevin-Prince Boateng,13/14,30/08/2013,AC Milan,FC Schalke 04,€15.00m,€10.00m
Kevin-Prince Boateng,11/12,01/07/2011,Genoa,AC Milan,€15.00m,€10.50m
Kevin-Prince Boateng,10/11,14/08/2010,Portsmouth,Genoa,€6.00m,€5.70m
Kevin-Prince Boateng,09/10,28/08/2009,Tottenham,Portsmouth,€3.00m,€4.50m
Kevin-Prince Boateng,07/08,31/07/2007,Hertha BSC,Tottenham,€7.50m,€7.90m
Luiz Araújo,23/24,01/07/2023,Atlanta,Flamengo,€6.00m,€9.00m
Luiz Araújo,21/22,06/08/2021,Lille,Atlanta,€10.00m,€11.50m
Luiz Araújo,17/18,01/07/2017,São Paulo,Lille,€500k,€10.50m
Colin Dagba,N/A,N/A,N/A,N/A,N/A,N/A
Daniel Vivian,N/A,N/A,N/A,N/A,N/A,N/A
Raúl García,15/16,30/08/2015,Atlético,Athletic Club,€12.00m,€10.00m
Raúl García,07/08,01/07/2007,CA Osasuna,Atlético,€12.00m,€13.00m
Baissama Sankoh,17/18,03/07/2017,Guingamp,SM Caen,€800k,€500k
Borja Fernández,N/A,N/A,N/A,N/A,N/A,N/A
Javier Manquillo,17/18,21/07/2017,Atlético,Newcastle,€4.00m,€5.00m
Donyell Malen,26/27,01/07/2026,Aston Villa,Roma,€35.00m,€25.00m
Donyell Malen,24/25,14/01/2025,Dortmund,Aston Villa,€28.00m,€25.00m
Donyell Malen,21/22,27/07/2021,PSV,Dortmund,€30.00m,€30.00m
Donyell Malen,17/18,31/08/2017,Arsenal U23,PSV U21,€200k,€600k
Jérémy Grimm,N/A,N/A,N/A,N/A,N/A,N/A
Lukas Nmecha,21/22,16/07/2021,Man City,Wolfsburg,€12.00m,€8.00m
Danny Williams,13/14,01/07/2013,Hoffenheim,Reading,€2.50m,€2.00m
Danny Williams,11/12,31/08/2011,Freiburg,Hoffenheim,€500k,€200k
Yaya Sanogo,N/A,N/A,N/A,N/A,N/A,N/A
Daniel Torres,25/26,26/01/2026,Palmeiras,Austin,€13.00m,€8.00m
Daniel Torres,24/25,03/01/2025,Orlando,Palmeiras,€14.00m,€13.10m
Daniel Torres,21/22,24/01/2022,Peñarol,Orlando,€6.00m,€9.70m
Vitolo,17/18,12/07/2017,Sevilla FC,Atlético,€25.00m,€35.60m
Vitolo,13/14,01/07/2013,UD Las Palmas,Sevilla FC,€3.00m,€3.20m
Gastón Pereiro,19/20,31/01/2020,PSV,Cagliari,€10.00m,€4.60m
Gastón Pereiro,15/16,15/07/2015,Nacional,PSV,€7.00m,€7.00m
Mickaël Cuisance,24/25,01/07/2024,Venezia,Hertha BSC,€1.80m,€300k
Mickaël Cuisance,21/22,03/01/2022,Bayern Munich,Venezia,€5.00m,€2.30m
Mickaël Cuisance,19/20,18/08/2019,Mönchengladbach,Bayern Munich,€5.00m,€8.00m
Mickaël Cuisance,17/18,01/07/2017,AS Nancy U19,Mönchengladbach,-,€250k
Andrea Cistana,N/A,N/A,N/A,N/A,N/A,N/A
Danilo Avelar,19/20,01/07/2019,Torino,Corinthians,€1.50m,€2.00m
Danilo Avelar,15/16,01/07/2015,Cagliari,Torino,€2.50m,€2.00m
Danilo Avelar,13/14,01/07/2013,Karpaty Lviv,Cagliari,€1.20m,€1.00m
Onel Hernández,17/18,25/01/2018,E. Braunschweig,Norwich,€800k,€3.10m
Joshua King,12/13,02/01/2013,Man Utd U21,Blackburn,-,€1.23m
Jeong Woo-yeong,N/A,N/A,N/A,N/A,N/A,N/A
Aleš Matějů,19/20,01/07/2019,Brighton,Brescia,€1.70m,€1.80m
Aleš Matějů,17/18,04/08/2017,Viktoria Plzeň,Brighton,€1.25m,€2.50m
Ajdin Hrustic,22/23,01/09/2022,Frankfurt,Hellas Verona,€3.00m,€500k
Ajdin Hrustic,20/21,28/09/2020,FC Groningen,Frankfurt,€650k,€1.00m
Jordan Ayew,24/25,23/08/2024,Crystal Palace,Leicester,€4.00m,€5.90m
Jordan Ayew,19/20,25/07/2019,Swansea,Crystal Palace,€8.00m,€2.80m
Jordan Ayew,16/17,31/01/2017,Aston Villa,Swansea,€7.50m,€5.80m
Jordan Ayew,15/16,27/07/2015,FC Lorient,Aston Villa,€6.00m,€12.00m
Jordan Ayew,14/15,28/07/2014,Marseille,FC Lorient,€3.00m,€4.00m
Alexis Claude-Maurice,19/20,29/08/2019,FC Lorient,Nice,€7.50m,€13.00m
Erik Durm,N/A,N/A,N/A,N/A,N/A,N/A
Sébastien Corchia,17/18,13/07/2017,Lille,Sevilla FC,€7.50m,€5.00m
Sébastien Corchia,14/15,01/07/2014,FC Sochaux,Lille,€4.00m,€1.80m
Sébastien Corchia,11/12,01/07/2011,Le Mans FC,FC Sochaux,€2.50m,€2.00m
Ben Johnson,N/A,N/A,N/A,N/A,N/A,N/A
Mateo Pavlović,12/13,01/01/2013,NK Zagreb,Werder Bremen,€650k,€1.28m
Fernando Navarro,08/09,01/07/2008,RCD Mallorca,Sevilla FC,€6.00m,€4.70m
Fernando Navarro,06/07,01/07/2006,Barcelona,RCD Mallorca,€2.50m,€6.00m
Mathias Pereira Lage,19/20,30/07/2019,Clermont Foot,Angers SCO,€1.50m,€1.50m
Ezequiel Schelotto,17/18,31/08/2017,Sporting,Brighton,€4.50m,€3.00m
Ezequiel Schelotto,12/13,31/01/2013,Atalanta,Inter,€6.50m,€5.30m
Ezequiel Schelotto,10/11,01/07/2010,Cesena,Atalanta,€3.00m,€2.75m
Neal Maupay,25/26,01/07/2025,Everton,Marseille,€8.00m,€4.00m
Neal Maupay,22/23,26/08/2022,Brighton,Everton,€18.00m,€11.80m
Neal Maupay,19/20,05/08/2019,Brentford,Brighton,€12.00m,€15.56m
Neal Maupay,17/18,14/07/2017,Saint-Étienne,Brentford,€2.00m,€2.00m
Neal Maupay,15/16,10/08/2015,Nice,Saint-Étienne,€2.00m,€600k
Anthony Limbombe,18/19,23/08/2018,Club Brugge,FC Nantes,€8.00m,€8.25m
Anthony Limbombe,16/17,23/07/2016,NEC Nijmegen,Club Brugge,€2.50m,€2.30m
Anthony Limbombe,14/15,30/08/2014,Genk,NEC Nijmegen,€800k,€100k
Marcel Sobottka,15/16,16/07/2015,FC Schalke 04,F. Düsseldorf,€250k,€200k
Moussa Konaté,20/21,20/10/2020,Amiens SC,Dijon,€4.00m,€2.40m
Moussa Konaté,17/18,13/08/2017,FC Sion,Amiens SC,€4.00m,€3.50m
Moussa Konaté,14/15,01/09/2014,Krasnodar,FC Sion,€1.80m,€350k
Moussa Konaté,12/13,23/08/2012,M. Tel Aviv,Krasnodar,€400k,€2.00m
Moussa Konaté,11/12,01/07/2011,Touré Kunda,M. Tel Aviv,-,€60k
Nemanja Radonjić,24/25,03/09/2024,Torino,Red Star,€2.80m,€200k
Nemanja Radonjić,23/24,01/07/2023,Marseille,Torino,€4.00m,€1.70m
Nemanja Radonjić,18/19,30/08/2018,Red Star,Marseille,€6.00m,€12.00m
Nemanja Radonjić,17/18,21/07/2017,Roma,Red Star,€300k,€3.00m
Nemanja Radonjić,15/16,01/07/2015,Empoli U19,Roma,€50k,€4.00m
Nuno da Costa,19/20,29/01/2020,R. Strasbourg,Nott'm Forest,€3.50m,€2.00m
Nuno da Costa,17/18,01/07/2017,Valenciennes FC,R. Strasbourg,€600k,€1.50m
Alex Pritchard,23/24,01/02/2024,Sunderland,Birmingham,€1.50m,€115k
Alex Pritchard,17/18,12/01/2018,Norwich,Huddersfield,€5.00m,€12.35m
Alex Pritchard,16/17,04/08/2016,Tottenham,Norwich,€3.00m,€9.40m
Randal Kolo Muani,23/24,01/09/2023,Frankfurt,PSG,€80.00m,€95.00m
Luca Rigoni,15/16,04/01/2016,US Palermo,Genoa,€4.00m,€500k
Luca Rigoni,14/15,25/07/2014,Chievo Verona,US Palermo,€4.50m,€1.40m
Luca Rigoni,07/08,01/01/2008,Vicenza,Chievo Verona,€500k,€2.00m
Luca Rigoni,06/07,30/06/2006,Reggina,Vicenza,€500k,€1.00m
Luca Rigoni,05/06,01/07/2005,Vicenza,Reggina,€500k,€1.60m
Iyenoma Udogie,N/A,N/A,N/A,N/A,N/A,N/A
Junior Dina Ebimbe,23/24,01/07/2023,PSG,Frankfurt,€10.00m,€6.50m
Kalidou Sidibé,23/24,21/08/2023,QRM,Guingamp,€1.00m,€700k
Omar Marmoush,24/25,23/01/2025,Frankfurt,Man City,€60.00m,€75.00m
Dennis Diekmeier,10/11,16/07/2010,1.FC Nuremberg,Hamburg,€3.50m,€2.20m
Dennis Diekmeier,08/09,09/01/2009,W. Bremen II,1.FC Nuremberg,€200k,€200k
Massimo Gobbi,06/07,03/07/2006,Treviso,Fiorentina,€2.20m,€3.80m
Massimo Gobbi,05/06,22/06/2006,Cagliari,Treviso,€2.20m,€2.00m
Massimo Gobbi,04/05,10/07/2004,Treviso,Cagliari,-,€700k
Vanderson,21/22,01/01/2022,Grêmio,Monaco,€8.50m,€11.00m
Levin Öztunalı,16/17,25/08/2016,Leverkusen,Mainz,€3.00m,€5.00m
Flavius Daniliuc,25/26,01/09/2025,Salernitana,Basel,€2.70m,€500k
Flavius Daniliuc,22/23,29/08/2022,Nice,Salernitana,€8.00m,€5.80m
Mitchell Dijks,N/A,N/A,N/A,N/A,N/A,N/A
Timothy Weah,26/27,01/07/2026,Juventus,Marseille,€20.00m,€14.40m
Timothy Weah,23/24,01/07/2023,Lille,Juventus,€14.00m,€12.50m
Timothy Weah,19/20,01/07/2019,PSG,Lille,€6.00m,€10.00m
Mehdi Zerkane,N/A,N/A,N/A,N/A,N/A,N/A
Genki Haraguchi,22/23,30/01/2023,Union Berlin,Stuttgart,€2.00m,€1.00m
Genki Haraguchi,18/19,01/07/2018,Hertha BSC,Hannover 96,€3.50m,€4.50m
Genki Haraguchi,14/15,01/07/2014,Urawa Reds,Hertha BSC,€1.50m,€500k
Samuel Grandsir,18/19,01/07/2018,Troyes,Monaco,€5.00m,€3.00m
Wayne Rooney,04/05,31/08/2004,Everton,Man Utd,-,€37.00m
Luca Paganini,N/A,N/A,N/A,N/A,N/A,N/A
Kevin Mirallas,12/13,19/08/2012,Olympiacos,Everton,€8.00m,€7.65m
Kevin Mirallas,11/12,01/07/2011,Saint-Étienne,Olympiacos,€4.50m,€2.50m
Kevin Mirallas,08/09,01/09/2008,Lille,Saint-Étienne,€3.00m,€3.50m
Lucas Höler,17/18,01/01/2018,SV Sandhausen,Freiburg,€900k,€2.00m
Kyle Bartley,18/19,16/07/2018,Swansea,West Brom,€3.50m,€4.50m
Kyle Bartley,12/13,17/08/2012,Arsenal U21,Swansea,€500k,€1.30m
Dawid Kownacki,19/20,01/01/2020,Sampdoria,F. Düsseldorf,€7.50m,€6.75m
Dawid Kownacki,17/18,11/07/2017,Lech Poznan,Sampdoria,€3.50m,€4.00m
Éderson,25/26,02/09/2025,Man City,Fenerbahçe,€20.00m,€11.00m
Éderson,17/18,01/07/2017,Benfica,Man City,€22.00m,€40.00m
Éderson,15/16,01/07/2015,Rio Ave,Benfica,€1.20m,€500k
Andrea Costa,17/18,12/07/2017,FC Empoli,Benevento,€1.00m,€1.50m
Andrea Costa,14/15,27/08/2014,Sampdoria,Parma,€1.40m,€2.00m
Andrea Costa,12/13,03/07/2012,Reggina,Sampdoria,€300k,€1.10m
Andrea Costa,08/09,01/07/2008,Bologna,Reggina,€600k,€2.75m
Rodrigo Battaglia,24/25,21/01/2025,Atlético-MG,Boca Juniors,€1.00m,€1.55m
Rodrigo Battaglia,22/23,01/04/2023,RCD Mallorca,Atlético-MG,€1.50m,€800k
Rodrigo Battaglia,17/18,01/07/2017,Braga,Sporting,€3.00m,€4.50m
Rodrigo Battaglia,13/14,01/01/2014,Racing Club,Braga,€1.60m,€80k
Nick Viergever,21/22,31/08/2021,PSV,Greuther Fürth,€2.00m,€300k
Nick Viergever,14/15,01/07/2014,AZ Alkmaar,Ajax,€4.00m,€2.00m
Nick Viergever,10/11,01/07/2010,Sparta R.,AZ Alkmaar,€300k,€1.25m
Kike,N/A,N/A,N/A,N/A,N/A,N/A
Pape Cheikh Diop,17/18,29/08/2017,Celta de Vigo,Lyon,€800k,€10.00m
Thomas Henry,22/23,16/07/2022,Venezia,Hellas Verona,€5.00m,€5.23m
Thomas Henry,21/22,24/08/2021,OH Leuven,Venezia,€5.00m,€5.50m
Thomas Henry,18/19,17/01/2019,AFC Tubize,OH Leuven,€400k,€500k
Fernando Calero,19/20,09/08/2019,Real Valladolid,Espanyol,€10.00m,€8.00m
Robin Quaison,16/17,31/01/2017,US Palermo,Mainz,€2.00m,€2.50m
Robin Quaison,14/15,18/07/2014,AIK,US Palermo,€700k,€2.00m
Edoardo Goldaniga,23/24,28/01/2024,Cagliari,Como,€900k,€1.43m
Edoardo Goldaniga,21/22,12/01/2022,Sassuolo,Cagliari,€1.50m,€1.10m
Edoardo Goldaniga,17/18,29/07/2017,US Palermo,Sassuolo,€1.50m,€4.00m
Edoardo Goldaniga,15/16,01/07/2015,Juventus,US Palermo,€800k,€1.50m
Edoardo Goldaniga,14/15,01/07/2014,US Palermo,Juventus,€250k,€1.50m
Edoardo Goldaniga,12/13,18/07/2012,AS Pizzighettone,Palermo U19,-,€120k
Timothy Chandler,14/15,01/07/2014,1.FC Nuremberg,Frankfurt,€2.50m,€1.00m
Cheick Doukouré,17/18,04/08/2017,FC Metz,Levante,€1.25m,€1.60m
Andreas Beck,17/18,31/08/2017,Besiktas,Stuttgart,€3.00m,€2.50m
Andreas Beck,15/16,04/07/2015,Hoffenheim,Besiktas,€3.50m,€1.75m
Andreas Beck,08/09,04/07/2008,Stuttgart,Hoffenheim,€1.50m,€3.20m
Erik Palmer-Brown,23/24,02/08/2023,Troyes,Panathinaikos,€2.50m,€1.50m
Enzo Ebosse,22/23,29/07/2022,Angers SCO,Udinese,€2.00m,€4.00m
Enzo Ebosse,20/21,16/07/2020,Le Mans FC,Angers SCO,€450k,€500k
Amir Abrashi,11/12,01/07/2011,FC Winterthur,Grasshoppers,€600k,€150k
Sam Clucas,18/19,09/08/2018,Swansea,Stoke City,€8.00m,€6.70m
Sam Clucas,17/18,23/08/2017,Hull City,Swansea,€2.50m,€16.30m
Sam Clucas,15/16,27/07/2015,Chesterfield,Hull City,€175k,€1.80m
Sam Clucas,14/15,01/09/2014,Mansfield Town,Chesterfield,€25k,€125k
Daniel Carriço,19/20,20/02/2020,Sevilla FC,WH Zall,€2.50m,€2.00m
Daniel Carriço,14/15,01/07/2014,Reading,Sevilla FC,€3.00m,€1.80m
Daniel Carriço,12/13,01/01/2013,Sporting,Reading,€7.00m,€750k
Jere Uronen,23/24,02/08/2023,Stade Brestois,Charlotte,€1.00m,€600k
Jere Uronen,21/22,20/07/2021,Genk,Stade Brestois,€2.50m,€1.00m
Jere Uronen,11/12,01/01/2012,TPS,Helsingborgs IF,-,€700k
Víctor Laguardia,N/A,N/A,N/A,N/A,N/A,N/A
Ernesto Torregrossa,22/23,31/01/2023,Sampdoria,Pisa,€2.40m,€1.80m
Ernesto Torregrossa,21/22,01/07/2021,Brescia,Sampdoria,€5.50m,€5.50m
Ernesto Torregrossa,17/18,31/01/2018,Hellas Verona,Brescia,€500k,€900k
Óscar Melendo,24/25,30/08/2024,Granada CF,Cádiz CF,€2.00m,€1.00m
Gaëtan Charbonnier,22/23,16/12/2022,AJ Auxerre,Saint-Étienne,€800k,€500k
Gaëtan Charbonnier,13/14,05/08/2013,Montpellier,Stade Reims,€2.00m,€1.00m
Gaëtan Charbonnier,12/13,01/07/2012,Angers SCO,Montpellier,€1.50m,€1.50m
Christopher Wooh,22/23,01/09/2022,Lens,Stade Rennais,€3.00m,€9.00m
Jayden Bogle,24/25,20/07/2024,Sheff Utd,Leeds,€3.80m,€5.95m
Jayden Bogle,20/21,07/09/2020,Derby,Sheff Utd,€6.30m,€3.85m
Anastasios Donis,20/21,01/07/2020,Stuttgart,Stade Reims,€2.00m,€4.00m
Anastasios Donis,17/18,01/07/2017,Juventus,Stuttgart,€1.25m,€4.00m
Anastasios Donis,12/13,18/01/2013,PAO U17,Juventus U17,-,€300k
Konstantin Rausch,17/18,19/01/2018,1.FC Köln,Dinamo Moscow,€2.00m,€1.50m
Jean-Victor Makengo,22/23,30/01/2023,Udinese,FC Lorient,€7.50m,€11.00m
Jean-Victor Makengo,20/21,05/10/2020,Nice,Udinese,€3.60m,€3.50m
Jean-Victor Makengo,17/18,01/07/2017,SM Caen,Nice,€900k,€6.00m
Calvin Stengs,23/24,26/07/2023,Nice,Feyenoord,€10.00m,€6.00m
Calvin Stengs,21/22,14/07/2021,AZ Alkmaar,Nice,€14.00m,€15.00m
Lys Mousset,19/20,21/07/2019,Bournemouth,Sheff Utd,€3.50m,€11.10m
Lys Mousset,16/17,01/07/2016,Le Havre AC,Bournemouth,€400k,€6.50m
Iván Alejo,20/21,04/08/2020,Getafe,Cádiz CF,€950k,€2.00m
Iván Alejo,18/19,26/07/2018,SD Eibar,Getafe,€4.00m,€4.00m
Iván Alejo,17/18,01/07/2017,AD Alcorcón,SD Eibar,€300k,€300k
Tomás Alarcón,21/22,01/07/2021,O'Higgins,Cádiz CF,€1.50m,€2.00m
Paweł Dawidowicz,19/20,01/07/2019,Benfica,Hellas Verona,€2.00m,€3.50m
Paweł Dawidowicz,14/15,01/07/2014,Lechia Gdansk,Benfica B,€1.20m,€2.50m
Louis Beyer,N/A,N/A,N/A,N/A,N/A,N/A
Simone Romagnoli,25/26,01/07/2025,Frosinone,Sampdoria,€300k,€100k
Simone Romagnoli,23/24,25/07/2023,Lecce,Frosinone,€750k,€100k
Simone Romagnoli,17/18,30/01/2018,Carpi,FC Empoli,€1.40m,€1.00m
Ibai Gómez,18/19,10/01/2019,Alavés,Athletic Club,€5.00m,€4.00m
Sérgio Oliveira,22/23,09/07/2022,Porto,Galatasaray,€12.00m,€3.00m
Sérgio Oliveira,15/16,01/07/2015,Paços Ferreira,Porto,€2.50m,€1.00m
Craig Cathcart,10/11,11/08/2010,Man Utd Res.,Blackpool,€1.00m,€625k
Bruno,19/20,29/01/2020,Sporting,Man Utd,€60.00m,€65.00m
Bruno,17/18,02/07/2017,Sampdoria,Sporting,€7.50m,€9.70m
Bruno,17/18,01/07/2017,Udinese,Sampdoria,€7.50m,€6.00m
Bruno,13/14,01/07/2013,Novara,Udinese,€3.50m,€2.50m
Bruno,12/13,27/08/2012,Boavista Y19,Novara,-,€40k
Alan Empereur,16/17,25/07/2016,Salernitana,Foggia,€250k,€300k
Enzo Loiodice,N/A,N/A,N/A,N/A,N/A,N/A
Cédric Hountondji,22/23,18/07/2022,Clermont Foot,Angers SCO,€3.00m,€2.00m
Sami Khedira,10/11,30/07/2010,Stuttgart,Real Madrid,€18.00m,€14.00m
Julian Schuster,08/09,01/07/2008,Stuttgart,Freiburg,€250k,€150k
Luca Pellegrini,25/26,01/07/2025,Juventus,Lazio,€3.00m,€4.00m
Luca Pellegrini,19/20,01/07/2019,Roma,Juventus,€5.00m,€22.80m
Pierre-Yves Polomat,N/A,N/A,N/A,N/A,N/A,N/A
Luca Ranieri,N/A,N/A,N/A,N/A,N/A,N/A
Julian Ryerson,22/23,17/01/2023,Union Berlin,Dortmund,€7.50m,€5.00m
Julian Ryerson,18/19,31/07/2018,Viking FK,Union Berlin,€400k,€150k
Hendrik Weydandt,N/A,N/A,N/A,N/A,N/A,N/A
Samuel Di Carmine,21/22,24/08/2021,Hellas Verona,Cremonese,€1.20m,€600k
Samuel Di Carmine,19/20,01/07/2019,Perugia,Hellas Verona,€1.70m,€2.50m
Samuel Di Carmine,10/11,01/08/2010,Fiorentina,Frosinone,€800k,€500
Bafodé Diakité,25/26,13/08/2025,Lille,Bournemouth,€28.00m,€35.00m
Bafodé Diakité,22/23,05/08/2022,Toulouse,Lille,€3.00m,€3.00m
Cyril Théréau,17/18,31/08/2017,Udinese,Fiorentina,€1.50m,€3.20m
Cyril Théréau,14/15,01/07/2014,Chievo Verona,Udinese,€2.00m,€2.00m
Cyril Théréau,10/11,26/08/2010,R Charleroi SC,Chievo Verona,€1.20m,€900k
Cyril Théréau,08/09,01/07/2008,RSC Anderlecht,R Charleroi SC,€1.25m,€500k
Cyril Théréau,07/08,01/07/2007,Steaua Bucharest,RSC Anderlecht,€750k,€2.90m
Cyril Théréau,06/07,31/08/2006,R Charleroi SC,Steaua Bucharest,€750k,€700k
Marco Mancosu,N/A,N/A,N/A,N/A,N/A,N/A
Lebo Mothiba,18/19,30/08/2018,Lille,R. Strasbourg,€3.00m,€4.00m
Fernando Torres,14/15,01/01/2015,Chelsea,AC Milan,€7.00m,€1.00m
Fernando Torres,10/11,31/01/2011,Liverpool,Chelsea,€50.00m,€58.50m
Fernando Torres,07/08,04/07/2007,Atlético,Liverpool,€30.00m,€38.00m
Ryan Bennett,11/12,01/01/2012,Peterborough,Norwich,€250k,€3.85m
Ryan Bennett,09/10,01/10/2009,Grimsby Town,Peterborough,-,€675k
Andy Pelmard,23/24,12/07/2023,Basel,Clermont Foot,€4.30m,€1.90m
Andy Pelmard,22/23,01/07/2022,Nice,Basel,€4.00m,€2.00m
Boulaye Dia,23/24,01/07/2023,Villarreal,Salernitana,€25.00m,€14.40m
Boulaye Dia,21/22,13/07/2021,Stade Reims,Villarreal,€14.00m,€12.00m
Papa Ndiaga Yade,N/A,N/A,N/A,N/A,N/A,N/A
Fali,25/26,10/08/2025,Venezia,Sassuolo,€2.50m,€4.50m
Fali,25/26,01/07/2025,FC Metz,Venezia,€2.50m,€1.90m
Fali,21/22,26/01/2022,Portimonense,FC Metz,€1.00m,€2.50m
William Troost-Ekong,24/25,23/08/2024,PAOK,Al-Kholood ,€2.00m,€1.20m
William Troost-Ekong,23/24,04/07/2023,Watford,PAOK,€2.50m,€1.00m
William Troost-Ekong,18/19,17/08/2018,Bursaspor,Udinese,€2.00m,€3.30m
William Troost-Ekong,17/18,11/07/2017,KAA Gent,Bursaspor,€1.00m,€1.05m
Álvaro Negredo,17/18,04/08/2017,Valencia,Besiktas,€7.50m,€2.50m
Álvaro Negredo,15/16,01/07/2015,Man City,Valencia,€18.00m,€28.00m
Álvaro Negredo,13/14,17/07/2013,Sevilla FC,Man City,€20.00m,€25.00m
Álvaro Negredo,09/10,21/08/2009,Real Madrid,Sevilla FC,€12.00m,€15.00m
Álvaro Negredo,09/10,01/07/2009,UD Almería,Real Madrid,€12.00m,€5.00m
Álvaro Negredo,07/08,01/07/2007,RM Castilla,UD Almería,€1.00m,€3.00m
Francesco Cassata,24/25,01/07/2024,Genoa,Spezia Calcio,€600k,€590k
Francesco Cassata,20/21,01/09/2020,Sassuolo,Genoa,€2.50m,€7.00m
Francesco Cassata,17/18,21/07/2017,Juventus,Sassuolo,€1.00m,€7.00m
Francesco Cassata,14/15,02/02/2015,Empoli U19,Juventus U19,€75k,€1.50m
Opa Nguette,N/A,N/A,N/A,N/A,N/A,N/A
Andrea Tabanelli,19/20,15/01/2020,Lecce,Frosinone,€900k,€250k
Shane Long,14/15,14/08/2014,Hull City,Southampton,€6.00m,€14.90m
Shane Long,13/14,17/01/2014,West Brom,Hull City,€5.50m,€8.50m
Shane Long,11/12,01/08/2011,Reading,West Brom,€2.00m,€5.10m
Shane Long,05/06,01/07/2005,Cork City,Reading,-,€75k
Filippo Bandinelli,23/24,21/07/2023,FC Empoli,Spezia Calcio,€3.50m,€2.50m
Filippo Bandinelli,19/20,13/07/2019,Sassuolo,FC Empoli,€1.20m,€1k
Suk Hyun-jun,N/A,N/A,N/A,N/A,N/A,N/A
Francisco Portillo,17/18,01/07/2017,Real Betis,Getafe,€1.50m,€1.50m
Francisco Portillo,15/16,01/07/2015,Málaga CF,Real Betis,€1.50m,€1.00m
Isaac Palazón Camacho,19/20,23/01/2020,Ponferradina,Rayo Vallecano,€700k,€600k
Saîf-Eddine Khaoui,16/17,01/07/2016,Tours FC,Marseille,€250k,€1.00m
Scott Dann,13/14,31/01/2014,Blackburn,Crystal Palace,€4.00m,€1.83m
Scott Dann,11/12,31/08/2011,Birmingham,Blackburn,€5.00m,€6.80m
Scott Dann,09/10,01/07/2009,Coventry,Birmingham,€750k,€4.00m
Scott Dann,07/08,31/01/2008,Walsall,Coventry,-,€225k
Thomas Delaine,18/19,30/08/2018,Paris FC,FC Metz,€400k,€600k
Aihen Muñoz,N/A,N/A,N/A,N/A,N/A,N/A
Oliver Fink,N/A,N/A,N/A,N/A,N/A,N/A
Matheus Henrique,24/25,10/07/2024,Sassuolo,Cruzeiro,€8.50m,€6.30m
Matheus Henrique,22/23,01/07/2022,Grêmio,Sassuolo,€11.00m,€7.00m
Matheus Henrique,18/19,27/09/2018,São Caetano,Grêmio,€50k,€145k
Juan Miranda,N/A,N/A,N/A,N/A,N/A,N/A
Ezequiel Muñoz,17/18,08/08/2017,Genoa,CD Leganés,€3.00m,€2.50m
Ezequiel Muñoz,10/11,05/08/2010,Boca Juniors,US Palermo,€1.50m,€5.00m
Sergi Enrich,N/A,N/A,N/A,N/A,N/A,N/A
Stefan Strandberg,N/A,N/A,N/A,N/A,N/A,N/A
Yoshinori Mutō,18/19,02/08/2018,Mainz,Newcastle,€6.00m,€10.70m
Yoshinori Mutō,15/16,01/07/2015,FC Tokyo,Mainz,€2.50m,€2.80m
Robbie Brady,16/17,31/01/2017,Norwich,Burnley,€8.00m,€15.10m
Robbie Brady,15/16,29/07/2015,Hull City,Norwich,€2.00m,€9.90m
Robbie Brady,12/13,08/01/2013,Man Utd U21,Hull City,-,€2.50m
Nolan Roux,15/16,21/07/2015,Lille,Saint-Étienne,€4.50m,€2.00m
Nolan Roux,11/12,20/01/2012,Stade Brestois,Lille,€4.75m,€8.00m
José Martínez,64/65,01/07/1964,Granada CF,Real Madrid,-,€1k
Jonathan Silva,21/22,31/08/2021,CD Leganés,Getafe,€1.50m,€2.50m
Jonathan Silva,19/20,01/07/2019,Sporting,CD Leganés,€3.00m,€2.70m
Jonathan Silva,14/15,08/08/2014,Estudiantes LP,Sporting,€1.25m,€2.50m
Daniele Bonera,06/07,01/07/2006,Parma,AC Milan,€6.00m,€3.30m
Daniele Bonera,02/03,01/07/2002,Brescia,AC Parma,-,€15.00m
Erick Cabaco,19/20,31/01/2020,Levante,Getafe,€2.00m,€8.00m
Erick Cabaco,18/19,01/07/2018,Nacional,Levante,€1.50m,€2.00m
Benjamin Nivet,07/08,01/07/2007,Troyes,SM Caen,€2.00m,€1.00m
Arturo Calabresi,21/22,29/07/2021,Bologna,Lecce,€1.50m,€1.50m
Arturo Calabresi,18/19,01/07/2018,Roma,Bologna,€700k,€200k
Nahuel Estévez,22/23,02/07/2022,Crotone,Parma,€1.40m,€1.29m
Nahuel Estévez,22/23,01/07/2022,Estudiantes LP,Crotone,€1.40m,€1.60m
Nahuel Estévez,17/18,01/07/2017,Comunicaciones,Estudiantes LP,-,€110k
Jonathan Rivierez,N/A,N/A,N/A,N/A,N/A,N/A
Josan,N/A,N/A,N/A,N/A,N/A,N/A
Manuel Sánchez,N/A,N/A,N/A,N/A,N/A,N/A
Aitor Ruibal,15/16,01/01/2016,CE L'Hospitalet,Betis B,-,€20k
José Manuel Jurado,16/17,05/07/2016,Watford,Espanyol,€7.00m,€1.20m
José Manuel Jurado,15/16,22/07/2015,Spartak Moscow,Watford,€7.00m,€8.60m
José Manuel Jurado,13/14,01/07/2013,FC Schalke 04,Spartak Moscow,€6.00m,€3.00m
José Manuel Jurado,10/11,31/08/2010,Atlético,FC Schalke 04,€13.00m,€11.00m
José Manuel Jurado,06/07,06/08/2006,Real Madrid,Atlético,€3.00m,€3.00m
Florin Andone,18/19,01/07/2018,Dep. La Coruña,Brighton,€6.00m,€6.00m
Florin Andone,16/17,22/07/2016,Córdoba CF,Dep. La Coruña,€2.50m,€5.70m
Matt Phillips,16/17,06/07/2016,QPR,West Brom,€6.00m,€6.50m
Matt Phillips,13/14,23/08/2013,Blackpool,QPR,€2.00m,€5.80m
Matt Phillips,10/11,31/08/2010,Wycombe,Blackpool,€200k,€400k
Wesley Saïd,19/20,03/08/2019,Dijon,Toulouse,€6.00m,€8.00m
Wesley Saïd,17/18,07/07/2017,Stade Rennais,Dijon,€1.50m,€1.50m
Martin Braithwaite,19/20,20/02/2020,CD Leganés,Barcelona,€10.00m,€18.00m
Martin Braithwaite,19/20,25/07/2019,Middlesbrough,CD Leganés,€8.00m,€5.00m
Martin Braithwaite,17/18,13/07/2017,Toulouse,Middlesbrough,€7.50m,€11.30m
Martin Braithwaite,13/14,16/08/2013,Esbjerg fB,Toulouse,€850k,€2.00m
Andrea Cambiaso,22/23,14/07/2022,Genoa,Juventus,€5.00m,€15.50m
Esteban Burgos,N/A,N/A,N/A,N/A,N/A,N/A
Raúl Albentosa,16/17,09/07/2016,Derby,Dep. La Coruña,€2.00m,€800k
Raúl Albentosa,14/15,16/01/2015,SD Eibar,Derby,€2.00m,€600k
Bakary Koné,16/17,01/07/2016,Lyon,Málaga CF,€1.50m,€800k
Bakary Koné,11/12,12/08/2011,Guingamp,Lyon,€2.00m,€2.00m
Takuma Asano,19/20,02/08/2019,Arsenal,Partizan,€1.50m,€1.00m
Takuma Asano,16/17,18/07/2016,Sanf. Hiroshima,Arsenal,€1.20m,€4.00m
Mama Samba Baldé,24/25,30/08/2024,Lyon,Stade Brestois,€4.00m,€4.50m
Mama Samba Baldé,24/25,08/07/2024,Troyes,Lyon,€4.00m,€6.00m
Mama Samba Baldé,21/22,31/07/2021,Dijon,Troyes,€4.50m,€3.50m
Mama Samba Baldé,19/20,01/07/2019,Sporting CP U23,Dijon,€2.50m,€665k
Toni Villa,17/18,01/07/2017,CyD Leonesa,Real Valladolid,€400k,€50k
Sebastián Cristóforo,17/18,01/07/2017,Sevilla FC,Fiorentina,€2.70m,€2.50m
Sebastián Cristóforo,13/14,10/08/2013,Peñarol,Sevilla FC,€600k,€2.25m
Che Adams,19/20,01/07/2019,Birmingham,Southampton,€7.00m,€16.70m
Che Adams,16/17,08/08/2016,Sheff Utd,Birmingham,€350k,€2.20m
Riccardo Improta,N/A,N/A,N/A,N/A,N/A,N/A
Ezri Konsa,19/20,11/07/2019,Brentford,Aston Villa,€3.50m,€13.30m
Ezri Konsa,18/19,01/07/2018,Charlton,Brentford,€500k,€2.85m
Felix Klaus,24/25,13/01/2025,F. Düsseldorf,Greuther Fürth,€650k,€100k
Felix Klaus,21/22,01/07/2021,Wolfsburg,F. Düsseldorf,€1.50m,€1.10m
Felix Klaus,18/19,01/07/2018,Hannover 96,Wolfsburg,€4.50m,€3.00m
Felix Klaus,15/16,01/07/2015,Freiburg,Hannover 96,€3.00m,€3.00m
Felix Klaus,13/14,01/07/2013,Greuther Fürth,Freiburg,€1.25m,€1.10m
Andrea Conti,17/18,07/07/2017,Atalanta,AC Milan,€10.00m,€24.00m
Mathew Leckie,17/18,01/07/2017,FC Ingolstadt,Hertha BSC,€2.50m,€3.00m
Mathew Leckie,14/15,01/07/2014,FSV Frankfurt,FC Ingolstadt,€1.50m,€750k
Mathew Leckie,13/14,01/07/2013,Mönchengladbach,FSV Frankfurt,€750k,€300k
Nicolas Haas,21/22,01/07/2021,Atalanta,FC Empoli,€2.00m,€2.30m
Niccolò Zanellato,18/19,01/07/2018,AC Milan,Crotone,€400k,€300k
Matteo Darmian,21/22,01/07/2021,Parma,Inter,€7.00m,€3.30m
Matteo Darmian,19/20,02/09/2019,Man Utd,Parma,€10.00m,€2.48m
Matteo Darmian,15/16,11/07/2015,Torino,Man Utd,€12.00m,€18.00m
Matteo Darmian,12/13,05/07/2012,US Palermo,Torino,€900k,€2.33m
Matteo Darmian,10/11,12/07/2010,AC Milan,US Palermo,€500k,€1.30m
Bersant Celina,20/21,09/09/2020,Swansea,Dijon,€4.00m,€3.00m
Bersant Celina,18/19,31/07/2018,Man City,Swansea,€2.50m,€3.40m
Carlos Neva,N/A,N/A,N/A,N/A,N/A,N/A
Lucas Boyé,25/26,22/08/2025,Granada CF,Alavés,€3.50m,€5.80m
Lucas Boyé,23/24,30/08/2023,Elche CF,Granada CF,€10.00m,€8.74m
Lucas Boyé,21/22,01/07/2021,Torino,Elche CF,€3.50m,€3.00m
Erhan Mašović,17/18,01/07/2017,Cukaricki,Club Brugge,€1.50m,€1.60m
Matty James,12/13,01/07/2012,Man Utd U21,Leicester,€1.00m,€1.25m
Chidozie Awaziem,25/26,23/07/2025,Colorado,FC Nantes,€2.00m,€850k
Chidozie Awaziem,24/25,09/12/2024,Cincinnati,Colorado,€2.00m,€850k
Chidozie Awaziem,24/25,25/07/2024,Boavista,Cincinnati,€3.00m,€500k
Chidozie Awaziem,21/22,01/07/2021,Porto,Boavista,€5.00m,€5.00m
Marco Terrazzino,17/18,11/08/2017,Hoffenheim,Freiburg,€1.50m,€2.50m
Afriyie Acquah,18/19,17/08/2018,Torino,FC Empoli,€2.00m,€1.00m
Afriyie Acquah,15/16,01/07/2015,Hoffenheim,Torino,€3.00m,€3.10m
Afriyie Acquah,12/13,24/01/2013,US Palermo,Hoffenheim,€2.00m,€2.50m
Nicolas Isimat-Mirin,18/19,06/01/2019,PSV,Besiktas,€2.50m,€350k
Nicolas Isimat-Mirin,15/16,01/07/2015,Monaco,PSV,€3.00m,€2.40m
Nicolas Isimat-Mirin,13/14,01/07/2013,Valenciennes FC,Monaco,€4.50m,€4.00m
Florentino Luís,N/A,N/A,N/A,N/A,N/A,N/A
Ermedin Demirović,24/25,16/07/2024,Augsburg,Stuttgart,€28.00m,€23.00m
Ermedin Demirović,22/23,08/07/2022,Freiburg,Augsburg,€6.00m,€2.30m
Ermedin Demirović,20/21,05/08/2020,Alavés,Freiburg,€3.00m,€3.70m
Ermedin Demirović,14/15,01/07/2014,HSV Yth.,RB Leipzig U17,-,€100k
Iver Fossum,23/24,01/02/2024,Midtjylland,KV Kortrijk,€1.00m,€135k
Iver Fossum,19/20,16/08/2019,Hannover 96,Aalborg BK,€1.50m,€500k
Iver Fossum,15/16,01/01/2016,Strømsgodset,Hannover 96,€1.30m,€2.00m
Dwight Gayle,16/17,01/07/2016,Crystal Palace,Newcastle,€3.00m,€12.00m
Dwight Gayle,13/14,03/07/2013,Peterborough,Crystal Palace,€750k,€5.30m
Dwight Gayle,12/13,02/01/2013,Dag & Red FC,Peterborough,€500k,€614k
Steve Mounié,20/21,09/09/2020,Huddersfield,Stade Brestois,€6.50m,€5.00m
Steve Mounié,17/18,05/07/2017,Montpellier,Huddersfield,€5.50m,€13.00m
Luca Valzania,24/25,30/08/2024,Cremonese,Pescara,€300k,€350k
Luca Valzania,22/23,01/07/2022,Atalanta,Cremonese,€1.20m,€3.00m
Luca Valzania,15/16,01/07/2015,Cesena,Atalanta,€350k,€7.70m
Alexandru Maxim,17/18,01/07/2017,Stuttgart,Mainz,€2.50m,€3.00m
Alexandru Maxim,12/13,31/01/2013,Pandurii ,Stuttgart,€2.00m,€1.50m
Keko,16/17,01/07/2016,SD Eibar,Málaga CF,€4.00m,€5.00m
Niclas Eliasson,22/23,29/08/2022,Nîmes Olympique,AEK Athens,€2.50m,€2.00m
Niclas Eliasson,20/21,02/10/2020,Bristol City,Nîmes Olympique,€4.00m,€3.00m
Niclas Eliasson,17/18,08/08/2017,Norrköping,Bristol City,€800k,€2.00m
Johannes Eggestein,22/23,01/07/2022,Royal Antwerp,St. Pauli,€1.80m,€600k
Johannes Eggestein,21/22,05/08/2021,Werder Bremen,Royal Antwerp,€4.00m,€1.00m
Ndombe Mubele,18/19,01/07/2018,Stade Rennais,Toulouse,€6.00m,€5.00m
André Hahn,18/19,01/07/2018,Hamburg,Augsburg,€1.50m,€3.00m
André Hahn,17/18,01/07/2017,Mönchengladbach,Hamburg,€4.50m,€6.00m
André Hahn,14/15,01/07/2014,Augsburg,Mönchengladbach,€5.00m,€2.25m
André Hahn,12/13,18/01/2013,K. Offenbach,Augsburg,€300k,€250k
Luis Advíncula,21/22,31/07/2021,Rayo Vallecano,Boca Juniors,€1.20m,€2.20m
Luis Advíncula,19/20,29/07/2019,Tigres UANL,Rayo Vallecano,€3.00m,€3.00m
Luis Advíncula,16/17,26/01/2017,Bursaspor,Tigres UANL,€1.25m,€600k
Luis Advíncula,15/16,01/08/2015,Hoffenheim,Bursaspor,€750k,€700k
Luis Advíncula,12/13,05/01/2013,SC Tavriya,Hoffenheim,€250k,€900k
Luis Advíncula,12/13,19/07/2012,Sport. Cristal,SC Tavriya,€250k,€200k
Alireza Jahanbakhsh,21/22,17/07/2021,Brighton,Feyenoord,€5.00m,€1.00m
Alireza Jahanbakhsh,18/19,25/07/2018,AZ Alkmaar,Brighton,€18.00m,€22.50m
Alireza Jahanbakhsh,15/16,03/08/2015,NEC Nijmegen,AZ Alkmaar,€2.00m,€1.80m
Alireza Jahanbakhsh,13/14,01/07/2013,Damash Gilan,NEC Nijmegen,€750k,€250k
Jeff Hendrick,16/17,31/08/2016,Derby,Burnley,€1.50m,€11.80m
Antonin Bobichon,19/20,29/08/2019,Nîmes Olympique,Angers SCO,€5.00m,€1.50m
Jeff Reine-Adélaïde,19/20,14/08/2019,Angers SCO,Lyon,€11.00m,€25.00m
Jeff Reine-Adélaïde,18/19,26/07/2018,Arsenal U23,Angers SCO,€3.00m,€1.60m
Jeff Reine-Adélaïde,15/16,01/07/2015,RC Lens U19,Arsenal U21,-,€2.50m
Sandro Wagner,18/19,30/01/2019,Bayern Munich,TJ Teda,€8.00m,€5.00m
Sandro Wagner,17/18,01/01/2018,Hoffenheim,Bayern Munich,€9.00m,€13.00m
Sandro Wagner,16/17,01/07/2016,Darmstadt 98,Hoffenheim,€2.00m,€2.80m
Sandro Wagner,12/13,19/07/2012,Werder Bremen,Hertha BSC,€800k,€250k
Sandro Wagner,09/10,31/01/2010,MSV Duisburg,Werder Bremen,€1.50m,€350k
Bonke Innocent,17/18,02/08/2017,Lillestrøm SK,Malmö,€400k,€900k
Germán Sánchez,17/18,04/07/2017,CD Tenerife,Granada CF,€300k,€100k
Harry Wilson,21/22,24/07/2021,Liverpool,Fulham,€17.00m,€14.00m
Denzel Dumfries,21/22,14/08/2021,PSV,Inter,€16.00m,€14.25m
Denzel Dumfries,18/19,01/07/2018,Heerenveen,PSV,€4.00m,€5.50m
Denzel Dumfries,17/18,25/07/2017,Sparta R.,Heerenveen,€1.00m,€750k
Mateu Morey,N/A,N/A,N/A,N/A,N/A,N/A
Bakaye Dibassy,N/A,N/A,N/A,N/A,N/A,N/A
Anthony Gordon,22/23,29/01/2023,Everton,Newcastle,€40.00m,€45.60m
Adrian Stoian,12/13,15/07/2012,Roma,Chievo Verona,€1.50m,€500k
Adrian Stoian,12/13,04/07/2012,Bari,Roma,€1.50m,€1.00m
Adrian Stoian,12/13,01/07/2012,Roma,Bari,€1.50m,€300k
Pablo Marí,25/26,11/01/2026,Fiorentina,Al-Hilal,€2.50m,€2.00m
Pablo Marí,24/25,28/01/2025,Monza,Fiorentina,€3.50m,€2.70m
Pablo Marí,23/24,01/07/2023,Arsenal,Monza,€5.00m,€6.20m
Pablo Marí,20/21,01/07/2020,Flamengo,Arsenal,€4.80m,€6.00m
Pablo Marí,19/20,11/07/2019,Man City,Flamengo,€800k,€1.70m
Pablo Marí,16/17,15/08/2016,Gimnàstic,Man City,€500k,€200k
Francisco Trincão,23/24,01/07/2023,Barcelona,Sporting,€15.00m,€18.00m
Francisco Trincão,20/21,03/08/2020,Braga,Barcelona,€16.00m,€30.94m
Leighton Baines,07/08,07/08/2007,Wigan,Everton,€7.50m,€7.50m
Ritsu Doan,25/26,07/08/2025,Freiburg,Frankfurt,€25.00m,€21.00m
Ritsu Doan,22/23,05/07/2022,PSV,Freiburg,€8.00m,€10.40m
Ritsu Doan,19/20,30/08/2019,FC Groningen,PSV,€10.00m,€7.50m
Ritsu Doan,18/19,01/07/2018,Gamba Osaka,FC Groningen,€2.50m,€1.70m
João Victor Santos Sá,23/24,22/02/2024,Botafogo,Krasnodar,€1.80m,€1.50m
João Victor Santos Sá,21/22,25/03/2022,Al-Jazira,Botafogo,€2.50m,€2.25m
João Victor Santos Sá,21/22,16/08/2021,Wolfsburg,Al-Jazira,€3.00m,€2.85m
João Victor Santos Sá,19/20,01/07/2019,LASK,Wolfsburg,€3.00m,€3.50m
Paolo Ghiglione,24/25,06/08/2024,Cremonese,Salernitana,€1.00m,€1.00m
Paolo Ghiglione,22/23,17/07/2022,Genoa,Cremonese,€2.00m,€300k
Roberto Soldado,21/22,01/07/2021,Granada CF,Levante,€1.20m,€500k
Roberto Soldado,17/18,10/08/2017,Villarreal,Fenerbahçe,€8.00m,€5.00m
Roberto Soldado,15/16,14/08/2015,Tottenham,Villarreal,€10.00m,€16.00m
Roberto Soldado,13/14,05/08/2013,Valencia,Tottenham,€28.00m,€30.00m
Roberto Soldado,10/11,01/07/2010,Getafe,Valencia,€10.00m,€10.00m
Roberto Soldado,08/09,01/07/2008,Real Madrid,Getafe,€4.00m,€6.00m
Matteo Lovato,22/23,06/07/2022,Atalanta,Salernitana,€7.00m,€7.00m
Matteo Lovato,21/22,31/07/2021,Hellas Verona,Atalanta,€7.00m,€7.20m
Matteo Lovato,19/20,31/01/2020,Padova,Hellas Verona,€150k,€2.20m
Matteo Lovato,19/20,22/07/2019,Genoa U19,Padova,€75k,€900k
Andrea Pinamonti,23/24,01/07/2023,Inter,Sassuolo,€15.00m,€20.00m
Andrea Pinamonti,20/21,18/09/2020,Genoa,Inter,€13.50m,€21.00m
Andrea Pinamonti,20/21,01/09/2020,Inter,Genoa,€13.50m,€19.50m
Oualid El Hajjam,19/20,05/07/2019,Amiens SC,Troyes,€1.00m,€35k
Timothy Tillman,22/23,10/02/2023,Greuther Fürth,LAFC,€1.20m,€500k
Timothy Tillman,19/20,03/01/2020,FC Bayern II,Greuther Fürth,€500k,€50k
Timothy Tillman,15/16,20/08/2015,Gr. Fürth U17,FC Bayern U17,-,€500k
Jonathan Burkardt,25/26,04/07/2025,Mainz,Frankfurt,€35.00m,€21.00m
Sebastian Walukiewicz,24/25,30/08/2024,FC Empoli,Torino,€2.50m,€4.70m
Sebastian Walukiewicz,23/24,01/07/2023,Cagliari,FC Empoli,€3.00m,€4.50m
Sebastian Walukiewicz,18/19,15/01/2019,Pogon Szczecin,Cagliari,€200k,€3.50m
Sebastian Walukiewicz,17/18,01/07/2017,Legia II,Pogon Szczecin,-,€15k
Rafa Mir,21/22,20/08/2021,Wolves,Sevilla FC,€12.00m,€16.00m
Rafa Mir,17/18,03/01/2018,Valencia B,Wolves,€1.00m,€2.00m
Lago Junior,15/16,27/01/2016,CD Mirandés,RCD Mallorca,€700k,€300k
Leandro Castán,12/13,18/07/2012,Corinthians,Roma,€2.50m,€5.00m
Youssef Maleh,23/24,01/07/2023,Fiorentina,Lecce,€4.50m,€5.00m
Youssef Maleh,20/21,20/01/2021,Venezia,Fiorentina,€700k,€800k
Deyovaisio Zeefuik,20/21,06/08/2020,FC Groningen,Hertha BSC,€2.70m,€4.00m
Deyovaisio Zeefuik,18/19,01/07/2018,Ajax,FC Groningen,€600k,€2.00m
Mickaël Alphonse,N/A,N/A,N/A,N/A,N/A,N/A
Tatsuya Ito,19/20,22/08/2019,Hamburg,Sint-Truiden,€1.00m,€1.50m
Kenan Karaman,N/A,N/A,N/A,N/A,N/A,N/A
Daniele Dessena,18/19,10/01/2019,Cagliari,Brescia,€500k,€250k
Daniele Dessena,12/13,02/07/2012,Sampdoria,Cagliari,€1.80m,€1.60m
Daniele Dessena,10/11,01/07/2010,Cagliari,Sampdoria,€3.75m,€4.00m
Daniele Dessena,09/10,31/08/2009,Sampdoria,Cagliari,€4.00m,€4.00m
Daniele Dessena,08/09,11/07/2008,Parma,Sampdoria,€4.00m,€6.70m
Francesco Di Tacchio,09/10,01/07/2009,Ascoli,Fiorentina,€150k,€1.80m
Ruben Vargas,24/25,10/01/2025,Augsburg,Sevilla FC,€7.00m,€2.50m
Ruben Vargas,19/20,01/07/2019,FC Luzern,Augsburg,€4.00m,€4.00m
Grady Diangana,20/21,04/09/2020,West Ham,West Brom,€4.50m,€13.50m
Roberto Inglese,20/21,01/09/2020,Napoli,Parma,€12.00m,€21.80m
Roberto Inglese,17/18,31/08/2017,Chievo Verona,Napoli,€4.50m,€12.00m
Roberto Inglese,10/11,28/08/2010,Pescara,Chievo Verona,-,€729k
Tim Ream,15/16,20/08/2015,Bolton,Fulham,€1.50m,€1.70m
Tim Ream,11/12,26/01/2012,New York,Bolton,€250k,€3.10m
Simon Terodde,17/18,01/01/2018,Stuttgart,1.FC Köln,€3.00m,€3.00m
Simon Terodde,16/17,01/07/2016,VfL Bochum,Stuttgart,€1.80m,€3.00m
Simon Terodde,12/13,01/07/2012,1.FC Köln,Union Berlin,€700k,€200k
Arlind Ajeti,24/25,10/09/2024,CFR Cluj,Bodrum FK,€1.00m,€300k
François Moubandje,13/14,02/09/2013,Servette FC,Toulouse,€500k,€1.00m
Mbaye Diagne,18/19,31/01/2019,Kasimpasa,Galatasaray,€5.50m,€13.00m
Mbaye Diagne,15/16,05/02/2016,Újpest FC,TJ Teda,€800k,€1.90m
Mbaye Diagne,15/16,15/08/2015,Juventus,Újpest FC,€800k,€1.15m
Mbaye Diagne,13/14,30/08/2013,Bra,Juventus,-,€100k
Romain Genevois,N/A,N/A,N/A,N/A,N/A,N/A
Yassine Benrahou,20/21,01/07/2020,G. Bordeaux,Nîmes Olympique,€2.70m,€1.50m
Semi Ajayi,19/20,20/07/2019,Rotherham,West Brom,€1.00m,€1.65m
Semi Ajayi,13/14,23/09/2013,Charlton,Arsenal,-,€500k
Nathan Collins,23/24,04/07/2023,Wolves,Brentford,€22.00m,€26.85m
Nathan Collins,22/23,12/07/2022,Burnley,Wolves,€10.00m,€24.30m
Nathan Collins,21/22,01/07/2021,Stoke City,Burnley,€8.00m,€14.00m
Nathaniel Clyne,15/16,01/07/2015,Southampton,Liverpool,€17.00m,€17.70m
Nathaniel Clyne,12/13,18/07/2012,Crystal Palace,Southampton,€2.00m,€3.20m
Christian Kouamé,20/21,01/09/2020,Genoa,Fiorentina,€17.50m,€15.50m
Christian Kouamé,18/19,13/07/2018,Cittadella,Genoa,€2.80m,€6.35m
Christian Kouamé,17/18,01/07/2017,Prato,Cittadella,€400k,€130k
François Kamano,20/21,17/08/2020,G. Bordeaux,Loko Moscow,€8.00m,€5.50m
François Kamano,16/17,27/07/2016,SC Bastia,G. Bordeaux,€2.50m,€2.50m
Amato Ciciretti,N/A,N/A,N/A,N/A,N/A,N/A
Antonio Luna,13/14,01/07/2013,Sevilla FC,Aston Villa,€1.50m,€2.00m
Moussa Djenepo,23/24,05/09/2023,Southampton,Standard Liège,€8.00m,€3.50m
Moussa Djenepo,19/20,01/07/2019,Standard Liège,Southampton,€12.00m,€15.70m
Moussa Djenepo,17/18,01/07/2017,Yeelen,Standard Liège,€50k,€50k
Moussa Doumbia,N/A,N/A,N/A,N/A,N/A,N/A
Nuno Tavares,25/26,01/07/2025,Arsenal,Lazio,€25.00m,€5.58m
Nuno Tavares,21/22,10/07/2021,Benfica,Arsenal,€7.00m,€8.00m
Ryan Shawcross,07/08,18/01/2008,Man Utd Res.,Stoke City,€50k,€1.50m
Cristian Dell'Orco,N/A,N/A,N/A,N/A,N/A,N/A
James McClean,23/24,04/08/2023,Wigan,Wrexham,€500k,€290k
James McClean,18/19,22/07/2018,West Brom,Stoke City,€3.00m,€5.60m
James McClean,15/16,01/07/2015,Wigan,West Brom,€3.00m,€2.10m
James McClean,13/14,08/08/2013,Sunderland,Wigan,€6.00m,€2.33m
James McClean,11/12,09/08/2011,Derry City,Sunderland,€50k,€420k
Marco John,11/12,01/07/2011,Wolfsburg,Hoffenheim,€1.25m,€700k
Marco John,09/10,01/07/2009,1860 Munich,Wolfsburg,€1.00m,€1.10m
Arnaud Nordin,24/25,28/01/2025,Montpellier,Mainz,€8.00m,€1.00m
Romano Schmid,18/19,03/01/2019,Salzburg,Werder Bremen,€800k,€1.00m
Romano Schmid,17/18,19/08/2017,Sturm Graz,Salzburg,€350k,€600k
Juan Ferney Otero,21/22,26/01/2022,Santos Laguna,América,€3.50m,€4.00m
Juan Ferney Otero,20/21,04/01/2021,Amiens SC,Santos Laguna,€2.00m,€3.00m
Juan Ferney Otero,18/19,01/07/2018,Estudiantes LP,Amiens SC,€3.00m,€2.14m
Juan Ferney Otero,17/18,01/01/2018,Fortaleza CEIF,Estudiantes LP,€750k,€420k
Chadrac Akolo,20/21,01/07/2020,Stuttgart,Amiens SC,€1.60m,€3.50m
Chadrac Akolo,17/18,09/07/2017,FC Sion,Stuttgart,€2.50m,€6.00m
Marcus Ingvartsen,24/25,31/01/2025,Nordsjaelland,San Diego,€6.00m,€1.50m
Marcus Ingvartsen,23/24,07/07/2023,Mainz,Nordsjaelland,€5.50m,€2.95m
Marcus Ingvartsen,22/23,01/07/2022,Union Berlin,Mainz,€2.50m,€2.30m
Marcus Ingvartsen,19/20,01/07/2019,Genk,Union Berlin,€1.50m,€1.50m
Marcus Ingvartsen,17/18,12/07/2017,Nordsjaelland,Genk,€1.75m,€4.95m
Alberth Elis,22/23,01/07/2022,Boavista,G. Bordeaux,€6.50m,€6.00m
Alberth Elis,20/21,21/09/2020,Houston,Boavista,€3.50m,€1.00m
Alberth Elis,17/18,01/01/2018,Monterrey,Houston,€825k,€2.20m
Ladislav Krejčí,26/27,01/07/2026,Girona,Wolves,€22.00m,€7.50m
Ladislav Krejčí,24/25,01/07/2024,Sparta Prague,Girona,€10.00m,€8.00m
Ladislav Krejčí,19/20,01/07/2019,Zbrojovka Brno,Sparta Prague,€300k,€310k
Michael Svoboda,N/A,N/A,N/A,N/A,N/A,N/A
Mohamed Elyounoussi,18/19,01/07/2018,Basel,Southampton,€8.50m,€18.00m
Mohamed Elyounoussi,16/17,06/07/2016,Molde FK,Basel,€1.70m,€3.20m
Nicolò Brighenti,16/17,28/07/2016,Vicenza,Frosinone,€1.30m,€500k
Nicolò Brighenti,11/12,30/01/2012,Viareggio,Vicenza,€175k,€80k
Nicolò Brighenti,11/12,01/07/2011,Chievo Verona,Viareggio,€175k,€30k
Patrick Burner,20/21,25/09/2020,Nice,Nîmes Olympique,€3.20m,€1.50m
Jean Zimmer,18/19,01/07/2018,Stuttgart,F. Düsseldorf,€1.25m,€900k
Jean Zimmer,16/17,01/07/2016,1.FC K'lautern,Stuttgart,€2.00m,€2.00m
Mattia Viti,22/23,03/08/2022,FC Empoli,Nice,€7.00m,€13.00m
Domingos Duarte,22/23,11/07/2022,Granada CF,Getafe,€8.00m,€750k
Domingos Duarte,19/20,14/07/2019,Sporting,Granada CF,€2.50m,€3.49m
Laurent Jans,18/19,01/07/2018,Waasland-Beveren,FC Metz,€1.20m,€400k
Laurent Jans,15/16,01/07/2015,CS Fola Esch,Waasland-Beveren,€175k,€15k
Ramon Azeez,18/19,31/01/2019,CD Lugo,Granada CF,€1.00m,€550k
Eliaquim Mangala,14/15,11/08/2014,Porto,Man City,€28.00m,€45.00m
Eliaquim Mangala,11/12,16/08/2011,Standard Liège,Porto,€5.00m,€6.75m
Jodel Dossou,13/14,30/01/2014,Club Africain,Salzburg,-,€300k
Jodel Dossou,12/13,01/01/2013,Tonnerre,Club Africain,-,€15k
Xabier Etxeita,N/A,N/A,N/A,N/A,N/A,N/A
Banzouzi Locko,N/A,N/A,N/A,N/A,N/A,N/A
Antonio Caracciolo,12/13,01/07/2012,Genoa,Brescia,€2.50m,€200k
Antonio Caracciolo,11/12,01/08/2011,Brescia,Genoa,€4.50m,€1.50m
Antonio Caracciolo,07/08,01/01/2008,Sampdoria,Brescia,€4.40m,€7.05m
Antonio Caracciolo,07/08,01/07/2007,US Palermo,Sampdoria,€4.40m,€4.25m
Antonio Caracciolo,05/06,01/07/2005,Brescia,US Palermo,€8.00m,€9.00m
Antonio Caracciolo,01/02,01/07/2001,Como,Brescia,-,€243k
Timothy Fosu-Mensah,20/21,13/01/2021,Man Utd,Leverkusen,€4.00m,€1.70m
Timothy Fosu-Mensah,14/15,01/09/2014,Ajax U17,Man Utd U18,-,€380k
Steeve Yago,N/A,N/A,N/A,N/A,N/A,N/A
Simon Banza,25/26,22/09/2025,Braga,Al-Jazira,€14.00m,€8.50m
Simon Banza,22/23,19/07/2022,Lens,Braga,€5.00m,€2.96m
Eddie Nketiah,24/25,30/08/2024,Arsenal,Crystal Palace,€30.00m,€29.70m
Ivi,22/23,28/07/2022,Sevilla FC,Barcelona,€60.00m,€50.00m
Ivi,19/20,03/07/2019,G. Bordeaux,Sevilla FC,€15.00m,€35.00m
Léo Pétrot,22/23,30/08/2022,FC Lorient,Saint-Étienne,€1.00m,€500k
Bruno González,17/18,05/07/2017,Real Betis,Getafe,€2.50m,€600k
Renaud Ripart,21/22,15/07/2021,Nîmes Olympique,Troyes,€5.00m,€3.30m
Jérémy Blayac,10/11,21/01/2011,US Boulogne,Tours FC,€800k,€700k
Miguel Atienza,N/A,N/A,N/A,N/A,N/A,N/A
Beram Kayal,10/11,29/07/2010,Maccabi Haifa,Celtic,€1.25m,€1.80m
Óscar Gil,20/21,07/09/2020,Elche CF,Espanyol,€400k,€500k
Godfred Donsah,16/17,01/07/2016,Cagliari,Bologna,€5.00m,€5.00m
Godfred Donsah,14/15,17/07/2014,Hellas Verona,Cagliari,€2.00m,€2.50m
Gen Shoji,19/20,03/02/2020,Toulouse,Gamba Osaka,€3.00m,€2.00m
Gen Shoji,18/19,01/01/2019,Kashima Antlers,Toulouse,€3.50m,€3.00m
Luuk de Jong,22/23,02/07/2022,Sevilla FC,PSV,€4.00m,€3.00m
Luuk de Jong,19/20,01/07/2019,PSV,Sevilla FC,€12.00m,€12.50m
Luuk de Jong,14/15,12/07/2014,Mönchengladbach,PSV,€5.00m,€5.50m
Luuk de Jong,12/13,18/07/2012,FC Twente,Mönchengladbach,€12.00m,€12.00m
Luuk de Jong,09/10,01/07/2009,De Graafschap,FC Twente,€650k,€900k
Gabriel Boschilia,15/16,10/08/2015,São Paulo,Monaco,€3.00m,€9.00m
Bamba Dieng,22/23,27/01/2023,Marseille,FC Lorient,€8.00m,€7.00m
Bamba Dieng,21/22,01/07/2021,Diambars FC,Marseille,€700k,€400k
Patrick Erras,21/22,02/07/2021,Werder Bremen,Holstein Kiel,€700k,€250k
Kelyan Guessoum,N/A,N/A,N/A,N/A,N/A,N/A
Phillipp Mwene,23/24,23/08/2023,PSV,Mainz,€3.00m,€1.00m
Gabriele Zappa,21/22,01/07/2021,Pescara,Cagliari,€7.00m,€3.20m
Gabriele Zappa,18/19,30/01/2019,Inter,Pescara,€75k,€3.00m
Marko Pjaca,24/25,04/07/2024,HNK Rijeka,Dinamo Zagreb,€2.50m,€1.50m
Marko Pjaca,16/17,21/07/2016,Dinamo Zagreb,Juventus,€18.00m,€29.40m
Marko Pjaca,14/15,01/07/2014,NK Lokomotiva,Dinamo Zagreb,€950k,€1.00m
Christopher Antwi-Adjei,N/A,N/A,N/A,N/A,N/A,N/A
Darnell Furlong,25/26,28/08/2025,West Brom,Ipswich,€2.80m,€4.00m
Darnell Furlong,19/20,23/07/2019,QPR,West Brom,€750k,€1.70m
George Baldock,17/18,01/07/2017,MK Dons,Sheff Utd,€150k,€740k
Giulio Donati,15/16,25/01/2016,Leverkusen,Mainz,€2.00m,€1.00m
Giulio Donati,13/14,01/07/2013,Inter,Leverkusen,€750k,€3.00m
Thomas Heurtaux,12/13,01/07/2012,SM Caen,Udinese,€2.75m,€2.10m
Vitaliy Mykolenko,21/22,01/01/2022,Dynamo Kyiv,Everton,€17.00m,€23.50m
Alberto Perea,N/A,N/A,N/A,N/A,N/A,N/A
Robin Hack,23/24,01/07/2023,Arm. Bielefeld,Mönchengladbach,€3.00m,€1.10m
Robin Hack,21/22,09/08/2021,1.FC Nuremberg,Arm. Bielefeld,€3.00m,€1.20m
Robin Hack,19/20,01/07/2019,Hoffenheim,1.FC Nuremberg,€500k,€500k
Laurent Depoitre,17/18,01/07/2017,Porto,Huddersfield,€3.00m,€3.80m
Laurent Depoitre,16/17,08/08/2016,KAA Gent,Porto,€6.50m,€7.00m
Alidu Seidu,23/24,29/01/2024,Clermont Foot,Stade Rennais,€7.00m,€11.00m
Hanno Behrens,22/23,04/07/2022,Hansa Rostock,Persija,€550k,€100k
Ricardo Mangas,25/26,06/08/2025,Spartak Moscow,Sporting,€2.50m,€321k
Ricardo Mangas,24/25,10/09/2024,Vit. Guimarães,Spartak Moscow,€4.00m,€2.00m
Ricardo Mangas,23/24,04/07/2023,Boavista,Vit. Guimarães,€1.50m,€900k
Fousseni Diabaté,23/24,07/09/2023,Partizan,Lausanne-Sport,€5.00m,€600k
Fousseni Diabaté,22/23,07/07/2022,Trabzonspor,Partizan,€2.70m,€30k
Fousseni Diabaté,20/21,25/09/2020,Leicester,Trabzonspor,€2.20m,€1.57m
Fousseni Diabaté,17/18,13/01/2018,G. Ajaccio,Leicester,-,€2.00m
Marvin Bakalorz,14/15,01/07/2014,Frankfurt,SC Paderborn,€1.00m,€150k
Marvin Bakalorz,13/14,22/07/2013,Dortmund,Frankfurt,€200k,€75k
Burgui,17/18,11/07/2017,Real Madrid,Alavés,€1.50m,€3.00m
Irvin Cardona,25/26,01/07/2025,Augsburg,Saint-Étienne,€2.50m,€2.50m
Irvin Cardona,22/23,18/01/2023,Stade Brestois,Augsburg,€2.50m,€500k
Irvin Cardona,19/20,12/08/2019,Monaco,Stade Brestois,€1.50m,€1.50m
Peter Crouch,11/12,31/08/2011,Tottenham,Stoke City,€10.00m,€11.30m
Peter Crouch,09/10,27/07/2009,Portsmouth,Tottenham,€10.00m,€10.50m
Peter Crouch,08/09,11/07/2008,Liverpool,Portsmouth,€9.50m,€13.70m
Peter Crouch,05/06,20/07/2005,Southampton,Liverpool,€10.50m,€10.50m
Peter Crouch,04/05,09/07/2004,Aston Villa,Southampton,-,€3.00m
Peter Crouch,01/02,27/03/2002,Portsmouth,Aston Villa,-,€7.50m
Peter Crouch,01/02,04/07/2001,QPR,Portsmouth,-,€2.25m
Peter Crouch,00/01,27/07/2000,Tottenham,QPR,-,€85k
Stephy Mavididi,23/24,31/07/2023,Montpellier,Leicester,€6.00m,€7.50m
Stephy Mavididi,20/21,01/07/2020,Juventus U23,Montpellier,€3.60m,€6.30m
Stephy Mavididi,18/19,17/08/2018,Arsenal U23,Juventus U23,€800k,€1.50m
James Collins,12/13,01/08/2012,Aston Villa,West Ham,€5.00m,€3.20m
James Collins,09/10,01/09/2009,West Ham,Aston Villa,€2.00m,€5.70m
James Collins,05/06,01/07/2005,Cardiff,West Ham,€600k,€2.00m
Rajiv van La Parra,19/20,31/08/2019,Huddersfield,Red Star,€4.00m,€1.20m
Rajiv van La Parra,16/17,01/07/2016,Wolves,Huddersfield,€1.50m,€900k
Diego Costa,17/18,01/01/2018,Chelsea,Atlético,€50.00m,€60.00m
Diego Costa,14/15,01/07/2014,Atlético,Chelsea,€35.00m,€38.00m
Diego Costa,10/11,01/07/2010,Real Valladolid,Atlético,€5.00m,€1.00m
Diego Costa,06/07,01/01/2007,Braga,Atlético,-,€1.50m
Enric Gallego,20/21,01/07/2020,Getafe,CA Osasuna,€1.20m,€3.00m
Enric Gallego,19/20,08/07/2019,SD Huesca,Getafe,€3.00m,€6.00m
Enric Gallego,18/19,16/01/2019,Extremadura,SD Huesca,€400k,€3.00m
Enric Gallego,17/18,02/01/2018,UE Cornellà,Extremadura,€350k,€200k
Chema,25/26,27/07/2025,RM Castilla,Stuttgart,€800k,€3.00m
Aster Vranckx,21/22,01/07/2021,KV Mechelen,Wolfsburg,€6.80m,€8.00m
Andreas Skov Olsen,24/25,17/01/2025,Club Brugge,Wolfsburg,€16.00m,€14.00m
Andreas Skov Olsen,21/22,28/01/2022,Bologna,Club Brugge,€6.50m,€6.40m
Andreas Skov Olsen,19/20,24/07/2019,Nordsjaelland,Bologna,€8.00m,€6.00m
Moritz Jenz,23/24,01/07/2023,FC Lorient,Wolfsburg,€7.50m,€8.00m
Moritz Jenz,21/22,30/08/2021,Lausanne-Sport,FC Lorient,€600k,€3.50m
Anuar,N/A,N/A,N/A,N/A,N/A,N/A
Moussa Koné,19/20,22/01/2020,Dynamo Dresden,Nîmes Olympique,€3.50m,€1.25m
Moussa Koné,17/18,30/01/2018,FC Zürich,Dynamo Dresden,€1.50m,€2.16m
Mathieu Cafaro,23/24,01/07/2023,Standard Liège,Saint-Étienne,€3.00m,€500k
Mathieu Cafaro,21/22,11/01/2022,Stade Reims,Standard Liège,€5.00m,€250k
Domen Črnigoj,15/16,31/08/2015,FC Koper,FC Lugano,€600k,€350k
Jagoš Vuković,17/18,13/07/2017,Konyaspor,Olympiacos,€3.00m,€2.00m
Jagoš Vuković,13/14,07/01/2014,Vojvodina,Konyaspor,€600k,€180k
Jagoš Vuković,10/11,01/07/2010,Rad,PSV,€1.00m,€1.20m
Jagoš Vuković,07/08,01/07/2007,Red Star U19,Rad,-,€472k
Samuel Souprayen,18/19,17/08/2018,Hellas Verona,AJ Auxerre,€700k,€300k
Samuel Souprayen,11/12,01/07/2011,Stade Rennais,Dijon,€1.50m,€1.50m
Sven Michel,24/25,05/07/2024,Augsburg,SC Paderborn,€700k,€300k
Sven Michel,23/24,01/07/2023,Union Berlin,Augsburg,€900k,€950k
Sven Michel,21/22,31/01/2022,SC Paderborn,Union Berlin,€800k,€2.50m
Sven Michel,12/13,01/01/2013,Spfr. Siegen,M'gladbach II,€75k,€75k
Matías Vargas,22/23,24/08/2022,Espanyol,SH Port,€6.00m,€4.00m
Matías Vargas,19/20,14/07/2019,Vélez Sarsfield,Espanyol,€11.00m,€10.50m
Martin Kelly,14/15,14/08/2014,Liverpool,Crystal Palace,€3.50m,€2.00m
Sava Cestic,N/A,N/A,N/A,N/A,N/A,N/A
Emmanuel Gyasi,23/24,21/07/2023,Spezia Calcio,FC Empoli,€2.00m,€2.00m
Emmanuel Gyasi,16/17,09/08/2016,Pistoiese,Spezia Calcio,€200k,€1k
Jonathan Calleri,22/23,25/07/2022,CD Maldonado,São Paulo,€4.00m,€2.90m
Jonathan Calleri,15/16,18/01/2016,Boca Juniors,CD Maldonado,€7.50m,€11.00m
Jonathan Calleri,14/15,01/07/2014,All Boys,Boca Juniors,€50k,€900k
Guido Carrillo,17/18,25/01/2018,Monaco,Southampton,€6.00m,€22.00m
Guido Carrillo,15/16,01/07/2015,Estudiantes LP,Monaco,€3.20m,€9.00m
Sandro Ramírez,23/24,01/07/2023,SD Huesca,UD Las Palmas,€2.00m,€1.00m
Sandro Ramírez,17/18,03/07/2017,Málaga CF,Everton,€10.00m,€6.00m
Cédric Varrault,07/08,09/07/2007,Nice,Saint-Étienne,€2.00m,€800k
Eric Maxim Choupo-Moting,N/A,N/A,N/A,N/A,N/A,N/A
Nicholas Opoku,18/19,13/07/2018,Club Africain,Udinese,€700k,€1.50m
Alexander,25/26,01/09/2025,Newcastle,Liverpool,€120.00m,€145.00m
Alexander,22/23,26/08/2022,Real Sociedad,Newcastle,€30.00m,€77.50m
Alexander,19/20,01/07/2019,Dortmund,Real Sociedad,€8.00m,€15.00m
Alexander,16/17,23/01/2017,AIK,Dortmund,€1.75m,€8.60m
Antonio Raillo,N/A,N/A,N/A,N/A,N/A,N/A
Sean Morrison,14/15,15/08/2014,Reading,Cardiff,€1.30m,€3.74m
Sean Morrison,10/11,18/01/2011,Swindon Town,Reading,€50k,€360k
Hwang Hee-chan,N/A,N/A,N/A,N/A,N/A,N/A
Paolo Cannavaro,14/15,01/07/2014,Napoli,Sassuolo,€1.00m,€1k
Paolo Cannavaro,99/00,01/09/1999,Napoli,AC Parma,-,€1.00m
Fransérgio,21/22,25/08/2021,Braga,G. Bordeaux,€5.00m,€4.75m
Fransérgio,17/18,01/07/2017,Marítimo,Braga,€2.00m,€1.25m
Elba Rashani,14/15,24/07/2014,Odd,Bröndby IF,€500k,€720k
Andrea Nalini,N/A,N/A,N/A,N/A,N/A,N/A
Jeremie Frimpong,25/26,01/07/2025,Leverkusen,Liverpool,€50.00m,€40.00m
Jeremie Frimpong,20/21,27/01/2021,Celtic,Leverkusen,€4.00m,€11.00m
Jeremie Frimpong,19/20,02/09/2019,Man City U23,Celtic,-,€380k
Léo Baptistão,22/23,11/08/2022,Santos,UD Almería,€1.50m,€1.50m
Léo Baptistão,18/19,31/01/2019,Espanyol,WH Zall,€6.00m,€5.80m
Léo Baptistão,16/17,09/07/2016,Atlético,Espanyol,€4.00m,€7.00m
Léo Baptistão,13/14,01/07/2013,Rayo Vallecano,Atlético,€7.00m,€7.00m
Luis Javier Suárez,25/26,28/07/2025,UD Almería,Sporting,€8.00m,€22.95m
Luis Javier Suárez,23/24,01/07/2023,Marseille,UD Almería,€8.00m,€8.00m
Luis Javier Suárez,22/23,20/07/2022,Granada CF,Marseille,€9.00m,€10.00m
Luis Javier Suárez,20/21,02/10/2020,Watford,Granada CF,€7.50m,€10.00m
Brian Oliván,17/18,01/07/2017,Granada B,Cádiz CF,€600k,€500k
Ignasi Miquel,18/19,04/08/2018,Málaga CF,Getafe,€1.50m,€5.00m
Ignasi Miquel,17/18,07/12/2017,CD Lugo,Málaga CF,€700k,€500k
Ignasi Miquel,14/15,01/09/2014,Arsenal,Norwich,€400k,€1.90m
Ignasi Miquel,08/09,01/07/2008,Cornellà Youth,Arsenal U18,-,€1.25m
Boštjan Cesar,08/09,01/01/2009,Marseille,Grenoble,€900k,€400k
Boštjan Cesar,05/06,01/07/2005,Dinamo Zagreb,Marseille,€1.00m,€2.50m
Frank Onyeka,21/22,20/07/2021,Midtjylland,Brentford,€6.00m,€10.00m
Ji Dong-won,N/A,N/A,N/A,N/A,N/A,N/A
Linton Maina,N/A,N/A,N/A,N/A,N/A,N/A
Álvaro Vadillo,21/22,01/07/2021,Celta de Vigo,Espanyol,€700k,€1.80m
Tyronne Ebuehi,N/A,N/A,N/A,N/A,N/A,N/A
Sergi Canós,23/24,20/08/2023,Brentford,Valencia,€9.00m,€250k
Sergi Canós,16/17,31/01/2017,Norwich,Brentford,€2.50m,€2.90m
Sergi Canós,16/17,13/07/2016,Liverpool U23,Norwich,€750k,€3.00m
Stiven Mendoza,22/23,01/01/2023,Ceará SC,Santos,€1.50m,€1.00m
Stiven Mendoza,20/21,27/02/2021,Amiens SC,Ceará SC,€3.00m,€600k
Stiven Mendoza,17/18,17/01/2018,Corinthians,Amiens SC,€1.25m,€1.00m
Hwang Ui-jo,22/23,26/08/2022,G. Bordeaux,Nott'm Forest,€7.00m,€4.00m
Hwang Ui-jo,19/20,14/07/2019,Gamba Osaka,G. Bordeaux,€1.60m,€2.00m
Hwang Ui-jo,17/18,01/07/2017,Seongnam FC,Gamba Osaka,€275k,€1.53m
Luca Caldirola,21/22,17/07/2021,Benevento,Monza,€1.80m,€800k
Luca Caldirola,13/14,02/07/2013,Inter,Werder Bremen,€3.00m,€2.25m
Luca Caldirola,13/14,01/07/2013,Cesena,Inter,€3.00m,€2.50m
Luca Caldirola,12/13,01/07/2012,Inter,Cesena,€2.50m,€2.50m
Kastriot Dermaku,N/A,N/A,N/A,N/A,N/A,N/A
Odsonne Édouard,25/26,01/09/2025,Crystal Palace,Lens,€8.00m,€3.70m
Odsonne Édouard,21/22,31/08/2021,Celtic,Crystal Palace,€17.00m,€16.30m
Odsonne Édouard,18/19,01/07/2018,PSG,Celtic,€1.50m,€10.30m
André Schürrle,16/17,22/07/2016,Wolfsburg,Dortmund,€25.00m,€30.00m
André Schürrle,14/15,02/02/2015,Chelsea,Wolfsburg,€23.00m,€32.00m
André Schürrle,13/14,01/07/2013,Leverkusen,Chelsea,€25.00m,€22.00m
André Schürrle,11/12,01/07/2011,Mainz,Leverkusen,€12.50m,€14.00m
Vasco Regini,08/09,01/01/2009,Cesena,Sampdoria,-,€600k
Ambroise Oyongo,N/A,N/A,N/A,N/A,N/A,N/A
Manu Vallejo,19/20,01/07/2019,Cádiz CF,Valencia,€5.00m,€5.50m
Raphael Framberger,N/A,N/A,N/A,N/A,N/A,N/A
Hannes Wolf,21/22,01/07/2021,Leipzig,Mönchengladbach,€8.00m,€9.50m
Hannes Wolf,19/20,01/07/2019,Salzburg,Leipzig,€12.00m,€12.00m
Stéphane Bahoken,N/A,N/A,N/A,N/A,N/A,N/A
Cheick Traoré,N/A,N/A,N/A,N/A,N/A,N/A
Josh Sargent,25/26,27/02/2026,Norwich,Toronto,€20.00m,€18.65m
Josh Sargent,21/22,09/08/2021,Werder Bremen,Norwich,€8.00m,€9.50m
Sergi Guardiola,23/24,01/07/2023,Real Valladolid,Cádiz CF,€2.00m,€1.00m
Sergi Guardiola,18/19,25/01/2019,Córdoba CF,Real Valladolid,€3.00m,€3.00m
Jairo Izquierdo,24/25,30/01/2025,FC Cartagena,Elche CF,€800k,€300k
Jairo Izquierdo,18/19,18/08/2018,Extremadura,Girona,€250k,€200k
Aritz Aduriz,12/13,01/07/2012,Valencia,Athletic Club,€4.00m,€2.50m
Aritz Aduriz,10/11,01/07/2010,RCD Mallorca,Valencia,€7.00m,€4.30m
Aritz Aduriz,08/09,01/08/2008,Athletic Club,RCD Mallorca,€3.80m,€6.00m
Aritz Aduriz,05/06,01/01/2006,Real Valladolid,Athletic Club,-,€3.00m
Pere Milla,23/24,15/08/2023,Elche CF,Espanyol,€3.00m,€3.00m
Kike Barja,N/A,N/A,N/A,N/A,N/A,N/A
Jay Rodriguez,19/20,09/07/2019,West Brom,Burnley,€10.00m,€10.00m
Jay Rodriguez,17/18,02/07/2017,Southampton,West Brom,€10.00m,€13.70m
Jay Rodriguez,12/13,01/07/2012,Burnley,Southampton,€5.00m,€8.65m
Harrison Manzala,18/19,13/07/2018,Amiens SC,Angers SCO,€1.50m,€1.00m
Nordin Amrabat,18/19,16/07/2018,Watford,Al-Nassr,€3.00m,€8.50m
Nordin Amrabat,15/16,18/01/2016,Málaga CF,Watford,€6.00m,€8.40m
Nordin Amrabat,15/16,05/08/2015,Galatasaray,Málaga CF,€6.00m,€3.50m
Nordin Amrabat,12/13,21/07/2012,Kayserispor,Galatasaray,€6.00m,€8.60m
Nordin Amrabat,10/11,05/01/2011,PSV,Kayserispor,€2.75m,€1.10m
Nordin Amrabat,08/09,01/07/2008,VVV-Venlo,PSV,€2.00m,€2.30m
Nordin Amrabat,07/08,01/07/2007,FC Omniworld,VVV-Venlo,-,€75k
Kevin Schade,23/24,01/07/2023,Freiburg,Brentford,€25.00m,€25.00m
Kevin Schade,18/19,01/07/2018,E. Cottbus U17,SC Freiburg U19,-,€250k
Miguel Ángel Guerrero,N/A,N/A,N/A,N/A,N/A,N/A
Matthew Hoppe,22/23,10/08/2022,RCD Mallorca,Middlesbrough,€1.00m,€3.00m
Matthew Hoppe,21/22,31/08/2021,FC Schalke 04,RCD Mallorca,€4.50m,€3.50m
Nathan Dyer,08/09,01/01/2009,Southampton,Swansea,€300k,€600k
Rafael Borré,23/24,05/03/2024,Frankfurt,Internacional,€8.00m,€6.50m
Rafael Borré,17/18,07/08/2017,Atlético,River Plate,€2.00m,€3.50m
Rafael Borré,15/16,28/08/2015,Deportivo Cali,Atlético,-,€5.00m
Yan Valery,24/25,01/07/2024,Angers SCO,Sheff Wed,€2.00m,€474k
Lois Diony,17/18,07/07/2017,Dijon,Saint-Étienne,€3.00m,€10.00m
Francesco Zampano,19/20,01/07/2019,Pescara,Frosinone,€1.50m,€1.50m
Francesco Zampano,15/16,23/07/2015,Hellas Verona,Pescara,€1.00m,€850k
Francesco Zampano,11/12,01/07/2011,Sampdoria U17,Virtus Entella,-,€276k
Arnaud Lusamba,16/17,19/07/2016,AS Nancy,Nice,€2.00m,€2.50m
Jon Morcillo,25/26,15/01/2026,Albacete,UD Almería,€2.00m,€500k
Issa Cissokho,15/16,20/07/2015,FC Nantes,Genoa,€2.00m,€500k
Marco D'Alessandro,20/21,27/01/2021,SPAL,Monza,€1.80m,€250k
Marco D'Alessandro,20/21,01/09/2020,Atalanta,SPAL,€1.80m,€2.00m
Marco D'Alessandro,14/15,02/07/2014,Roma,Atalanta,€1.60m,€2.50m
Martín Mantovani,N/A,N/A,N/A,N/A,N/A,N/A
Jon Guridi,N/A,N/A,N/A,N/A,N/A,N/A
Jens Petter Hauge,24/25,30/01/2025,Frankfurt,Bodø/Glimt,€4.50m,€4.00m
Jens Petter Hauge,22/23,01/07/2022,AC Milan,Frankfurt,€8.00m,€8.20m
Jens Petter Hauge,20/21,01/10/2020,Bodø/Glimt,AC Milan,€1.00m,€4.80m
Antonio Puertas,N/A,N/A,N/A,N/A,N/A,N/A
Ismaëlben Boura,N/A,N/A,N/A,N/A,N/A,N/A
Henrique,24/25,20/01/2025,Botafogo,Zenit S-Pb,€22.00m,€33.00m
Henrique,23/24,01/02/2024,Real Betis,Botafogo,€12.00m,€16.00m
Henrique,22/23,01/07/2022,Fluminense,Real Betis,€12.00m,€10.40m
Fede Vico,19/20,01/07/2019,CD Leganés,Granada CF,€1.50m,€250k
Fede Vico,13/14,01/07/2013,Córdoba CF,RSC Anderlecht,€1.50m,€1.50m
Milan Đurić,N/A,N/A,N/A,N/A,N/A,N/A
Mamadou Coulibaly,N/A,N/A,N/A,N/A,N/A,N/A
Takashi Inui,19/20,24/07/2019,Real Betis,SD Eibar,€4.00m,€2.00m
Takashi Inui,15/16,26/08/2015,Frankfurt,SD Eibar,€2.50m,€500k
Takashi Inui,12/13,03/07/2012,VfL Bochum,Frankfurt,€2.25m,€1.45m
Takashi Inui,11/12,01/08/2011,Cerezo Osaka,VfL Bochum,€1.50m,€500k
Danny Simpson,14/15,30/08/2014,QPR,Leicester,€2.50m,€2.50m
Danny Simpson,09/10,20/01/2010,Man Utd,Newcastle,€1.10m,€865k
Fabio Borini,18/19,01/07/2018,Sunderland,AC Milan,€7.00m,€5.50m
Fabio Borini,15/16,31/08/2015,Liverpool,Sunderland,€7.00m,€10.70m
Fabio Borini,12/13,13/07/2012,Roma,Liverpool,€9.00m,€13.30m
Fabio Borini,11/12,23/01/2012,Parma,Roma,€4.80m,€7.60m
Fabio Borini,11/12,02/07/2011,Chelsea,Parma,€100k,€360k
Fabio Borini,07/08,01/07/2007,Bologna Youth,Chelsea U18,-,€350k
Rubén Sobrino,18/19,31/01/2019,Alavés,Valencia,€3.00m,€5.00m
Rubén Sobrino,17/18,06/07/2017,Man City,Alavés,€500k,€2.00m
Rubén Sobrino,15/16,28/08/2015,Ponferradina,Man City,€500k,€550k
Rubén Sobrino,14/15,07/08/2014,RM Castilla,Ponferradina,-,€275k
Raoul Bellanova,24/25,22/08/2024,Torino,Atalanta,€15.00m,€24.30m
Raoul Bellanova,23/24,01/07/2023,Cagliari,Torino,€5.00m,€7.00m
Raoul Bellanova,22/23,01/07/2022,G. Bordeaux,Cagliari,€7.00m,€700k
Raoul Bellanova,18/19,30/01/2019,Milan U19,G. Bordeaux,-,€770k
Lorenzo Ariaudo,13/14,04/01/2014,Cagliari,Sassuolo,€1.50m,€800k
Lorenzo Ariaudo,10/11,01/07/2010,Juventus,Cagliari,€1.30m,€3.80m
Connor Roberts,21/22,31/08/2021,Swansea,Burnley,€4.50m,€2.90m
Victor Perea,N/A,N/A,N/A,N/A,N/A,N/A
Phil Bardsley,17/18,25/07/2017,Stoke City,Burnley,€1.50m,€840k
Phil Bardsley,07/08,22/01/2008,Man Utd,Sunderland,€1.25m,€3.00m
Mirco Antenucci,14/15,21/08/2014,Ternana,Leeds,€1.70m,€750k
Mirco Antenucci,14/15,01/07/2014,Catania,Ternana,€1.40m,€1.00m
Mirco Antenucci,12/13,01/07/2012,Torino,Catania,€2.30m,€1.10m
Mirco Antenucci,10/11,23/01/2011,Catania,Torino,€1.50m,€2.80m
Michael Lang,18/19,01/07/2018,Basel,Mönchengladbach,€5.75m,€2.80m
Michael Lang,11/12,01/07/2011,FC St. Gallen,Grasshoppers,€600k,€300k
Anthony Lozano,24/25,12/07/2024,Getafe,Santos Laguna,€1.20m,€2.00m
Anthony Lozano,20/21,04/08/2020,Girona,Cádiz CF,€1.00m,€2.50m
Anthony Lozano,17/18,30/01/2018,Barcelona B,Girona,€1.50m,€1.75m
Anthony Lozano,17/18,17/07/2017,CD Olimpia,Barcelona B,€800k,€1.50m
Myziane Maolida,24/25,22/08/2024,Hertha BSC,Al-Kholood ,€900k,€600k
Myziane Maolida,21/22,31/08/2021,Nice,Hertha BSC,€7.00m,€4.00m
Myziane Maolida,18/19,13/08/2018,Lyon,Nice,€4.50m,€10.00m
Luis Rioja,24/25,22/08/2024,Alavés,Valencia,€4.00m,€1.20m
Luis Rioja,19/20,01/07/2019,UD Almería,Alavés,€1.50m,€2.00m
Luis Rioja,18/19,23/07/2018,Marbella FC,UD Almería,€300k,€150k
Marvin Ducksch,25/26,07/08/2025,Werder Bremen,Birmingham,€6.00m,€2.00m
Marvin Ducksch,21/22,25/08/2021,Hannover 96,Werder Bremen,€2.00m,€4.00m
Marvin Ducksch,19/20,01/07/2019,F. Düsseldorf,Hannover 96,€1.50m,€1.50m
Marvin Ducksch,18/19,01/07/2018,St. Pauli,F. Düsseldorf,€3.00m,€2.25m
Marvin Ducksch,16/17,01/07/2016,B. Dortmund II,St. Pauli,€700k,€250k
Toni Moya,N/A,N/A,N/A,N/A,N/A,N/A
Éder,16/17,22/07/2016,Peñarol,RM Castilla,€450k,€5.00m
Jonás Ramalho,21/22,05/07/2021,Girona,CA Osasuna,€1.00m,€700k
Cenk Tosun,17/18,05/01/2018,Besiktas,Everton,€10.50m,€22.50m
Cenk Tosun,10/11,29/01/2011,Frankfurt,Gaziantepspor,€400k,€550k
Rico Henry,N/A,N/A,N/A,N/A,N/A,N/A
Víctor Chust,22/23,06/07/2022,Real Madrid,Cádiz CF,€2.50m,€1.00m
Oier Zarraga,N/A,N/A,N/A,N/A,N/A,N/A
Markel Bergara,N/A,N/A,N/A,N/A,N/A,N/A
Frédéric Sammaritano,10/11,31/08/2010,Vannes,AJ Auxerre,€800k,€500k
Alessandro Buongiorno,24/25,13/07/2024,Torino,Napoli,€35.00m,€36.50m
Federico Di Francesco,23/24,31/08/2023,Lecce,Palermo,€1.80m,€1.30m
Federico Di Francesco,22/23,31/07/2022,SPAL,Lecce,€2.00m,€800k
Federico Di Francesco,21/22,01/07/2021,Sassuolo,SPAL,€2.50m,€4.50m
Federico Di Francesco,18/19,04/07/2018,Bologna,Sassuolo,€3.50m,€7.45m
Federico Di Francesco,16/17,01/07/2016,Virtus Lanciano,Bologna,€1.00m,€1.40m
Sekou Mara,24/25,21/08/2024,Southampton,R. Strasbourg,€6.00m,€12.00m
Sekou Mara,22/23,25/07/2022,G. Bordeaux,Southampton,€3.00m,€11.50m
Petko Hristov,17/18,17/07/2017,Slavia Sofia,Fiorentina,€75k,€1.70m
Jacob Barrett Laursen,23/24,21/08/2023,Standard Liège,Häcken,€1.20m,€500k
Jacob Barrett Laursen,22/23,23/07/2022,Arm. Bielefeld,Standard Liège,€1.70m,€750k
Jacob Barrett Laursen,14/15,03/07/2014,Juventus U19,Odense BK,€500k,€100k
Jacob Barrett Laursen,12/13,22/07/2012,Aalborg BK U19,Juventus U19,-,€1.00m
Jon Ander Garrido,N/A,N/A,N/A,N/A,N/A,N/A
Sebastian Polter,22/23,01/07/2022,VfL Bochum,FC Schalke 04,€2.20m,€1.50m
Sebastian Polter,16/17,10/01/2017,QPR,Union Berlin,€2.00m,€1.60m
Sebastian Polter,15/16,02/07/2015,Mainz,QPR,€1.50m,€2.30m
Sebastian Polter,13/14,01/07/2013,Wolfsburg,Mainz,€1.50m,€750k
Aleksandar Sedlar,16/17,01/07/2016,Metalac,Piast Gliwice,€400k,€80k
Vahid Selimović,18/19,15/01/2019,FC Metz,Apol. Limassol,€300k,€600k
Ivan Santini,19/20,29/07/2019,RSC Anderlecht,JS Suning,€3.50m,€5.00m
Ivan Santini,18/19,03/07/2018,SM Caen,RSC Anderlecht,€5.00m,€3.00m
Ivan Santini,16/17,03/08/2016,Standard Liège,SM Caen,€2.20m,€2.50m
Ivan Santini,15/16,01/07/2015,KV Kortrijk,Standard Liège,€2.50m,€1.60m
Kean Bryan,N/A,N/A,N/A,N/A,N/A,N/A
Ivan Cavaleiro,19/20,07/01/2020,Wolves,Fulham,€10.00m,€11.80m
Ivan Cavaleiro,16/17,31/08/2016,Monaco,Wolves,€7.50m,€8.00m
Ivan Cavaleiro,15/16,10/07/2015,Benfica,Monaco,€3.50m,€15.00m
Rick van Drongelen,23/24,12/07/2023,Union Berlin,Samsunspor,€1.00m,€200k
Rick van Drongelen,21/22,01/07/2021,Hamburg,Union Berlin,€2.50m,€500k
Rick van Drongelen,17/18,03/08/2017,Sparta R.,Hamburg,€900k,€3.00m
Samuel Bastien,24/25,08/08/2024,Burnley,Fortuna Sittard,€1.10m,€250k
Samuel Bastien,22/23,05/07/2022,Standard Liège,Burnley,€2.20m,€800k
Samuel Bastien,18/19,01/07/2018,Chievo Verona,Standard Liège,€2.50m,€3.00m
Samuel Bastien,16/17,25/08/2016,RSC Anderlecht,Chievo Verona,€800k,€1.30m
Baba Rahman,15/16,16/08/2015,Augsburg,Chelsea,€10.00m,€26.00m
Baba Rahman,14/15,12/08/2014,Greuther Fürth,Augsburg,€1.50m,€2.50m
Fin Bartels,N/A,N/A,N/A,N/A,N/A,N/A
Riccardo Marchizza,23/24,13/07/2023,Sassuolo,Frosinone,€1.00m,€1.30m
Riccardo Marchizza,17/18,13/07/2017,Roma,Sassuolo,€450k,€6.00m
Stéphane Darbion,N/A,N/A,N/A,N/A,N/A,N/A
Isaac Mbenza,19/20,09/07/2019,Montpellier,Huddersfield,€5.00m,€12.50m
Isaac Mbenza,16/17,30/01/2017,Standard Liège,Montpellier,€1.20m,€1.70m
Isaac Mbenza,16/17,27/07/2016,Valenciennes FC,Standard Liège,€800k,€1.50m
Rachid Alioui,N/A,N/A,N/A,N/A,N/A,N/A
Jannes Horn,17/18,01/07/2017,Wolfsburg,1.FC Köln,€4.00m,€7.00m
Marius Bülter,25/26,31/07/2025,Hoffenheim,1.FC Köln,€2.50m,€1.00m
Marius Bülter,23/24,06/07/2023,FC Schalke 04,Hoffenheim,€3.00m,€3.00m
Marius Bülter,21/22,01/07/2021,Union Berlin,FC Schalke 04,€1.70m,€800k
Marius Bülter,20/21,01/07/2020,1.FC Magdeburg,Union Berlin,€2.40m,€1.50m
Amath,24/25,01/07/2024,RCD Mallorca,Real Valladolid,€1.50m,€2.00m
Amath,21/22,01/07/2021,Getafe,RCD Mallorca,€4.00m,€3.00m
Amath,17/18,10/08/2017,Atlético,Getafe,€1.00m,€3.00m
Stoppila Sunzu,18/19,09/07/2018,Lille,FC Metz,€2.00m,€800k
Stoppila Sunzu,14/15,01/01/2015,FC Sochaux,SH Shenhua,€2.00m,€3.00m
Stoppila Sunzu,13/14,03/01/2014,TP Mazembe,FC Sochaux,€600k,€1.00m
Gaku Shibasaki,N/A,N/A,N/A,N/A,N/A,N/A
Bobby Reid,19/20,24/01/2020,Cardiff,Fulham,€10.00m,€8.90m
Bobby Reid,18/19,01/07/2018,Bristol City,Cardiff,€3.00m,€11.35m
Romain Philippoteaux,20/21,22/09/2020,Nîmes Olympique,Stade Brestois,€800k,€500k
Romain Philippoteaux,19/20,01/07/2019,AJ Auxerre,Nîmes Olympique,€1.00m,€300k
Romain Philippoteaux,17/18,06/07/2017,FC Lorient,AJ Auxerre,€2.00m,€850k
Romain Philippoteaux,14/15,01/02/2015,Dijon,FC Lorient,€1.50m,€2.50m
Nabil El Zhar,99/00,01/07/1999,Olympique Alès,Nîmes Ol. U19,-,€15k
Bruno Martins Indi,17/18,10/08/2017,Porto,Stoke City,€11.00m,€7.70m
Bruno Martins Indi,14/15,15/07/2014,Feyenoord,Porto,€6.00m,€7.70m
Franco Russo,25/26,02/07/2025,Querétaro FC,Qatar SC,€800k,€1.00m
Franco Russo,25/26,01/07/2025,Ludogorets,Querétaro FC,€800k,€1.00m
Franco Russo,22/23,16/01/2023,RCD Mallorca,Ludogorets,€1.00m,€1.10m
Divock Origi,14/15,29/07/2014,Lille,Liverpool,€1.00m,€12.63m
Herbert Bockhorn,19/20,08/07/2019,B. Dortmund II,Huddersfield,€150k,€300k
Loïck Landre,18/19,01/07/2018,Genoa,Nîmes Olympique,€200k,€150k
Robert Bauer,16/17,23/08/2016,FC Ingolstadt,Werder Bremen,€2.00m,€2.50m
Benoît Assou-Ekotto,06/07,01/07/2006,Lens,Tottenham,€2.80m,€5.00m
Unai García,N/A,N/A,N/A,N/A,N/A,N/A
Leo Skiri Østigård,25/26,31/01/2026,Stade Rennais,Genoa,€10.00m,€2.50m
Leo Skiri Østigård,24/25,30/07/2024,Napoli,Stade Rennais,€8.00m,€7.37m
Leo Skiri Østigård,22/23,18/07/2022,Brighton,Napoli,€5.00m,€5.50m
Leo Skiri Østigård,18/19,08/08/2018,Molde FK,Brighton,€50k,€110k
Junior Hoilett,12/13,27/07/2012,Blackburn,QPR,€9.00m,€3.75m
Mathieu Bodmer,10/11,02/07/2010,Lyon,PSG,€5.50m,€2.50m
Mathieu Bodmer,07/08,01/07/2007,Lille,Lyon,€10.00m,€6.80m
Mathieu Bodmer,03/04,01/07/2003,SM Caen,Lille,-,€1.00m
Ilaix Moriba,25/26,01/07/2025,Leipzig,Celta de Vigo,€6.00m,€6.00m
Ilaix Moriba,21/22,31/08/2021,Barcelona,Leipzig,€25.00m,€16.60m
Riccardo Sottil,15/16,01/02/2016,Torino U17,Fiorentina U17,-,€500k
Alessandro Gamberini,14/15,24/07/2014,Napoli,Chievo Verona,€1.00m,€300k
Alessandro Gamberini,12/13,16/07/2012,Fiorentina,Napoli,€6.50m,€1.75m
Alessandro Gamberini,05/06,04/07/2005,Bologna,Fiorentina,€300k,€3.00m
Alessandro Gamberini,00/01,01/07/2000,Bologna,Juventus,-,€2.32m
Alen Halilović,16/17,21/07/2016,Barcelona,Hamburg,€10.00m,€5.00m
Alen Halilović,14/15,01/07/2014,Dinamo Zagreb,Barcelona B,€6.50m,€5.00m
Igor Carioca,N/A,N/A,N/A,N/A,N/A,N/A
Florian Hübner,18/19,01/07/2018,Hannover 96,Union Berlin,€750k,€500k
Florian Hübner,16/17,01/07/2016,SV Sandhausen,Hannover 96,€800k,€500k
Diego Lainez,23/24,01/08/2023,Real Betis,Tigres UANL,€2.50m,€6.00m
Diego Lainez,18/19,10/01/2019,América,Real Betis,€1.50m,€14.00m
David McGoldrick,09/10,01/07/2009,Southampton,Nott'm Forest,€1.50m,€1.88m
Simon Sohm,25/26,04/08/2025,Parma,Fiorentina,€5.00m,€15.00m
Simon Sohm,20/21,04/10/2020,FC Zürich,Parma,€1.10m,€6.40m
Anthony Ujah,19/20,01/07/2019,Mainz,Union Berlin,€1.50m,€2.00m
Anthony Ujah,17/18,01/01/2018,Liaoning FC,Mainz,€3.00m,€3.80m
Anthony Ujah,16/17,07/07/2016,Werder Bremen,Liaoning FC,€5.50m,€11.50m
Anthony Ujah,15/16,01/07/2015,1.FC Köln,Werder Bremen,€4.50m,€4.50m
Anthony Ujah,13/14,08/07/2013,Mainz,1.FC Köln,€1.75m,€2.30m
Anthony Ujah,11/12,01/07/2011,Lillestrøm SK,Mainz,€2.60m,€2.30m
Ben Zolinski,N/A,N/A,N/A,N/A,N/A,N/A
Adama Niane,N/A,N/A,N/A,N/A,N/A,N/A
Karlan Grant,20/21,15/10/2020,Huddersfield,West Brom,€8.00m,€16.50m
Karlan Grant,18/19,30/01/2019,Charlton,Huddersfield,€200k,€1.70m
Caiuby,14/15,11/07/2014,FC Ingolstadt,Augsburg,€1.00m,€1.00m
Caiuby,08/09,01/08/2008,Guaratinguetá,Wolfsburg,€50k,€2.50m
Dani Castellano,07/08,01/01/2008,Las Palmas B,RCD Mallorca B ,€100k,€30k
Álex Collado,25/26,01/07/2025,Real Betis,Al-Shamal SC,€2.20m,€2.50m
Álex Collado,23/24,27/07/2023,Barcelona,Real Betis,€3.00m,€500k
Senna Miangue,22/23,01/07/2022,Cagliari,Cercle Brugge,€800k,€300k
Senna Miangue,17/18,01/07/2017,Inter,Cagliari,€1.80m,€3.20m
Kouadio-Yves Dabila,N/A,N/A,N/A,N/A,N/A,N/A
Yunus Musah,23/24,04/08/2023,Valencia,AC Milan,€18.00m,€21.20m
Jimmy Briand,10/11,01/07/2010,Stade Rennais,Lyon,€7.80m,€6.00m
Diego Laxalt,21/22,01/07/2021,AC Milan,Dynamo Moscow,€3.20m,€3.50m
Diego Laxalt,18/19,17/08/2018,Genoa,AC Milan,€18.00m,€19.00m
Diego Laxalt,16/17,30/07/2016,Inter,Genoa,€5.50m,€5.80m
Diego Laxalt,13/14,30/07/2013,Defensor SC,Inter,€2.30m,€2.30m
Jens Stryger Larsen,17/18,24/08/2017,Austria Vienna,Udinese,€1.00m,€500k
Jens Stryger Larsen,14/15,01/07/2014,Nordsjaelland,Austria Vienna,€800k,€670k
Joe Bennett,12/13,29/08/2012,Middlesbrough,Aston Villa,€1.25m,€3.15m
Vedat Muriqi,22/23,22/07/2022,Lazio,RCD Mallorca,€7.00m,€8.02m
Vedat Muriqi,20/21,15/09/2020,Fenerbahçe,Lazio,€12.00m,€21.00m
Vedat Muriqi,19/20,07/07/2019,C. Rizespor,Fenerbahçe,€2.50m,€5.60m
Vedat Muriqi,17/18,11/01/2018,Genclerbirligi,C. Rizespor,€900k,€500k
Vedat Muriqi,16/17,01/07/2016,Giresunspor,Genclerbirligi,€800k,€550k
Issa Kaboré,20/21,29/07/2020,KV Mechelen,Man City,€1.30m,€4.50m
Mads Pedersen,19/20,01/07/2019,Nordsjaelland,Augsburg,€900k,€800k
Maxime Estève,24/25,01/07/2024,Montpellier,Burnley,€7.00m,€12.00m
Maranhão,24/25,22/05/2025,Operário-PR,Coritiba FC,€100k,€197k
Alfredo Donnarumma,22/23,01/07/2022,Brescia,Ternana,€1.50m,€800k
Alfredo Donnarumma,18/19,13/07/2018,FC Empoli,Brescia,€2.00m,€1.80m
Alfredo Donnarumma,15/16,16/07/2015,Pescara,Teramo,€600k,€300k
Alfredo Donnarumma,14/15,01/07/2014,Cittadella,Pescara,€300k,€300k
Alfredo Donnarumma,13/14,02/09/2013,Catania,Cittadella,€300k,€600k
Viktor Kovalenko,20/21,01/02/2021,Shakhtar D.,Atalanta,€6.00m,€600k
Jules Iloki,N/A,N/A,N/A,N/A,N/A,N/A
Enock Mwepu,21/22,06/07/2021,Salzburg,Brighton,€13.00m,€23.00m
Bryan Pelé,14/15,29/01/2015,FC Lorient,Stade Brestois,€800k,€200k
Dango Ouattara,25/26,16/08/2025,Bournemouth,Brentford,€28.00m,€42.80m
Dango Ouattara,22/23,19/01/2023,FC Lorient,Bournemouth,€10.00m,€22.50m
Nico Williams,N/A,N/A,N/A,N/A,N/A,N/A
Marc Navarro,18/19,01/07/2018,Espanyol,Watford,€2.00m,€2.00m
Jack Robinson,19/20,12/07/2019,Preston,Sheff Utd,€4.50m,€7.80m
José Izquierdo,17/18,20/08/2017,Club Brugge,Brighton,€14.00m,€18.00m
José Izquierdo,14/15,30/08/2014,Once Caldas,Club Brugge,€300k,€5.01m
Scott Arfield,10/11,01/07/2010,Falkirk,Huddersfield,€1.00m,€460k
Vassilis Lambropoulos,N/A,N/A,N/A,N/A,N/A,N/A
Collin Quaner,16/17,20/01/2017,Union Berlin,Huddersfield,€600k,€500k
Guilherme Ramos,25/26,31/01/2026,Hamburg,BJ Guoan,€700k,€100k
Guilherme Ramos,21/22,01/07/2021,Feirense,Arm. Bielefeld,€800k,€1.20m
Guilherme Ramos,19/20,01/07/2019,Sporting CP U23,Feirense,€350k,€600k
Alexis,23/24,01/07/2023,Brighton,Liverpool,€65.00m,€42.00m
Alexis,18/19,24/01/2019,Argentinos Jrs.,Brighton,€5.00m,€8.00m
Pablo Galdames Millán,N/A,N/A,N/A,N/A,N/A,N/A
Pedro Pereira,N/A,N/A,N/A,N/A,N/A,N/A
Benjamin Corgnet,13/14,11/07/2013,FC Lorient,Saint-Étienne,€5.00m,€5.00m
Benjamin Corgnet,12/13,04/09/2012,Dijon,FC Lorient,€4.50m,€4.00m
Aaron Hickey,22/23,09/07/2022,Bologna,Brentford,€18.00m,€14.25m
Aaron Hickey,20/21,24/09/2020,Heart of Midl.,Bologna,€600k,€1.70m
Aleandro Rosi,14/15,05/07/2014,Parma,Genoa,€1.00m,€1.00m
Aleandro Rosi,10/11,01/07/2010,AC Siena,Roma,€2.50m,€1.90m
Aleandro Rosi,09/10,01/07/2009,Roma,AC Siena,€1.50m,€1.20m
Waldo Rubio,N/A,N/A,N/A,N/A,N/A,N/A
Nadir Zortea,25/26,20/08/2025,Cagliari,Bologna,€5.00m,€7.50m
Nadir Zortea,24/25,17/07/2024,Atalanta,Cagliari,€3.00m,€5.30m
Nadir Zortea,14/15,01/07/2014,Feltreseprealpi,Atalanta Youth,-,€2k
Tyler Roberts,25/26,02/02/2026,Birmingham,Mansfield Town,€2.00m,€50k
Tyler Roberts,23/24,01/07/2023,Leeds,Birmingham,€3.00m,€430k
Tyler Roberts,17/18,31/01/2018,West Brom U23,Leeds,€250k,€2.85m
Tete Morente,20/21,16/09/2020,Málaga CF,Elche CF,€400k,€500k
Marco Stiepermann,17/18,06/08/2017,VfL Bochum,Norwich,€900k,€1.70m
Marco Stiepermann,16/17,01/07/2016,Greuther Fürth,VfL Bochum,€850k,€850k
Marco Stiepermann,12/13,01/07/2012,Dortmund,Energie Cottbus,€400k,€200k
Lamine Gueye,N/A,N/A,N/A,N/A,N/A,N/A
Massimo Coda,24/25,12/07/2024,Genoa,Sampdoria,€1.00m,€400k
Massimo Coda,22/23,01/07/2022,Lecce,Genoa,€1.50m,€1.50m
Massimo Coda,17/18,01/07/2017,Salernitana,Benevento,€1.80m,€1.70m
Massimo Coda,11/12,01/07/2011,Cremonese,Bologna,€300k,€150k
Massimo Coda,08/09,01/08/2008,Bologna,Cremonese,€50k,€150k
Massimo Coda,08/09,01/07/2008,Treviso,Bologna,€50k,€400k
Massimo Coda,07/08,01/07/2007,Cisco Roma,Treviso,€50k,€350k
Gaëtan Bong,19/20,30/01/2020,Brighton,Nott'm Forest,€2.00m,€500k
Gaëtan Bong,13/14,20/08/2013,Valenciennes FC,Olympiacos,€2.50m,€1.00m
Gaëtan Bong,09/10,28/07/2009,FC Metz,Valenciennes FC,€1.00m,€700k
Diego Rolán,18/19,17/07/2018,G. Bordeaux,Dep. La Coruña,€3.50m,€6.00m
Diego Rolán,12/13,31/01/2013,Defensor SC,G. Bordeaux,€2.00m,€2.80m
Ander Barrenetxea,N/A,N/A,N/A,N/A,N/A,N/A
Abdul Majeed Waris,20/21,01/07/2020,FC Porto B,R. Strasbourg,€2.40m,€2.00m
Abdul Majeed Waris,18/19,01/07/2018,FC Lorient,Porto,€2.50m,€5.20m
Abdul Majeed Waris,15/16,06/08/2015,Trabzonspor,FC Lorient,€4.25m,€4.73m
Abdul Majeed Waris,14/15,01/09/2014,Spartak Moscow,Trabzonspor,€2.50m,€6.90m
Abdul Majeed Waris,12/13,01/01/2013,Häcken,Spartak Moscow,€1.50m,€2.90m
Casimir Ninga,19/20,08/08/2019,SM Caen,Angers SCO,€3.00m,€3.00m
Casimir Ninga,18/19,04/07/2018,Montpellier,SM Caen,€1.50m,€2.00m
Casimir Ninga,15/16,31/08/2015,Mangasport,Montpellier,-,€75k
Sergio Pellissier,N/A,N/A,N/A,N/A,N/A,N/A
Pasquale Mazzocchi,23/24,05/01/2024,Salernitana,Napoli,€4.00m,€3.00m
Pasquale Mazzocchi,22/23,01/07/2022,Venezia,Salernitana,€1.50m,€1.00m
Pasquale Mazzocchi,20/21,23/09/2020,Perugia,Venezia,€400k,€300k
Pasquale Mazzocchi,18/19,09/07/2018,Parma,Perugia,€600k,€280k
Hidde ter Avest,N/A,N/A,N/A,N/A,N/A,N/A
Raúl Torrente,N/A,N/A,N/A,N/A,N/A,N/A
Beto,97/98,07/01/1998,EC Vitória,Botafogo,-,€500k
Beto,96/97,21/01/1997,Sevilla FC,EC Vitória,-,€3.00m
Beto,96/97,05/11/1996,Flamengo,Sevilla FC,-,€3.60m
Beto,95/96,03/06/1996,Dep. La Coruña,Flamengo,-,€2.50m
Beto,92/93,16/07/1992,Vasco da Gama,Dep. La Coruña,-,€1.50m
Luis Pérez,N/A,N/A,N/A,N/A,N/A,N/A
Cheikh N'Doye,N/A,N/A,N/A,N/A,N/A,N/A
Saman Ghoddos,18/19,23/08/2018,Östersund,Amiens SC,€1.75m,€4.00m
Saman Ghoddos,15/16,01/01/2016,Syrianska FC,Östersund,€225k,€75k
Antonio Rukavina,09/10,01/07/2009,Dortmund,1860 Munich,€1.50m,€1.50m
Antonio Rukavina,07/08,04/01/2008,Partizan,Dortmund,€2.75m,€2.30m
Kevin Agudelo,23/24,01/07/2023,Spezia Calcio,Al-Nasr,€3.00m,€2.50m
Kevin Agudelo,22/23,01/07/2022,Genoa,Spezia Calcio,€3.50m,€2.50m
Kevin Agudelo,19/20,08/08/2019,Ind. Yumbo,Genoa,€250k,€2.50m
Federico Palacios Martínez,13/14,10/01/2014,Wolfsburg U19,Leipzig,-,€600k
Bassem Srarfi,23/24,25/07/2023,Al-Arabi,Club Africain,€300k,€54k
Bassem Srarfi,16/17,31/01/2017,Club Africain,Nice,€275k,€1.50m
Xavi Quintillà,N/A,N/A,N/A,N/A,N/A,N/A
Jim Allevinah,N/A,N/A,N/A,N/A,N/A,N/A
Borja Bastón,16/17,11/08/2016,Atlético,Swansea,€5.00m,€18.00m
Matteo Ahlinvi,N/A,N/A,N/A,N/A,N/A,N/A
Oliver McBurnie,N/A,N/A,N/A,N/A,N/A,N/A
Timo Becker,22/23,01/07/2022,FC Schalke 04,Holstein Kiel,€600k,€250k
Vagner Gonçalves,N/A,N/A,N/A,N/A,N/A,N/A
Branimir Hrgota,12/13,04/07/2012,J-Södra IF,Mönchengladbach,€200k,€400k
Marc Pugh,N/A,N/A,N/A,N/A,N/A,N/A
Jonathan Delaplace,15/16,03/07/2015,Lille,SM Caen,€1.50m,€600k
Anderson Lucoqui,18/19,31/08/2018,F. Düsseldorf,Arm. Bielefeld,€150k,€100k
Hélder Costa,20/21,01/07/2020,Wolves,Leeds,€8.00m,€17.70m
Hélder Costa,16/17,30/01/2017,Benfica,Wolves,€3.00m,€15.00m
Sam Vokes,18/19,31/01/2019,Burnley,Stoke City,€6.00m,€8.00m
Sam Vokes,12/13,31/07/2012,Wolves,Burnley,€750k,€635k
Sam Vokes,08/09,01/07/2008,Bournemouth,Wolves,€300k,€300k
Christian Atsu,17/18,01/07/2017,Chelsea,Newcastle,€5.00m,€7.50m
Christian Atsu,13/14,31/08/2013,Porto,Chelsea,€6.00m,€3.00m
Christian Atsu,09/10,01/07/2009,Feyenoord Ghana,FC Porto U19,-,€100k
Oliver Burke,20/21,09/09/2020,West Brom,Sheff Utd,€4.80m,€6.50m
Oliver Burke,17/18,25/08/2017,Leipzig,West Brom,€7.00m,€15.20m
Oliver Burke,16/17,29/08/2016,Nott'm Forest,Leipzig,€250k,€15.20m
Peter Ankersen,19/20,02/09/2019,Copenhagen,Genoa,€3.00m,€1.00m
Peter Ankersen,16/17,01/07/2016,Salzburg,Copenhagen,€1.25m,€1.50m
Peter Ankersen,14/15,01/07/2014,Esbjerg fB,Salzburg,€2.00m,€2.50m
Miloš Vulić,20/21,05/09/2020,Red Star,Crotone,€1.60m,€800k
Miloš Vulić,18/19,14/01/2019,Napredak,Red Star,€750k,€200k
Jean-Claude Billong,17/18,05/01/2018,NK Maribor,Benevento,€400k,€2.50m
Billy Sharp,15/16,25/07/2015,Leeds,Sheff Utd,€1.25m,€705k
Billy Sharp,14/15,13/08/2014,Southampton,Leeds,€2.00m,€300k
Billy Sharp,11/12,30/01/2012,Doncaster,Southampton,€2.00m,€2.15m
Billy Sharp,10/11,07/07/2010,Sheff Utd,Doncaster,€1.30m,€1.38m
Billy Sharp,07/08,04/07/2007,Scunthorpe Utd.,Sheff Utd,-,€3.00m
Billy Sharp,05/06,16/08/2005,Sheff Utd,Scunthorpe Utd.,-,€150k
Takashi Usami,16/17,01/07/2016,Gamba Osaka,Augsburg,€2.50m,€1.50m
Emmanuel Rivière,17/18,25/08/2017,Newcastle,FC Metz,€1.50m,€1.10m
Emmanuel Rivière,14/15,16/07/2014,Monaco,Newcastle,€5.00m,€6.32m
Emmanuel Rivière,12/13,31/01/2013,Toulouse,Monaco,€4.50m,€4.00m
Emmanuel Rivière,11/12,12/07/2011,Saint-Étienne,Toulouse,€5.25m,€6.00m
Luca Siligardi,11/12,01/08/2011,Inter,AS Livorno,€1.00m,€300k
Dennis Srbeny,19/20,08/01/2020,Norwich,SC Paderborn,€1.00m,€200k
Dennis Srbeny,17/18,25/01/2018,SC Paderborn,Norwich,€400k,€1.50m
Jérémy Le Douaron,24/25,30/08/2024,Stade Brestois,Palermo,€5.00m,€4.00m
Gianluca Di Chiara,22/23,12/08/2022,Perugia,Reggina,€800k,€300k
Gianluca Di Chiara,20/21,01/09/2020,Benevento,Perugia,€900k,€1.00m
Gianluca Di Chiara,17/18,15/07/2017,Perugia,Benevento,€1.30m,€2.80m
Gianluca Di Chiara,17/18,01/07/2017,Catanzaro,Perugia,€1.30m,€400k
Gianluca Di Chiara,11/12,01/08/2011,Reggiana U19,Palermo U19,-,€340k
John Guidetti,18/19,01/07/2018,Celta de Vigo,Alavés,€5.00m,€4.00m
Manolo Portanova,20/21,28/01/2021,Juventus,Genoa,€1.00m,€12.25m
Manolo Portanova,17/18,21/07/2017,Lazio U19,Juventus U19,-,€250k
Sebastian Kerk,21/22,01/07/2021,VfL Osnabrück,Hannover 96,€1.20m,€50k
Sebastian Kerk,17/18,01/07/2017,Freiburg,1.FC Nuremberg,€750k,€500k
Daniel James,21/22,31/08/2021,Man Utd,Leeds,€18.00m,€29.10m
Daniel James,19/20,01/07/2019,Swansea,Man Utd,€12.00m,€17.80m
Tom Ince,23/24,01/07/2023,Reading,Watford,€1.50m,€58k
Tom Ince,18/19,24/07/2018,Huddersfield,Stoke City,€8.00m,€11.20m
Tom Ince,17/18,04/07/2017,Derby,Huddersfield,€7.00m,€9.10m
Tom Ince,15/16,03/07/2015,Hull City,Derby,€6.50m,€6.70m
Tom Ince,14/15,07/07/2014,Blackpool,Hull City,€8.00m,€1.95m
Tom Ince,11/12,29/07/2011,Liverpool Res.,Blackpool,-,€1.05m
Alberto Paloschi,18/19,01/07/2018,Atalanta,SPAL,€3.50m,€4.00m
Alberto Paloschi,16/17,01/07/2016,Swansea,Atalanta,€6.00m,€6.70m
Alberto Paloschi,15/16,29/01/2016,Chievo Verona,Swansea,€6.00m,€8.80m
Alberto Paloschi,12/13,31/01/2013,Genoa,Chievo Verona,€5.00m,€6.50m
Alberto Paloschi,10/11,01/01/2011,Parma,Genoa,€5.00m,€4.35m
Alberto Paloschi,10/11,01/07/2010,Genoa,AC Milan,€5.00m,€5.00m
Alberto Paloschi,08/09,01/08/2008,AC Milan,Parma,€3.00m,€2.25m
Corentin Jean,22/23,07/07/2022,Lens,Miami,€1.20m,€1.09m
Corentin Jean,20/21,01/07/2020,Toulouse,Lens,€1.60m,€1.00m
Corentin Jean,17/18,03/07/2017,Monaco,Toulouse,€2.50m,€3.50m
Corentin Jean,15/16,01/07/2015,Troyes,Monaco,€2.00m,€4.00m
Jamie Leweling,24/25,01/07/2024,Union Berlin,Stuttgart,€9.00m,€6.00m
Jamie Leweling,22/23,01/07/2022,Greuther Fürth,Union Berlin,€4.50m,€4.00m
Jermain Defoe,14/15,16/01/2015,Toronto,Sunderland,€6.00m,€3.50m
Jermain Defoe,13/14,28/02/2014,Tottenham,Toronto,€6.00m,€7.25m
Jermain Defoe,08/09,06/01/2009,Portsmouth,Tottenham,€11.00m,€16.40m
Jermain Defoe,07/08,31/01/2008,Tottenham,Portsmouth,€11.50m,€9.30m
Jermain Defoe,03/04,02/02/2004,West Ham,Tottenham,-,€10.50m
Jermain Defoe,99/00,01/07/1999,Charlton U18,West Ham,-,€1.73m
Marcello Trotta,18/19,25/01/2019,Sassuolo,Frosinone,€3.00m,€1.10m
Marcello Trotta,15/16,20/01/2016,Avellino,Sassuolo,€2.00m,€2.80m
Marcello Trotta,14/15,08/01/2015,Fulham,AS Avellino,€750k,€700k
Filippo Costa,23/24,19/07/2023,Napoli,LR Vicenza,€350k,€1k
Filippo Costa,19/20,13/07/2019,SPAL,Napoli,€800k,€1.45m
Filippo Costa,17/18,01/07/2017,Chievo Verona,SPAL,€600k,€1.00m
Marcos Mauro López Gutiérrez,N/A,N/A,N/A,N/A,N/A,N/A
Dani Calvo,N/A,N/A,N/A,N/A,N/A,N/A
Pierre-Yves Hamel,22/23,01/07/2022,FC Lorient,Paris FC,€1.20m,€1.00m
Callum Robinson,19/20,12/07/2019,Preston,Sheff Utd,€4.50m,€7.80m
Jota,20/21,19/09/2020,Wolves,Liverpool,€28.00m,€44.70m
Jota,18/19,01/07/2018,Atlético,Wolves,€12.00m,€14.00m
Jota,16/17,06/07/2016,Paços Ferreira,Atlético,€3.00m,€7.00m
Njegoš Petrović,24/25,01/07/2024,Granada CF,Vojvodina,€2.50m,€800k
Njegoš Petrović,21/22,29/01/2022,Red Star,Granada CF,€2.50m,€1.50m
Njegoš Petrović,19/20,05/08/2019,Rad,Red Star,€600k,€400k
Hugo Duro,22/23,01/07/2022,Getafe,Valencia,€10.00m,€4.00m
Mike Frantz,09/10,01/07/2009,Karlsruher SC,Frankfurt,€3.00m,€750k
Mike Frantz,06/07,07/07/2006,Wolfsburg,Karlsruher SC,€1.00m,€120k
Mame Biram Diouf,11/12,28/01/2012,Man Utd,Hannover 96,€4.00m,€1.80m
Mame Biram Diouf,09/10,17/07/2009,Molde FK,Man Utd,€2.00m,€4.50m
Steven Bergwijn,24/25,02/09/2024,Ajax,Al-Ittihad,€18.00m,€21.00m
Steven Bergwijn,22/23,08/07/2022,Tottenham,Ajax,€18.00m,€31.25m
Steven Bergwijn,19/20,29/01/2020,PSV,Tottenham,€35.00m,€30.00m
Steven Bergwijn,11/12,01/07/2011,Ajax Youth ,PSV Yth.,-,€120k
Emmanuel Imorou,N/A,N/A,N/A,N/A,N/A,N/A
Riza Durmisi,18/19,01/07/2018,Real Betis,Lazio,€5.00m,€7.50m
Riza Durmisi,16/17,01/07/2016,Bröndby IF,Real Betis,€1.50m,€2.00m
Nikola Maraš,23/24,01/07/2023,UD Almería,Alavés,€1.20m,€1.50m
Nikola Maraš,20/21,22/08/2020,Chaves,UD Almería,€1.20m,€1.30m
Nikola Maraš,17/18,31/08/2017,Rad,Chaves,€900k,€400k
Bryan Mbeumo,25/26,21/07/2025,Brentford,Man Utd,€55.00m,€75.00m
Bryan Mbeumo,19/20,05/08/2019,Troyes,Brentford,€3.50m,€6.50m
Wesley Moraes,19/20,01/07/2019,Club Brugge,Aston Villa,€20.00m,€25.00m
Wesley Moraes,15/16,29/01/2016,AS Trencin,Club Brugge,€300k,€4.20m
Fabian Klos,N/A,N/A,N/A,N/A,N/A,N/A
Cristiano Lombardi,N/A,N/A,N/A,N/A,N/A,N/A
Hervé Bazile,N/A,N/A,N/A,N/A,N/A,N/A
Streli Mamba,20/21,19/01/2021,SC Paderborn,Kairat Almaty,€1.20m,€700k
Nikolas Špalek,17/18,22/01/2018,MSK Zilina,Brescia,€550k,€1.50m
Sepe Elye Wahi,N/A,N/A,N/A,N/A,N/A,N/A
Rodrigo Tarín,N/A,N/A,N/A,N/A,N/A,N/A
Mehdi Chahiri,19/20,30/01/2020,Red Star FC,R. Strasbourg,€150k,€2.00m
Martin Olsson,21/22,11/08/2021,Häcken,Malmö,€700k,€500k
Martin Olsson,16/17,17/01/2017,Norwich,Swansea,€3.50m,€4.60m
Martin Olsson,13/14,10/07/2013,Blackburn,Norwich,€4.50m,€2.90m
Martin Olsson,05/06,01/01/2006,Högaborg U19,Blackburn U18,-,€50k
Fali Candé,25/26,10/08/2025,Venezia,Sassuolo,€2.50m,€4.50m
Fali Candé,25/26,01/07/2025,FC Metz,Venezia,€2.50m,€1.90m
Fali Candé,21/22,26/01/2022,Portimonense,FC Metz,€1.00m,€2.50m
Alexander Esswein,16/17,26/08/2016,Augsburg,Hertha BSC,€2.50m,€2.50m
Alexander Esswein,13/14,04/01/2014,1.FC Nuremberg,Augsburg,€2.00m,€250k
Alexander Esswein,11/12,01/07/2011,Dynamo Dresden,1.FC Nuremberg,€800k,€200k
Alexander Esswein,10/11,16/08/2010,Wolfsburg,Dynamo Dresden,€350k,€50k
Alexander Esswein,08/09,01/07/2008,K'lautern U19,Wolfsburg,€50k,€100k
Tanguy Coulibaly,25/26,02/09/2025,Montpellier,Samsunspor,€1.50m,€600k
Varazdat Haroyan,N/A,N/A,N/A,N/A,N/A,N/A
Juan Cruz Armada,N/A,N/A,N/A,N/A,N/A,N/A
Andreas Voglsammer,14/15,23/01/2015,Unterhaching,Heidenheim,€400k,€200k
Marcus Rohdén,16/17,03/08/2016,Elfsborg,Crotone,€1.10m,€500k
André Ayew,17/18,31/01/2018,West Ham,Swansea,€18.00m,€22.80m
André Ayew,16/17,08/08/2016,Swansea,West Ham,€18.00m,€24.10m
Tim Kleindienst,24/25,01/07/2024,Heidenheim,Mönchengladbach,€6.00m,€7.00m
Tim Kleindienst,21/22,01/07/2021,KAA Gent,Heidenheim,€3.00m,€3.50m
Tim Kleindienst,20/21,30/07/2020,Heidenheim,KAA Gent,€2.20m,€3.50m
Tim Kleindienst,19/20,02/09/2019,Freiburg,Heidenheim,€1.50m,€3.00m
Tim Kleindienst,15/16,01/07/2015,Energie Cottbus,Freiburg,€650k,€250k
Nathanael Mbuku,N/A,N/A,N/A,N/A,N/A,N/A
Callum Paterson,20/21,30/09/2020,Cardiff,Sheff Wed,€2.80m,€550k
Luca Sangalli,N/A,N/A,N/A,N/A,N/A,N/A
Enzo Crivelli,19/20,29/07/2019,SM Caen,Basaksehir,€4.00m,€2.70m
Enzo Crivelli,18/19,01/07/2018,Angers SCO,SM Caen,€4.00m,€3.00m
Enzo Crivelli,17/18,01/07/2017,G. Bordeaux,Angers SCO,€4.00m,€4.00m
Nehuén Pérez,25/26,01/07/2025,Udinese,Porto,€13.00m,€13.25m
Nehuén Pérez,22/23,29/07/2022,Atlético,Udinese,€6.00m,€8.00m
Nehuén Pérez,18/19,03/07/2018,Argentinos U20,Atlético,-,€2.00m
Pablo Chavarría,13/14,17/07/2013,RSC Anderlecht,Lens,€1.00m,€1.00m
Pablo Chavarría,10/11,01/07/2010,Belgrano,RSC Anderlecht,€350k,€920k
Lennart-Marten Czyborra,N/A,N/A,N/A,N/A,N/A,N/A
David Zima,23/24,31/01/2024,Torino,Slavia Praha,€4.00m,€4.00m
David Zima,21/22,31/08/2021,Slavia Praha,Torino,€7.50m,€5.90m
David Zima,20/21,03/08/2020,Olomouc B,Slavia Praha,€400k,€1.30m
Sergio Floccari,15/16,11/01/2016,Sassuolo,Bologna,€500k,€500k
Sergio Floccari,13/14,30/01/2014,Lazio,Sassuolo,€2.30m,€2.00m
Sergio Floccari,10/11,01/07/2010,Genoa,Lazio,€10.00m,€8.50m
Sergio Floccari,09/10,01/07/2009,Atalanta,Genoa,€9.00m,€10.50m
Sergio Floccari,07/08,18/07/2007,Messina Peloro,Atalanta,€1.55m,€1.70m
Daam Foulon,20/21,01/09/2020,Waasland-Beveren,Benevento,€625k,€500k
Matěj Vydra,18/19,07/08/2018,Derby,Burnley,€8.00m,€12.20m
Matěj Vydra,16/17,27/08/2016,Watford,Derby,€5.50m,€9.40m
Matěj Vydra,15/16,01/07/2015,Udinese,Watford,€5.50m,€8.40m
Matěj Vydra,10/11,01/07/2010,Banik Ostrava,Udinese,€50k,€3.00m
Matěj Vydra,09/10,21/01/2010,Jihlava,Banik Ostrava,€50k,€800k
Wu Lei,22/23,11/08/2022,Espanyol,SH Port,€2.50m,€1.50m
Wu Lei,18/19,28/01/2019,SH SIPG,Espanyol,€3.50m,€1.50m
Kelvin Yeboah,24/25,27/07/2024,Genoa,Minnesota,€4.00m,€2.50m
Kelvin Yeboah,21/22,08/01/2022,Sturm Graz,Genoa,€4.00m,€6.50m
Kelvin Yeboah,20/21,06/02/2021,WSG Tirol,Sturm Graz,€500k,€1.20m
Gonzalo Montiel,24/25,20/01/2025,Sevilla FC,River Plate,€5.00m,€4.50m
Gonzalo Montiel,21/22,13/08/2021,River Plate,Sevilla FC,€17.00m,€11.00m
Luca Netz,25/26,02/02/2026,Mönchengladbach,Nott'm Forest,€6.00m,€2.50m
Luca Netz,21/22,06/08/2021,Hertha BSC,Mönchengladbach,€5.00m,€2.00m
Asier Villalibre,24/25,15/07/2024,Athletic Club,Alavés,€2.50m,€1.00m
Jean-Manuel Mbom,N/A,N/A,N/A,N/A,N/A,N/A
Thiago Galhardo,N/A,N/A,N/A,N/A,N/A,N/A
David Okereke,22/23,28/07/2022,Club Brugge,Cremonese,€4.50m,€2.50m
David Okereke,19/20,09/07/2019,Spezia Calcio,Club Brugge,€6.00m,€8.16m
Daniel Ciofani,19/20,09/08/2019,Frosinone,Cremonese,€700k,€1.10m
Daniel Ciofani,11/12,01/07/2011,Atletico Roma,Parma,€400k,€600k
Ibrahima Niane,23/24,01/07/2023,FC Metz,Angers SCO,€3.00m,€500k
Benjamin Jeannot,17/18,12/07/2017,FC Lorient,Dijon,€2.00m,€2.00m
Benjamin Jeannot,14/15,01/07/2014,AS Nancy,FC Lorient,€1.00m,€1.00m
Jack Stacey,19/20,08/07/2019,Luton,Bournemouth,-,€4.45m
Teemu Pukki,15/16,01/07/2015,Celtic,Bröndby IF,€2.00m,€675k
Teemu Pukki,13/14,31/08/2013,FC Schalke 04,Celtic,€2.50m,€2.50m
Teemu Pukki,11/12,31/08/2011,HJK Helsinki,FC Schalke 04,€200k,€1.80m
Teemu Pukki,07/08,01/01/2008,FC KTP,Sevilla Atl.,-,€180k
Mateo Klimowicz,23/24,01/01/2024,Stuttgart,San Luis,€2.00m,€750k
Mateo Klimowicz,19/20,01/07/2019,Instituto ACC,Stuttgart,€1.00m,€1.80m
El Bilal Touré,23/24,29/07/2023,UD Almería,Atalanta,€12.00m,€30.20m
El Bilal Touré,22/23,01/09/2022,Stade Reims,UD Almería,€6.50m,€8.00m
Fábio Silva,25/26,29/08/2025,Wolves,Dortmund,€20.00m,€22.50m
Fábio Silva,20/21,05/09/2020,Porto,Wolves,€12.00m,€40.00m
Sofian Chakla,23/24,01/07/2023,Ponferradina,Sabah FK,€500k,€100k
Jaromír Zmrhal,19/20,06/08/2019,Slavia Praha,Brescia,€3.25m,€3.75m
Angel Gomes,N/A,N/A,N/A,N/A,N/A,N/A
Dennis Johnsen,25/26,02/02/2026,Cremonese,Palermo,€3.00m,€3.00m
Dennis Johnsen,23/24,01/02/2024,Venezia,Cremonese,€1.50m,€2.70m
Dennis Johnsen,20/21,25/08/2020,Ajax U21,Venezia,€575k,€2.40m
Dennis Johnsen,17/18,16/08/2017,Heerenveen,Ajax U21,€1.00m,€2.40m
Édgar Méndez,17/18,03/07/2017,Alavés,CD Cruz Azul,€2.00m,€5.00m
Édgar Méndez,15/16,01/07/2015,UD Almería,Granada CF,€2.50m,€750k
Yuya Kubo,16/17,25/01/2017,Young Boys,KAA Gent,€2.00m,€3.50m
Yuya Kubo,13/14,01/07/2013,Kyoto Sanga,Young Boys,€650k,€500k
Kingsley Schindler,N/A,N/A,N/A,N/A,N/A,N/A
Josh Murphy,18/19,01/07/2018,Norwich,Cardiff,€1.50m,€11.40m
Bosko Sutalo,22/23,01/07/2022,Atalanta,Dinamo Zagreb,€3.00m,€4.05m
Bosko Sutalo,19/20,30/01/2020,NK Osijek,Atalanta,€1.50m,€4.00m
Javier Eraso,N/A,N/A,N/A,N/A,N/A,N/A
Enrico Brignola,23/24,01/07/2023,Benevento,Catanzaro,€550k,€500k
Enrico Brignola,22/23,01/07/2022,Sassuolo,Benevento,€700k,€1
Enrico Brignola,18/19,02/08/2018,Benevento,Sassuolo,€2.50m,€3.00m
Alessio Cerci,14/15,01/09/2014,Torino,Atlético,€18.00m,€14.00m
Alessio Cerci,13/14,01/06/2014,Fiorentina,Torino,€18.00m,€4.00m
Alessio Cerci,10/11,26/08/2010,Roma,Fiorentina,€3.50m,€4.00m
Dani Gómez,20/21,04/08/2020,Real Madrid,Levante,€900k,€2.00m
Tachi,N/A,N/A,N/A,N/A,N/A,N/A
Javi Sánchez,20/21,01/07/2020,Real Madrid,Real Valladolid,€1.20m,€3.00m
Esteban Saveljich,19/20,26/07/2019,Levante,Rayo Vallecano,€1.00m,€400k
Esteban Saveljich,16/17,14/08/2016,Racing Club,Levante,€800k,€750k
Filippo Melegoni,22/23,01/07/2022,Atalanta,Genoa,€2.00m,€4.00m
Zinho Vanheusden,21/22,13/07/2021,Standard Liège,Inter,€12.00m,€16.20m
Zinho Vanheusden,19/20,01/07/2019,Inter,Standard Liège,€10.00m,€11.74m
Zinho Vanheusden,15/16,31/08/2015,Standard Yth,Inter U17,-,€1.00m
Lukas Klünter,18/19,01/07/2018,1.FC Köln,Hertha BSC,€3.00m,€2.00m
Tom Lacoux,N/A,N/A,N/A,N/A,N/A,N/A
Moritz Bauer,17/18,09/01/2018,Rubin Kazan,Stoke City,€3.00m,€6.20m
Moritz Bauer,16/17,01/07/2016,Grasshoppers,Rubin Kazan,€2.00m,€4.00m
Stéphane Sessègnon,13/14,02/09/2013,Sunderland,West Brom,€9.00m,€7.00m
Stéphane Sessègnon,10/11,28/01/2011,PSG,Sunderland,€8.50m,€7.00m
Stéphane Sessègnon,08/09,10/07/2008,Le Mans UC 72,PSG,€5.00m,€8.00m
Federico Bonazzoli,24/25,06/08/2024,Salernitana,Cremonese,€2.50m,€1.50m
Federico Bonazzoli,22/23,26/07/2022,Sampdoria,Salernitana,€5.00m,€5.00m
Federico Bonazzoli,14/15,01/02/2015,Inter,Sampdoria,€2.50m,€4.60m
Andrea Raggi,11/12,23/08/2011,US Palermo,Bologna,€1.50m,€200k
Andrea Raggi,08/09,01/07/2008,FC Empoli,US Palermo,€4.30m,€7.00m
Bobby Wood,16/17,01/07/2016,Union Berlin,Hamburg,€1.50m,€4.00m
Bobby Wood,15/16,06/07/2015,1860 Munich,Union Berlin,€1.00m,€800k
Dani Escriche,23/24,26/08/2023,SD Huesca,Albacete,€1.00m,€400k
Dani Escriche,18/19,15/07/2018,CD Lugo,SD Huesca,€200k,€500k
Omar Ramos,08/09,01/08/2008,Benfica,Real Betis,€3.20m,€6.00m
Omar Ramos,05/06,01/07/2005,Boavista,Benfica,€1.00m,€1.50m
Vittorio Parigini,N/A,N/A,N/A,N/A,N/A,N/A
Berkay Özcan,20/21,04/08/2020,Hamburg,Basaksehir,€3.00m,€2.50m
Berkay Özcan,19/20,01/07/2019,Stuttgart,Hamburg,€2.50m,€1.50m
Adrian Grbić,20/21,08/07/2020,Clermont Foot,FC Lorient,€2.00m,€9.00m
Adrian Grbić,12/13,01/07/2012,AKA Rapid U18,Stuttgart U17,-,€300k
Matt Miazga,15/16,30/01/2016,New York,Chelsea,€150k,€4.60m
Mariusz Stępiński,22/23,31/08/2022,Hellas Verona,Aris Limassol,€2.50m,€150k
Mariusz Stępiński,19/20,19/01/2020,Chievo Verona,Hellas Verona,€3.80m,€3.50m
Mariusz Stępiński,18/19,01/07/2018,FC Nantes,Chievo Verona,€4.00m,€1.30m
Mariusz Stępiński,16/17,29/08/2016,Ruch Chorzow,FC Nantes,€1.50m,€2.00m
Mariusz Stępiński,15/16,28/07/2015,1.FC Nuremberg,Ruch Chorzow,€350k,€100k
Mariusz Stępiński,13/14,01/07/2013,Widzew Lodz,1.FC Nuremberg,€800k,€120k
Mariusz Stępiński,11/12,01/07/2011,Pogon Z. W.,Widzew Lodz,-,€13k
Antonino La Gumina,21/22,01/07/2021,FC Empoli,Sampdoria,€2.00m,€5.50m
Antonino La Gumina,18/19,06/07/2018,US Palermo,FC Empoli,€2.00m,€9.00m
Jürgen Locadia,17/18,19/01/2018,PSV,Brighton,€8.50m,€17.00m
Jesús Vallejo,15/16,31/07/2015,Real Zaragoza,Real Madrid,€2.00m,€5.00m
Neil Taylor,N/A,N/A,N/A,N/A,N/A,N/A
Mauro dos Santos,N/A,N/A,N/A,N/A,N/A,N/A
Shandon Baptiste,19/20,31/01/2020,Oxford United,Brentford,-,€2.25m
Nico Ribaudo,N/A,N/A,N/A,N/A,N/A,N/A
Anthony Elanga,25/26,11/07/2025,Nott'm Forest,Newcastle,€42.00m,€61.40m
Anthony Elanga,23/24,25/07/2023,Man Utd,Nott'm Forest,€18.00m,€22.93m
Dominic Solanke,24/25,10/08/2024,Bournemouth,Tottenham,€40.00m,€64.30m
Dominic Solanke,18/19,04/01/2019,Liverpool,Bournemouth,€10.00m,€21.20m
Andrea Papetti,N/A,N/A,N/A,N/A,N/A,N/A
Masaya Okugawa,21/22,01/07/2021,Salzburg,Arm. Bielefeld,€2.50m,€1.00m
Masaya Okugawa,15/16,01/07/2015,Kyoto Sanga,Salzburg,-,€750k
Agustín Rogel,22/23,31/08/2022,Estudiantes LP,Hertha BSC,€4.50m,€400k
Agustín Rogel,19/20,19/07/2019,KS Samara,Toulouse,€1.00m,€2.50m
Javi Puado,N/A,N/A,N/A,N/A,N/A,N/A
Josh Maja,18/19,26/01/2019,Sunderland,G. Bordeaux,€250k,€1.50m
Jeremy Dudziak,21/22,16/08/2021,Hamburg,Greuther Fürth,€2.00m,€750k
Jeremy Dudziak,15/16,28/08/2015,Dortmund,St. Pauli,€400k,€250k
Valery,24/25,01/07/2024,Angers SCO,Sheff Wed,€2.00m,€474k
Shon Weissman,23/24,01/07/2023,Real Valladolid,Granada CF,€4.00m,€3.50m
Shon Weissman,20/21,31/08/2020,Wolfsberger AC,Real Valladolid,€6.00m,€4.00m
Marcel Heller,18/19,27/07/2018,Augsburg,Darmstadt 98,€1.00m,€350k
Marcel Heller,06/07,01/01/2007,Spfr. Siegen,Frankfurt,€100k,€40k
Freddie Veseli,N/A,N/A,N/A,N/A,N/A,N/A
Kieran Dowell,20/21,30/07/2020,Everton,Norwich,€2.00m,€2.20m
Luca Mora,20/21,22/01/2021,Spezia Calcio,SPAL,€500k,€1k
Luca Mora,17/18,24/01/2018,SPAL,Spezia Calcio,€800k,€500k
Caleb Ekuban,21/22,10/08/2021,Trabzonspor,Genoa,€7.00m,€2.60m
Caleb Ekuban,19/20,01/07/2019,Leeds,Trabzonspor,€1.25m,€1.00m
Caleb Ekuban,17/18,11/07/2017,Chievo Verona,Leeds,€750k,€560k
Julian Green,18/19,01/07/2018,Stuttgart,Greuther Fürth,€650k,€200k
Julian Green,16/17,01/01/2017,Bayern Munich,Stuttgart,€500k,€300k
Charles Abi,N/A,N/A,N/A,N/A,N/A,N/A
Alexandre Mendy,17/18,01/07/2017,Guingamp,G. Bordeaux,€1.25m,€600k
Aaron Leya Iseka,24/25,02/09/2024,OFI Crete,CSKA-Sofia,€500k,€1.20m
Aaron Leya Iseka,23/24,29/01/2024,Barnsley,OFI Crete,€600k,€100k
Aaron Leya Iseka,18/19,01/07/2018,RSC Anderlecht,Toulouse,€2.20m,€1.25m
Mikael Ishak,16/17,30/01/2017,Randers FC,1.FC Nuremberg,€800k,€330k
Mikael Ishak,11/12,01/01/2012,Assyriska FF,1.FC Köln,€40k,€280k
Mohamed Ali Cho,23/24,08/01/2024,Real Sociedad,Nice,€8.00m,€10.00m
Mohamed Ali Cho,22/23,01/07/2022,Angers SCO,Real Sociedad,€15.00m,€13.00m
Adama Diakhaby,18/19,20/07/2018,Monaco,Huddersfield,€5.00m,€10.00m
Adama Diakhaby,17/18,02/08/2017,Stade Rennais,Monaco,€1.50m,€10.00m
Sergio Córdova,25/26,30/07/2025,Alanyaspor,Young Boys,€1.70m,€1.75m
Sergio Córdova,23/24,15/09/2023,Vancouver,Alanyaspor,€1.50m,€2.35m
Sergio Córdova,22/23,20/02/2023,Augsburg,Vancouver,€1.20m,€2.10m
Sergio Córdova,17/18,04/07/2017,Caracas FC,Augsburg,€500k,€1.00m
Antonino Ragusa,19/20,01/07/2019,Sassuolo,Hellas Verona,€1.00m,€1.00m
Antonino Ragusa,16/17,26/08/2016,Cesena,Sassuolo,€1.50m,€1.79m
Antonino Ragusa,15/16,14/07/2015,Genoa,Cesena,€1.50m,€2.50m
Antonino Ragusa,12/13,13/08/2012,Genoa,Pescara,€1.10m,€1.50m
Alessandro Matri,16/17,16/08/2016,AC Milan,Sassuolo,€2.00m,€1.80m
Alessandro Matri,13/14,30/08/2013,Juventus,AC Milan,€11.00m,€11.00m
Alessandro Matri,11/12,01/07/2011,Cagliari,Juventus,€16.50m,€15.50m
Alessandro Matri,07/08,11/07/2007,AC Milan,Cagliari,€75k,€2.30m
Eduardo Henrique,19/20,02/07/2019,Internacional,Sporting,€2.50m,€3.00m
Andrey Galabinov,N/A,N/A,N/A,N/A,N/A,N/A
Timothee Pembele,23/24,01/09/2023,PSG,Sunderland,€5.00m,€1.00m
Jesus Vazquez,N/A,N/A,N/A,N/A,N/A,N/A
Florian Ayé,25/26,08/08/2025,AJ Auxerre,Servette FC,€1.20m,€500k
Florian Ayé,23/24,31/07/2023,Brescia,AJ Auxerre,€1.30m,€1.50m
Florian Ayé,19/20,05/07/2019,Clermont Foot,Brescia,€4.00m,€2.00m
Elias Kachunga,17/18,01/07/2017,FC Ingolstadt,Huddersfield,€3.50m,€1.30m
Elias Kachunga,15/16,01/07/2015,SC Paderborn,FC Ingolstadt,€2.30m,€1.50m
Elias Kachunga,14/15,01/07/2014,Mönchengladbach,SC Paderborn,€1.50m,€300k
Lucas Da Cunha,22/23,16/01/2023,Nice,Como,€3.00m,€750k
Lucas Da Cunha,20/21,30/09/2020,Stade Rennais,Nice,€1.80m,€1.00m
Umut Bozok,22/23,31/08/2022,FC Lorient,Trabzonspor,€5.00m,€2.00m
Umut Bozok,19/20,01/07/2019,Nîmes Olympique,FC Lorient,€4.00m,€1.50m
Umut Bozok,17/18,01/07/2017,GS Consolat M.,Nîmes Olympique,€500k,€150k
Yoël Armougom,N/A,N/A,N/A,N/A,N/A,N/A
Aaron Lennon,17/18,23/01/2018,Everton,Burnley,€5.00m,€1.70m
Aaron Lennon,15/16,01/09/2015,Tottenham,Everton,€8.50m,€6.00m
Aaron Lennon,05/06,01/07/2005,Leeds,Tottenham,€300k,€1.20m
Vasilis Torosidis,16/17,31/08/2016,Roma,Bologna,€2.00m,€1.00m
Vasilis Torosidis,12/13,23/01/2013,Olympiacos,Roma,€6.50m,€400k
Vasilis Torosidis,06/07,01/01/2007,Xanthi,Olympiacos,€450k,€1.20m
Yacine Bammou,18/19,24/07/2018,FC Nantes,SM Caen,€1.50m,€2.70m
Hervé Lybohy,N/A,N/A,N/A,N/A,N/A,N/A
Idriss Saadi,17/18,21/07/2017,Cardiff,R. Strasbourg,€2.00m,€1.50m
Florian Krüger,24/25,06/09/2024,FC Groningen,Beerschot VA,€600k,€275k
Florian Krüger,22/23,30/08/2022,Arm. Bielefeld,FC Groningen,€1.80m,€1.30m
Florian Krüger,21/22,01/07/2021,Erzgebirge Aue,Arm. Bielefeld,€4.00m,€1.00m
Virgil Misidjan,25/26,01/07/2025,Ferencváros,NEC Nijmegen,€700k,€450k
Virgil Misidjan,18/19,31/08/2018,Ludogorets,1.FC Nuremberg,€5.00m,€3.00m
Virgil Misidjan,13/14,16/08/2013,Willem II,Ludogorets,€400k,€700k
Randy Ntekja,N/A,N/A,N/A,N/A,N/A,N/A
Adam Armstrong,25/26,02/02/2026,Southampton,Wolves,€9.00m,€8.10m
Adam Armstrong,21/22,10/08/2021,Blackburn,Southampton,€18.00m,€17.70m
Adam Armstrong,18/19,06/08/2018,Newcastle,Blackburn,€1.50m,€1.90m
Cheick Timite,N/A,N/A,N/A,N/A,N/A,N/A
Préjuce Nakoulma,12/13,01/07/2012,Gornik Leczna,Górnik Zabrze,€1.00m,€260k
Mads Roerslev,25/26,21/08/2025,Brentford,Southampton,€6.00m,€3.46m
Mads Roerslev,19/20,07/08/2019,Copenhagen,Brentford,€250k,€60k
Joel Campbell,20/21,01/07/2020,Frosinone,León,€2.00m,€2.00m
Joel Campbell,18/19,17/08/2018,Arsenal,Frosinone,€3.00m,€1.50m
Joel Campbell,11/12,12/08/2011,Saprissa,Arsenal,-,€1.00m
Mads Bech Sørensen,N/A,N/A,N/A,N/A,N/A,N/A
Tito,23/24,01/09/2023,Sevilla FC,Monterrey,€8.00m,€3.50m
Tito,21/22,14/01/2022,Porto,Sevilla FC,€22.00m,€3.00m
Tito,15/16,31/08/2015,FC Twente,Porto,€6.50m,€10.50m
Tito,13/14,26/08/2013,Monterrey,FC Twente,€1.30m,€3.50m
Christian Kouakou,15/16,01/02/2016,Tours FC,SM Caen,€500k,€500k
Christian Kouakou,12/13,01/07/2012,Muangthong Utd.,Tours FC,-,€250k
Ilija Nestorovski,16/17,01/08/2016,Inter Zapresic,US Palermo,€1.50m,€500k
Efthimis Koulouris,N/A,N/A,N/A,N/A,N/A,N/A
Aaron Connolly,23/24,02/08/2023,Brighton,Hull City,€4.00m,€1.35m
Tiago Tomás,24/25,03/02/2025,Feyenoord,AC Milan,€37.00m,€30.20m
Tiago Tomás,22/23,29/07/2022,CD Cruz Azul,Feyenoord,€4.00m,€6.00m
Javi Moyano,15/16,18/08/2015,CD Tenerife,Real Valladolid,€500k,€50k
Yuto Nagatomo,18/19,01/07/2018,Inter,Galatasaray,€3.50m,€2.50m
Yuto Nagatomo,11/12,01/07/2011,Cesena,Inter,€8.50m,€4.50m
Yuto Nagatomo,10/11,28/01/2011,FC Tokyo,Cesena,€2.80m,€1.60m
Armando Broja,25/26,08/08/2025,Chelsea,Burnley,€12.00m,€23.00m
Baptiste Guillaume,17/18,01/07/2017,Lille,Angers SCO,€2.00m,€2.00m
Baptiste Guillaume,15/16,18/07/2015,Lens,Lille,€1.25m,€4.00m
Andi Zeqiri,25/26,08/09/2025,Genk,Widzew Lodz,€4.00m,€2.00m
Andi Zeqiri,23/24,05/09/2023,Brighton,Genk,€3.50m,€2.75m
Andi Zeqiri,20/21,01/10/2020,Lausanne-Sport,Brighton,€1.50m,€4.00m
Lee Peltier,12/13,04/08/2012,Leicester,Leeds,€1.00m,€750k
Lee Peltier,11/12,01/07/2011,Huddersfield,Leicester,€200k,€850k
Lee Peltier,07/08,29/07/2007,Liverpool Res.,Yeovil Town,€200k,€235k
Rey Manaj,25/26,29/07/2025,Sivasspor,Sharjah FC,€3.00m,€2.00m
Rey Manaj,19/20,20/01/2020,Albacete,Barcelona B,€900k,€2.00m
Rey Manaj,19/20,01/07/2019,Inter,Albacete,€1.50m,€2.00m
Rey Manaj,16/17,01/07/2016,Cremonese,Inter,€800k,€500k
Hal Robson-Kanu,N/A,N/A,N/A,N/A,N/A,N/A
Adam Zreľák,17/18,07/07/2017,Jablonec,1.FC Nuremberg,€600k,€1.00m
Simon Zoller,18/19,01/01/2019,1.FC Köln,VfL Bochum,€1.50m,€300k
Simon Zoller,14/15,01/07/2014,1.FC K'lautern,1.FC Köln,€3.00m,€3.50m
Simon Zoller,13/14,01/07/2013,VfL Osnabrück,1.FC K'lautern,€600k,€630k
Riccardo Meggiorini,11/12,01/01/2012,Genoa,Torino,€2.50m,€1.92m
Riccardo Meggiorini,10/11,01/06/2011,Bologna,Genoa,€3.20m,€3.00m
Riccardo Meggiorini,10/11,01/07/2010,Genoa,Bologna,€3.50m,€3.00m
Riccardo Meggiorini,09/10,01/06/2010,Bari,Genoa,€3.00m,€1.79m
Riccardo Meggiorini,09/10,01/08/2009,Genoa,Bari,€1.80m,€2.50m
Riccardo Meggiorini,09/10,01/07/2009,Inter,Genoa,€1.80m,€5.00m
Riccardo Meggiorini,08/09,01/06/2009,Cittadella,Inter,€1.50m,€2.50m
Riccardo Meggiorini,05/06,01/01/2006,Pavia,Cittadella,€50k,€40k
Franco Di Santo,15/16,25/07/2015,Werder Bremen,FC Schalke 04,€8.50m,€6.00m
Franco Di Santo,10/11,31/08/2010,Chelsea,Wigan,€2.50m,€2.40m
Franco Di Santo,07/08,25/01/2008,Audax Italiano,Chelsea,-,€4.50m
Massimiliano Mangraviti,24/25,09/07/2024,Brescia,Cesena,€1.60m,€300k
Adrián Marín,23/24,01/07/2023,Gil Vicente,Braga,€1.50m,€600k
Deyverson,24/25,28/03/2025,Atlético-MG,Fortaleza,€700k,€1.15m
Deyverson,24/25,07/08/2024,Cuiabá-MT,Atlético-MG,€800k,€700k
Deyverson,17/18,14/07/2017,Levante,Palmeiras,€5.00m,€5.00m
Deyverson,15/16,27/07/2015,Belenenses,Levante,€750k,€1.80m
Deyverson,13/14,05/08/2013,Benfica B,Belenenses,€50k,€1.00m
Gerson Rodrigues,19/20,02/08/2019,Júbilo Iwata,Dynamo Kyiv,€700k,€2.00m
Gerson Rodrigues,18/19,16/01/2019,FC Sheriff,Júbilo Iwata,€500k,€200k
Gerson Rodrigues,17/18,30/01/2018,Telstar,FC Sheriff,€250k,€40k
Gerson Rodrigues,17/18,16/08/2017,CS Fola Esch,Telstar,€125k,€20k
Souleymane Camara,08/09,01/07/2008,Nice,Montpellier,€1.20m,€500k
Souleymane Camara,05/06,29/08/2005,Monaco,Nice,€1.00m,€1.00m
Marco Sau,18/19,31/01/2019,Cagliari,Sampdoria,€900k,€100k
Marco Sau,11/12,01/07/2011,Foggia,Cagliari,€450k,€210k
Manuel Pucciarelli,19/20,01/07/2019,FC Empoli,Chievo Verona,€2.00m,€3.75m
Emiliano Rigoni,22/23,29/07/2022,São Paulo,Austin,€3.50m,€3.65m
Emiliano Rigoni,20/21,26/05/2021,Elche CF,São Paulo,€3.20m,€3.80m
Emiliano Rigoni,20/21,05/10/2020,Zenit S-Pb,Elche CF,€4.50m,€100k
Emiliano Rigoni,17/18,23/08/2017,Independiente,Zenit S-Pb,€7.00m,€9.00m
Emiliano Rigoni,15/16,15/01/2016,Belgrano,Independiente,€3.50m,€1.55m
Roberto Massimo,25/26,19/07/2025,Greuther Fürth,Górnik Zabrze,€800k,€300k
Roberto Massimo,18/19,01/07/2018,Arm. Bielefeld,Stuttgart,€1.50m,€2.50m
Zakaria Bakkali,18/19,03/07/2018,Valencia,RSC Anderlecht,€1.50m,€1.20m
Maxi López,14/15,01/07/2014,Catania,Chievo Verona,€2.50m,€1.50m
Maxi López,09/10,20/01/2010,FC Moscow,Catania,€3.00m,€3.00m
Maxi López,07/08,16/08/2007,Barcelona,FC Moscow,€4.00m,€2.00m
Maxi López,04/05,25/01/2005,River Plate,Barcelona,-,€6.50m
Claudio Beauvue,15/16,16/01/2016,Lyon,Celta de Vigo,€5.00m,€5.00m
Claudio Beauvue,15/16,01/07/2015,Guingamp,Lyon,€5.00m,€6.00m
Claudio Beauvue,12/13,01/07/2012,Troyes,LB Châteauroux,€800k,€750k
Tonny Vilhena,23/24,07/07/2023,Espanyol,Panathinaikos,€3.80m,€3.00m
Tonny Vilhena,22/23,13/07/2022,Krasnodar,Espanyol,€5.00m,€2.50m
Tonny Vilhena,19/20,01/07/2019,Feyenoord,Krasnodar,€14.00m,€9.00m
Ola Toivonen,16/17,04/08/2016,Stade Rennais,Toulouse,€2.50m,€1.50m
Ola Toivonen,13/14,21/01/2014,PSV,Stade Rennais,€6.50m,€2.50m
Ola Toivonen,08/09,14/01/2009,Malmö,PSV,€1.25m,€4.00m
Ola Toivonen,06/07,01/01/2007,Örgryte,Malmö,€350k,€1.00m
Ola Toivonen,05/06,01/01/2006,Degerfors,Örgryte,€650k,€150k
Thuler,N/A,N/A,N/A,N/A,N/A,N/A
Serge Gakpé,N/A,N/A,N/A,N/A,N/A,N/A
Nicolai Müller,14/15,06/08/2014,Mainz,Hamburg,€7.00m,€4.50m
Nicolai Müller,11/12,01/07/2011,Greuther Fürth,Mainz,€2.00m,€1.80m
Tomer Hemed,15/16,01/07/2015,UD Almería,Brighton,€2.50m,€1.40m
Diego Falcinelli,23/24,24/01/2024,Modena,Spezia Calcio,€700k,€75k
Diego Falcinelli,18/19,04/07/2018,Sassuolo,Bologna,€3.80m,€7.00m
Diego Falcinelli,11/12,01/07/2011,Foligno,Sassuolo,€200k,€25k
Diego Falcinelli,10/11,26/07/2010,Sassuolo,Foligno,€100k,€100
Diego Falcinelli,09/10,02/07/2009,Pontevecchio,Sassuolo,-,€50k
Nathan Tella,23/24,27/08/2023,Southampton,Leverkusen,€18.00m,€23.30m
Håvard Nielsen,19/20,26/07/2019,F. Düsseldorf,Greuther Fürth,€750k,€100k
Håvard Nielsen,17/18,15/07/2017,Freiburg,F. Düsseldorf,€800k,€400k
Håvard Nielsen,15/16,01/01/2016,Salzburg,Freiburg,€1.50m,€600k
Håvard Nielsen,12/13,26/07/2012,Vålerenga,Salzburg,€750k,€2.80m
Ike Ugbo,24/25,08/08/2024,Troyes,Sheff Wed,€2.80m,€3.10m
Ike Ugbo,22/23,04/08/2022,Genk,Troyes,€5.00m,€3.00m
Ike Ugbo,21/22,24/08/2021,Chelsea U23,Genk,€4.50m,€3.50m
Abdoul Camara,15/16,04/01/2016,Angers SCO,Derby,€1.25m,€1.70m
Abdoul Camara,11/12,30/08/2011,Stade Rennais,FC Sochaux,€1.00m,€1.50m
Salvi,19/20,18/07/2019,Benfica,Boca Juniors,€10.00m,€7.00m
Salvi,12/13,31/07/2012,Atlético,Benfica,€10.00m,€11.00m
Salvi,09/10,11/01/2010,Lanús,Atlético,€3.50m,€8.00m
Myron Boadu,25/26,30/08/2025,Monaco,PSV,€7.00m,€800k
Myron Boadu,21/22,04/08/2021,AZ Alkmaar,Monaco,€14.00m,€17.00m
Janni Serra,18/19,01/07/2018,B. Dortmund II,Holstein Kiel,€200k,€300k
Malik Tchokounté,20/21,18/08/2020,SM Caen,USL Dunkerque,€550k,€500k
Malik Tchokounté,18/19,10/07/2018,Paris FC,SM Caen,€600k,€250k
Ryder Matos,21/22,31/08/2021,Udinese,Perugia,€1.00m,€800k
Ryder Matos,15/16,30/01/2016,Fiorentina,Udinese,€3.50m,€5.25m
Ryder Matos,09/10,01/07/2009,Vitória U20,Fiorentina Yth.,-,€500k
Jan Repas,17/18,25/08/2017,NK Domzale,SM Caen,€500k,€1.00m
Miguel,19/20,29/01/2020,Sporting,Man Utd,€60.00m,€65.00m
Miguel,17/18,02/07/2017,Sampdoria,Sporting,€7.50m,€9.70m
Miguel,17/18,01/07/2017,Udinese,Sampdoria,€7.50m,€6.00m
Miguel,13/14,01/07/2013,Novara,Udinese,€3.50m,€2.50m
Miguel,12/13,27/08/2012,Boavista Y19,Novara,-,€40k
Rabbi Matondo,22/23,12/07/2022,FC Schalke 04,Rangers,€4.00m,€3.00m
Rabbi Matondo,18/19,30/01/2019,Man City U23,FC Schalke 04,-,€9.00m
Abdu Conté,21/22,12/01/2022,Moreirense ,Troyes,€1.50m,€2.70m
Abdu Conté,19/20,22/07/2019,Sporting CP U23,Moreirense ,€450k,€1.35m
Federico Ricci,17/18,01/07/2017,Roma,Sassuolo,€3.50m,€3.00m
Bryan Lasme,21/22,01/07/2021,FC Sochaux,Arm. Bielefeld,€2.00m,€800k
Mitchell van Bergen,25/26,18/08/2025,FC Twente,Sparta R.,€1.50m,€500k
Mitchell van Bergen,23/24,31/08/2023,Stade Reims,FC Twente,€1.20m,€1.00m
Mitchell van Bergen,21/22,27/08/2021,Heerenveen,Stade Reims,€2.40m,€2.00m
Mitchell van Bergen,18/19,31/08/2018,Vitesse,Heerenveen,€300k,€500k
Marcello Gazzola,11/12,01/01/2012,Ascoli,Sassuolo,€325k,€1.00m
Yoann Touzghar,15/16,11/07/2015,Lens,Club Africain,€1.75m,€250k
Yoann Touzghar,13/14,01/07/2013,Amiens SC,Lens,€1.00m,€500k
Ezequiel Ponce,24/25,18/07/2024,AEK Athens,Houston,€5.00m,€9.00m
Ezequiel Ponce,23/24,05/08/2023,Elche CF,AEK Athens,€2.50m,€3.50m
Ezequiel Ponce,22/23,01/07/2022,Spartak Moscow,Elche CF,€5.00m,€4.00m
Ezequiel Ponce,19/20,01/07/2019,Roma,Spartak Moscow,€4.00m,€3.00m
Ezequiel Ponce,15/16,31/08/2015,Newell's,Roma,€6.00m,€4.20m
Myrto Uzuni,24/25,31/01/2025,Granada CF,Austin,€5.00m,€12.00m
Myrto Uzuni,21/22,31/01/2022,Ferencváros,Granada CF,€3.50m,€5.10m
Myrto Uzuni,20/21,07/08/2020,NK Lokomotiva,Ferencváros,€1.80m,€1.80m
Myrto Uzuni,18/19,03/09/2018,KF Laçi,NK Lokomotiva,€425k,€350k
Myrto Uzuni,17/18,06/09/2017,FK Apolonia,KF Laçi,€150k,€20k
Pietro Iemmello,22/23,08/07/2022,Frosinone,Catanzaro,€750k,€180k
Pietro Iemmello,18/19,01/07/2018,Sassuolo,Benevento,€2.00m,€5.00m
Pietro Iemmello,16/17,31/08/2016,Spezia Calcio,Sassuolo,€650k,€2.30m
Pietro Iemmello,13/14,01/09/2013,Pro Vercelli,Spezia Calcio,€700k,€250k
Pietro Iemmello,13/14,01/07/2013,Fiorentina,Pro Vercelli,€700k,€200k
Jann-Fiete Arp,25/26,01/07/2025,Holstein Kiel,Odense BK,€800k,€250k
Jann-Fiete Arp,19/20,01/07/2019,Hamburg,Bayern Munich,€4.00m,€3.00m
Jérémy Cordoval,N/A,N/A,N/A,N/A,N/A,N/A
Wajdi Kechrida,N/A,N/A,N/A,N/A,N/A,N/A
Carlos Vigaray,N/A,N/A,N/A,N/A,N/A,N/A
Stipe Perica,22/23,02/09/2022,M. Tel Aviv,Standard Liège,€1.70m,€900k
Stipe Perica,16/17,01/07/2016,Chelsea,Udinese,€1.00m,€4.50m
Stipe Perica,13/14,01/08/2013,NK Zadar ,Chelsea,€400k,€2.45m
Adalberto Peñaranda,15/16,01/02/2016,Udinese,Watford,€500k,€10.60m
Adalberto Peñaranda,15/16,01/07/2015,Dep. La Guaira,Udinese,-,€770k
Bruno Petković,18/19,21/01/2019,Bologna,Dinamo Zagreb,€850k,€1.00m
Bruno Petković,16/17,12/01/2017,Trapani,Bologna,€1.20m,€1.30m
Bruno Petković,16/17,01/07/2016,Catania,Trapani,€1.20m,€600k
Giampaolo Pazzini,12/13,22/08/2012,Inter,AC Milan,€14.50m,€12.50m
Giampaolo Pazzini,10/11,28/01/2011,Sampdoria,Inter,€19.00m,€18.00m
Giampaolo Pazzini,08/09,15/01/2009,Fiorentina,Sampdoria,€10.00m,€9.00m
Giampaolo Pazzini,04/05,30/01/2005,Atalanta,Fiorentina,€3.00m,€6.50m
Yannick Bolasie,16/17,15/08/2016,Crystal Palace,Everton,€14.00m,€28.90m
Yannick Bolasie,12/13,24/08/2012,Bristol City,Crystal Palace,€250k,€630k
Yannick Bolasie,11/12,01/07/2011,Plymouth,Bristol City,€100k,€100k
Yannick Bolasie,08/09,01/08/2008,Floriana,Plymouth,-,€25k
Fabio Ceravolo,19/20,02/09/2019,Parma,Cremonese,€1.50m,€1.29m
Fabio Ceravolo,18/19,01/07/2018,Benevento,Parma,€2.00m,€1.90m
Fabio Ceravolo,12/13,10/01/2013,Reggina,Ternana,€1.50m,€500k
Fabio Ceravolo,10/11,01/07/2010,Reggina,Atalanta,€1.80m,€900k
Fernando Niño,N/A,N/A,N/A,N/A,N/A,N/A
Fabian Johnson,11/12,01/07/2011,Wolfsburg,Hoffenheim,€1.25m,€700k
Fabian Johnson,09/10,01/07/2009,1860 Munich,Wolfsburg,€1.00m,€1.10m
Jonathan Biabiany,18/19,07/08/2018,Inter,Parma,€1.75m,€1.50m
Jonathan Biabiany,12/13,01/07/2012,Sampdoria,Parma,€8.00m,€4.50m
Jonathan Biabiany,10/11,25/01/2011,Inter,Sampdoria,€8.50m,€7.00m
Jonathan Biabiany,10/11,01/07/2010,Parma,Inter,€7.50m,€4.20m
Jonathan Biabiany,09/10,01/02/2010,Inter,Parma,€3.50m,€2.50m
Landry Dimata,25/26,02/09/2025,Samsunspor,Pafos,€2.50m,€750k
Landry Dimata,23/24,01/09/2023,Espanyol,Samsunspor,€2.50m,€1.50m
Landry Dimata,21/22,01/07/2021,RSC Anderlecht,Espanyol,€3.00m,€2.20m
Landry Dimata,19/20,01/07/2019,Wolfsburg,RSC Anderlecht,€7.00m,€5.00m
Landry Dimata,17/18,01/07/2017,KV Oostende,Wolfsburg,€6.50m,€11.50m
Landry Dimata,16/17,01/07/2016,Standard U21,KV Oostende,-,€500k
Rhian Brewster,20/21,02/10/2020,Liverpool U23,Sheff Utd,€5.40m,€26.00m
Antonio Barreca,18/19,10/07/2018,Torino,Monaco,€3.50m,€10.00m
Mbwana Samatta,N/A,N/A,N/A,N/A,N/A,N/A
Roger Assalé,20/21,05/09/2020,Young Boys,Dijon,€6.00m,€4.00m
Martin Satriano,26/27,01/07/2026,Lyon,Getafe,€6.00m,€6.50m
Martin Satriano,25/26,16/01/2026,Lens,Lyon,€6.00m,€5.00m
Martin Satriano,25/26,01/07/2025,Inter,Lens,€5.00m,€4.75m
Martin Satriano,19/20,31/01/2020,Nacional,Inter U19,-,€2.40m
Filip Malbašić,20/21,04/08/2020,CD Tenerife,Cádiz CF,€650k,€1.00m
Filip Malbašić,17/18,22/08/2017,Vojvodina,CD Tenerife,€1.50m,€500k
Filip Malbašić,12/13,05/07/2012,Rad,Hoffenheim,€500k,€1.20m
Ronaldo Vieira,25/26,07/08/2025,Sampdoria,SJ Earthquakes,€400k,€400k
Ronaldo Vieira,18/19,01/08/2018,Leeds,Sampdoria,€5.00m,€7.35m
Víctor Campuzano,N/A,N/A,N/A,N/A,N/A,N/A
